Rc files read:
  NONE
Latexmk: This is Latexmk, John Collins, 27 Dec. 2024. Version 4.86a.
Latexmk: applying rule 'xelatex'...
Rule 'xelatex':  Reasons for rerun
Changed files or newly in use/created:
  sections/08_case_pion.tex
  sections/ch11_opr20_attemptG_derive_alpha_from_action.tex
Category 'changed_user':
  sections/08_case_pion.tex
  sections/ch11_opr20_attemptG_derive_alpha_from_action.tex

------------
Run number 1 of rule 'xelatex'
------------
------------
Running 'xelatex -no-pdf -interaction=nonstopmode -halt-on-error -recorder  "EDC_Part_II_Weak_Sector_rebuild.tex"'
------------
This is XeTeX, Version 3.141592653-2.6-0.999997 (TeX Live 2025) (preloaded format=xelatex)
 restricted \write18 enabled.
entering extended mode
(./EDC_Part_II_Weak_Sector_rebuild.tex
LaTeX2e <2024-11-01> patch level 2
L3 programming layer <2025-01-18>
(/usr/local/texlive/2025/texmf-dist/tex/latex/base/book.cls
Document Class: book 2024/06/29 v1.4n Standard LaTeX document class
(/usr/local/texlive/2025/texmf-dist/tex/latex/base/bk11.clo))
(/usr/local/texlive/2025/texmf-dist/tex/latex/fontspec/fontspec.sty
(/usr/local/texlive/2025/texmf-dist/tex/latex/l3packages/xparse/xparse.sty
(/usr/local/texlive/2025/texmf-dist/tex/latex/l3kernel/expl3.sty
(/usr/local/texlive/2025/texmf-dist/tex/latex/l3backend/l3backend-xetex.def)))
(/usr/local/texlive/2025/texmf-dist/tex/latex/fontspec/fontspec-xetex.sty
(/usr/local/texlive/2025/texmf-dist/tex/latex/base/fontenc.sty)
(/usr/local/texlive/2025/texmf-dist/tex/latex/fontspec/fontspec.cfg)))
(/usr/local/texlive/2025/texmf-dist/tex/latex/amsmath/amsmath.sty
For additional information on amsmath, use the `?' option.
(/usr/local/texlive/2025/texmf-dist/tex/latex/amsmath/amstext.sty
(/usr/local/texlive/2025/texmf-dist/tex/latex/amsmath/amsgen.sty))
(/usr/local/texlive/2025/texmf-dist/tex/latex/amsmath/amsbsy.sty)
(/usr/local/texlive/2025/texmf-dist/tex/latex/amsmath/amsopn.sty))
(/usr/local/texlive/2025/texmf-dist/tex/latex/amsfonts/amssymb.sty
(/usr/local/texlive/2025/texmf-dist/tex/latex/amsfonts/amsfonts.sty))
(/usr/local/texlive/2025/texmf-dist/tex/latex/amscls/amsthm.sty)
(/usr/local/texlive/2025/texmf-dist/tex/latex/physics/physics.sty)
(/usr/local/texlive/2025/texmf-dist/tex/latex/geometry/geometry.sty
(/usr/local/texlive/2025/texmf-dist/tex/latex/graphics/keyval.sty)
(/usr/local/texlive/2025/texmf-dist/tex/generic/iftex/ifvtex.sty
(/usr/local/texlive/2025/texmf-dist/tex/generic/iftex/iftex.sty)))
(/usr/local/texlive/2025/texmf-dist/tex/latex/graphics/graphicx.sty
(/usr/local/texlive/2025/texmf-dist/tex/latex/graphics/graphics.sty
(/usr/local/texlive/2025/texmf-dist/tex/latex/graphics/trig.sty)
(/usr/local/texlive/2025/texmf-dist/tex/latex/graphics-cfg/graphics.cfg)
(/usr/local/texlive/2025/texmf-dist/tex/latex/graphics-def/xetex.def)))
(/usr/local/texlive/2025/texmf-dist/tex/latex/float/float.sty)
(/usr/local/texlive/2025/texmf-dist/tex/latex/xcolor/xcolor.sty
(/usr/local/texlive/2025/texmf-dist/tex/latex/graphics-cfg/color.cfg)
(/usr/local/texlive/2025/texmf-dist/tex/latex/graphics/mathcolor.ltx))
(/usr/local/texlive/2025/texmf-dist/tex/latex/graphics/dvipsnam.def)
(/usr/local/texlive/2025/texmf-dist/tex/latex/tcolorbox/tcolorbox.sty
(/usr/local/texlive/2025/texmf-dist/tex/latex/pgf/frontendlayer/tikz.sty
(/usr/local/texlive/2025/texmf-dist/tex/latex/pgf/basiclayer/pgf.sty
(/usr/local/texlive/2025/texmf-dist/tex/latex/pgf/utilities/pgfrcs.sty
(/usr/local/texlive/2025/texmf-dist/tex/generic/pgf/utilities/pgfutil-common.te
x)
(/usr/local/texlive/2025/texmf-dist/tex/generic/pgf/utilities/pgfutil-latex.def
) (/usr/local/texlive/2025/texmf-dist/tex/generic/pgf/utilities/pgfrcs.code.tex
(/usr/local/texlive/2025/texmf-dist/tex/generic/pgf/pgf.revision.tex)))
(/usr/local/texlive/2025/texmf-dist/tex/latex/pgf/basiclayer/pgfcore.sty
(/usr/local/texlive/2025/texmf-dist/tex/latex/pgf/systemlayer/pgfsys.sty
(/usr/local/texlive/2025/texmf-dist/tex/generic/pgf/systemlayer/pgfsys.code.tex
(/usr/local/texlive/2025/texmf-dist/tex/generic/pgf/utilities/pgfkeys.code.tex
(/usr/local/texlive/2025/texmf-dist/tex/generic/pgf/utilities/pgfkeyslibraryfil
tered.code.tex))
(/usr/local/texlive/2025/texmf-dist/tex/generic/pgf/systemlayer/pgf.cfg)
(/usr/local/texlive/2025/texmf-dist/tex/generic/pgf/systemlayer/pgfsys-xetex.de
f
(/usr/local/texlive/2025/texmf-dist/tex/generic/pgf/systemlayer/pgfsys-dvipdfmx
.def
(/usr/local/texlive/2025/texmf-dist/tex/generic/pgf/systemlayer/pgfsys-common-p
df.def))))
(/usr/local/texlive/2025/texmf-dist/tex/generic/pgf/systemlayer/pgfsyssoftpath.
code.tex)
(/usr/local/texlive/2025/texmf-dist/tex/generic/pgf/systemlayer/pgfsysprotocol.
code.tex))
(/usr/local/texlive/2025/texmf-dist/tex/generic/pgf/basiclayer/pgfcore.code.tex
(/usr/local/texlive/2025/texmf-dist/tex/generic/pgf/math/pgfmath.code.tex
(/usr/local/texlive/2025/texmf-dist/tex/generic/pgf/math/pgfmathutil.code.tex)
(/usr/local/texlive/2025/texmf-dist/tex/generic/pgf/math/pgfmathparser.code.tex
)
(/usr/local/texlive/2025/texmf-dist/tex/generic/pgf/math/pgfmathfunctions.code.
tex)
(/usr/local/texlive/2025/texmf-dist/tex/generic/pgf/math/pgfmathfunctions.basic
.code.tex)
(/usr/local/texlive/2025/texmf-dist/tex/generic/pgf/math/pgfmathfunctions.trigo
nometric.code.tex)
(/usr/local/texlive/2025/texmf-dist/tex/generic/pgf/math/pgfmathfunctions.rando
m.code.tex)
(/usr/local/texlive/2025/texmf-dist/tex/generic/pgf/math/pgfmathfunctions.compa
rison.code.tex)
(/usr/local/texlive/2025/texmf-dist/tex/generic/pgf/math/pgfmathfunctions.base.
code.tex)
(/usr/local/texlive/2025/texmf-dist/tex/generic/pgf/math/pgfmathfunctions.round
.code.tex)
(/usr/local/texlive/2025/texmf-dist/tex/generic/pgf/math/pgfmathfunctions.misc.
code.tex)
(/usr/local/texlive/2025/texmf-dist/tex/generic/pgf/math/pgfmathfunctions.integ
erarithmetics.code.tex)
(/usr/local/texlive/2025/texmf-dist/tex/generic/pgf/math/pgfmathcalc.code.tex)
(/usr/local/texlive/2025/texmf-dist/tex/generic/pgf/math/pgfmathfloat.code.tex)
) (/usr/local/texlive/2025/texmf-dist/tex/generic/pgf/math/pgfint.code.tex)
(/usr/local/texlive/2025/texmf-dist/tex/generic/pgf/basiclayer/pgfcorepoints.co
de.tex)
(/usr/local/texlive/2025/texmf-dist/tex/generic/pgf/basiclayer/pgfcorepathconst
ruct.code.tex)
(/usr/local/texlive/2025/texmf-dist/tex/generic/pgf/basiclayer/pgfcorepathusage
.code.tex)
(/usr/local/texlive/2025/texmf-dist/tex/generic/pgf/basiclayer/pgfcorescopes.co
de.tex)
(/usr/local/texlive/2025/texmf-dist/tex/generic/pgf/basiclayer/pgfcoregraphicst
ate.code.tex)
(/usr/local/texlive/2025/texmf-dist/tex/generic/pgf/basiclayer/pgfcoretransform
ations.code.tex)
(/usr/local/texlive/2025/texmf-dist/tex/generic/pgf/basiclayer/pgfcorequick.cod
e.tex)
(/usr/local/texlive/2025/texmf-dist/tex/generic/pgf/basiclayer/pgfcoreobjects.c
ode.tex)
(/usr/local/texlive/2025/texmf-dist/tex/generic/pgf/basiclayer/pgfcorepathproce
ssing.code.tex)
(/usr/local/texlive/2025/texmf-dist/tex/generic/pgf/basiclayer/pgfcorearrows.co
de.tex)
(/usr/local/texlive/2025/texmf-dist/tex/generic/pgf/basiclayer/pgfcoreshade.cod
e.tex)
(/usr/local/texlive/2025/texmf-dist/tex/generic/pgf/basiclayer/pgfcoreimage.cod
e.tex)
(/usr/local/texlive/2025/texmf-dist/tex/generic/pgf/basiclayer/pgfcoreexternal.
code.tex)
(/usr/local/texlive/2025/texmf-dist/tex/generic/pgf/basiclayer/pgfcorelayers.co
de.tex)
(/usr/local/texlive/2025/texmf-dist/tex/generic/pgf/basiclayer/pgfcoretranspare
ncy.code.tex)
(/usr/local/texlive/2025/texmf-dist/tex/generic/pgf/basiclayer/pgfcorepatterns.
code.tex)
(/usr/local/texlive/2025/texmf-dist/tex/generic/pgf/basiclayer/pgfcorerdf.code.
tex)))
(/usr/local/texlive/2025/texmf-dist/tex/generic/pgf/modules/pgfmoduleshapes.cod
e.tex)
(/usr/local/texlive/2025/texmf-dist/tex/generic/pgf/modules/pgfmoduleplot.code.
tex)
(/usr/local/texlive/2025/texmf-dist/tex/latex/pgf/compatibility/pgfcomp-version
-0-65.sty)
(/usr/local/texlive/2025/texmf-dist/tex/latex/pgf/compatibility/pgfcomp-version
-1-18.sty))
(/usr/local/texlive/2025/texmf-dist/tex/latex/pgf/utilities/pgffor.sty
(/usr/local/texlive/2025/texmf-dist/tex/latex/pgf/utilities/pgfkeys.sty
(/usr/local/texlive/2025/texmf-dist/tex/generic/pgf/utilities/pgfkeys.code.tex)
) (/usr/local/texlive/2025/texmf-dist/tex/latex/pgf/math/pgfmath.sty
(/usr/local/texlive/2025/texmf-dist/tex/generic/pgf/math/pgfmath.code.tex))
(/usr/local/texlive/2025/texmf-dist/tex/generic/pgf/utilities/pgffor.code.tex))

(/usr/local/texlive/2025/texmf-dist/tex/generic/pgf/frontendlayer/tikz/tikz.cod
e.tex
(/usr/local/texlive/2025/texmf-dist/tex/generic/pgf/libraries/pgflibraryplothan
dlers.code.tex)
(/usr/local/texlive/2025/texmf-dist/tex/generic/pgf/modules/pgfmodulematrix.cod
e.tex)
(/usr/local/texlive/2025/texmf-dist/tex/generic/pgf/frontendlayer/tikz/librarie
s/tikzlibrarytopaths.code.tex)))
(/usr/local/texlive/2025/texmf-dist/tex/latex/tools/verbatim.sty)
(/usr/local/texlive/2025/texmf-dist/tex/latex/environ/environ.sty
(/usr/local/texlive/2025/texmf-dist/tex/latex/trimspaces/trimspaces.sty))
(/usr/local/texlive/2025/texmf-dist/tex/latex/etoolbox/etoolbox.sty))
(/usr/local/texlive/2025/texmf-dist/tex/latex/hyperref/hyperref.sty
(/usr/local/texlive/2025/texmf-dist/tex/latex/kvsetkeys/kvsetkeys.sty)
(/usr/local/texlive/2025/texmf-dist/tex/generic/kvdefinekeys/kvdefinekeys.sty)
(/usr/local/texlive/2025/texmf-dist/tex/generic/pdfescape/pdfescape.sty
(/usr/local/texlive/2025/texmf-dist/tex/generic/ltxcmds/ltxcmds.sty)
(/usr/local/texlive/2025/texmf-dist/tex/generic/pdftexcmds/pdftexcmds.sty
(/usr/local/texlive/2025/texmf-dist/tex/generic/infwarerr/infwarerr.sty)))
(/usr/local/texlive/2025/texmf-dist/tex/latex/hycolor/hycolor.sty)
(/usr/local/texlive/2025/texmf-dist/tex/latex/hyperref/nameref.sty
(/usr/local/texlive/2025/texmf-dist/tex/latex/refcount/refcount.sty)
(/usr/local/texlive/2025/texmf-dist/tex/generic/gettitlestring/gettitlestring.s
ty (/usr/local/texlive/2025/texmf-dist/tex/latex/kvoptions/kvoptions.sty)))
(/usr/local/texlive/2025/texmf-dist/tex/generic/stringenc/stringenc.sty)
(/usr/local/texlive/2025/texmf-dist/tex/latex/hyperref/pd1enc.def)
(/usr/local/texlive/2025/texmf-dist/tex/generic/intcalc/intcalc.sty)
(/usr/local/texlive/2025/texmf-dist/tex/latex/hyperref/puenc.def)
(/usr/local/texlive/2025/texmf-dist/tex/latex/url/url.sty)
(/usr/local/texlive/2025/texmf-dist/tex/generic/bitset/bitset.sty
(/usr/local/texlive/2025/texmf-dist/tex/generic/bigintcalc/bigintcalc.sty))
(/usr/local/texlive/2025/texmf-dist/tex/latex/base/atbegshi-ltx.sty))
(/usr/local/texlive/2025/texmf-dist/tex/latex/hyperref/hxetex.def
(/usr/local/texlive/2025/texmf-dist/tex/latex/rerunfilecheck/rerunfilecheck.sty
(/usr/local/texlive/2025/texmf-dist/tex/latex/base/atveryend-ltx.sty)
(/usr/local/texlive/2025/texmf-dist/tex/generic/uniquecounter/uniquecounter.sty
))) (/usr/local/texlive/2025/texmf-dist/tex/latex/biblatex/biblatex.sty
(/usr/local/texlive/2025/texmf-dist/tex/latex/logreq/logreq.sty
(/usr/local/texlive/2025/texmf-dist/tex/latex/logreq/logreq.def))
(/usr/local/texlive/2025/texmf-dist/tex/latex/base/ifthen.sty)
(/usr/local/texlive/2025/texmf-dist/tex/latex/biblatex/blx-dm.def)
(/usr/local/texlive/2025/texmf-dist/tex/latex/biblatex/blx-unicode.def)
(/usr/local/texlive/2025/texmf-dist/tex/latex/biblatex/blx-compat.def)
(/usr/local/texlive/2025/texmf-dist/tex/latex/biblatex/biblatex.def)
(/usr/local/texlive/2025/texmf-dist/tex/latex/biblatex/bbx/numeric-comp.bbx
(/usr/local/texlive/2025/texmf-dist/tex/latex/biblatex/bbx/numeric.bbx
(/usr/local/texlive/2025/texmf-dist/tex/latex/biblatex/bbx/standard.bbx)))
(/usr/local/texlive/2025/texmf-dist/tex/latex/biblatex/cbx/numeric-comp.cbx)
(/usr/local/texlive/2025/texmf-dist/tex/latex/biblatex/biblatex.cfg)
(/usr/local/texlive/2025/texmf-dist/tex/latex/biblatex/blx-case-expl3.sty))
(/usr/local/texlive/2025/texmf-dist/tex/generic/pgf/frontendlayer/tikz/librarie
s/tikzlibrarycalc.code.tex)
(/usr/local/texlive/2025/texmf-dist/tex/generic/pgf/frontendlayer/tikz/librarie
s/tikzlibraryangles.code.tex)
(/usr/local/texlive/2025/texmf-dist/tex/generic/pgf/frontendlayer/tikz/librarie
s/tikzlibraryquotes.code.tex)
(/usr/local/texlive/2025/texmf-dist/tex/generic/pgf/frontendlayer/tikz/librarie
s/tikzlibrarydecorations.markings.code.tex
(/usr/local/texlive/2025/texmf-dist/tex/generic/pgf/frontendlayer/tikz/librarie
s/tikzlibrarydecorations.code.tex
(/usr/local/texlive/2025/texmf-dist/tex/generic/pgf/modules/pgfmoduledecoration
s.code.tex))
(/usr/local/texlive/2025/texmf-dist/tex/generic/pgf/libraries/decorations/pgfli
brarydecorations.markings.code.tex))
(/usr/local/texlive/2025/texmf-dist/tex/generic/pgf/frontendlayer/tikz/librarie
s/tikzlibrarydecorations.pathmorphing.code.tex
(/usr/local/texlive/2025/texmf-dist/tex/generic/pgf/libraries/decorations/pgfli
brarydecorations.pathmorphing.code.tex))
(/usr/local/texlive/2025/texmf-dist/tex/generic/pgf/frontendlayer/tikz/librarie
s/tikzlibrarypositioning.code.tex)
(/usr/local/texlive/2025/texmf-dist/tex/generic/pgf/frontendlayer/tikz/librarie
s/tikzlibraryshapes.code.tex
(/usr/local/texlive/2025/texmf-dist/tex/generic/pgf/frontendlayer/tikz/librarie
s/tikzlibraryshapes.geometric.code.tex
(/usr/local/texlive/2025/texmf-dist/tex/generic/pgf/libraries/shapes/pgflibrary
shapes.geometric.code.tex))
(/usr/local/texlive/2025/texmf-dist/tex/generic/pgf/frontendlayer/tikz/librarie
s/tikzlibraryshapes.misc.code.tex
(/usr/local/texlive/2025/texmf-dist/tex/generic/pgf/libraries/shapes/pgflibrary
shapes.misc.code.tex))
(/usr/local/texlive/2025/texmf-dist/tex/generic/pgf/frontendlayer/tikz/librarie
s/tikzlibraryshapes.symbols.code.tex
(/usr/local/texlive/2025/texmf-dist/tex/generic/pgf/libraries/shapes/pgflibrary
shapes.symbols.code.tex))
(/usr/local/texlive/2025/texmf-dist/tex/generic/pgf/frontendlayer/tikz/librarie
s/tikzlibraryshapes.arrows.code.tex
(/usr/local/texlive/2025/texmf-dist/tex/generic/pgf/libraries/shapes/pgflibrary
shapes.arrows.code.tex))
(/usr/local/texlive/2025/texmf-dist/tex/generic/pgf/frontendlayer/tikz/librarie
s/tikzlibraryshapes.callouts.code.tex
(/usr/local/texlive/2025/texmf-dist/tex/generic/pgf/libraries/shapes/pgflibrary
shapes.callouts.code.tex))
(/usr/local/texlive/2025/texmf-dist/tex/generic/pgf/frontendlayer/tikz/librarie
s/tikzlibraryshapes.multipart.code.tex
(/usr/local/texlive/2025/texmf-dist/tex/generic/pgf/libraries/shapes/pgflibrary
shapes.multipart.code.tex)))
(/usr/local/texlive/2025/texmf-dist/tex/generic/pgf/frontendlayer/tikz/librarie
s/tikzlibraryarrows.code.tex
(/usr/local/texlive/2025/texmf-dist/tex/generic/pgf/libraries/pgflibraryarrows.
code.tex))
(/usr/local/texlive/2025/texmf-dist/tex/generic/pgf/libraries/pgflibraryarrows.
meta.code.tex)
(/usr/local/texlive/2025/texmf-dist/tex/generic/pgf/frontendlayer/tikz/librarie
s/tikzlibraryfit.code.tex)
(/usr/local/texlive/2025/texmf-dist/tex/generic/pgf/frontendlayer/tikz/librarie
s/tikzlibrarybackgrounds.code.tex)
(/usr/local/texlive/2025/texmf-dist/tex/latex/multirow/multirow.sty)
(/usr/local/texlive/2025/texmf-dist/tex/latex/booktabs/booktabs.sty)
(/usr/local/texlive/2025/texmf-dist/tex/latex/tools/longtable.sty)
(/usr/local/texlive/2025/texmf-dist/tex/latex/enumitem/enumitem.sty)
(/usr/local/texlive/2025/texmf-dist/tex/latex/fancyhdr/fancyhdr.sty)
(/usr/local/texlive/2025/texmf-dist/tex/latex/titlesec/titlesec.sty)
(/usr/local/texlive/2025/texmf-dist/tex/latex/epigraph/epigraph.sty
(/usr/local/texlive/2025/texmf-dist/tex/latex/nextpage/nextpage.sty))
(/usr/local/texlive/2025/texmf-dist/tex/latex/tools/array.sty)
(/usr/local/texlive/2025/texmf-dist/tex/latex/colortbl/colortbl.sty)
(/usr/local/texlive/2025/texmf-dist/tex/latex/psnfss/pifont.sty
(/usr/local/texlive/2025/texmf-dist/tex/latex/psnfss/upzd.fd)
(/usr/local/texlive/2025/texmf-dist/tex/latex/psnfss/upsy.fd))
(/usr/local/texlive/2025/texmf-dist/tex/generic/ulem/ulem.sty)
(/usr/local/texlive/2025/texmf-dist/tex/latex/tools/tabularx.sty)
(/usr/local/texlive/2025/texmf-dist/tex/latex/adjustbox/adjustbox.sty
(/usr/local/texlive/2025/texmf-dist/tex/latex/xkeyval/xkeyval.sty
(/usr/local/texlive/2025/texmf-dist/tex/generic/xkeyval/xkeyval.tex
(/usr/local/texlive/2025/texmf-dist/tex/generic/xkeyval/xkvutils.tex)))
(/usr/local/texlive/2025/texmf-dist/tex/latex/adjustbox/adjcalc.sty)
(/usr/local/texlive/2025/texmf-dist/tex/latex/adjustbox/trimclip.sty
(/usr/local/texlive/2025/texmf-dist/tex/latex/collectbox/collectbox.sty)
(/usr/local/texlive/2025/texmf-dist/tex/latex/adjustbox/tc-xetex.def))
(/usr/local/texlive/2025/texmf-dist/tex/latex/ifoddpage/ifoddpage.sty)
(/usr/local/texlive/2025/texmf-dist/tex/latex/varwidth/varwidth.sty))
(/usr/local/texlive/2025/texmf-dist/tex/latex/tcolorbox/tcbbreakable.code.tex
Library (tcolorbox): 'tcbbreakable.code.tex' version '6.4.1'
(/usr/local/texlive/2025/texmf-dist/tex/latex/pdfcol/pdfcol.sty))
(/usr/local/texlive/2025/texmf-dist/tex/latex/tcolorbox/tcbskins.code.tex
Library (tcolorbox): 'tcbskins.code.tex' version '6.4.1'
(/usr/local/texlive/2025/texmf-dist/tex/latex/tikzfill/tikzfill.image.sty
(/usr/local/texlive/2025/texmf-dist/tex/latex/tikzfill/tikzfill-common.sty)
(/usr/local/texlive/2025/texmf-dist/tex/latex/tikzfill/tikzlibraryfill.image.co
de.tex))
(/usr/local/texlive/2025/texmf-dist/tex/latex/tcolorbox/tcbskinsjigsaw.code.tex
Library (tcolorbox): 'tcbskinsjigsaw.code.tex' version '6.4.1'
)) (./_shared/meta/edc_meta_macros.tex)
(./_shared/meta/edc_stoplight_legend.tex)
(./EDC_Part_II_Weak_Sector_rebuild.aux)
*geometry* driver: auto-detecting
*geometry* detected driver: xetex
(./EDC_Part_II_Weak_Sector_rebuild.out) (./EDC_Part_II_Weak_Sector_rebuild.out)
(/usr/local/texlive/2025/texmf-dist/tex/latex/biblatex/lbx/english.lbx)
(./EDC_Part_II_Weak_Sector_rebuild.bbl)
[1]
Underfull \hbox (badness 10000) in paragraph at lines 246--248


Underfull \hbox (badness 10000) in paragraph at lines 249--250

(/usr/local/texlive/2025/texmf-dist/tex/latex/amsfonts/umsa.fd)
(/usr/local/texlive/2025/texmf-dist/tex/latex/amsfonts/umsb.fd)
Underfull \hbox (badness 10000) in paragraph at lines 251--255


Underfull \hbox (badness 10000) in paragraph at lines 256--260


Underfull \hbox (badness 10000) in paragraph at lines 261--263


[2]
[3]
[4] (./EDC_Part_II_Weak_Sector_rebuild.toc
[5]
[6]
[7]
[8]
[9]
[10]
Missing character: There is no μ (U+03BC) in font [lmroman10-regular]:mapping=t
ex-text;!

[11]
Missing character: There is no ξ (U+03BE) in font [lmroman10-bold]:mapping=tex-
text;!

[12])
[13]
[14]
Overfull \hbox (9.12477pt too wide) in paragraph at lines 329--332
\TU/lmr/m/n/10.95 This Part follows the \TU/lmr/bx/n/10.95 EDC Projection Princ
iple\TU/lmr/m/n/10.95 : every physical process has a \TU/lmr/bx/n/10.95 5D bulk
+brane

[15]
[16]
Chapter 1.
(./sections/00_reader_contract.tex) (./sections/01_how_we_got_here.tex
[1]
[2]) (./sections/02_geometry_interface.tex
[3]) (./sections/03_unified_pipeline.tex
[4]
[5]
[6]) (./sections/04a_unified_master_figure.tex
(./figures/fig_master_weak_pipeline.tex)
Overfull \hbox (21.85237pt too wide) in paragraph at lines 53--68
 [][] 

[7]
[8]) (./sections/04_ontology.tex
Overfull \hbox (38.44128pt too wide) in paragraph at lines 19--30
 [][] 

[9]
[10]) (./sections/04b_proton_anchor.tex
[11]
[12]) (./sections/05_case_neutron.tex
[13]
[14]
[15]
[16]
[17]
[18]
[19]
[20]
[21]
Underfull \hbox (badness 10000) in paragraph at lines 743--743
[]|\TU/lmr/m/n/10.95 Energy pumped to

Underfull \hbox (badness 1107) in paragraph at lines 743--743
\TU/lmr/m/n/10.95 brane: $\OT1/cmr/m/n/10.95 ^^A\OML/cmm/m/it/10.95 E \OMS/cmsy
/m/n/10.95 ^^Y \OT1/cmr/m/n/10.95 1\OML/cmm/m/it/10.95 :\OT1/cmr/m/n/10.95 293$


Underfull \hbox (badness 1178) in paragraph at lines 744--744
[]|\TU/lmr/m/n/10.95 Brane modes organize

[22]) (./sections/06_case_muon.tex
[23]
Overfull \hbox (1.08727pt too wide) in paragraph at lines 60--64
[] [] \TU/lmr/bx/n/10.95 Strategic value.[] \TU/lmr/m/n/10.95 The neutron decay
 analysis in §[][]1.6[][] established the bulk$\OMS/cmsy/m/n/10.95 !$\TU/lmr/m/
n/10.95 brane$\OMS/cmsy/m/n/10.95 !$\TU/lmr/m/n/10.95 3D pipeline

[24]
[25]
[26]
[27]
[28]
Overfull \hbox (3.25325pt too wide) in paragraph at lines 524--530
 [][] 

[29]
[30]) (./sections/07_case_tau.tex
[31]
[32]
[33]
[34]
[35]
[36]) (./sections/09_case_electron.tex
[37]
[38]
[39]
[40]
[41]
[42]
Underfull \hbox (badness 4036) in paragraph at lines 507--509
[]|\TU/lmr/m/n/10.95 Mode spectrum derivation from

[43]) (./sections/08_case_pion.tex
[44]
[45]
[46]
[47]
[48]
[49]
Underfull \hbox (badness 1205) in paragraph at lines 507--510
\TU/lmr/m/n/10.95 transition in the EDC weak program. Its successful accommodat
ion by the absorp-

[50]
[51]) (./sections/10_case_neutrino.tex
[52]
[53]
[54]
[55]
[56]
[57]
Underfull \hbox (badness 10000) in paragraph at lines 527--528
[]|\TU/lmr/m/n/10.95 Neutrinoless double-beta decay

Underfull \hbox (badness 10000) in paragraph at lines 530--531
[]|\TU/lmr/m/n/10.95 Normal vs inverted ordering

[58]) (./sections/11_gf_pathway.tex
[59]) (./sections/13_summary.tex
Underfull \hbox (badness 10000) in paragraph at lines 67--67
[]|$\OML/cmm/m/it/10.95 W$\TU/lmr/m/n/10.95 -boson exchange with

Underfull \hbox (badness 10000) in paragraph at lines 68--69
[]|\TU/lmr/m/n/10.95 Mediator integration with

Underfull \hbox (badness 2158) in paragraph at lines 73--73
[]|\TU/lmr/m/n/10.95 Requires extension (seesaw,

Underfull \hbox (badness 10000) in paragraph at lines 77--78
[]|\TU/lmr/m/n/10.95 Geometric origin (overlap

[60]
[61])
[62]
Chapter 2.
(./sections/02_frozen_regime_foundations.tex
Overfull \hbox (3.42813pt too wide) in paragraph at lines 50--53
\TU/lmr/m/n/10.95 The Z6 Program (Chapter 3) and subsequent chapters assume tha
t particle profiles are “frozen”—

[63]
[64]
[65]
[66]
[67]
[68]

Package hyperref Warning: Token not allowed in a PDF string (Unicode):
(hyperref)                removing `math shift' on input line 449.


Package hyperref Warning: Token not allowed in a PDF string (Unicode):
(hyperref)                removing `superscript' on input line 449.


Package hyperref Warning: Token not allowed in a PDF string (Unicode):
(hyperref)                removing `math shift' on input line 449.


Package hyperref Warning: Token not allowed in a PDF string (Unicode):
(hyperref)                removing `math shift' on input line 449.


Package hyperref Warning: Token not allowed in a PDF string (Unicode):
(hyperref)                removing `\pi' on input line 449.


Package hyperref Warning: Token not allowed in a PDF string (Unicode):
(hyperref)                removing `math shift' on input line 449.


[69]
[70]
[71]

Package hyperref Warning: Token not allowed in a PDF string (Unicode):
(hyperref)                removing `math shift' on input line 665.


Package hyperref Warning: Token not allowed in a PDF string (Unicode):
(hyperref)                removing `superscript' on input line 665.


Package hyperref Warning: Token not allowed in a PDF string (Unicode):
(hyperref)                removing `math shift' on input line 665.


Package hyperref Warning: Token not allowed in a PDF string (Unicode):
(hyperref)                removing `math shift' on input line 719.


Package hyperref Warning: Token not allowed in a PDF string (Unicode):
(hyperref)                removing `subscript' on input line 719.


Package hyperref Warning: Token not allowed in a PDF string (Unicode):
(hyperref)                removing `subscript' on input line 719.


Package hyperref Warning: Token not allowed in a PDF string (Unicode):
(hyperref)                removing `\pi' on input line 719.


Package hyperref Warning: Token not allowed in a PDF string (Unicode):
(hyperref)                removing `superscript' on input line 719.


Package hyperref Warning: Token not allowed in a PDF string (Unicode):
(hyperref)                removing `math shift' on input line 719.


Package hyperref Warning: Token not allowed in a PDF string (Unicode):
(hyperref)                removing `math shift' on input line 729.


Package hyperref Warning: Token not allowed in a PDF string (Unicode):
(hyperref)                removing `\pi' on input line 729.


Package hyperref Warning: Token not allowed in a PDF string (Unicode):
(hyperref)                removing `superscript' on input line 729.


Package hyperref Warning: Token not allowed in a PDF string (Unicode):
(hyperref)                removing `math shift' on input line 729.


[72]

Package hyperref Warning: Token not allowed in a PDF string (Unicode):
(hyperref)                removing `math shift' on input line 808.


Package hyperref Warning: Token not allowed in a PDF string (Unicode):
(hyperref)                removing `\alpha' on input line 808.


Package hyperref Warning: Token not allowed in a PDF string (Unicode):
(hyperref)                removing `math shift' on input line 808.


[73]
[74]
[75])
[76]
Chapter 3.

Package hyperref Warning: Token not allowed in a PDF string (Unicode):
(hyperref)                removing `math shift' on input line 430.


Package hyperref Warning: Token not allowed in a PDF string (Unicode):
(hyperref)                removing `subscript' on input line 430.


Package hyperref Warning: Token not allowed in a PDF string (Unicode):
(hyperref)                removing `math shift' on input line 430.

(./Z6_content_full.tex
[77]
[78]

Package hyperref Warning: Token not allowed in a PDF string (Unicode):
(hyperref)                removing `math shift' on input line 140.


Package hyperref Warning: Token not allowed in a PDF string (Unicode):
(hyperref)                removing `subscript' on input line 140.


Package hyperref Warning: Token not allowed in a PDF string (Unicode):
(hyperref)                removing `math shift' on input line 140.


Package hyperref Warning: Token not allowed in a PDF string (Unicode):
(hyperref)                removing `math shift' on input line 210.


Package hyperref Warning: Token not allowed in a PDF string (Unicode):
(hyperref)                removing `subscript' on input line 210.


Package hyperref Warning: Token not allowed in a PDF string (Unicode):
(hyperref)                removing `math shift' on input line 210.


[79]

Package tcolorbox Warning: Using nobreak failed. Try to enlarge `lines before b
reak' or set page breaks manually on input line 223.


[80]
[81]
[82]
[83]
[84]
[85]
[86]
[87]
[88]
[89]
Underfull \hbox (badness 1552) in paragraph at lines 1137--1140
[]\TU/lmr/m/n/10.95 In condensed matter physics, Peierls barriers represent ene
rgy barriers between

[90]
[91]
[92]

Package hyperref Warning: Token not allowed in a PDF string (Unicode):
(hyperref)                removing `math shift' on input line 1371.


Package hyperref Warning: Token not allowed in a PDF string (Unicode):
(hyperref)                removing `subscript' on input line 1371.


Package hyperref Warning: Token not allowed in a PDF string (Unicode):
(hyperref)                removing `\to' on input line 1371.


Package hyperref Warning: Token not allowed in a PDF string (Unicode):
(hyperref)                removing `math shift' on input line 1371.


[93]
[94] (/usr/local/texlive/2025/texmf-dist/tex/latex/amsfonts/ueuf.fd)
[95]
[96]
[97]
[98]
Underfull \hbox (badness 10000) in paragraph at lines 1905--1905
[]|\TU/lmr/m/n/10.95 Steiner theorem (equal

Underfull \hbox (badness 10000) in paragraph at lines 1906--1906
[]|\TU/lmr/m/n/10.95 Kepler-Hales (hexagonal

Underfull \hbox (badness 2359) in paragraph at lines 1910--1910
[]|\TU/lmr/m/n/10.95 Flux tubes exist in thick-

Underfull \hbox (badness 1383) in paragraph at lines 1926--1926
[]|\TU/lmr/m/n/10.95 Three generations = radial

Underfull \hbox (badness 2753) in paragraph at lines 1929--1929
[]|$\OML/cmm/m/it/10.95 SU\OT1/cmr/m/n/10.95 (3)$ \TU/lmr/m/n/10.95 from $\U/ms
b/m/n/10.95 Z[]$ \TU/lmr/m/n/10.95 continuum

Underfull \hbox (badness 1297) in paragraph at lines 1932--1933
[]|\TU/lmr/m/n/10.95 Order-of-magnitude, needs refine-

[99]
[100]
[101]
[102])
[103]
[104]
Chapter 4.
(./CH3_electroweak_parameters.tex
[105]
[106]
[107]

Package hyperref Warning: Token not allowed in a PDF string (Unicode):
(hyperref)                removing `math shift' on input line 198.


Package hyperref Warning: Token not allowed in a PDF string (Unicode):
(hyperref)                removing `subscript' on input line 198.


Package hyperref Warning: Token not allowed in a PDF string (Unicode):
(hyperref)                removing `math shift' on input line 198.


Underfull \hbox (badness 10000) in paragraph at lines 256--257
[]\TU/lmr/m/n/10.95 The \TU/lmr/m/it/10.95 full \TU/lmr/m/n/10.95 symmetry grou
p $\U/msb/m/n/10.95 Z[]$ \TU/lmr/m/n/10.95 has 6 elements (rotations by

[108]
[109]
[110]
[111]
[112]
[113]
[114]

Package hyperref Warning: Token not allowed in a PDF string (Unicode):
(hyperref)                removing `math shift' on input line 743.


Package hyperref Warning: Token not allowed in a PDF string (Unicode):
(hyperref)                removing `math shift' on input line 743.


[115]
[116]
[117]
[118]
[119]
Underfull \hbox (badness 1371) in paragraph at lines 1124--1127
[]\TU/lmr/bx/n/10.95 IF $[][] \OML/cmm/m/it/10.95 ^^R[] \OT1/cmr/m/n/10.95 = 1/
4$ \TU/lmr/m/n/10.95 at lattice scale \TU/lmr/bx/n/10.95 AND \TU/lmr/m/n/10.95 
SM RG running []\TU/lmr/bx/n/10.95 [BL][] THEN

[120]
[121])
[122]
Chapter 5.
(./CH4_lepton_mass_candidates.tex
[123]
[124]
[125]
Underfull \hbox (badness 5726) in paragraph at lines 251--252
[]|\TU/lmr/m/n/10.95 WKB quantization sug-

Underfull \hbox (badness 10000) in paragraph at lines 253--254
[]|\TU/lmr/m/n/10.95 Obtain thick-brane

Underfull \hbox (badness 10000) in paragraph at lines 253--254
\OML/cmm/m/it/10.95 V\OT1/cmr/m/n/10.95 (\OML/cmm/m/it/10.95 z\OT1/cmr/m/n/10.9
5 )$ \TU/lmr/m/n/10.95 and evaluate

Underfull \hbox (badness 10000) in paragraph at lines 255--255
[]|\TU/lmr/m/n/10.95 Resolved (re-

Underfull \hbox (badness 2111) in paragraph at lines 256--258
[]|\TU/lmr/m/n/10.95 Systematic audit in At-

Underfull \hbox (badness 4913) in paragraph at lines 256--258
\TU/lmr/m/n/10.95 in the candidate muon

Underfull \hbox (badness 1867) in paragraph at lines 256--258
\TU/lmr/m/n/10.95 of how $\OML/cmm/m/it/10.95 ^^K$ \TU/lmr/m/n/10.95 is defined
 in

Underfull \hbox (badness 2326) in paragraph at lines 259--260
[]|\TU/lmr/m/n/10.95 Keep formula as [P];

Underfull \hbox (badness 10000) in paragraph at lines 259--260
\TU/lmr/m/n/10.95 pursue $\OT1/cmr/m/n/10.95 (3/2)$ \TU/lmr/m/n/10.95 factor

Underfull \hbox (badness 10000) in paragraph at lines 261--261
[]|\TU/lmr/m/n/10.95 Structure ex-

Underfull \hbox (badness 1715) in paragraph at lines 262--263
[]|$\U/msb/m/n/10.95 Z[]$ \TU/lmr/m/n/10.95 parametrization gives

Underfull \hbox (badness 1019) in paragraph at lines 262--263
\OML/cmm/m/it/10.95 Q \OT1/cmr/m/n/10.95 = 2/3$ \TU/lmr/m/n/10.95 automatically
,

Underfull \hbox (badness 5316) in paragraph at lines 264--265
[]|\TU/lmr/m/n/10.95 Show energetic mini-

[126]

Package hyperref Warning: Token not allowed in a PDF string (Unicode):
(hyperref)                removing `math shift' on input line 300.


Package hyperref Warning: Token not allowed in a PDF string (Unicode):
(hyperref)                removing `\alpha' on input line 300.


Package hyperref Warning: Token not allowed in a PDF string (Unicode):
(hyperref)                removing `math shift' on input line 300.

)
[127]
[128]
Chapter 6.
(./sections/05_three_generations.tex
[129]
[130] (./figures/fig_three_channel_localization.tex)
Underfull \hbox (badness 10000) in paragraph at lines 230--231
[]|\TU/lmr/m/n/10 2D packing + energy min

Underfull \hbox (badness 10000) in paragraph at lines 232--233
[]|\TU/lmr/m/n/10 Cardinality matching, not

Underfull \hbox (badness 10000) in paragraph at lines 233--233
[]|\TU/lmr/m/n/10 Explains mode

[131]
[132]
Underfull \hbox (badness 10000) in paragraph at lines 300--300
[]|\TU/lmr/m/n/10 Lifetime calcula-

Underfull \hbox (badness 10000) in paragraph at lines 301--302
[]|\TU/lmr/m/n/10 Would need specific barrier

[133]
Underfull \hbox (badness 10000) in paragraph at lines 360--361
[]|\TU/lmr/m/n/10 Mechanism not worked out
(./figures/fig_overlap_mixing.tex)
[134]
[135]
[136]
[137])
[138]
Chapter 7.
(./sections/06_neutrinos_edge_modes.tex
[139]
[140]
Underfull \hbox (badness 10000) in paragraph at lines 190--190
[]|\TU/lmr/m/n/10.95 Suppressed Higgs

Underfull \hbox (badness 1132) in paragraph at lines 191--191
[]|\TU/lmr/m/n/10.95 Profiles $\OML/cmm/m/it/10.95 f[]\OT1/cmr/m/n/10.95 (\OML/
cmm/m/it/10.95 ^^X\OT1/cmr/m/n/10.95 )$\TU/lmr/m/n/10.95 , $\OML/cmm/m/it/10.95
 h\OT1/cmr/m/n/10.95 (\OML/cmm/m/it/10.95 ^^X\OT1/cmr/m/n/10.95 )$

Underfull \hbox (badness 10000) in paragraph at lines 195--195
[]|\TU/lmr/m/n/10.95 DFT baseline

Underfull \hbox (badness 10000) in paragraph at lines 199--199
[]|\TU/lmr/m/n/10.95 Breaking require-

Underfull \hbox (badness 2547) in paragraph at lines 200--200
[]|$\OMS/cmsy/m/n/10.95 ^^X \OT1/cmr/m/n/10.95 25[]$ \TU/lmr/m/n/10.95 anisotro
py

[141]
[142]
[143]
[144]
[145]
[146] (./sections/ch6_pmns_attempt1.tex
[147]
[148]) (./sections/ch6_pmns_attempt2.tex
[149]
Underfull \hbox (badness 10000) in paragraph at lines 63--63
[]|\TU/lmr/m/n/10.95 B2: Hierarchical

Underfull \hbox (badness 10000) in paragraph at lines 64--64
[]|\TU/lmr/m/n/10.95 Flavor-dependent overlap

[150]
[151]
[152]) (./sections/ch6_pmns_attempt3_z6_refinement.tex
[153]
[154]) (./sections/ch6_pmns_attempt4_menu.tex
[155]
[156]
[157]) (./sections/ch6_pmns_attempt4_1_derive_epsilon.tex
[158]
[159]) (./sections/ch6_pmns_attempt4_2_theta12_origin.tex
[160]
[161]
[162])
[163]
Underfull \hbox (badness 10000) in paragraph at lines 758--758
[]|\TU/lmr/m/n/10.95 Mass hierarchy (nor-

Underfull \hbox (badness 10000) in paragraph at lines 762--763
[]|\TU/lmr/m/n/10.95 Interface boundary condition

[164])
[165]
[166]
Chapter 8.
(./sections/07_ckm_cp.tex
[167]
[168]
[169]
[170]
[171]
[172] (./figures/fig_generation_spacing.tex)
[173]
[174] (./figures/fig_ckm_pmns_comparison.tex)
[175]
[176]
[177]
[178]
[179]
[180]
[181] (./sections/ch7_attempt3_cp_phase.tex
[182]
[183]
[184]
Underfull \hbox (badness 10000) in paragraph at lines 239--241
[]\TU/lmr/m/n/10.95 The specific phases

[185]) (./sections/ch7_attempt4_cp_refinement.tex
[186]
[187]
Overfull \hbox (10.44212pt too wide) in paragraph at lines 172--186
 [][] 

[188]
[189] (./sections/ch7_z2_parity_origin.tex
[190]
[191])))
[192]
Chapter 9.
(./sections/11_gf_derivation.tex
[193]
[194]
[195] (./figures/fig_mediator_integration.tex)
[196]
[197] (./figures/fig_mode_overlap.tex)
[198]
[199]
[200]
Underfull \hbox (badness 10000) in paragraph at lines 574--574
[]|\TU/lmr/m/n/10.95 Higgs mechanism (+$\OML/cmm/m/it/10.95 v$

[201]
Overfull \vbox (0.68044pt too high) has occurred while \output is active
[202])
[203]
[204]
Chapter 10.
(./sections/09_va_structure.tex
Underfull \hbox (badness 2582) in paragraph at lines 19--24
\TU/lmr/m/n/10.95 The result—that only left-handed modes couple at the interfac
e—is \TU/lmr/bx/n/10.95 derived-

[205]
[206]
[207]
[208]
[209]
[210]
[211]
[212]
[213]
[214]
[215]
[216]
[217]
[218]
[219]
Overfull \hbox (8.03603pt too wide) in paragraph at lines 1153--1177
 [] 

[220])
[221]
[222]
Chapter 11.
(./sections/ch10_electroweak_bridge.tex
[223]
[224]
[225]
[226]
[227]
[228]
[229])
[230]
Chapter 12.
(./sections/12_epistemic_map.tex
[231]
[232]
Underfull \hbox (badness 3861) in paragraph at lines 159--160
[]|\TU/lmr/m/n/10.95 Established experimental fact or Standard

[233]
Underfull \hbox (badness 3417) in paragraph at lines 252--253
[]|\TU/lmr/m/n/10.95 Weak decays proceed via absorption-dissipation-

Underfull \hbox (badness 1496) in paragraph at lines 270--270
[]|\TU/lmr/m/n/10.95 Neutron decays to electron

[234]
[235]
Underfull \hbox (badness 10000) in paragraph at lines 422--422
[]|\TU/lmr/m/n/10.95 KK tower truncation

Underfull \hbox (badness 4846) in paragraph at lines 427--428
[]|$\OML/cmm/m/it/10.95 ^^N \OT1/cmr/m/n/10.95 = 60[]$ \TU/lmr/m/n/10.95 (5° fr
om

Underfull \hbox (badness 10000) in paragraph at lines 429--430
\TU/lmr/m/n/10.95 smuggling guardrails;

Overfull \hbox (5.89374pt too wide) in paragraph at lines 418--432
 [][] 

[236]
[237]
[238])
[239]
[240]
Chapter 13.

Package hyperref Warning: Token not allowed in a PDF string (Unicode):
(hyperref)                removing `math shift' on input line 551.


Package hyperref Warning: Token not allowed in a PDF string (Unicode):
(hyperref)                removing `subscript' on input line 551.


Package hyperref Warning: Token not allowed in a PDF string (Unicode):
(hyperref)                removing `math shift' on input line 551.


Package hyperref Warning: Token not allowed in a PDF string (Unicode):
(hyperref)                removing `math shift' on input line 560.


Package hyperref Warning: Token not allowed in a PDF string (Unicode):
(hyperref)                removing `subscript' on input line 560.


Package hyperref Warning: Token not allowed in a PDF string (Unicode):
(hyperref)                removing `math shift' on input line 560.

(./sections/ch11_g5_canonical_and_kk.tex
[241]
[242]
[243]) (./sections/ch11_g5_ell_value_closure_attempt.tex
[244]
[245]
[246]
[247]) (./sections/ch11_g5_value_closure_attempt2_coefficient.tex
[248]
Overfull \hbox (5.65872pt too wide) in paragraph at lines 89--115
 [][] 

[249]
[250]
[251]) (./sections/ch11_g5_value_closure_attempt3_derive_4pi.tex
[252]
Underfull \hbox (badness 2050) in paragraph at lines 30--34
[]\TU/lmr/bx/n/10.95 Route 1 (Gauge Convention): \TU/lmr/m/n/10.95 The factor $
\OT1/cmr/m/n/10.95 4\OML/cmm/m/it/10.95 ^^Y$ \TU/lmr/m/n/10.95 emerges from the
 \TU/lmr/m/it/10.95 standard

[253]
[254]
[255]
[256]) (./sections/ch11_g5_ell_suppression_attempt2.tex
[257]
[258]
[259]
Overfull \hbox (2.37059pt too wide) in paragraph at lines 264--266
[] [] \TU/lmr/bx/n/10.95 How BVP testing would validate/falsify candidates.[] \
TU/lmr/m/n/10.95 The thick-brane BVP solver (OPR-

[260]) (./sections/ch11_opr20_factor8_forensic.tex
[261]
[262]
[263]
[264]
[265]) (./sections/ch11_opr20_geometric_factor8_attemptC.tex
[266]
[267]
[268]
[269]) (./sections/ch11_opr20_attemptD_interpretation_robin_overcount.tex
[270]
[271]
[272]
Overfull \hbox (34.6069pt too wide) in paragraph at lines 316--329
 [][] 

[273]
[274]
[275]
[276]) (./sections/ch11_opr20_attemptE_prefactor8_derivation.tex
[277]
[278]
[279]
[280]
[281]) (./sections/ch11_opr20_attemptF_mediator_bvp_junction.tex
[282]
[283]
[284]
[285]) (./sections/ch11_opr20_attemptG_derive_alpha_from_action.tex
[286]
Overfull \hbox (11.64786pt too wide) in paragraph at lines 97--99
[] [] \TU/lmr/bx/n/10.95 Candidate B: Brane Tension (Israel Junction).[] \TU/lm
r/m/n/10.95 From the Israel junction condition [],

[287]
[288]
[289]
[290]) (./sections/ch11_opr20_attemptG_BC_provenance.tex
[291]
[292]
[293]
[294]) (./sections/ch11_opr20_attemptH_delta_equals_Rxi.tex
[295]
[296]
[297]
[298]
[299]) (./sections/ch11_opr20_attemptH1_mediator_identity.tex
[300]
[301]
[302]
[303]
[304]
[305]) (./sections/ch11_opr20_attemptH2plus_delta_Rxi_stricter_audit.tex
[306]
[307]
[308]
[309]
[310]) (./sections/ch11_opr20_attemptH2_delta_Rxi_hard_audit.tex
[311]
[312]
[313]
[314]
[315]
[316]
[317]
[318]) (./sections/ch11_gf_sanity_skeleton.tex
Underfull \hbox (badness 10000) in paragraph at lines 40--41
[]|\TU/lmr/bx/n/10 Independent pre-

Underfull \hbox (badness 6725) in paragraph at lines 47--47
[]|\TU/lmr/m/n/10 Canonical normaliza-

Underfull \hbox (badness 4832) in paragraph at lines 48--49
[]|\TU/lmr/m/n/10 OPR-20: not com-

[319]
[320]
[321]) (./sections/ch11_gf_full_closure_plan.tex
[322]
Underfull \hbox (badness 5802) in paragraph at lines 88--89
[]|\TU/lmr/m/it/10 Closed\TU/lmr/m/n/10 : orthonormal KK

Underfull \hbox (badness 10000) in paragraph at lines 92--92
[]|\TU/lmr/m/n/10 KK eigenvalue (first

Underfull \hbox (badness 10000) in paragraph at lines 93--93
[]|$\OML/cmm/m/it/10 m[] \OT1/cmr/m/n/10 =

Underfull \hbox (badness 10000) in paragraph at lines 95--96
[]|\TU/lmr/m/n/10 Solve thick-brane BVP

[323]
[324]
[325]
Overfull \hbox (7.58179pt too wide) in paragraph at lines 318--332
 [][] 
)
[326] (./sections/ch12_bvp_workpackage.tex
[327]
[328]
[329]
[330]
[331]
[332]
[333]
[334]) (./sections/ch14_bvp_closure_pack.tex
[335]
[336]
Chapter 14.

Package hyperref Warning: Difference (2) between bookmark levels is greater 
(hyperref)                than one, level fixed on input line 55.


[337]
[338]
[339]
[340] (./sections/ch14_opr21_closure_derivation.tex
[341]
[342]
[343]
[344]
[345]
[346]
[347]
Underfull \hbox (badness 10000) in paragraph at lines 574--576
[]\TU/lmr/m/n/10.95 See \TU/lmtt/m/n/10.95 audit/evidence/OPR21R_MU_WINDOW_SHAP
E_DEPENDENCE_REPORT.md \TU/lmr/m/n/10.95 and

[348]
Overfull \hbox (6.8345pt too wide) in paragraph at lines 627--630
[] [] \TU/lmr/bx/n/10.95 Result.[] \TU/lmr/m/n/10.95 The count $\OML/cmm/m/it/1
0.95 N[]$ \TU/lmr/m/n/10.95 is \TU/lmr/bx/n/10.95 stable \TU/lmr/m/n/10.95 acro
ss BC variations in the target regime (shape-dependent;

[349]
Overfull \hbox (36.61188pt too wide) in paragraph at lines 723--739
 [] 

[350]
Underfull \hbox (badness 10000) in paragraph at lines 813--815
[]\TU/lmr/bx/n/10.95 Evidence\TU/lmr/m/n/10.95 : \TU/lmtt/m/n/10.95 audit/evide
nce/OPEN22_4bR_PHYSICAL_ROBIN_AUDIT.md\TU/lmr/m/n/10.95 ,
)
[351]
[352]
Overfull \hbox (4.50482pt too wide) in paragraph at lines 509--512
[] [] \TU/lmr/bx/n/10.95 Spectral behavior.[] \TU/lmr/m/n/10.95 Two degenerate 
wells can produce near-degenerate eigenvalue pairs (bond-

[353]
Overfull \hbox (3.74118pt too wide) in paragraph at lines 640--642
[][]\TU/lmr/bx/n/10.95 Definition 14.4 \TU/lmr/m/n/10.95 (Four-Point Overlap In
tegral)\TU/lmr/bx/n/10.95 . [][][Def][] \TU/lmr/m/n/10.95 The overlap integral 
$\OML/cmm/m/it/10.95 I[]$ \TU/lmr/m/n/10.95 for modes $\OT1/cmr/m/n/10.95 (\OML
/cmm/m/it/10.95 i; j; k; l\OT1/cmr/m/n/10.95 )$

[354]
[355]
[356]
Underfull \hbox (badness 10000) in paragraph at lines 869--870
[]|\TU/lmr/m/n/10 Eigenfunctions normalizable;

[357]

Package hyperref Warning: Token not allowed in a PDF string (Unicode):
(hyperref)                removing `math shift' on input line 996.


Package hyperref Warning: Token not allowed in a PDF string (Unicode):
(hyperref)                removing `subscript' on input line 996.


Package hyperref Warning: Token not allowed in a PDF string (Unicode):
(hyperref)                removing `math shift' on input line 996.


[358]
[359]
[360]
[361]) (./sections/ch15_opr01_sigma_anchor_derivation.tex
[362]
Chapter 15.

Package hyperref Warning: Difference (2) between bookmark levels is greater 
(hyperref)                than one, level fixed on input line 57.


[363]
[364]
[365]
[366]
[367]) (./sections/ch16_opr04_delta_derivation.tex
[368]
Chapter 16.

Overfull \hbox (11.73712pt too wide) in paragraph at lines 39--49
 [] 

[369]

Package hyperref Warning: Token not allowed in a PDF string (Unicode):
(hyperref)                removing `math shift' on input line 95.


Package hyperref Warning: Token not allowed in a PDF string (Unicode):
(hyperref)                removing `\Delta' on input line 95.


Package hyperref Warning: Token not allowed in a PDF string (Unicode):
(hyperref)                removing `math shift' on input line 95.


Package hyperref Warning: Token not allowed in a PDF string (Unicode):
(hyperref)                removing `math shift' on input line 98.


Package hyperref Warning: Token not allowed in a PDF string (Unicode):
(hyperref)                removing `\Delta' on input line 98.


Package hyperref Warning: Token not allowed in a PDF string (Unicode):
(hyperref)                removing `math shift' on input line 98.


Package hyperref Warning: Token not allowed in a PDF string (Unicode):
(hyperref)                removing `math shift' on input line 147.


Package hyperref Warning: Token not allowed in a PDF string (Unicode):
(hyperref)                removing `\lambda' on input line 147.


Package hyperref Warning: Token not allowed in a PDF string (Unicode):
(hyperref)                removing `\phi' on input line 147.


Package hyperref Warning: Token not allowed in a PDF string (Unicode):
(hyperref)                removing `superscript' on input line 147.


Package hyperref Warning: Token not allowed in a PDF string (Unicode):
(hyperref)                removing `math shift' on input line 147.


[370]

Package hyperref Warning: Token not allowed in a PDF string (Unicode):
(hyperref)                removing `math shift' on input line 228.


Package hyperref Warning: Token not allowed in a PDF string (Unicode):
(hyperref)                removing `\sigma' on input line 228.


Package hyperref Warning: Token not allowed in a PDF string (Unicode):
(hyperref)                removing `\Delta' on input line 228.


Package hyperref Warning: Token not allowed in a PDF string (Unicode):
(hyperref)                removing `\begingroup' on input line 228.


Package hyperref Warning: Token not allowed in a PDF string (Unicode):
(hyperref)                removing `superscript' on input line 228.


Package hyperref Warning: Token not allowed in a PDF string (Unicode):
(hyperref)                removing `\endgroup' on input line 228.


Package hyperref Warning: Token not allowed in a PDF string (Unicode):
(hyperref)                removing `\@@over' on input line 228.


Package hyperref Warning: Token not allowed in a PDF string (Unicode):
(hyperref)                removing `math shift' on input line 228.


[371]

Package hyperref Warning: Token not allowed in a PDF string (Unicode):
(hyperref)                removing `math shift' on input line 242.


Package hyperref Warning: Token not allowed in a PDF string (Unicode):
(hyperref)                removing `\sigma' on input line 242.


Package hyperref Warning: Token not allowed in a PDF string (Unicode):
(hyperref)                removing `\Delta' on input line 242.


Package hyperref Warning: Token not allowed in a PDF string (Unicode):
(hyperref)                removing `math shift' on input line 242.


[372]

Package hyperref Warning: Token not allowed in a PDF string (Unicode):
(hyperref)                removing `math shift' on input line 338.


Package hyperref Warning: Token not allowed in a PDF string (Unicode):
(hyperref)                removing `\Delta' on input line 338.


Package hyperref Warning: Token not allowed in a PDF string (Unicode):
(hyperref)                removing `math shift' on input line 338.

Missing character: There is no μ (U+03BC) in font [lmroman12-bold]:mapping=tex-
text;!

Package hyperref Warning: Token not allowed in a PDF string (Unicode):
(hyperref)                removing `math shift' on input line 359.


Package hyperref Warning: Token not allowed in a PDF string (Unicode):
(hyperref)                removing `\Delta' on input line 359.


Package hyperref Warning: Token not allowed in a PDF string (Unicode):
(hyperref)                removing `math shift' on input line 359.


Package hyperref Warning: Token not allowed in a PDF string (Unicode):
(hyperref)                removing `math shift' on input line 359.


Package hyperref Warning: Token not allowed in a PDF string (Unicode):
(hyperref)                removing `subscript' on input line 359.


Package hyperref Warning: Token not allowed in a PDF string (Unicode):
(hyperref)                removing `math shift' on input line 359.


[373]
[374]
[375]) (./sections/ch17_opr19_g5_from_action.tex
[376]
Chapter 17.

[377]
[378]

Package hyperref Warning: Token not allowed in a PDF string (Unicode):
(hyperref)                removing `math shift' on input line 190.


Package hyperref Warning: Token not allowed in a PDF string (Unicode):
(hyperref)                removing `subscript' on input line 190.


Package hyperref Warning: Token not allowed in a PDF string (Unicode):
(hyperref)                removing `superscript' on input line 190.


Package hyperref Warning: Token not allowed in a PDF string (Unicode):
(hyperref)                removing `math shift' on input line 190.


Package hyperref Warning: Token not allowed in a PDF string (Unicode):
(hyperref)                removing `math shift' on input line 199.


Package hyperref Warning: Token not allowed in a PDF string (Unicode):
(hyperref)                removing `subscript' on input line 199.


Package hyperref Warning: Token not allowed in a PDF string (Unicode):
(hyperref)                removing `\mu' on input line 199.


Package hyperref Warning: Token not allowed in a PDF string (Unicode):
(hyperref)                removing `\nu' on input line 199.


Package hyperref Warning: Token not allowed in a PDF string (Unicode):
(hyperref)                removing `superscript' on input line 199.


Package hyperref Warning: Token not allowed in a PDF string (Unicode):
(hyperref)                removing `\mu' on input line 199.


Package hyperref Warning: Token not allowed in a PDF string (Unicode):
(hyperref)                removing `\nu' on input line 199.


Package hyperref Warning: Token not allowed in a PDF string (Unicode):
(hyperref)                removing `math shift' on input line 199.


Package hyperref Warning: Token not allowed in a PDF string (Unicode):
(hyperref)                removing `math shift' on input line 235.


Package hyperref Warning: Token not allowed in a PDF string (Unicode):
(hyperref)                removing `subscript' on input line 235.


Package hyperref Warning: Token not allowed in a PDF string (Unicode):
(hyperref)                removing `\mu' on input line 235.


Package hyperref Warning: Token not allowed in a PDF string (Unicode):
(hyperref)                removing `superscript' on input line 235.


Package hyperref Warning: Token not allowed in a PDF string (Unicode):
(hyperref)                removing `\mu' on input line 235.


Package hyperref Warning: Token not allowed in a PDF string (Unicode):
(hyperref)                removing `math shift' on input line 235.


Package hyperref Warning: Token not allowed in a PDF string (Unicode):
(hyperref)                removing `math shift' on input line 256.


Package hyperref Warning: Token not allowed in a PDF string (Unicode):
(hyperref)                removing `subscript' on input line 256.


Package hyperref Warning: Token not allowed in a PDF string (Unicode):
(hyperref)                removing `math shift' on input line 256.


[379]
[380]
[381]) (./sections/ch18_opr20_mediator_mass_from_eigenvalue.tex
[382]
Chapter 18.
Missing character: There is no ξ (U+03BE) in font [lmroman12-bold]:mapping=tex-
text;!
Missing character: There is no ξ (U+03BE) in font [lmroman10-regular]:mapping=t
ex-text;!
Missing character: There is no ξ (U+03BE) in font [lmroman10-regular]:mapping=t
ex-text;!

[383]
Missing character: There is no ξ (U+03BE) in font [lmroman10-regular]:mapping=t
ex-text;!

[384]
[385]

Package hyperref Warning: Token not allowed in a PDF string (Unicode):
(hyperref)                removing `math shift' on input line 275.


Package hyperref Warning: Token not allowed in a PDF string (Unicode):
(hyperref)                removing `math shift' on input line 275.


[386]
[387]
[388]
[389]) (./sections/ch19_opr22_geff_from_exchange.tex
[390]
Chapter 19.

[391]
[392]
[393]
[394]
[395]
[396]

Package hyperref Warning: Token not allowed in a PDF string (Unicode):
(hyperref)                removing `math shift' on input line 477.


Package hyperref Warning: Token not allowed in a PDF string (Unicode):
(hyperref)                removing `subscript' on input line 477.


Package hyperref Warning: Token not allowed in a PDF string (Unicode):
(hyperref)                removing `math shift' on input line 477.


[397]
[398]

Package hyperref Warning: Token not allowed in a PDF string (Unicode):
(hyperref)                removing `math shift' on input line 602.


Package hyperref Warning: Token not allowed in a PDF string (Unicode):
(hyperref)                removing `subscript' on input line 602.


Package hyperref Warning: Token not allowed in a PDF string (Unicode):
(hyperref)                removing `math shift' on input line 602.


Package hyperref Warning: Token not allowed in a PDF string (Unicode):
(hyperref)                removing `math shift' on input line 637.


Package hyperref Warning: Token not allowed in a PDF string (Unicode):
(hyperref)                removing `subscript' on input line 637.


Package hyperref Warning: Token not allowed in a PDF string (Unicode):
(hyperref)                removing `math shift' on input line 637.


[399]
[400]

Package hyperref Warning: Token not allowed in a PDF string (Unicode):
(hyperref)                removing `math shift' on input line 713.


Package hyperref Warning: Token not allowed in a PDF string (Unicode):
(hyperref)                removing `subscript' on input line 713.


Package hyperref Warning: Token not allowed in a PDF string (Unicode):
(hyperref)                removing `math shift' on input line 713.


[401]

LaTeX Warning: `h' float specifier changed to `ht'.


[402])
[403]
[404]
Underfull \hbox (badness 10000) in paragraph at lines 665--665
[]|\TU/lmr/m/n/10.95 Higgs mechanism (scalar

Underfull \hbox (badness 10000) in paragraph at lines 695--696
[]|\TU/lmr/m/n/10.95 Bulk-brane interference
[405] (./sections/ch20_epistemic_summary_closure_status.tex
[406]
Chapter 20.

Underfull \hbox (badness 10000) in paragraph at lines 106--106
[]|\TU/lmr/m/n/10.95 Sturm–Liouville do-

Underfull \hbox (badness 4940) in paragraph at lines 108--108
[]|\TU/lmr/m/n/10.95 Robin BC parameter

Underfull \hbox (badness 1748) in paragraph at lines 109--109
[]|\TU/lmr/m/n/10.95 Yukawa coupling (do-

[407]
Overfull \hbox (2.88405pt too wide) in paragraph at lines 259--259
[]|\TU/lmr/bx/n/8 Claim/Formula|  

Overfull \hbox (1.43777pt too wide) in paragraph at lines 259--259
\OT1/cmr/m/n/8 (\OML/cmm/m/it/8 g[]`\OT1/cmr/m/n/8 /2\OML/cmm/m/it/8 x[]\OT1/cm
r/m/n/8 )\OMS/cmsy/m/n/8 j\OML/cmm/m/it/8 f[]\OT1/cmr/m/n/8 (0)\OMS/cmsy/m/n/8 
j[]$|  

Overfull \hbox (8.75383pt too wide) in paragraph at lines 259--259
[]|$\OML/cmm/m/it/8 g[]; `; x[]; \OMS/cmsy/m/n/8 j\OML/cmm/m/it/8 f[]\OT1/cmr/m
/n/8 (0)\OMS/cmsy/m/n/8 j[]$|  

[408]

Package hyperref Warning: Token not allowed in a PDF string (Unicode):
(hyperref)                removing `math shift' on input line 269.


Package hyperref Warning: Token not allowed in a PDF string (Unicode):
(hyperref)                removing `\leftrightarrow' on input line 269.


Package hyperref Warning: Token not allowed in a PDF string (Unicode):
(hyperref)                removing `math shift' on input line 269.


[409]
Underfull \hbox (badness 10000) in paragraph at lines 390--391
[]|\TU/lmr/m/n/10.95 BVP eigenvalue (shape-

Underfull \hbox (badness 10000) in paragraph at lines 395--395
[]|\TU/lmr/m/n/10.95 Robin BC:

[410]
[411]
Underfull \hbox (badness 10000) in paragraph at lines 498--498
[]|\TU/lmr/m/n/10.95 Shape-dependent $\OML/cmm/m/it/10.95 ^^V$\TU/lmr/m/n/10.95
 -windows for

Underfull \hbox (badness 7064) in paragraph at lines 501--501
[]|\TU/lmr/m/n/10.95 Green Path family (Neumann +

[412])
[413]
[414]
Overfull \hbox (40.20427pt too wide) in paragraph at lines 730--742
 [] 

[415]
[416]
[417]
[418]
[419]
[420] (./meta_part2/00_meta_index.tex
[421]
[422]
[423]
[424]) (./meta_part2/01_claim_ledger.tex
Underfull \hbox (badness 10000) in paragraph at lines 17--17


Underfull \hbox (badness 10000) in paragraph at lines 21--21


Underfull \hbox (badness 10000) in paragraph at lines 25--25


Underfull \hbox (badness 10000) in paragraph at lines 29--29


Underfull \hbox (badness 10000) in paragraph at lines 36--36


Underfull \hbox (badness 10000) in paragraph at lines 40--40


Underfull \hbox (badness 10000) in paragraph at lines 47--47


Underfull \hbox (badness 10000) in paragraph at lines 51--51


[425]
Underfull \hbox (badness 10000) in paragraph at lines 58--58


Underfull \hbox (badness 10000) in paragraph at lines 62--62


Underfull \hbox (badness 10000) in paragraph at lines 66--66


Underfull \hbox (badness 10000) in paragraph at lines 70--70


Underfull \hbox (badness 10000) in paragraph at lines 77--77


Underfull \hbox (badness 10000) in paragraph at lines 81--81


Underfull \hbox (badness 10000) in paragraph at lines 88--88


Underfull \hbox (badness 10000) in paragraph at lines 92--92


[426]
Underfull \hbox (badness 10000) in paragraph at lines 96--96


[427]) (./meta_part2/02_decision_log.tex
Underfull \hbox (badness 10000) in paragraph at lines 21--21


Underfull \hbox (badness 10000) in paragraph at lines 32--32


Underfull \hbox (badness 10000) in paragraph at lines 43--43


Underfull \hbox (badness 10000) in paragraph at lines 54--54


Underfull \hbox (badness 10000) in paragraph at lines 66--66


Underfull \hbox (badness 10000) in paragraph at lines 77--77


[428]
[429]) (./meta_part2/03_research_timeline.tex
Underfull \hbox (badness 10000) in paragraph at lines 16--17


Underfull \hbox (badness 10000) in paragraph at lines 20--21


Underfull \hbox (badness 10000) in paragraph at lines 24--25


Underfull \hbox (badness 10000) in paragraph at lines 28--29


Underfull \hbox (badness 10000) in paragraph at lines 34--35


Underfull \hbox (badness 10000) in paragraph at lines 38--39


Underfull \hbox (badness 10000) in paragraph at lines 42--43


[430]) (./meta_part2/04_evidence_map.tex
Overfull \hbox (5.07394pt too wide) in paragraph at lines 39--39
[]|\TU/lmtt/m/n/9 sections/06_neutrinos_edge_modes.tex|  

[431]) (./meta_part2/05_historical_log_pointer.tex
[432])
[433] (./EDC_Part_II_Weak_Sector_rebuild.aux)

LaTeX Warning: Label(s) may have changed. Rerun to get cross-references right.

 )
(see the transcript file for additional information)
Output written on EDC_Part_II_Weak_Sector_rebuild.xdv (449 pages, 9997592 bytes
).
Transcript written on EDC_Part_II_Weak_Sector_rebuild.log.
Latexmk: Getting log file 'EDC_Part_II_Weak_Sector_rebuild.log'
Latexmk: Examining 'EDC_Part_II_Weak_Sector_rebuild.fls'
Latexmk: Examining 'EDC_Part_II_Weak_Sector_rebuild.log'
Latexmk: Found input bbl file 'EDC_Part_II_Weak_Sector_rebuild.bbl'
Latexmk: References changed.
Latexmk: Log file says output to 'EDC_Part_II_Weak_Sector_rebuild.xdv'
Latexmk: Log file says output to 'EDC_Part_II_Weak_Sector_rebuild.xdv'
Latexmk: Bibliography file(s) from .bcf file:
  bib/part2_backbone.bib
Latexmk: applying rule 'xelatex'...
Rule 'xelatex':  Reasons for rerun
Changed files or newly in use/created:
  EDC_Part_II_Weak_Sector_rebuild.aux
  EDC_Part_II_Weak_Sector_rebuild.toc

------------
Run number 2 of rule 'xelatex'
------------
------------
Running 'xelatex -no-pdf -interaction=nonstopmode -halt-on-error -recorder  "EDC_Part_II_Weak_Sector_rebuild.tex"'
------------
This is XeTeX, Version 3.141592653-2.6-0.999997 (TeX Live 2025) (preloaded format=xelatex)
 restricted \write18 enabled.
entering extended mode
(./EDC_Part_II_Weak_Sector_rebuild.tex
LaTeX2e <2024-11-01> patch level 2
L3 programming layer <2025-01-18>
(/usr/local/texlive/2025/texmf-dist/tex/latex/base/book.cls
Document Class: book 2024/06/29 v1.4n Standard LaTeX document class
(/usr/local/texlive/2025/texmf-dist/tex/latex/base/bk11.clo))
(/usr/local/texlive/2025/texmf-dist/tex/latex/fontspec/fontspec.sty
(/usr/local/texlive/2025/texmf-dist/tex/latex/l3packages/xparse/xparse.sty
(/usr/local/texlive/2025/texmf-dist/tex/latex/l3kernel/expl3.sty
(/usr/local/texlive/2025/texmf-dist/tex/latex/l3backend/l3backend-xetex.def)))
(/usr/local/texlive/2025/texmf-dist/tex/latex/fontspec/fontspec-xetex.sty
(/usr/local/texlive/2025/texmf-dist/tex/latex/base/fontenc.sty)
(/usr/local/texlive/2025/texmf-dist/tex/latex/fontspec/fontspec.cfg)))
(/usr/local/texlive/2025/texmf-dist/tex/latex/amsmath/amsmath.sty
For additional information on amsmath, use the `?' option.
(/usr/local/texlive/2025/texmf-dist/tex/latex/amsmath/amstext.sty
(/usr/local/texlive/2025/texmf-dist/tex/latex/amsmath/amsgen.sty))
(/usr/local/texlive/2025/texmf-dist/tex/latex/amsmath/amsbsy.sty)
(/usr/local/texlive/2025/texmf-dist/tex/latex/amsmath/amsopn.sty))
(/usr/local/texlive/2025/texmf-dist/tex/latex/amsfonts/amssymb.sty
(/usr/local/texlive/2025/texmf-dist/tex/latex/amsfonts/amsfonts.sty))
(/usr/local/texlive/2025/texmf-dist/tex/latex/amscls/amsthm.sty)
(/usr/local/texlive/2025/texmf-dist/tex/latex/physics/physics.sty)
(/usr/local/texlive/2025/texmf-dist/tex/latex/geometry/geometry.sty
(/usr/local/texlive/2025/texmf-dist/tex/latex/graphics/keyval.sty)
(/usr/local/texlive/2025/texmf-dist/tex/generic/iftex/ifvtex.sty
(/usr/local/texlive/2025/texmf-dist/tex/generic/iftex/iftex.sty)))
(/usr/local/texlive/2025/texmf-dist/tex/latex/graphics/graphicx.sty
(/usr/local/texlive/2025/texmf-dist/tex/latex/graphics/graphics.sty
(/usr/local/texlive/2025/texmf-dist/tex/latex/graphics/trig.sty)
(/usr/local/texlive/2025/texmf-dist/tex/latex/graphics-cfg/graphics.cfg)
(/usr/local/texlive/2025/texmf-dist/tex/latex/graphics-def/xetex.def)))
(/usr/local/texlive/2025/texmf-dist/tex/latex/float/float.sty)
(/usr/local/texlive/2025/texmf-dist/tex/latex/xcolor/xcolor.sty
(/usr/local/texlive/2025/texmf-dist/tex/latex/graphics-cfg/color.cfg)
(/usr/local/texlive/2025/texmf-dist/tex/latex/graphics/mathcolor.ltx))
(/usr/local/texlive/2025/texmf-dist/tex/latex/graphics/dvipsnam.def)
(/usr/local/texlive/2025/texmf-dist/tex/latex/tcolorbox/tcolorbox.sty
(/usr/local/texlive/2025/texmf-dist/tex/latex/pgf/frontendlayer/tikz.sty
(/usr/local/texlive/2025/texmf-dist/tex/latex/pgf/basiclayer/pgf.sty
(/usr/local/texlive/2025/texmf-dist/tex/latex/pgf/utilities/pgfrcs.sty
(/usr/local/texlive/2025/texmf-dist/tex/generic/pgf/utilities/pgfutil-common.te
x)
(/usr/local/texlive/2025/texmf-dist/tex/generic/pgf/utilities/pgfutil-latex.def
) (/usr/local/texlive/2025/texmf-dist/tex/generic/pgf/utilities/pgfrcs.code.tex
(/usr/local/texlive/2025/texmf-dist/tex/generic/pgf/pgf.revision.tex)))
(/usr/local/texlive/2025/texmf-dist/tex/latex/pgf/basiclayer/pgfcore.sty
(/usr/local/texlive/2025/texmf-dist/tex/latex/pgf/systemlayer/pgfsys.sty
(/usr/local/texlive/2025/texmf-dist/tex/generic/pgf/systemlayer/pgfsys.code.tex
(/usr/local/texlive/2025/texmf-dist/tex/generic/pgf/utilities/pgfkeys.code.tex
(/usr/local/texlive/2025/texmf-dist/tex/generic/pgf/utilities/pgfkeyslibraryfil
tered.code.tex))
(/usr/local/texlive/2025/texmf-dist/tex/generic/pgf/systemlayer/pgf.cfg)
(/usr/local/texlive/2025/texmf-dist/tex/generic/pgf/systemlayer/pgfsys-xetex.de
f
(/usr/local/texlive/2025/texmf-dist/tex/generic/pgf/systemlayer/pgfsys-dvipdfmx
.def
(/usr/local/texlive/2025/texmf-dist/tex/generic/pgf/systemlayer/pgfsys-common-p
df.def))))
(/usr/local/texlive/2025/texmf-dist/tex/generic/pgf/systemlayer/pgfsyssoftpath.
code.tex)
(/usr/local/texlive/2025/texmf-dist/tex/generic/pgf/systemlayer/pgfsysprotocol.
code.tex))
(/usr/local/texlive/2025/texmf-dist/tex/generic/pgf/basiclayer/pgfcore.code.tex
(/usr/local/texlive/2025/texmf-dist/tex/generic/pgf/math/pgfmath.code.tex
(/usr/local/texlive/2025/texmf-dist/tex/generic/pgf/math/pgfmathutil.code.tex)
(/usr/local/texlive/2025/texmf-dist/tex/generic/pgf/math/pgfmathparser.code.tex
)
(/usr/local/texlive/2025/texmf-dist/tex/generic/pgf/math/pgfmathfunctions.code.
tex)
(/usr/local/texlive/2025/texmf-dist/tex/generic/pgf/math/pgfmathfunctions.basic
.code.tex)
(/usr/local/texlive/2025/texmf-dist/tex/generic/pgf/math/pgfmathfunctions.trigo
nometric.code.tex)
(/usr/local/texlive/2025/texmf-dist/tex/generic/pgf/math/pgfmathfunctions.rando
m.code.tex)
(/usr/local/texlive/2025/texmf-dist/tex/generic/pgf/math/pgfmathfunctions.compa
rison.code.tex)
(/usr/local/texlive/2025/texmf-dist/tex/generic/pgf/math/pgfmathfunctions.base.
code.tex)
(/usr/local/texlive/2025/texmf-dist/tex/generic/pgf/math/pgfmathfunctions.round
.code.tex)
(/usr/local/texlive/2025/texmf-dist/tex/generic/pgf/math/pgfmathfunctions.misc.
code.tex)
(/usr/local/texlive/2025/texmf-dist/tex/generic/pgf/math/pgfmathfunctions.integ
erarithmetics.code.tex)
(/usr/local/texlive/2025/texmf-dist/tex/generic/pgf/math/pgfmathcalc.code.tex)
(/usr/local/texlive/2025/texmf-dist/tex/generic/pgf/math/pgfmathfloat.code.tex)
) (/usr/local/texlive/2025/texmf-dist/tex/generic/pgf/math/pgfint.code.tex)
(/usr/local/texlive/2025/texmf-dist/tex/generic/pgf/basiclayer/pgfcorepoints.co
de.tex)
(/usr/local/texlive/2025/texmf-dist/tex/generic/pgf/basiclayer/pgfcorepathconst
ruct.code.tex)
(/usr/local/texlive/2025/texmf-dist/tex/generic/pgf/basiclayer/pgfcorepathusage
.code.tex)
(/usr/local/texlive/2025/texmf-dist/tex/generic/pgf/basiclayer/pgfcorescopes.co
de.tex)
(/usr/local/texlive/2025/texmf-dist/tex/generic/pgf/basiclayer/pgfcoregraphicst
ate.code.tex)
(/usr/local/texlive/2025/texmf-dist/tex/generic/pgf/basiclayer/pgfcoretransform
ations.code.tex)
(/usr/local/texlive/2025/texmf-dist/tex/generic/pgf/basiclayer/pgfcorequick.cod
e.tex)
(/usr/local/texlive/2025/texmf-dist/tex/generic/pgf/basiclayer/pgfcoreobjects.c
ode.tex)
(/usr/local/texlive/2025/texmf-dist/tex/generic/pgf/basiclayer/pgfcorepathproce
ssing.code.tex)
(/usr/local/texlive/2025/texmf-dist/tex/generic/pgf/basiclayer/pgfcorearrows.co
de.tex)
(/usr/local/texlive/2025/texmf-dist/tex/generic/pgf/basiclayer/pgfcoreshade.cod
e.tex)
(/usr/local/texlive/2025/texmf-dist/tex/generic/pgf/basiclayer/pgfcoreimage.cod
e.tex)
(/usr/local/texlive/2025/texmf-dist/tex/generic/pgf/basiclayer/pgfcoreexternal.
code.tex)
(/usr/local/texlive/2025/texmf-dist/tex/generic/pgf/basiclayer/pgfcorelayers.co
de.tex)
(/usr/local/texlive/2025/texmf-dist/tex/generic/pgf/basiclayer/pgfcoretranspare
ncy.code.tex)
(/usr/local/texlive/2025/texmf-dist/tex/generic/pgf/basiclayer/pgfcorepatterns.
code.tex)
(/usr/local/texlive/2025/texmf-dist/tex/generic/pgf/basiclayer/pgfcorerdf.code.
tex)))
(/usr/local/texlive/2025/texmf-dist/tex/generic/pgf/modules/pgfmoduleshapes.cod
e.tex)
(/usr/local/texlive/2025/texmf-dist/tex/generic/pgf/modules/pgfmoduleplot.code.
tex)
(/usr/local/texlive/2025/texmf-dist/tex/latex/pgf/compatibility/pgfcomp-version
-0-65.sty)
(/usr/local/texlive/2025/texmf-dist/tex/latex/pgf/compatibility/pgfcomp-version
-1-18.sty))
(/usr/local/texlive/2025/texmf-dist/tex/latex/pgf/utilities/pgffor.sty
(/usr/local/texlive/2025/texmf-dist/tex/latex/pgf/utilities/pgfkeys.sty
(/usr/local/texlive/2025/texmf-dist/tex/generic/pgf/utilities/pgfkeys.code.tex)
) (/usr/local/texlive/2025/texmf-dist/tex/latex/pgf/math/pgfmath.sty
(/usr/local/texlive/2025/texmf-dist/tex/generic/pgf/math/pgfmath.code.tex))
(/usr/local/texlive/2025/texmf-dist/tex/generic/pgf/utilities/pgffor.code.tex))

(/usr/local/texlive/2025/texmf-dist/tex/generic/pgf/frontendlayer/tikz/tikz.cod
e.tex
(/usr/local/texlive/2025/texmf-dist/tex/generic/pgf/libraries/pgflibraryplothan
dlers.code.tex)
(/usr/local/texlive/2025/texmf-dist/tex/generic/pgf/modules/pgfmodulematrix.cod
e.tex)
(/usr/local/texlive/2025/texmf-dist/tex/generic/pgf/frontendlayer/tikz/librarie
s/tikzlibrarytopaths.code.tex)))
(/usr/local/texlive/2025/texmf-dist/tex/latex/tools/verbatim.sty)
(/usr/local/texlive/2025/texmf-dist/tex/latex/environ/environ.sty
(/usr/local/texlive/2025/texmf-dist/tex/latex/trimspaces/trimspaces.sty))
(/usr/local/texlive/2025/texmf-dist/tex/latex/etoolbox/etoolbox.sty))
(/usr/local/texlive/2025/texmf-dist/tex/latex/hyperref/hyperref.sty
(/usr/local/texlive/2025/texmf-dist/tex/latex/kvsetkeys/kvsetkeys.sty)
(/usr/local/texlive/2025/texmf-dist/tex/generic/kvdefinekeys/kvdefinekeys.sty)
(/usr/local/texlive/2025/texmf-dist/tex/generic/pdfescape/pdfescape.sty
(/usr/local/texlive/2025/texmf-dist/tex/generic/ltxcmds/ltxcmds.sty)
(/usr/local/texlive/2025/texmf-dist/tex/generic/pdftexcmds/pdftexcmds.sty
(/usr/local/texlive/2025/texmf-dist/tex/generic/infwarerr/infwarerr.sty)))
(/usr/local/texlive/2025/texmf-dist/tex/latex/hycolor/hycolor.sty)
(/usr/local/texlive/2025/texmf-dist/tex/latex/hyperref/nameref.sty
(/usr/local/texlive/2025/texmf-dist/tex/latex/refcount/refcount.sty)
(/usr/local/texlive/2025/texmf-dist/tex/generic/gettitlestring/gettitlestring.s
ty (/usr/local/texlive/2025/texmf-dist/tex/latex/kvoptions/kvoptions.sty)))
(/usr/local/texlive/2025/texmf-dist/tex/generic/stringenc/stringenc.sty)
(/usr/local/texlive/2025/texmf-dist/tex/latex/hyperref/pd1enc.def)
(/usr/local/texlive/2025/texmf-dist/tex/generic/intcalc/intcalc.sty)
(/usr/local/texlive/2025/texmf-dist/tex/latex/hyperref/puenc.def)
(/usr/local/texlive/2025/texmf-dist/tex/latex/url/url.sty)
(/usr/local/texlive/2025/texmf-dist/tex/generic/bitset/bitset.sty
(/usr/local/texlive/2025/texmf-dist/tex/generic/bigintcalc/bigintcalc.sty))
(/usr/local/texlive/2025/texmf-dist/tex/latex/base/atbegshi-ltx.sty))
(/usr/local/texlive/2025/texmf-dist/tex/latex/hyperref/hxetex.def
(/usr/local/texlive/2025/texmf-dist/tex/latex/rerunfilecheck/rerunfilecheck.sty
(/usr/local/texlive/2025/texmf-dist/tex/latex/base/atveryend-ltx.sty)
(/usr/local/texlive/2025/texmf-dist/tex/generic/uniquecounter/uniquecounter.sty
))) (/usr/local/texlive/2025/texmf-dist/tex/latex/biblatex/biblatex.sty
(/usr/local/texlive/2025/texmf-dist/tex/latex/logreq/logreq.sty
(/usr/local/texlive/2025/texmf-dist/tex/latex/logreq/logreq.def))
(/usr/local/texlive/2025/texmf-dist/tex/latex/base/ifthen.sty)
(/usr/local/texlive/2025/texmf-dist/tex/latex/biblatex/blx-dm.def)
(/usr/local/texlive/2025/texmf-dist/tex/latex/biblatex/blx-unicode.def)
(/usr/local/texlive/2025/texmf-dist/tex/latex/biblatex/blx-compat.def)
(/usr/local/texlive/2025/texmf-dist/tex/latex/biblatex/biblatex.def)
(/usr/local/texlive/2025/texmf-dist/tex/latex/biblatex/bbx/numeric-comp.bbx
(/usr/local/texlive/2025/texmf-dist/tex/latex/biblatex/bbx/numeric.bbx
(/usr/local/texlive/2025/texmf-dist/tex/latex/biblatex/bbx/standard.bbx)))
(/usr/local/texlive/2025/texmf-dist/tex/latex/biblatex/cbx/numeric-comp.cbx)
(/usr/local/texlive/2025/texmf-dist/tex/latex/biblatex/biblatex.cfg)
(/usr/local/texlive/2025/texmf-dist/tex/latex/biblatex/blx-case-expl3.sty))
(/usr/local/texlive/2025/texmf-dist/tex/generic/pgf/frontendlayer/tikz/librarie
s/tikzlibrarycalc.code.tex)
(/usr/local/texlive/2025/texmf-dist/tex/generic/pgf/frontendlayer/tikz/librarie
s/tikzlibraryangles.code.tex)
(/usr/local/texlive/2025/texmf-dist/tex/generic/pgf/frontendlayer/tikz/librarie
s/tikzlibraryquotes.code.tex)
(/usr/local/texlive/2025/texmf-dist/tex/generic/pgf/frontendlayer/tikz/librarie
s/tikzlibrarydecorations.markings.code.tex
(/usr/local/texlive/2025/texmf-dist/tex/generic/pgf/frontendlayer/tikz/librarie
s/tikzlibrarydecorations.code.tex
(/usr/local/texlive/2025/texmf-dist/tex/generic/pgf/modules/pgfmoduledecoration
s.code.tex))
(/usr/local/texlive/2025/texmf-dist/tex/generic/pgf/libraries/decorations/pgfli
brarydecorations.markings.code.tex))
(/usr/local/texlive/2025/texmf-dist/tex/generic/pgf/frontendlayer/tikz/librarie
s/tikzlibrarydecorations.pathmorphing.code.tex
(/usr/local/texlive/2025/texmf-dist/tex/generic/pgf/libraries/decorations/pgfli
brarydecorations.pathmorphing.code.tex))
(/usr/local/texlive/2025/texmf-dist/tex/generic/pgf/frontendlayer/tikz/librarie
s/tikzlibrarypositioning.code.tex)
(/usr/local/texlive/2025/texmf-dist/tex/generic/pgf/frontendlayer/tikz/librarie
s/tikzlibraryshapes.code.tex
(/usr/local/texlive/2025/texmf-dist/tex/generic/pgf/frontendlayer/tikz/librarie
s/tikzlibraryshapes.geometric.code.tex
(/usr/local/texlive/2025/texmf-dist/tex/generic/pgf/libraries/shapes/pgflibrary
shapes.geometric.code.tex))
(/usr/local/texlive/2025/texmf-dist/tex/generic/pgf/frontendlayer/tikz/librarie
s/tikzlibraryshapes.misc.code.tex
(/usr/local/texlive/2025/texmf-dist/tex/generic/pgf/libraries/shapes/pgflibrary
shapes.misc.code.tex))
(/usr/local/texlive/2025/texmf-dist/tex/generic/pgf/frontendlayer/tikz/librarie
s/tikzlibraryshapes.symbols.code.tex
(/usr/local/texlive/2025/texmf-dist/tex/generic/pgf/libraries/shapes/pgflibrary
shapes.symbols.code.tex))
(/usr/local/texlive/2025/texmf-dist/tex/generic/pgf/frontendlayer/tikz/librarie
s/tikzlibraryshapes.arrows.code.tex
(/usr/local/texlive/2025/texmf-dist/tex/generic/pgf/libraries/shapes/pgflibrary
shapes.arrows.code.tex))
(/usr/local/texlive/2025/texmf-dist/tex/generic/pgf/frontendlayer/tikz/librarie
s/tikzlibraryshapes.callouts.code.tex
(/usr/local/texlive/2025/texmf-dist/tex/generic/pgf/libraries/shapes/pgflibrary
shapes.callouts.code.tex))
(/usr/local/texlive/2025/texmf-dist/tex/generic/pgf/frontendlayer/tikz/librarie
s/tikzlibraryshapes.multipart.code.tex
(/usr/local/texlive/2025/texmf-dist/tex/generic/pgf/libraries/shapes/pgflibrary
shapes.multipart.code.tex)))
(/usr/local/texlive/2025/texmf-dist/tex/generic/pgf/frontendlayer/tikz/librarie
s/tikzlibraryarrows.code.tex
(/usr/local/texlive/2025/texmf-dist/tex/generic/pgf/libraries/pgflibraryarrows.
code.tex))
(/usr/local/texlive/2025/texmf-dist/tex/generic/pgf/libraries/pgflibraryarrows.
meta.code.tex)
(/usr/local/texlive/2025/texmf-dist/tex/generic/pgf/frontendlayer/tikz/librarie
s/tikzlibraryfit.code.tex)
(/usr/local/texlive/2025/texmf-dist/tex/generic/pgf/frontendlayer/tikz/librarie
s/tikzlibrarybackgrounds.code.tex)
(/usr/local/texlive/2025/texmf-dist/tex/latex/multirow/multirow.sty)
(/usr/local/texlive/2025/texmf-dist/tex/latex/booktabs/booktabs.sty)
(/usr/local/texlive/2025/texmf-dist/tex/latex/tools/longtable.sty)
(/usr/local/texlive/2025/texmf-dist/tex/latex/enumitem/enumitem.sty)
(/usr/local/texlive/2025/texmf-dist/tex/latex/fancyhdr/fancyhdr.sty)
(/usr/local/texlive/2025/texmf-dist/tex/latex/titlesec/titlesec.sty)
(/usr/local/texlive/2025/texmf-dist/tex/latex/epigraph/epigraph.sty
(/usr/local/texlive/2025/texmf-dist/tex/latex/nextpage/nextpage.sty))
(/usr/local/texlive/2025/texmf-dist/tex/latex/tools/array.sty)
(/usr/local/texlive/2025/texmf-dist/tex/latex/colortbl/colortbl.sty)
(/usr/local/texlive/2025/texmf-dist/tex/latex/psnfss/pifont.sty
(/usr/local/texlive/2025/texmf-dist/tex/latex/psnfss/upzd.fd)
(/usr/local/texlive/2025/texmf-dist/tex/latex/psnfss/upsy.fd))
(/usr/local/texlive/2025/texmf-dist/tex/generic/ulem/ulem.sty)
(/usr/local/texlive/2025/texmf-dist/tex/latex/tools/tabularx.sty)
(/usr/local/texlive/2025/texmf-dist/tex/latex/adjustbox/adjustbox.sty
(/usr/local/texlive/2025/texmf-dist/tex/latex/xkeyval/xkeyval.sty
(/usr/local/texlive/2025/texmf-dist/tex/generic/xkeyval/xkeyval.tex
(/usr/local/texlive/2025/texmf-dist/tex/generic/xkeyval/xkvutils.tex)))
(/usr/local/texlive/2025/texmf-dist/tex/latex/adjustbox/adjcalc.sty)
(/usr/local/texlive/2025/texmf-dist/tex/latex/adjustbox/trimclip.sty
(/usr/local/texlive/2025/texmf-dist/tex/latex/collectbox/collectbox.sty)
(/usr/local/texlive/2025/texmf-dist/tex/latex/adjustbox/tc-xetex.def))
(/usr/local/texlive/2025/texmf-dist/tex/latex/ifoddpage/ifoddpage.sty)
(/usr/local/texlive/2025/texmf-dist/tex/latex/varwidth/varwidth.sty))
(/usr/local/texlive/2025/texmf-dist/tex/latex/tcolorbox/tcbbreakable.code.tex
Library (tcolorbox): 'tcbbreakable.code.tex' version '6.4.1'
(/usr/local/texlive/2025/texmf-dist/tex/latex/pdfcol/pdfcol.sty))
(/usr/local/texlive/2025/texmf-dist/tex/latex/tcolorbox/tcbskins.code.tex
Library (tcolorbox): 'tcbskins.code.tex' version '6.4.1'
(/usr/local/texlive/2025/texmf-dist/tex/latex/tikzfill/tikzfill.image.sty
(/usr/local/texlive/2025/texmf-dist/tex/latex/tikzfill/tikzfill-common.sty)
(/usr/local/texlive/2025/texmf-dist/tex/latex/tikzfill/tikzlibraryfill.image.co
de.tex))
(/usr/local/texlive/2025/texmf-dist/tex/latex/tcolorbox/tcbskinsjigsaw.code.tex
Library (tcolorbox): 'tcbskinsjigsaw.code.tex' version '6.4.1'
)) (./_shared/meta/edc_meta_macros.tex)
(./_shared/meta/edc_stoplight_legend.tex)
(./EDC_Part_II_Weak_Sector_rebuild.aux)
*geometry* driver: auto-detecting
*geometry* detected driver: xetex
(./EDC_Part_II_Weak_Sector_rebuild.out) (./EDC_Part_II_Weak_Sector_rebuild.out)
(/usr/local/texlive/2025/texmf-dist/tex/latex/biblatex/lbx/english.lbx)
(./EDC_Part_II_Weak_Sector_rebuild.bbl)
[1]
Underfull \hbox (badness 10000) in paragraph at lines 246--248


Underfull \hbox (badness 10000) in paragraph at lines 249--250

(/usr/local/texlive/2025/texmf-dist/tex/latex/amsfonts/umsa.fd)
(/usr/local/texlive/2025/texmf-dist/tex/latex/amsfonts/umsb.fd)
Underfull \hbox (badness 10000) in paragraph at lines 251--255


Underfull \hbox (badness 10000) in paragraph at lines 256--260


Underfull \hbox (badness 10000) in paragraph at lines 261--263


[2]
[3]
[4] (./EDC_Part_II_Weak_Sector_rebuild.toc
[5]
[6]
[7]
[8]
[9]
[10]
Missing character: There is no μ (U+03BC) in font [lmroman10-regular]:mapping=t
ex-text;!

[11]
Missing character: There is no ξ (U+03BE) in font [lmroman10-bold]:mapping=tex-
text;!

[12])
[13]
[14]
Overfull \hbox (9.12477pt too wide) in paragraph at lines 329--332
\TU/lmr/m/n/10.95 This Part follows the \TU/lmr/bx/n/10.95 EDC Projection Princ
iple\TU/lmr/m/n/10.95 : every physical process has a \TU/lmr/bx/n/10.95 5D bulk
+brane

[15]
[16]
Chapter 1.
(./sections/00_reader_contract.tex) (./sections/01_how_we_got_here.tex
[1]
[2]) (./sections/02_geometry_interface.tex
[3]) (./sections/03_unified_pipeline.tex
[4]
[5]
[6]) (./sections/04a_unified_master_figure.tex
(./figures/fig_master_weak_pipeline.tex)
Overfull \hbox (21.85237pt too wide) in paragraph at lines 53--68
 [][] 

[7]
[8]) (./sections/04_ontology.tex
Overfull \hbox (38.44128pt too wide) in paragraph at lines 19--30
 [][] 

[9]
[10]) (./sections/04b_proton_anchor.tex
[11]
[12]) (./sections/05_case_neutron.tex
[13]
[14]
[15]
[16]
[17]
[18]
[19]
[20]
[21]
Underfull \hbox (badness 10000) in paragraph at lines 743--743
[]|\TU/lmr/m/n/10.95 Energy pumped to

Underfull \hbox (badness 1107) in paragraph at lines 743--743
\TU/lmr/m/n/10.95 brane: $\OT1/cmr/m/n/10.95 ^^A\OML/cmm/m/it/10.95 E \OMS/cmsy
/m/n/10.95 ^^Y \OT1/cmr/m/n/10.95 1\OML/cmm/m/it/10.95 :\OT1/cmr/m/n/10.95 293$


Underfull \hbox (badness 1178) in paragraph at lines 744--744
[]|\TU/lmr/m/n/10.95 Brane modes organize

[22]) (./sections/06_case_muon.tex
[23]
Overfull \hbox (1.08727pt too wide) in paragraph at lines 60--64
[] [] \TU/lmr/bx/n/10.95 Strategic value.[] \TU/lmr/m/n/10.95 The neutron decay
 analysis in §[][]1.6[][] established the bulk$\OMS/cmsy/m/n/10.95 !$\TU/lmr/m/
n/10.95 brane$\OMS/cmsy/m/n/10.95 !$\TU/lmr/m/n/10.95 3D pipeline

[24]
[25]
[26]
[27]
[28]
Overfull \hbox (3.25325pt too wide) in paragraph at lines 524--530
 [][] 

[29]
[30]) (./sections/07_case_tau.tex
[31]
[32]
[33]
[34]
[35]
[36]) (./sections/09_case_electron.tex
[37]
[38]
[39]
[40]
[41]
[42]
Underfull \hbox (badness 4036) in paragraph at lines 507--509
[]|\TU/lmr/m/n/10.95 Mode spectrum derivation from

[43]) (./sections/08_case_pion.tex
[44]
[45]
[46]
[47]
[48]
[49]
Underfull \hbox (badness 1205) in paragraph at lines 507--510
\TU/lmr/m/n/10.95 transition in the EDC weak program. Its successful accommodat
ion by the absorp-

[50]
[51]) (./sections/10_case_neutrino.tex
[52]
[53]
[54]
[55]
[56]
[57]
Underfull \hbox (badness 10000) in paragraph at lines 527--528
[]|\TU/lmr/m/n/10.95 Neutrinoless double-beta decay

Underfull \hbox (badness 10000) in paragraph at lines 530--531
[]|\TU/lmr/m/n/10.95 Normal vs inverted ordering

[58]) (./sections/11_gf_pathway.tex
[59]) (./sections/13_summary.tex
Underfull \hbox (badness 10000) in paragraph at lines 67--67
[]|$\OML/cmm/m/it/10.95 W$\TU/lmr/m/n/10.95 -boson exchange with

Underfull \hbox (badness 10000) in paragraph at lines 68--69
[]|\TU/lmr/m/n/10.95 Mediator integration with

Underfull \hbox (badness 2158) in paragraph at lines 73--73
[]|\TU/lmr/m/n/10.95 Requires extension (seesaw,

Underfull \hbox (badness 10000) in paragraph at lines 77--78
[]|\TU/lmr/m/n/10.95 Geometric origin (overlap

[60]
[61])
[62]
Chapter 2.
(./sections/02_frozen_regime_foundations.tex
Overfull \hbox (3.42813pt too wide) in paragraph at lines 50--53
\TU/lmr/m/n/10.95 The Z6 Program (Chapter 3) and subsequent chapters assume tha
t particle profiles are “frozen”—

[63]
[64]
[65]
[66]
[67]
[68]

Package hyperref Warning: Token not allowed in a PDF string (Unicode):
(hyperref)                removing `math shift' on input line 449.


Package hyperref Warning: Token not allowed in a PDF string (Unicode):
(hyperref)                removing `superscript' on input line 449.


Package hyperref Warning: Token not allowed in a PDF string (Unicode):
(hyperref)                removing `math shift' on input line 449.


Package hyperref Warning: Token not allowed in a PDF string (Unicode):
(hyperref)                removing `math shift' on input line 449.


Package hyperref Warning: Token not allowed in a PDF string (Unicode):
(hyperref)                removing `\pi' on input line 449.


Package hyperref Warning: Token not allowed in a PDF string (Unicode):
(hyperref)                removing `math shift' on input line 449.


[69]
[70]
[71]

Package hyperref Warning: Token not allowed in a PDF string (Unicode):
(hyperref)                removing `math shift' on input line 665.


Package hyperref Warning: Token not allowed in a PDF string (Unicode):
(hyperref)                removing `superscript' on input line 665.


Package hyperref Warning: Token not allowed in a PDF string (Unicode):
(hyperref)                removing `math shift' on input line 665.


Package hyperref Warning: Token not allowed in a PDF string (Unicode):
(hyperref)                removing `math shift' on input line 719.


Package hyperref Warning: Token not allowed in a PDF string (Unicode):
(hyperref)                removing `subscript' on input line 719.


Package hyperref Warning: Token not allowed in a PDF string (Unicode):
(hyperref)                removing `subscript' on input line 719.


Package hyperref Warning: Token not allowed in a PDF string (Unicode):
(hyperref)                removing `\pi' on input line 719.


Package hyperref Warning: Token not allowed in a PDF string (Unicode):
(hyperref)                removing `superscript' on input line 719.


Package hyperref Warning: Token not allowed in a PDF string (Unicode):
(hyperref)                removing `math shift' on input line 719.


Package hyperref Warning: Token not allowed in a PDF string (Unicode):
(hyperref)                removing `math shift' on input line 729.


Package hyperref Warning: Token not allowed in a PDF string (Unicode):
(hyperref)                removing `\pi' on input line 729.


Package hyperref Warning: Token not allowed in a PDF string (Unicode):
(hyperref)                removing `superscript' on input line 729.


Package hyperref Warning: Token not allowed in a PDF string (Unicode):
(hyperref)                removing `math shift' on input line 729.


[72]

Package hyperref Warning: Token not allowed in a PDF string (Unicode):
(hyperref)                removing `math shift' on input line 808.


Package hyperref Warning: Token not allowed in a PDF string (Unicode):
(hyperref)                removing `\alpha' on input line 808.


Package hyperref Warning: Token not allowed in a PDF string (Unicode):
(hyperref)                removing `math shift' on input line 808.


[73]
[74]
[75])
[76]
Chapter 3.

Package hyperref Warning: Token not allowed in a PDF string (Unicode):
(hyperref)                removing `math shift' on input line 430.


Package hyperref Warning: Token not allowed in a PDF string (Unicode):
(hyperref)                removing `subscript' on input line 430.


Package hyperref Warning: Token not allowed in a PDF string (Unicode):
(hyperref)                removing `math shift' on input line 430.

(./Z6_content_full.tex
[77]
[78]

Package hyperref Warning: Token not allowed in a PDF string (Unicode):
(hyperref)                removing `math shift' on input line 140.


Package hyperref Warning: Token not allowed in a PDF string (Unicode):
(hyperref)                removing `subscript' on input line 140.


Package hyperref Warning: Token not allowed in a PDF string (Unicode):
(hyperref)                removing `math shift' on input line 140.


Package hyperref Warning: Token not allowed in a PDF string (Unicode):
(hyperref)                removing `math shift' on input line 210.


Package hyperref Warning: Token not allowed in a PDF string (Unicode):
(hyperref)                removing `subscript' on input line 210.


Package hyperref Warning: Token not allowed in a PDF string (Unicode):
(hyperref)                removing `math shift' on input line 210.


[79]

Package tcolorbox Warning: Using nobreak failed. Try to enlarge `lines before b
reak' or set page breaks manually on input line 223.


[80]
[81]
[82]
[83]
[84]
[85]
[86]
[87]
[88]
[89]
Underfull \hbox (badness 1552) in paragraph at lines 1137--1140
[]\TU/lmr/m/n/10.95 In condensed matter physics, Peierls barriers represent ene
rgy barriers between

[90]
[91]
[92]

Package hyperref Warning: Token not allowed in a PDF string (Unicode):
(hyperref)                removing `math shift' on input line 1371.


Package hyperref Warning: Token not allowed in a PDF string (Unicode):
(hyperref)                removing `subscript' on input line 1371.


Package hyperref Warning: Token not allowed in a PDF string (Unicode):
(hyperref)                removing `\to' on input line 1371.


Package hyperref Warning: Token not allowed in a PDF string (Unicode):
(hyperref)                removing `math shift' on input line 1371.


[93]
[94] (/usr/local/texlive/2025/texmf-dist/tex/latex/amsfonts/ueuf.fd)
[95]
[96]
[97]
[98]
Underfull \hbox (badness 10000) in paragraph at lines 1905--1905
[]|\TU/lmr/m/n/10.95 Steiner theorem (equal

Underfull \hbox (badness 10000) in paragraph at lines 1906--1906
[]|\TU/lmr/m/n/10.95 Kepler-Hales (hexagonal

Underfull \hbox (badness 2359) in paragraph at lines 1910--1910
[]|\TU/lmr/m/n/10.95 Flux tubes exist in thick-

Underfull \hbox (badness 1383) in paragraph at lines 1926--1926
[]|\TU/lmr/m/n/10.95 Three generations = radial

Underfull \hbox (badness 2753) in paragraph at lines 1929--1929
[]|$\OML/cmm/m/it/10.95 SU\OT1/cmr/m/n/10.95 (3)$ \TU/lmr/m/n/10.95 from $\U/ms
b/m/n/10.95 Z[]$ \TU/lmr/m/n/10.95 continuum

Underfull \hbox (badness 1297) in paragraph at lines 1932--1933
[]|\TU/lmr/m/n/10.95 Order-of-magnitude, needs refine-

[99]
[100]
[101]
[102])
[103]
[104]
Chapter 4.
(./CH3_electroweak_parameters.tex
[105]
[106]
[107]

Package hyperref Warning: Token not allowed in a PDF string (Unicode):
(hyperref)                removing `math shift' on input line 198.


Package hyperref Warning: Token not allowed in a PDF string (Unicode):
(hyperref)                removing `subscript' on input line 198.


Package hyperref Warning: Token not allowed in a PDF string (Unicode):
(hyperref)                removing `math shift' on input line 198.


Underfull \hbox (badness 10000) in paragraph at lines 256--257
[]\TU/lmr/m/n/10.95 The \TU/lmr/m/it/10.95 full \TU/lmr/m/n/10.95 symmetry grou
p $\U/msb/m/n/10.95 Z[]$ \TU/lmr/m/n/10.95 has 6 elements (rotations by

[108]
[109]
[110]
[111]
[112]
[113]
[114]

Package hyperref Warning: Token not allowed in a PDF string (Unicode):
(hyperref)                removing `math shift' on input line 743.


Package hyperref Warning: Token not allowed in a PDF string (Unicode):
(hyperref)                removing `math shift' on input line 743.


[115]
[116]
[117]
[118]
[119]
Underfull \hbox (badness 1371) in paragraph at lines 1124--1127
[]\TU/lmr/bx/n/10.95 IF $[][] \OML/cmm/m/it/10.95 ^^R[] \OT1/cmr/m/n/10.95 = 1/
4$ \TU/lmr/m/n/10.95 at lattice scale \TU/lmr/bx/n/10.95 AND \TU/lmr/m/n/10.95 
SM RG running []\TU/lmr/bx/n/10.95 [BL][] THEN

[120]
[121])
[122]
Chapter 5.
(./CH4_lepton_mass_candidates.tex
[123]
[124]
[125]
Underfull \hbox (badness 5726) in paragraph at lines 251--252
[]|\TU/lmr/m/n/10.95 WKB quantization sug-

Underfull \hbox (badness 10000) in paragraph at lines 253--254
[]|\TU/lmr/m/n/10.95 Obtain thick-brane

Underfull \hbox (badness 10000) in paragraph at lines 253--254
\OML/cmm/m/it/10.95 V\OT1/cmr/m/n/10.95 (\OML/cmm/m/it/10.95 z\OT1/cmr/m/n/10.9
5 )$ \TU/lmr/m/n/10.95 and evaluate

Underfull \hbox (badness 10000) in paragraph at lines 255--255
[]|\TU/lmr/m/n/10.95 Resolved (re-

Underfull \hbox (badness 2111) in paragraph at lines 256--258
[]|\TU/lmr/m/n/10.95 Systematic audit in At-

Underfull \hbox (badness 4913) in paragraph at lines 256--258
\TU/lmr/m/n/10.95 in the candidate muon

Underfull \hbox (badness 1867) in paragraph at lines 256--258
\TU/lmr/m/n/10.95 of how $\OML/cmm/m/it/10.95 ^^K$ \TU/lmr/m/n/10.95 is defined
 in

Underfull \hbox (badness 2326) in paragraph at lines 259--260
[]|\TU/lmr/m/n/10.95 Keep formula as [P];

Underfull \hbox (badness 10000) in paragraph at lines 259--260
\TU/lmr/m/n/10.95 pursue $\OT1/cmr/m/n/10.95 (3/2)$ \TU/lmr/m/n/10.95 factor

Underfull \hbox (badness 10000) in paragraph at lines 261--261
[]|\TU/lmr/m/n/10.95 Structure ex-

Underfull \hbox (badness 1715) in paragraph at lines 262--263
[]|$\U/msb/m/n/10.95 Z[]$ \TU/lmr/m/n/10.95 parametrization gives

Underfull \hbox (badness 1019) in paragraph at lines 262--263
\OML/cmm/m/it/10.95 Q \OT1/cmr/m/n/10.95 = 2/3$ \TU/lmr/m/n/10.95 automatically
,

Underfull \hbox (badness 5316) in paragraph at lines 264--265
[]|\TU/lmr/m/n/10.95 Show energetic mini-

[126]

Package hyperref Warning: Token not allowed in a PDF string (Unicode):
(hyperref)                removing `math shift' on input line 300.


Package hyperref Warning: Token not allowed in a PDF string (Unicode):
(hyperref)                removing `\alpha' on input line 300.


Package hyperref Warning: Token not allowed in a PDF string (Unicode):
(hyperref)                removing `math shift' on input line 300.

)
[127]
[128]
Chapter 6.
(./sections/05_three_generations.tex
[129]
[130] (./figures/fig_three_channel_localization.tex)
Underfull \hbox (badness 10000) in paragraph at lines 230--231
[]|\TU/lmr/m/n/10 2D packing + energy min

Underfull \hbox (badness 10000) in paragraph at lines 232--233
[]|\TU/lmr/m/n/10 Cardinality matching, not

Underfull \hbox (badness 10000) in paragraph at lines 233--233
[]|\TU/lmr/m/n/10 Explains mode

[131]
[132]
Underfull \hbox (badness 10000) in paragraph at lines 300--300
[]|\TU/lmr/m/n/10 Lifetime calcula-

Underfull \hbox (badness 10000) in paragraph at lines 301--302
[]|\TU/lmr/m/n/10 Would need specific barrier

[133]
Underfull \hbox (badness 10000) in paragraph at lines 360--361
[]|\TU/lmr/m/n/10 Mechanism not worked out
(./figures/fig_overlap_mixing.tex)
[134]
[135]
[136]
[137])
[138]
Chapter 7.
(./sections/06_neutrinos_edge_modes.tex
[139]
[140]
Underfull \hbox (badness 10000) in paragraph at lines 190--190
[]|\TU/lmr/m/n/10.95 Suppressed Higgs

Underfull \hbox (badness 1132) in paragraph at lines 191--191
[]|\TU/lmr/m/n/10.95 Profiles $\OML/cmm/m/it/10.95 f[]\OT1/cmr/m/n/10.95 (\OML/
cmm/m/it/10.95 ^^X\OT1/cmr/m/n/10.95 )$\TU/lmr/m/n/10.95 , $\OML/cmm/m/it/10.95
 h\OT1/cmr/m/n/10.95 (\OML/cmm/m/it/10.95 ^^X\OT1/cmr/m/n/10.95 )$

Underfull \hbox (badness 10000) in paragraph at lines 195--195
[]|\TU/lmr/m/n/10.95 DFT baseline

Underfull \hbox (badness 10000) in paragraph at lines 199--199
[]|\TU/lmr/m/n/10.95 Breaking require-

Underfull \hbox (badness 2547) in paragraph at lines 200--200
[]|$\OMS/cmsy/m/n/10.95 ^^X \OT1/cmr/m/n/10.95 25[]$ \TU/lmr/m/n/10.95 anisotro
py

[141]
[142]
[143]
[144]
[145]
[146] (./sections/ch6_pmns_attempt1.tex
[147]
[148]) (./sections/ch6_pmns_attempt2.tex
[149]
Underfull \hbox (badness 10000) in paragraph at lines 63--63
[]|\TU/lmr/m/n/10.95 B2: Hierarchical

Underfull \hbox (badness 10000) in paragraph at lines 64--64
[]|\TU/lmr/m/n/10.95 Flavor-dependent overlap

[150]
[151]
[152]) (./sections/ch6_pmns_attempt3_z6_refinement.tex
[153]
[154]) (./sections/ch6_pmns_attempt4_menu.tex
[155]
[156]
[157]) (./sections/ch6_pmns_attempt4_1_derive_epsilon.tex
[158]
[159]) (./sections/ch6_pmns_attempt4_2_theta12_origin.tex
[160]
[161]
[162])
[163]
Underfull \hbox (badness 10000) in paragraph at lines 758--758
[]|\TU/lmr/m/n/10.95 Mass hierarchy (nor-

Underfull \hbox (badness 10000) in paragraph at lines 762--763
[]|\TU/lmr/m/n/10.95 Interface boundary condition

[164])
[165]
[166]
Chapter 8.
(./sections/07_ckm_cp.tex
[167]
[168]
[169]
[170]
[171]
[172] (./figures/fig_generation_spacing.tex)
[173]
[174] (./figures/fig_ckm_pmns_comparison.tex)
[175]
[176]
[177]
[178]
[179]
[180]
[181] (./sections/ch7_attempt3_cp_phase.tex
[182]
[183]
[184]
Underfull \hbox (badness 10000) in paragraph at lines 239--241
[]\TU/lmr/m/n/10.95 The specific phases

[185]) (./sections/ch7_attempt4_cp_refinement.tex
[186]
[187]
Overfull \hbox (10.44212pt too wide) in paragraph at lines 172--186
 [][] 

[188]
[189] (./sections/ch7_z2_parity_origin.tex
[190]
[191])))
[192]
Chapter 9.
(./sections/11_gf_derivation.tex
[193]
[194]
[195] (./figures/fig_mediator_integration.tex)
[196]
[197] (./figures/fig_mode_overlap.tex)
[198]
[199]
[200]
Underfull \hbox (badness 10000) in paragraph at lines 574--574
[]|\TU/lmr/m/n/10.95 Higgs mechanism (+$\OML/cmm/m/it/10.95 v$

[201]
Overfull \vbox (0.68044pt too high) has occurred while \output is active
[202])
[203]
[204]
Chapter 10.
(./sections/09_va_structure.tex
Underfull \hbox (badness 2582) in paragraph at lines 19--24
\TU/lmr/m/n/10.95 The result—that only left-handed modes couple at the interfac
e—is \TU/lmr/bx/n/10.95 derived-

[205]
[206]
[207]
[208]
[209]
[210]
[211]
[212]
[213]
[214]
[215]
[216]
[217]
[218]
[219]
Overfull \hbox (8.03603pt too wide) in paragraph at lines 1153--1177
 [] 

[220])
[221]
[222]
Chapter 11.
(./sections/ch10_electroweak_bridge.tex
[223]
[224]
[225]
[226]
[227]
[228]
[229])
[230]
Chapter 12.
(./sections/12_epistemic_map.tex
[231]
[232]
Underfull \hbox (badness 3861) in paragraph at lines 159--160
[]|\TU/lmr/m/n/10.95 Established experimental fact or Standard

[233]
Underfull \hbox (badness 3417) in paragraph at lines 252--253
[]|\TU/lmr/m/n/10.95 Weak decays proceed via absorption-dissipation-

Underfull \hbox (badness 1496) in paragraph at lines 270--270
[]|\TU/lmr/m/n/10.95 Neutron decays to electron

[234]
[235]
Underfull \hbox (badness 10000) in paragraph at lines 422--422
[]|\TU/lmr/m/n/10.95 KK tower truncation

Underfull \hbox (badness 4846) in paragraph at lines 427--428
[]|$\OML/cmm/m/it/10.95 ^^N \OT1/cmr/m/n/10.95 = 60[]$ \TU/lmr/m/n/10.95 (5° fr
om

Underfull \hbox (badness 10000) in paragraph at lines 429--430
\TU/lmr/m/n/10.95 smuggling guardrails;

Overfull \hbox (5.89374pt too wide) in paragraph at lines 418--432
 [][] 

[236]
[237]
[238])
[239]
[240]
Chapter 13.

Package hyperref Warning: Token not allowed in a PDF string (Unicode):
(hyperref)                removing `math shift' on input line 551.


Package hyperref Warning: Token not allowed in a PDF string (Unicode):
(hyperref)                removing `subscript' on input line 551.


Package hyperref Warning: Token not allowed in a PDF string (Unicode):
(hyperref)                removing `math shift' on input line 551.


Package hyperref Warning: Token not allowed in a PDF string (Unicode):
(hyperref)                removing `math shift' on input line 560.


Package hyperref Warning: Token not allowed in a PDF string (Unicode):
(hyperref)                removing `subscript' on input line 560.


Package hyperref Warning: Token not allowed in a PDF string (Unicode):
(hyperref)                removing `math shift' on input line 560.

(./sections/ch11_g5_canonical_and_kk.tex
[241]
[242]
[243]) (./sections/ch11_g5_ell_value_closure_attempt.tex
[244]
[245]
[246]
[247]) (./sections/ch11_g5_value_closure_attempt2_coefficient.tex
[248]
Overfull \hbox (5.65872pt too wide) in paragraph at lines 89--115
 [][] 

[249]
[250]
[251]) (./sections/ch11_g5_value_closure_attempt3_derive_4pi.tex
[252]
Underfull \hbox (badness 2050) in paragraph at lines 30--34
[]\TU/lmr/bx/n/10.95 Route 1 (Gauge Convention): \TU/lmr/m/n/10.95 The factor $
\OT1/cmr/m/n/10.95 4\OML/cmm/m/it/10.95 ^^Y$ \TU/lmr/m/n/10.95 emerges from the
 \TU/lmr/m/it/10.95 standard

[253]
[254]
[255]
[256]) (./sections/ch11_g5_ell_suppression_attempt2.tex
[257]
[258]
[259]
Overfull \hbox (2.37059pt too wide) in paragraph at lines 264--266
[] [] \TU/lmr/bx/n/10.95 How BVP testing would validate/falsify candidates.[] \
TU/lmr/m/n/10.95 The thick-brane BVP solver (OPR-

[260]) (./sections/ch11_opr20_factor8_forensic.tex
[261]
[262]
[263]
[264]
[265]) (./sections/ch11_opr20_geometric_factor8_attemptC.tex
[266]
[267]
[268]
[269]) (./sections/ch11_opr20_attemptD_interpretation_robin_overcount.tex
[270]
[271]
[272]
Overfull \hbox (34.6069pt too wide) in paragraph at lines 316--329
 [][] 

[273]
[274]
[275]
[276]) (./sections/ch11_opr20_attemptE_prefactor8_derivation.tex
[277]
[278]
[279]
[280]
[281]) (./sections/ch11_opr20_attemptF_mediator_bvp_junction.tex
[282]
[283]
[284]
[285]) (./sections/ch11_opr20_attemptG_derive_alpha_from_action.tex
[286]
Overfull \hbox (11.64786pt too wide) in paragraph at lines 97--99
[] [] \TU/lmr/bx/n/10.95 Candidate B: Brane Tension (Israel Junction).[] \TU/lm
r/m/n/10.95 From the Israel junction condition [],

[287]
[288]
[289]
[290]) (./sections/ch11_opr20_attemptG_BC_provenance.tex
[291]
[292]
[293]
[294]) (./sections/ch11_opr20_attemptH_delta_equals_Rxi.tex
[295]
[296]
[297]
[298]
[299]) (./sections/ch11_opr20_attemptH1_mediator_identity.tex
[300]
[301]
[302]
[303]
[304]
[305]) (./sections/ch11_opr20_attemptH2plus_delta_Rxi_stricter_audit.tex
[306]
[307]
[308]
[309]
[310]) (./sections/ch11_opr20_attemptH2_delta_Rxi_hard_audit.tex
[311]
[312]
[313]
[314]
[315]
[316]
[317]
[318]) (./sections/ch11_gf_sanity_skeleton.tex
Underfull \hbox (badness 10000) in paragraph at lines 40--41
[]|\TU/lmr/bx/n/10 Independent pre-

Underfull \hbox (badness 6725) in paragraph at lines 47--47
[]|\TU/lmr/m/n/10 Canonical normaliza-

Underfull \hbox (badness 4832) in paragraph at lines 48--49
[]|\TU/lmr/m/n/10 OPR-20: not com-

[319]
[320]
[321]) (./sections/ch11_gf_full_closure_plan.tex
[322]
Underfull \hbox (badness 5802) in paragraph at lines 88--89
[]|\TU/lmr/m/it/10 Closed\TU/lmr/m/n/10 : orthonormal KK

Underfull \hbox (badness 10000) in paragraph at lines 92--92
[]|\TU/lmr/m/n/10 KK eigenvalue (first

Underfull \hbox (badness 10000) in paragraph at lines 93--93
[]|$\OML/cmm/m/it/10 m[] \OT1/cmr/m/n/10 =

Underfull \hbox (badness 10000) in paragraph at lines 95--96
[]|\TU/lmr/m/n/10 Solve thick-brane BVP

[323]
[324]
[325]
Overfull \hbox (7.58179pt too wide) in paragraph at lines 318--332
 [][] 
)
[326] (./sections/ch12_bvp_workpackage.tex
[327]
[328]
[329]
[330]
[331]
[332]
[333]
[334]) (./sections/ch14_bvp_closure_pack.tex
[335]
[336]
Chapter 14.

Package hyperref Warning: Difference (2) between bookmark levels is greater 
(hyperref)                than one, level fixed on input line 55.


[337]
[338]
[339]
[340] (./sections/ch14_opr21_closure_derivation.tex
[341]
[342]
[343]
[344]
[345]
[346]
[347]
Underfull \hbox (badness 10000) in paragraph at lines 574--576
[]\TU/lmr/m/n/10.95 See \TU/lmtt/m/n/10.95 audit/evidence/OPR21R_MU_WINDOW_SHAP
E_DEPENDENCE_REPORT.md \TU/lmr/m/n/10.95 and

[348]
Overfull \hbox (6.8345pt too wide) in paragraph at lines 627--630
[] [] \TU/lmr/bx/n/10.95 Result.[] \TU/lmr/m/n/10.95 The count $\OML/cmm/m/it/1
0.95 N[]$ \TU/lmr/m/n/10.95 is \TU/lmr/bx/n/10.95 stable \TU/lmr/m/n/10.95 acro
ss BC variations in the target regime (shape-dependent;

[349]
Overfull \hbox (36.61188pt too wide) in paragraph at lines 723--739
 [] 

[350]
Underfull \hbox (badness 10000) in paragraph at lines 813--815
[]\TU/lmr/bx/n/10.95 Evidence\TU/lmr/m/n/10.95 : \TU/lmtt/m/n/10.95 audit/evide
nce/OPEN22_4bR_PHYSICAL_ROBIN_AUDIT.md\TU/lmr/m/n/10.95 ,
)
[351]
[352]
Overfull \hbox (4.50482pt too wide) in paragraph at lines 509--512
[] [] \TU/lmr/bx/n/10.95 Spectral behavior.[] \TU/lmr/m/n/10.95 Two degenerate 
wells can produce near-degenerate eigenvalue pairs (bond-

[353]
Overfull \hbox (3.74118pt too wide) in paragraph at lines 640--642
[][]\TU/lmr/bx/n/10.95 Definition 14.4 \TU/lmr/m/n/10.95 (Four-Point Overlap In
tegral)\TU/lmr/bx/n/10.95 . [][][Def][] \TU/lmr/m/n/10.95 The overlap integral 
$\OML/cmm/m/it/10.95 I[]$ \TU/lmr/m/n/10.95 for modes $\OT1/cmr/m/n/10.95 (\OML
/cmm/m/it/10.95 i; j; k; l\OT1/cmr/m/n/10.95 )$

[354]
[355]
[356]
Underfull \hbox (badness 10000) in paragraph at lines 869--870
[]|\TU/lmr/m/n/10 Eigenfunctions normalizable;

[357]

Package hyperref Warning: Token not allowed in a PDF string (Unicode):
(hyperref)                removing `math shift' on input line 996.


Package hyperref Warning: Token not allowed in a PDF string (Unicode):
(hyperref)                removing `subscript' on input line 996.


Package hyperref Warning: Token not allowed in a PDF string (Unicode):
(hyperref)                removing `math shift' on input line 996.


[358]
[359]
[360]
[361]) (./sections/ch15_opr01_sigma_anchor_derivation.tex
[362]
Chapter 15.

Package hyperref Warning: Difference (2) between bookmark levels is greater 
(hyperref)                than one, level fixed on input line 57.


[363]
[364]
[365]
[366]
[367]) (./sections/ch16_opr04_delta_derivation.tex
[368]
Chapter 16.

Overfull \hbox (11.73712pt too wide) in paragraph at lines 39--49
 [] 

[369]

Package hyperref Warning: Token not allowed in a PDF string (Unicode):
(hyperref)                removing `math shift' on input line 95.


Package hyperref Warning: Token not allowed in a PDF string (Unicode):
(hyperref)                removing `\Delta' on input line 95.


Package hyperref Warning: Token not allowed in a PDF string (Unicode):
(hyperref)                removing `math shift' on input line 95.


Package hyperref Warning: Token not allowed in a PDF string (Unicode):
(hyperref)                removing `math shift' on input line 98.


Package hyperref Warning: Token not allowed in a PDF string (Unicode):
(hyperref)                removing `\Delta' on input line 98.


Package hyperref Warning: Token not allowed in a PDF string (Unicode):
(hyperref)                removing `math shift' on input line 98.


Package hyperref Warning: Token not allowed in a PDF string (Unicode):
(hyperref)                removing `math shift' on input line 147.


Package hyperref Warning: Token not allowed in a PDF string (Unicode):
(hyperref)                removing `\lambda' on input line 147.


Package hyperref Warning: Token not allowed in a PDF string (Unicode):
(hyperref)                removing `\phi' on input line 147.


Package hyperref Warning: Token not allowed in a PDF string (Unicode):
(hyperref)                removing `superscript' on input line 147.


Package hyperref Warning: Token not allowed in a PDF string (Unicode):
(hyperref)                removing `math shift' on input line 147.


[370]

Package hyperref Warning: Token not allowed in a PDF string (Unicode):
(hyperref)                removing `math shift' on input line 228.


Package hyperref Warning: Token not allowed in a PDF string (Unicode):
(hyperref)                removing `\sigma' on input line 228.


Package hyperref Warning: Token not allowed in a PDF string (Unicode):
(hyperref)                removing `\Delta' on input line 228.


Package hyperref Warning: Token not allowed in a PDF string (Unicode):
(hyperref)                removing `\begingroup' on input line 228.


Package hyperref Warning: Token not allowed in a PDF string (Unicode):
(hyperref)                removing `superscript' on input line 228.


Package hyperref Warning: Token not allowed in a PDF string (Unicode):
(hyperref)                removing `\endgroup' on input line 228.


Package hyperref Warning: Token not allowed in a PDF string (Unicode):
(hyperref)                removing `\@@over' on input line 228.


Package hyperref Warning: Token not allowed in a PDF string (Unicode):
(hyperref)                removing `math shift' on input line 228.


[371]

Package hyperref Warning: Token not allowed in a PDF string (Unicode):
(hyperref)                removing `math shift' on input line 242.


Package hyperref Warning: Token not allowed in a PDF string (Unicode):
(hyperref)                removing `\sigma' on input line 242.


Package hyperref Warning: Token not allowed in a PDF string (Unicode):
(hyperref)                removing `\Delta' on input line 242.


Package hyperref Warning: Token not allowed in a PDF string (Unicode):
(hyperref)                removing `math shift' on input line 242.


[372]

Package hyperref Warning: Token not allowed in a PDF string (Unicode):
(hyperref)                removing `math shift' on input line 338.


Package hyperref Warning: Token not allowed in a PDF string (Unicode):
(hyperref)                removing `\Delta' on input line 338.


Package hyperref Warning: Token not allowed in a PDF string (Unicode):
(hyperref)                removing `math shift' on input line 338.

Missing character: There is no μ (U+03BC) in font [lmroman12-bold]:mapping=tex-
text;!

Package hyperref Warning: Token not allowed in a PDF string (Unicode):
(hyperref)                removing `math shift' on input line 359.


Package hyperref Warning: Token not allowed in a PDF string (Unicode):
(hyperref)                removing `\Delta' on input line 359.


Package hyperref Warning: Token not allowed in a PDF string (Unicode):
(hyperref)                removing `math shift' on input line 359.


Package hyperref Warning: Token not allowed in a PDF string (Unicode):
(hyperref)                removing `math shift' on input line 359.


Package hyperref Warning: Token not allowed in a PDF string (Unicode):
(hyperref)                removing `subscript' on input line 359.


Package hyperref Warning: Token not allowed in a PDF string (Unicode):
(hyperref)                removing `math shift' on input line 359.


[373]
[374]
[375]) (./sections/ch17_opr19_g5_from_action.tex
[376]
Chapter 17.

[377]
[378]

Package hyperref Warning: Token not allowed in a PDF string (Unicode):
(hyperref)                removing `math shift' on input line 190.


Package hyperref Warning: Token not allowed in a PDF string (Unicode):
(hyperref)                removing `subscript' on input line 190.


Package hyperref Warning: Token not allowed in a PDF string (Unicode):
(hyperref)                removing `superscript' on input line 190.


Package hyperref Warning: Token not allowed in a PDF string (Unicode):
(hyperref)                removing `math shift' on input line 190.


Package hyperref Warning: Token not allowed in a PDF string (Unicode):
(hyperref)                removing `math shift' on input line 199.


Package hyperref Warning: Token not allowed in a PDF string (Unicode):
(hyperref)                removing `subscript' on input line 199.


Package hyperref Warning: Token not allowed in a PDF string (Unicode):
(hyperref)                removing `\mu' on input line 199.


Package hyperref Warning: Token not allowed in a PDF string (Unicode):
(hyperref)                removing `\nu' on input line 199.


Package hyperref Warning: Token not allowed in a PDF string (Unicode):
(hyperref)                removing `superscript' on input line 199.


Package hyperref Warning: Token not allowed in a PDF string (Unicode):
(hyperref)                removing `\mu' on input line 199.


Package hyperref Warning: Token not allowed in a PDF string (Unicode):
(hyperref)                removing `\nu' on input line 199.


Package hyperref Warning: Token not allowed in a PDF string (Unicode):
(hyperref)                removing `math shift' on input line 199.


Package hyperref Warning: Token not allowed in a PDF string (Unicode):
(hyperref)                removing `math shift' on input line 235.


Package hyperref Warning: Token not allowed in a PDF string (Unicode):
(hyperref)                removing `subscript' on input line 235.


Package hyperref Warning: Token not allowed in a PDF string (Unicode):
(hyperref)                removing `\mu' on input line 235.


Package hyperref Warning: Token not allowed in a PDF string (Unicode):
(hyperref)                removing `superscript' on input line 235.


Package hyperref Warning: Token not allowed in a PDF string (Unicode):
(hyperref)                removing `\mu' on input line 235.


Package hyperref Warning: Token not allowed in a PDF string (Unicode):
(hyperref)                removing `math shift' on input line 235.


Package hyperref Warning: Token not allowed in a PDF string (Unicode):
(hyperref)                removing `math shift' on input line 256.


Package hyperref Warning: Token not allowed in a PDF string (Unicode):
(hyperref)                removing `subscript' on input line 256.


Package hyperref Warning: Token not allowed in a PDF string (Unicode):
(hyperref)                removing `math shift' on input line 256.


[379]
[380]
[381]) (./sections/ch18_opr20_mediator_mass_from_eigenvalue.tex
[382]
Chapter 18.
Missing character: There is no ξ (U+03BE) in font [lmroman12-bold]:mapping=tex-
text;!
Missing character: There is no ξ (U+03BE) in font [lmroman10-regular]:mapping=t
ex-text;!
Missing character: There is no ξ (U+03BE) in font [lmroman10-regular]:mapping=t
ex-text;!

[383]
Missing character: There is no ξ (U+03BE) in font [lmroman10-regular]:mapping=t
ex-text;!

[384]
[385]

Package hyperref Warning: Token not allowed in a PDF string (Unicode):
(hyperref)                removing `math shift' on input line 275.


Package hyperref Warning: Token not allowed in a PDF string (Unicode):
(hyperref)                removing `math shift' on input line 275.


[386]
[387]
[388]
[389]) (./sections/ch19_opr22_geff_from_exchange.tex
[390]
Chapter 19.

[391]
[392]
[393]
[394]
[395]
[396]

Package hyperref Warning: Token not allowed in a PDF string (Unicode):
(hyperref)                removing `math shift' on input line 477.


Package hyperref Warning: Token not allowed in a PDF string (Unicode):
(hyperref)                removing `subscript' on input line 477.


Package hyperref Warning: Token not allowed in a PDF string (Unicode):
(hyperref)                removing `math shift' on input line 477.


[397]
[398]

Package hyperref Warning: Token not allowed in a PDF string (Unicode):
(hyperref)                removing `math shift' on input line 602.


Package hyperref Warning: Token not allowed in a PDF string (Unicode):
(hyperref)                removing `subscript' on input line 602.


Package hyperref Warning: Token not allowed in a PDF string (Unicode):
(hyperref)                removing `math shift' on input line 602.


Package hyperref Warning: Token not allowed in a PDF string (Unicode):
(hyperref)                removing `math shift' on input line 637.


Package hyperref Warning: Token not allowed in a PDF string (Unicode):
(hyperref)                removing `subscript' on input line 637.


Package hyperref Warning: Token not allowed in a PDF string (Unicode):
(hyperref)                removing `math shift' on input line 637.


[399]
[400]

Package hyperref Warning: Token not allowed in a PDF string (Unicode):
(hyperref)                removing `math shift' on input line 713.


Package hyperref Warning: Token not allowed in a PDF string (Unicode):
(hyperref)                removing `subscript' on input line 713.


Package hyperref Warning: Token not allowed in a PDF string (Unicode):
(hyperref)                removing `math shift' on input line 713.


[401]

LaTeX Warning: `h' float specifier changed to `ht'.


[402])
[403]
[404]
Underfull \hbox (badness 10000) in paragraph at lines 665--665
[]|\TU/lmr/m/n/10.95 Higgs mechanism (scalar

Underfull \hbox (badness 10000) in paragraph at lines 695--696
[]|\TU/lmr/m/n/10.95 Bulk-brane interference
[405] (./sections/ch20_epistemic_summary_closure_status.tex
[406]
Chapter 20.

Underfull \hbox (badness 10000) in paragraph at lines 106--106
[]|\TU/lmr/m/n/10.95 Sturm–Liouville do-

Underfull \hbox (badness 4940) in paragraph at lines 108--108
[]|\TU/lmr/m/n/10.95 Robin BC parameter

Underfull \hbox (badness 1748) in paragraph at lines 109--109
[]|\TU/lmr/m/n/10.95 Yukawa coupling (do-

[407]
Overfull \hbox (2.88405pt too wide) in paragraph at lines 259--259
[]|\TU/lmr/bx/n/8 Claim/Formula|  

Overfull \hbox (1.43777pt too wide) in paragraph at lines 259--259
\OT1/cmr/m/n/8 (\OML/cmm/m/it/8 g[]`\OT1/cmr/m/n/8 /2\OML/cmm/m/it/8 x[]\OT1/cm
r/m/n/8 )\OMS/cmsy/m/n/8 j\OML/cmm/m/it/8 f[]\OT1/cmr/m/n/8 (0)\OMS/cmsy/m/n/8 
j[]$|  

Overfull \hbox (8.75383pt too wide) in paragraph at lines 259--259
[]|$\OML/cmm/m/it/8 g[]; `; x[]; \OMS/cmsy/m/n/8 j\OML/cmm/m/it/8 f[]\OT1/cmr/m
/n/8 (0)\OMS/cmsy/m/n/8 j[]$|  

[408]

Package hyperref Warning: Token not allowed in a PDF string (Unicode):
(hyperref)                removing `math shift' on input line 269.


Package hyperref Warning: Token not allowed in a PDF string (Unicode):
(hyperref)                removing `\leftrightarrow' on input line 269.


Package hyperref Warning: Token not allowed in a PDF string (Unicode):
(hyperref)                removing `math shift' on input line 269.


[409]
Underfull \hbox (badness 10000) in paragraph at lines 390--391
[]|\TU/lmr/m/n/10.95 BVP eigenvalue (shape-

Underfull \hbox (badness 10000) in paragraph at lines 395--395
[]|\TU/lmr/m/n/10.95 Robin BC:

[410]
[411]
Underfull \hbox (badness 10000) in paragraph at lines 498--498
[]|\TU/lmr/m/n/10.95 Shape-dependent $\OML/cmm/m/it/10.95 ^^V$\TU/lmr/m/n/10.95
 -windows for

Underfull \hbox (badness 7064) in paragraph at lines 501--501
[]|\TU/lmr/m/n/10.95 Green Path family (Neumann +

[412])
[413]
[414]
Overfull \hbox (40.20427pt too wide) in paragraph at lines 730--742
 [] 

[415]
[416]
[417]
[418]
[419]
[420] (./meta_part2/00_meta_index.tex
[421]
[422]
[423]
[424]) (./meta_part2/01_claim_ledger.tex
Underfull \hbox (badness 10000) in paragraph at lines 17--17


Underfull \hbox (badness 10000) in paragraph at lines 21--21


Underfull \hbox (badness 10000) in paragraph at lines 25--25


Underfull \hbox (badness 10000) in paragraph at lines 29--29


Underfull \hbox (badness 10000) in paragraph at lines 36--36


Underfull \hbox (badness 10000) in paragraph at lines 40--40


Underfull \hbox (badness 10000) in paragraph at lines 47--47


Underfull \hbox (badness 10000) in paragraph at lines 51--51


[425]
Underfull \hbox (badness 10000) in paragraph at lines 58--58


Underfull \hbox (badness 10000) in paragraph at lines 62--62


Underfull \hbox (badness 10000) in paragraph at lines 66--66


Underfull \hbox (badness 10000) in paragraph at lines 70--70


Underfull \hbox (badness 10000) in paragraph at lines 77--77


Underfull \hbox (badness 10000) in paragraph at lines 81--81


Underfull \hbox (badness 10000) in paragraph at lines 88--88


Underfull \hbox (badness 10000) in paragraph at lines 92--92


[426]
Underfull \hbox (badness 10000) in paragraph at lines 96--96


[427]) (./meta_part2/02_decision_log.tex
Underfull \hbox (badness 10000) in paragraph at lines 21--21


Underfull \hbox (badness 10000) in paragraph at lines 32--32


Underfull \hbox (badness 10000) in paragraph at lines 43--43


Underfull \hbox (badness 10000) in paragraph at lines 54--54


Underfull \hbox (badness 10000) in paragraph at lines 66--66


Underfull \hbox (badness 10000) in paragraph at lines 77--77


[428]
[429]) (./meta_part2/03_research_timeline.tex
Underfull \hbox (badness 10000) in paragraph at lines 16--17


Underfull \hbox (badness 10000) in paragraph at lines 20--21


Underfull \hbox (badness 10000) in paragraph at lines 24--25


Underfull \hbox (badness 10000) in paragraph at lines 28--29


Underfull \hbox (badness 10000) in paragraph at lines 34--35


Underfull \hbox (badness 10000) in paragraph at lines 38--39


Underfull \hbox (badness 10000) in paragraph at lines 42--43


[430]) (./meta_part2/04_evidence_map.tex
Overfull \hbox (5.07394pt too wide) in paragraph at lines 39--39
[]|\TU/lmtt/m/n/9 sections/06_neutrinos_edge_modes.tex|  

[431]) (./meta_part2/05_historical_log_pointer.tex
[432])
[433] (./EDC_Part_II_Weak_Sector_rebuild.aux) )
(see the transcript file for additional information)
Output written on EDC_Part_II_Weak_Sector_rebuild.xdv (449 pages, 9997592 bytes
).
Transcript written on EDC_Part_II_Weak_Sector_rebuild.log.
Latexmk: Getting log file 'EDC_Part_II_Weak_Sector_rebuild.log'
Latexmk: Examining 'EDC_Part_II_Weak_Sector_rebuild.fls'
Latexmk: Examining 'EDC_Part_II_Weak_Sector_rebuild.log'
Latexmk: Found input bbl file 'EDC_Part_II_Weak_Sector_rebuild.bbl'
Latexmk: Log file says output to 'EDC_Part_II_Weak_Sector_rebuild.xdv'
Latexmk: Log file says output to 'EDC_Part_II_Weak_Sector_rebuild.xdv'
Latexmk: Bibliography file(s) from .bcf file:
  bib/part2_backbone.bib
Latexmk: applying rule 'xdvipdfmx'...
Rule 'xdvipdfmx':  Reasons for rerun
Changed files or newly in use/created:
  EDC_Part_II_Weak_Sector_rebuild.xdv
Category 'changed_source_rules':
  xelatex

------------
Run number 1 of rule 'xdvipdfmx'
------------
------------
Running 'xdvipdfmx -E -o "EDC_Part_II_Weak_Sector_rebuild.pdf"  "EDC_Part_II_Weak_Sector_rebuild.xdv"'
------------
EDC_Part_II_Weak_Sector_rebuild.xdv -> EDC_Part_II_Weak_Sector_rebuild.pdf
[1][2][3][4][5][6][7][8][9][10][11][12][13][14][15][16][17][18][19][20][21][22][23][24][25][26][27][28][29][30][31][32][33][34][35][36][37][38][39][40][41][42][43][44][45][46][47][48][49][50][51][52][53][54][55][56][57][58][59][60][61][62][63][64][65][66][67][68][69][70][71][72][73][74][75][76][77][78][79][80][81][82][83][84][85][86][87][88][89][90][91][92][93][94][95][96][97][98][99][100][101][102][103][104][105][106][107][108][109][110][111][112][113][114][115][116][117][118][119][120][121][122][123][124][125][126][127][128][129][130][131][132][133][134][135][136][137][138][139][140][141][142][143][144][145][146][147][148][149][150][151][152][153][154][155][156][157][158][159][160][161][162][163][164][165][166][167][168][169][170][171][172][173][174][175][176][177][178][179][180][181][182][183][184][185][186][187][188][189][190][191][192][193][194][195][196][197][198][199][200][201][202][203][204][205][206][207][208][209][210][211][212][213][214][215][216][217][218][219][220][221][222][223][224][225][226][227][228][229][230][231][232][233][234][235][236][237][238][239][240][241][242][243][244][245][246][247][248][249][250][251][252][253][254][255][256][257][258][259][260][261][262][263][264][265][266][267][268][269][270][271][272][273][274][275][276][277][278][279][280][281][282][283][284][285][286][287][288][289][290][291][292][293][294][295][296][297][298][299][300][301][302][303][304][305][306][307][308][309][310][311][312][313][314][315][316][317][318][319][320][321][322][323][324][325][326][327][328][329][330][331][332][333][334][335][336][337][338][339][340][341][342][343][344][345][346][347][348][349][350][351][352][353][354][355][356][357][358][359][360][361][362][363][364][365][366][367][368][369][370][371][372][373][374][375][376][377][378][379][380][381][382][383][384
xdvipdfmx:warning: Object @equation.15.27 already defined.
xdvipdfmx:warning: Object @equation.15.27 already defined.
][385][386][387][388][389][390][391][392][393][394][395][396][397][398][399][400][401][402][403][404][405][406][407][408][409][410][411][412][413][414][415][416][417][418][419][420][421][422][423][424][425][426][427][428][429][430][431][432][433][434][435][436][437][438][439][440][441][442][443][444][445][446][447][448][449]
2008461 bytes written
Latexmk: Summary of warnings from last run of *latex:
  =====Latex reported missing or unavailable character(s).
=====See log file for details.
Latexmk: ====Undefined refs and citations with line #s in .tex file:
  Missing character: There is no μ (U+03BC) in font [lmroman10-regular]:mapping=t
  Missing character: There is no μ (U+03BC) in font [lmroman10-regular]:mapping=tex-text;!
  Missing character: There is no ξ (U+03BE) in font [lmroman10-bold]:mapping=tex-
  Missing character: There is no ξ (U+03BE) in font [lmroman10-bold]:mapping=tex-text;!
  Missing character: There is no μ (U+03BC) in font [lmroman12-bold]:mapping=tex-
  Missing character: There is no μ (U+03BC) in font [lmroman12-bold]:mapping=tex-text;!
  Missing character: There is no ξ (U+03BE) in font [lmroman12-bold]:mapping=tex-
 And 7 more --- see log file 'EDC_Part_II_Weak_Sector_rebuild.log'
Latexmk: All targets (EDC_Part_II_Weak_Sector_rebuild.xdv EDC_Part_II_Weak_Sector_rebuild.pdf) are up-to-date

