\BOOKMARK [0][-]{chapter*.1}{\376\377\000H\000o\000w\000\040\000t\000o\000\040\000R\000e\000a\000d\000\040\000T\000h\000i\000s\000\040\000B\000o\000o\000k}{}% 1
\BOOKMARK [-1][-]{part.1}{\376\377\000I\000\040\000P\000h\000y\000s\000i\000c\000a\000l\000\040\000P\000i\000c\000t\000u\000r\000e}{}% 2
\BOOKMARK [0][-]{chapter.1}{\376\377\000T\000h\000e\000\040\000W\000e\000a\000k\000\040\000I\000n\000t\000e\000r\000f\000a\000c\000e}{part.1}% 3
\BOOKMARK [1][-]{section.1.1}{\376\377\000F\000r\000o\000m\000\040\0005\000D\000\040\000R\000e\000l\000a\000x\000a\000t\000i\000o\000n\000\040\000t\000o\000\040\000O\000b\000s\000e\000r\000v\000a\000b\000l\000e\000\040\000P\000h\000y\000s\000i\000c\000s}{chapter.1}% 4
\BOOKMARK [1][-]{section.1.2}{\376\377\000F\000r\000o\000m\000\040\0005\000D\000\040\000R\000e\000l\000a\000x\000a\000t\000i\000o\000n\000\040\000t\000o\000\040\000B\000r\000a\000n\000e\000-\000I\000n\000t\000e\000r\000f\000a\000c\000e\000\040\000M\000e\000c\000h\000a\000n\000i\000c\000s}{chapter.1}% 5
\BOOKMARK [2][-]{subsection.1.2.1}{\376\377\000W\000h\000a\000t\000\040\000W\000e\000\040\000A\000r\000e\000\040\000T\000r\000y\000i\000n\000g\000\040\000t\000o\000\040\000E\000x\000p\000l\000a\000i\000n\000\040\000\050\000a\000n\000d\000\040\000W\000h\000a\000t\000\040\000W\000e\000\040\000A\000r\000e\000\040\000N\000o\000t\000\051}{section.1.2}% 6
\BOOKMARK [2][-]{subsection.1.2.2}{\376\377\000W\000h\000y\000\040\000`\000`\000W\000e\000a\000k\000'\000'\000\040\000I\000s\000\040\000N\000o\000t\000\040\000a\000\040\000F\000u\000n\000d\000a\000m\000e\000n\000t\000a\000l\000\040\000V\000e\000r\000t\000e\000x\000\040\000i\000n\000\040\000E\000D\000C}{section.1.2}% 7
\BOOKMARK [2][-]{subsection.1.2.3}{\376\377\000W\000h\000y\000\040\000a\000\040\000T\000h\000i\000c\000k\000\040\000B\000r\000a\000n\000e\000\040\000I\000s\000\040\000E\000s\000s\000e\000n\000t\000i\000a\000l\000\040\000\050\000N\000o\000t\000\040\000O\000p\000t\000i\000o\000n\000a\000l\000\051}{section.1.2}% 8
\BOOKMARK [2][-]{subsection.1.2.4}{\376\377\000C\000o\000n\000n\000e\000c\000t\000i\000n\000g\000\040\000t\000o\000\040\000O\000b\000s\000e\000r\000v\000a\000b\000l\000e\000\040\000W\000e\000a\000k\000\040\000P\000h\000e\000n\000o\000m\000e\000n\000a}{section.1.2}% 9
\BOOKMARK [2][-]{subsection.1.2.5}{\376\377\000F\000r\000o\000m\000\040\000A\000p\000p\000a\000r\000e\000n\000t\000\040\000V\000e\000r\000t\000e\000x\000\040\000t\000o\000\040\000C\000o\000a\000r\000s\000e\000-\000G\000r\000a\000i\000n\000e\000d\000\040\000R\000e\000s\000i\000d\000u\000e}{section.1.2}% 10
\BOOKMARK [1][-]{section.1.3}{\376\377\000T\000h\000e\000\040\000U\000n\000i\000f\000i\000e\000d\000\040\000P\000i\000p\000e\000l\000i\000n\000e\000:\000\040\000A\000b\000s\000o\000r\000p\000t\000i\000o\000n\040\023\000D\000i\000s\000s\000i\000p\000a\000t\000i\000o\000n\040\023\000R\000e\000l\000e\000a\000s\000e}{chapter.1}% 11
\BOOKMARK [1][-]{section.1.4}{\376\377\000T\000h\000e\000\040\000U\000n\000i\000f\000i\000e\000d\000\040\000W\000e\000a\000k\000-\000S\000e\000c\000t\000o\000r\000\040\000P\000i\000p\000e\000l\000i\000n\000e}{chapter.1}% 12
\BOOKMARK [2][-]{subsection.1.4.1}{\376\377\000P\000i\000p\000e\000l\000i\000n\000e\000\040\000O\000v\000e\000r\000v\000i\000e\000w\000:\000\040\000W\000h\000a\000t\000\040\000H\000a\000p\000p\000e\000n\000s\000\040\000P\000h\000y\000s\000i\000c\000a\000l\000l\000y}{section.1.4}% 13
\BOOKMARK [2][-]{subsection.1.4.2}{\376\377\000E\000n\000e\000r\000g\000y\000-\000F\000l\000o\000w\000\040\000B\000o\000o\000k\000k\000e\000e\000p\000i\000n\000g}{section.1.4}% 14
\BOOKMARK [2][-]{subsection.1.4.3}{\376\377\000P\000u\000m\000p\000i\000n\000g\000\040\000P\000o\000w\000e\000r\000:\000\040\000A\000\040\000P\000r\000a\000c\000t\000i\000c\000a\000l\000\040\000M\000o\000d\000e\000l}{section.1.4}% 15
\BOOKMARK [2][-]{subsection.1.4.4}{\376\377\000R\000e\000g\000i\000m\000e\000\040\000P\000a\000r\000a\000m\000e\000t\000e\000r\000\040\000a\000n\000d\000\040\000T\000r\000i\000g\000g\000e\000r\000\040\000C\000o\000n\000d\000i\000t\000i\000o\000n}{section.1.4}% 16
\BOOKMARK [2][-]{subsection.1.4.5}{\376\377\000T\000h\000e\000\040\000F\000r\000o\000z\000e\000n\000\040\000P\000r\000o\000j\000e\000c\000t\000i\000o\000n\000\040\000O\000p\000e\000r\000a\000t\000o\000r}{section.1.4}% 17
\BOOKMARK [2][-]{subsection.1.4.6}{\376\377\000O\000u\000t\000p\000u\000t\000\040\000D\000e\000f\000i\000n\000i\000t\000i\000o\000n}{section.1.4}% 18
\BOOKMARK [2][-]{subsection.1.4.7}{\376\377\000L\000e\000d\000g\000e\000r\000\040\000C\000l\000o\000s\000u\000r\000e\000\040\000R\000e\000q\000u\000i\000r\000e\000m\000e\000n\000t}{section.1.4}% 19
\BOOKMARK [2][-]{subsection.1.4.8}{\376\377\000P\000i\000p\000e\000l\000i\000n\000e\000\040\000S\000u\000m\000m\000a\000r\000y\000\040\000D\000i\000a\000g\000r\000a\000m}{section.1.4}% 20
\BOOKMARK [1][-]{section.1.5}{\376\377\000G\000e\000o\000m\000e\000t\000r\000y\000\040\000o\000f\000\040\000t\000h\000e\000\040\000B\000r\000a\000n\000e\000\040\000I\000n\000t\000e\000r\000f\000a\000c\000e}{chapter.1}% 21
\BOOKMARK [1][-]{section.1.6}{\376\377\000G\000e\000o\000m\000e\000t\000r\000y\000\040\000o\000f\000\040\000t\000h\000e\000\040\000B\000r\000a\000n\000e\000\040\000I\000n\000t\000e\000r\000f\000a\000c\000e}{chapter.1}% 22
\BOOKMARK [2][-]{subsection.1.6.1}{\376\377\000T\000h\000e\000\040\000C\000o\000n\000t\000i\000n\000u\000u\000m\000\040\000o\000f\000\040\0004\000D\000\040\000S\000u\000b\000m\000a\000n\000i\000f\000o\000l\000d\000s\000\040\000i\000n\000\040\0005\000D}{section.1.6}% 23
\BOOKMARK [2][-]{subsection.1.6.2}{\376\377\000M\000e\000c\000h\000a\000n\000i\000s\000t\000i\000c\000\040\000S\000e\000l\000e\000c\000t\000i\000o\000n\000:\000\040\000B\000o\000u\000n\000d\000a\000r\000y\000\040\000C\000o\000n\000d\000i\000t\000i\000o\000n\000s\000\040\000a\000n\000d\000\040\000C\000o\000u\000p\000l\000i\000n\000g\000s}{section.1.6}% 24
\BOOKMARK [2][-]{subsection.1.6.3}{\376\377\000T\000h\000e\000\040\000V\000i\000a\000b\000i\000l\000i\000t\000y\000\040\000F\000i\000l\000t\000e\000r\000:\000\040\000W\000h\000a\000t\000\040\000M\000a\000k\000e\000s\000\040\000a\000\040\000U\000n\000i\000v\000e\000r\000s\000e\000\040\000O\000b\000s\000e\000r\000v\000a\000b\000l\000e\000?}{section.1.6}% 25
\BOOKMARK [2][-]{subsection.1.6.4}{\376\377\000P\000r\000o\000t\000o\000n\000-\000A\000n\000c\000h\000o\000r\000\040\000S\000t\000a\000b\000i\000l\000i\000t\000y\000\040\000P\000r\000i\000n\000c\000i\000p\000l\000e}{section.1.6}% 26
\BOOKMARK [2][-]{subsection.1.6.5}{\376\377\000G\000e\000n\000e\000r\000a\000t\000i\000v\000e\000\040\000C\000l\000o\000s\000u\000r\000e\000\040\000P\000r\000i\000n\000c\000i\000p\000l\000e}{section.1.6}% 27
\BOOKMARK [2][-]{subsection.1.6.6}{\376\377\000W\000h\000e\000r\000e\000\040\000T\000h\000i\000s\000\040\000L\000e\000a\000d\000s}{section.1.6}% 28
\BOOKMARK [0][-]{chapter.2}{\376\377\000P\000a\000r\000t\000i\000c\000l\000e\000\040\000O\000n\000t\000o\000l\000o\000g\000y\000\040\000i\000n\000\040\000E\000D\000C}{part.1}% 29
\BOOKMARK [1][-]{section.2.1}{\376\377\000P\000a\000r\000t\000i\000c\000l\000e\000\040\000O\000n\000t\000o\000l\000o\000g\000y\000\040\000i\000n\000\040\000E\000D\000C}{chapter.2}% 30
\BOOKMARK [2][-]{subsection.2.1.1}{\376\377\000F\000i\000v\000e\000\040\000O\000n\000t\000o\000l\000o\000g\000i\000c\000a\000l\000\040\000C\000a\000t\000e\000g\000o\000r\000i\000e\000s}{section.2.1}% 31
\BOOKMARK [2][-]{subsection.2.1.2}{\376\377\000B\000u\000l\000k\000-\000C\000o\000r\000e\000\040\000J\000u\000n\000c\000t\000i\000o\000n\000:\000\040\000T\000h\000e\000\040\000N\000e\000u\000t\000r\000o\000n}{section.2.1}% 32
\BOOKMARK [2][-]{subsection.2.1.3}{\376\377\000B\000r\000a\000n\000e\000-\000D\000o\000m\000i\000n\000a\000n\000t\000\040\000F\000u\000n\000d\000a\000m\000e\000n\000t\000a\000l\000:\000\040\000M\000u\000o\000n\000\040\000a\000n\000d\000\040\000T\000a\000u}{section.2.1}% 33
\BOOKMARK [2][-]{subsection.2.1.4}{\376\377\000B\000r\000a\000n\000e\000\040\000D\000e\000f\000e\000c\000t\000:\000\040\000T\000h\000e\000\040\000E\000l\000e\000c\000t\000r\000o\000n}{section.2.1}% 34
\BOOKMARK [2][-]{subsection.2.1.5}{\376\377\000E\000d\000g\000e\000\040\000M\000o\000d\000e\000:\000\040\000T\000h\000e\000\040\000N\000e\000u\000t\000r\000i\000n\000o}{section.2.1}% 35
\BOOKMARK [2][-]{subsection.2.1.6}{\376\377\000C\000o\000m\000p\000o\000s\000i\000t\000e\000:\000\040\000T\000h\000e\000\040\000P\000i\000o\000n}{section.2.1}% 36
\BOOKMARK [2][-]{subsection.2.1.7}{\376\377\000O\000n\000t\000o\000l\000o\000g\000y\000\040\000M\000a\000p}{section.2.1}% 37
\BOOKMARK [1][-]{section.2.2}{\376\377\000T\000h\000e\000\040\000P\000r\000o\000t\000o\000n\000\040\000a\000s\000\040\000T\000o\000p\000o\000l\000o\000g\000i\000c\000a\000l\000\040\000A\000n\000c\000h\000o\000r}{chapter.2}% 38
\BOOKMARK [2][-]{subsection.2.2.1}{\376\377\000P\000r\000o\000t\000o\000n\000\040\000a\000s\000\040\000a\000\040\000T\000o\000p\000o\000l\000o\000g\000i\000c\000a\000l\000\040\000A\000n\000c\000h\000o\000r\000\040\000o\000f\000\040\000t\000h\000e\000\040\000B\000r\000a\000n\000e\040\023\000O\000b\000s\000e\000r\000v\000e\000r\000\040\000I\000n\000t\000e\000r\000f\000a\000c\000e}{section.2.2}% 39
\BOOKMARK [1][-]{section.2.3}{\376\377\000T\000h\000e\000\040\000M\000a\000s\000t\000e\000r\000\040\000D\000i\000a\000g\000r\000a\000m}{chapter.2}% 40
\BOOKMARK [2][-]{subsection.2.3.1}{\376\377\000M\000a\000s\000t\000e\000r\000\040\000D\000i\000a\000g\000r\000a\000m\000:\000\040\000O\000n\000e\000\040\000I\000n\000t\000e\000r\000f\000a\000c\000e\000\040\000P\000i\000p\000e\000l\000i\000n\000e\000,\000\040\000M\000u\000l\000t\000i\000p\000l\000e\000\040\000O\000n\000t\000o\000l\000o\000g\000i\000c\000a\000l\000\040\000S\000o\000u\000r\000c\000e\000s}{section.2.3}% 41
\BOOKMARK [2][-]{subsection.2.3.2}{\376\377\000K\000i\000n\000e\000m\000a\000t\000i\000c\000\040\000G\000a\000t\000e\000s\000\040\000a\000n\000d\000\040\000O\000u\000t\000p\000u\000t\000\040\000A\000l\000l\000o\000w\000a\000n\000c\000e}{section.2.3}% 42
\BOOKMARK [0][-]{chapter.3}{\376\377\000C\000a\000s\000e\000\040\000S\000t\000u\000d\000y\000:\000\040\000N\000e\000u\000t\000r\000o\000n\000\040\000D\000e\000c\000a\000y}{part.1}% 43
\BOOKMARK [1][-]{section.3.1}{\376\377\000C\000a\000s\000e\000\040\000S\000t\000u\000d\000y\000:\000\040\000N\000e\000u\000t\000r\000o\000n\000\040\000D\000e\000c\000a\000y}{chapter.3}% 44
\BOOKMARK [2][-]{subsection.3.1.1}{\376\377\000N\000e\000u\000t\000r\000o\000n\000\040\000b\000e\000t\000a\000-\000D\000e\000c\000a\000y\000:\000\040\000J\000u\000n\000c\000t\000i\000o\000n\000\040\000R\000e\000l\000a\000x\000a\000t\000i\000o\000n\000\040\000t\000o\000\040\000P\000r\000o\000t\000o\000n\000\040\000A\000n\000c\000h\000o\000r}{section.3.1}% 45
\BOOKMARK [1][-]{section.3.2}{\376\377\000R\000o\000u\000t\000e\000\040\000A\000n\000a\000l\000y\000s\000i\000s\000:\000\040\000P\000u\000m\000p\000\040\000v\000s\000.\000\040\000B\000o\000u\000n\000d\000a\000r\000y\000-\000D\000o\000m\000i\000n\000a\000n\000t}{chapter.3}% 46
\BOOKMARK [2][-]{subsection.3.2.1}{\376\377\000N\000e\000u\000t\000r\000o\000n\000\040\000D\000u\000a\000l\000-\000R\000o\000u\000t\000e\000:\000\040\000M\000e\000t\000a\000s\000t\000a\000b\000i\000l\000i\000t\000y\000\040\000a\000n\000d\000\040\000L\000i\000f\000e\000t\000i\000m\000e}{section.3.2}% 47
\BOOKMARK [0][-]{chapter.4}{\376\377\000C\000a\000s\000e\000\040\000S\000t\000u\000d\000y\000:\000\040\000M\000u\000o\000n\000\040\000D\000e\000c\000a\000y}{part.1}% 48
\BOOKMARK [1][-]{section.4.1}{\376\377\000C\000a\000s\000e\000\040\000S\000t\000u\000d\000y\000:\000\040\000C\000h\000a\000r\000g\000e\000d\000\040\000L\000e\000p\000t\000o\000n\000s}{chapter.4}% 49
\BOOKMARK [2][-]{subsection.4.1.1}{\376\377\000M\000u\000o\000n\000\040\000D\000e\000c\000a\000y\000:\000\040\000B\000r\000a\000n\000e\000-\000D\000o\000m\000i\000n\000a\000n\000t\000\040\000M\000o\000d\000e\000\040\000R\000e\000l\000a\000x\000a\000t\000i\000o\000n}{section.4.1}% 50
\BOOKMARK [0][-]{chapter.5}{\376\377\000C\000a\000s\000e\000\040\000S\000t\000u\000d\000y\000:\000\040\000T\000a\000u\000\040\000D\000e\000c\000a\000y}{part.1}% 51
\BOOKMARK [1][-]{subsection.5.0.1}{\376\377\000T\000a\000u\000\040\000D\000e\000c\000a\000y\000:\000\040\000H\000i\000g\000h\000e\000r\000-\000M\000o\000d\000e\000\040\000B\000r\000a\000n\000e\000\040\000E\000x\000c\000i\000t\000a\000t\000i\000o\000n}{chapter.5}% 52
\BOOKMARK [0][-]{chapter.6}{\376\377\000S\000t\000a\000b\000i\000l\000i\000t\000y\000\040\000a\000n\000d\000\040\000E\000d\000g\000e\000\040\000M\000o\000d\000e\000s}{part.1}% 53
\BOOKMARK [1][-]{section.6.1}{\376\377\000E\000l\000e\000c\000t\000r\000o\000n\000:\000\040\000T\000h\000e\000\040\000G\000r\000o\000u\000n\000d\000\040\000M\000o\000d\000e}{chapter.6}% 54
\BOOKMARK [2][-]{subsection.6.1.1}{\376\377\000E\000l\000e\000c\000t\000r\000o\000n\000:\000\040\000T\000h\000e\000\040\000G\000r\000o\000u\000n\000d\000-\000S\000t\000a\000t\000e\000\040\000B\000r\000a\000n\000e\000\040\000D\000e\000f\000e\000c\000t}{section.6.1}% 55
\BOOKMARK [1][-]{section.6.2}{\376\377\000P\000i\000o\000n\000:\000\040\000C\000o\000m\000p\000o\000s\000i\000t\000e\000\040\000D\000e\000c\000a\000y\000\040\000w\000i\000t\000h\000\040\000H\000e\000l\000i\000c\000i\000t\000y\000\040\000S\000u\000p\000p\000r\000e\000s\000s\000i\000o\000n}{chapter.6}% 56
\BOOKMARK [1][-]{section.6.3}{\376\377\000C\000a\000s\000e\000\040\000S\000t\000u\000d\000y\000:\000\040\000P\000i\000o\000n\000\040\000D\000e\000c\000a\000y}{chapter.6}% 57
\BOOKMARK [2][-]{subsection.6.3.1}{\376\377\000P\000i\000o\000n\000\040\000D\000e\000c\000a\000y\000:\000\040\000T\000h\000e\000\040\000H\000a\000d\000r\000o\000n\000\040\000t\000o\000\040\000L\000e\000p\000t\000o\000n\000\040\000B\000r\000i\000d\000g\000e}{section.6.3}% 58
\BOOKMARK [1][-]{section.6.4}{\376\377\000N\000e\000u\000t\000r\000i\000n\000o\000:\000\040\000E\000d\000g\000e\000-\000M\000o\000d\000e\000\040\000P\000a\000r\000t\000n\000e\000r}{chapter.6}% 59
\BOOKMARK [1][-]{section.6.5}{\376\377\000C\000a\000s\000e\000\040\000S\000t\000u\000d\000y\000:\000\040\000N\000e\000u\000t\000r\000i\000n\000o}{chapter.6}% 60
\BOOKMARK [2][-]{subsection.6.5.1}{\376\377\000T\000h\000e\000\040\000E\000d\000g\000e\000\040\000M\000o\000d\000e\000\040\000a\000n\000d\000\040\000L\000e\000d\000g\000e\000r\000\040\000P\000a\000r\000t\000n\000e\000r}{section.6.5}% 61
\BOOKMARK [-1][-]{part.2}{\376\377\000I\000I\000\040\000P\000r\000e\000d\000i\000c\000t\000i\000o\000n\000s}{}% 62
\BOOKMARK [0][-]{chapter.7}{\376\377\000E\000l\000e\000c\000t\000r\000o\000w\000e\000a\000k\000\040\000P\000a\000r\000a\000m\000e\000t\000e\000r\000s\000\040\000f\000r\000o\000m\000\040\000G\000e\000o\000m\000e\000t\000r\000y}{part.2}% 63
\BOOKMARK [1][-]{section.7.1}{\376\377\000T\000h\000e\000\040\000E\000l\000e\000c\000t\000r\000o\000w\000e\000a\000k\000\040\000S\000e\000c\000t\000o\000r\000\040\000C\000h\000a\000l\000l\000e\000n\000g\000e}{chapter.7}% 64
\BOOKMARK [1][-]{section.7.2}{\376\377\000W\000e\000a\000k\000\040\000C\000o\000u\000p\000l\000i\000n\000g\000\040\000f\000r\000o\000m\000\040\000E\000l\000e\000c\000t\000r\000o\000w\000e\000a\000k\000\040\000R\000e\000l\000a\000t\000i\000o\000n}{chapter.7}% 65
\BOOKMARK [1][-]{section.7.3}{\376\377\000W\000e\000i\000n\000b\000e\000r\000g\000\040\000A\000n\000g\000l\000e\000\040\000f\000r\000o\000m\000\040\000Z\0006\000\040\000P\000a\000r\000t\000i\000t\000i\000o\000n}{chapter.7}% 66
\BOOKMARK [2][-]{subsection.7.3.1}{\376\377\000T\000o\000y\000\040\000M\000o\000d\000e\000l\000:\000\040\000T\000w\000o\000-\000C\000h\000a\000n\000n\000e\000l\000\040\000M\000i\000x\000i\000n\000g\000\040\000a\000s\000\040\000a\000\040\000R\000o\000t\000a\000t\000i\000o\000n}{section.7.3}% 67
\BOOKMARK [1][-]{section.7.4}{\376\377\000N\000e\000u\000t\000r\000o\000n\000\040\000L\000i\000f\000e\000t\000i\000m\000e\000\040\000f\000r\000o\000m\000\040\000W\000K\000B\000\040\000T\000u\000n\000n\000e\000l\000i\000n\000g}{chapter.7}% 68
\BOOKMARK [1][-]{section.7.5}{\376\377\000F\000e\000r\000m\000i\000\040\000C\000o\000n\000s\000t\000a\000n\000t\000\040\000f\000r\000o\000m\000\040\000M\000o\000d\000e\000\040\000O\000v\000e\000r\000l\000a\000p}{chapter.7}% 69
\BOOKMARK [1][-]{section.7.6}{\376\377\000V\000-\000A\000\040\000S\000t\000r\000u\000c\000t\000u\000r\000e\000\040\000f\000r\000o\000m\000\040\000B\000r\000a\000n\000e\000\040\000G\000e\000o\000m\000e\000t\000r\000y}{chapter.7}% 70
\BOOKMARK [1][-]{section.7.7}{\376\377\000R\000e\000s\000e\000a\000r\000c\000h\000\040\000N\000o\000t\000e\000s\000:\000\040\000T\000h\000e\000\040\000R\000G\000\040\000R\000u\000n\000n\000i\000n\000g\000\040\000I\000n\000s\000i\000g\000h\000t}{chapter.7}% 71
\BOOKMARK [1][-]{section.7.8}{\376\377\000S\000u\000m\000m\000a\000r\000y\000:\000\040\000E\000l\000e\000c\000t\000r\000o\000w\000e\000a\000k\000\040\000P\000a\000r\000a\000m\000e\000t\000e\000r\000s\000\040\000f\000r\000o\000m\000\040\000G\000e\000o\000m\000e\000t\000r\000y}{chapter.7}% 72
\BOOKMARK [1][-]{section.7.9}{\376\377\000O\000p\000e\000n\000\040\000P\000r\000o\000b\000l\000e\000m\000s}{chapter.7}% 73
\BOOKMARK [0][-]{chapter.8}{\376\377\000T\000h\000e\000\040\000F\000e\000r\000m\000i\000\040\000C\000o\000n\000s\000t\000a\000n\000t\000:\000\040\000O\000v\000e\000r\000v\000i\000e\000w}{part.2}% 74
\BOOKMARK [1][-]{section.8.1}{\376\377\000S\000t\000r\000u\000c\000t\000u\000r\000a\000l\000\040\000P\000a\000t\000h\000w\000a\000y\000\040\000t\000o\000\040\000G\000F\000\040\000\050\000O\000v\000e\000r\000v\000i\000e\000w\000\051}{chapter.8}% 75
\BOOKMARK [0][-]{chapter.9}{\376\377\000W\000h\000y\000\040\000E\000x\000a\000c\000t\000l\000y\000\040\000T\000h\000r\000e\000e\000\040\000G\000e\000n\000e\000r\000a\000t\000i\000o\000n\000s\000?}{part.2}% 76
\BOOKMARK [1][-]{section.9.1}{\376\377\000W\000h\000y\000\040\000E\000x\000a\000c\000t\000l\000y\000\040\000T\000h\000r\000e\000e\000\040\000G\000e\000n\000e\000r\000a\000t\000i\000o\000n\000s\000?}{chapter.9}% 77
\BOOKMARK [2][-]{subsection.9.1.1}{\376\377\000T\000h\000e\000\040\000P\000r\000o\000b\000l\000e\000m\000:\000\040\000G\000e\000n\000e\000r\000a\000t\000i\000o\000n\000\040\000N\000u\000m\000b\000e\000r\000\040\000a\000s\000\040\000I\000n\000p\000u\000t\000\040\000v\000s\000.\000\040\000O\000u\000t\000p\000u\000t}{section.9.1}% 78
\BOOKMARK [2][-]{subsection.9.1.2}{\376\377\000T\000o\000y\000\040\000M\000o\000d\000e\000l\000:\000\040\000T\000h\000r\000e\000e\000\040\000L\000o\000c\000a\000l\000i\000z\000e\000d\000\040\000C\000h\000a\000n\000n\000e\000l\000s}{section.9.1}% 79
\BOOKMARK [2][-]{subsection.9.1.3}{\376\377\000C\000a\000n\000d\000i\000d\000a\000t\000e\000\040\000M\000e\000c\000h\000a\000n\000i\000s\000m\000\040\000A\000:\000\040\000Z\0003\000\040\000f\000r\000o\000m\000\040\000H\000e\000x\000a\000g\000o\000n\000a\000l\000\040\000S\000y\000m\000m\000e\000t\000r\000y}{section.9.1}% 80
\BOOKMARK [2][-]{subsection.9.1.4}{\376\377\000C\000a\000n\000d\000i\000d\000a\000t\000e\000\040\000M\000e\000c\000h\000a\000n\000i\000s\000m\000\040\000B\000:\000\040\000K\000K\000\040\000T\000o\000w\000e\000r\000\040\000T\000r\000u\000n\000c\000a\000t\000i\000o\000n}{section.9.1}% 81
\BOOKMARK [2][-]{subsection.9.1.5}{\376\377\000C\000a\000n\000d\000i\000d\000a\000t\000e\000\040\000M\000e\000c\000h\000a\000n\000i\000s\000m\000\040\000C\000:\000\040\000B\000u\000l\000k\000\040\000T\000o\000p\000o\000l\000o\000g\000y\000\040\000p\000i\0001\000\050\000M\0005\000\051}{section.9.1}% 82
\BOOKMARK [2][-]{subsection.9.1.6}{\376\377\000S\000y\000n\000t\000h\000e\000s\000i\000s\000:\000\040\000W\000h\000a\000t\000\040\000D\000o\000\040\000W\000e\000\040\000A\000c\000t\000u\000a\000l\000l\000y\000\040\000H\000a\000v\000e\000?}{section.9.1}% 83
\BOOKMARK [2][-]{subsection.9.1.7}{\376\377\000F\000a\000l\000s\000i\000f\000i\000a\000b\000i\000l\000i\000t\000y\000\040\000C\000l\000a\000u\000s\000e}{section.9.1}% 84
\BOOKMARK [2][-]{subsection.9.1.8}{\376\377\000O\000p\000e\000n\000\040\000P\000r\000o\000b\000l\000e\000m\000s\000\040\000a\000n\000d\000\040\000N\000e\000x\000t\000\040\000S\000t\000e\000p\000s}{section.9.1}% 85
\BOOKMARK [2][-]{subsection.9.1.9}{\376\377\000S\000u\000m\000m\000a\000r\000y}{section.9.1}% 86
\BOOKMARK [0][-]{chapter.10}{\376\377\000N\000e\000u\000t\000r\000i\000n\000o\000\040\000M\000i\000x\000i\000n\000g\000\040\000A\000n\000g\000l\000e\000s}{part.2}% 87
\BOOKMARK [1][-]{section.10.1}{\376\377\000N\000e\000u\000t\000r\000i\000n\000o\000s\000\040\000a\000s\000\040\000E\000d\000g\000e\000\040\000M\000o\000d\000e\000s}{chapter.10}% 88
\BOOKMARK [2][-]{subsection.10.1.1}{\376\377\000T\000h\000e\000\040\000N\000e\000u\000t\000r\000i\000n\000o\000\040\000P\000r\000o\000b\000l\000e\000m}{section.10.1}% 89
\BOOKMARK [2][-]{subsection.10.1.2}{\376\377\000T\000o\000y\000\040\000M\000o\000d\000e\000l\000:\000\040\000T\000h\000e\000\040\000B\000o\000u\000n\000d\000a\000r\000y\000-\000T\000r\000a\000p\000p\000e\000d\000\040\000S\000t\000a\000t\000e}{section.10.1}% 90
\BOOKMARK [2][-]{subsection.10.1.3}{\376\377\000E\000d\000g\000e\000-\000M\000o\000d\000e\000\040\000O\000n\000t\000o\000l\000o\000g\000y}{section.10.1}% 91
\BOOKMARK [2][-]{subsection.10.1.4}{\376\377\000M\000a\000s\000s\000\040\000S\000u\000p\000p\000r\000e\000s\000s\000i\000o\000n\000\040\000M\000e\000c\000h\000a\000n\000i\000s\000m}{section.10.1}% 92
\BOOKMARK [2][-]{subsection.10.1.5}{\376\377\000T\000h\000r\000e\000e\000\040\000N\000e\000u\000t\000r\000i\000n\000o\000\040\000F\000l\000a\000v\000o\000r\000s}{section.10.1}% 93
\BOOKMARK [2][-]{subsection.10.1.6}{\376\377\000C\000o\000n\000n\000e\000c\000t\000i\000o\000n\000\040\000t\000o\000\040\000V\040\023\000A\000\040\000C\000h\000i\000r\000a\000l\000i\000t\000y}{section.10.1}% 94
\BOOKMARK [2][-]{subsection.10.1.7}{\376\377\000P\000M\000N\000S\000\040\000M\000i\000x\000i\000n\000g\000:\000\040\000P\000o\000s\000t\000u\000l\000a\000t\000e\000d\000\040\000S\000t\000r\000u\000c\000t\000u\000r\000e}{section.10.1}% 95
\BOOKMARK [2][-]{subsection.10.1.8}{\376\377\000A\000t\000t\000e\000m\000p\000t\000\040\000P\000M\000N\000S\000-\0001\000:\000\040\000S\000y\000m\000m\000e\000t\000r\000y\000\040\000B\000a\000s\000e\000l\000i\000n\000e\000\040\000a\000n\000d\000\040\000M\000i\000n\000i\000m\000a\000l\000\040\000B\000r\000e\000a\000k\000i\000n\000g}{section.10.1}% 96
\BOOKMARK [2][-]{subsection.10.1.9}{\376\377\000A\000t\000t\000e\000m\000p\000t\000\040\000P\000M\000N\000S\000-\0002\000:\000\040\000O\000v\000e\000r\000l\000a\000p\000\040\000M\000o\000d\000e\000l\000\040\000f\000o\000r\000\040\000N\000e\000u\000t\000r\000i\000n\000o\000\040\000M\000i\000x\000i\000n\000g}{section.10.1}% 97
\BOOKMARK [2][-]{subsection.10.1.10}{\376\377\000A\000t\000t\000e\000m\000p\000t\000\040\0003\000:\000\040\000Z\0006\000\040\000D\000i\000s\000c\000r\000e\000t\000e\000-\000P\000h\000a\000s\000e\000\040\000R\000e\000f\000i\000n\000e\000m\000e\000n\000t}{section.10.1}% 98
\BOOKMARK [2][-]{subsection.10.1.11}{\376\377\000A\000t\000t\000e\000m\000p\000t\000\040\0004\000:\000\040\000R\000a\000n\000k\000-\0002\000\040\000B\000a\000s\000e\000l\000i\000n\000e\000\040\000a\000n\000d\000\040\000D\000o\000u\000b\000l\000e\000-\000P\000a\000t\000h\000\040\000M\000e\000c\000h\000a\000n\000i\000s\000m\000s}{section.10.1}% 99
\BOOKMARK [2][-]{subsection.10.1.12}{\376\377\000A\000t\000t\000e\000m\000p\000t\000\040\0004\000.\0001\000:\000\040\000D\000e\000r\000i\000v\000i\000n\000g\000\040\000t\000h\000e\000\040\000R\000e\000a\000c\000t\000o\000r\000\040\000P\000e\000r\000t\000u\000r\000b\000a\000t\000i\000o\000n}{section.10.1}% 100
\BOOKMARK [2][-]{subsection.10.1.13}{\376\377\000A\000t\000t\000e\000m\000p\000t\000\040\0004\000.\0002\000:\000\040\000t\000h\000e\000t\000a\0001\0002\000\040\000O\000r\000i\000g\000i\000n\000\040\000M\000i\000c\000r\000o\000-\000A\000t\000t\000e\000m\000p\000t}{section.10.1}% 101
\BOOKMARK [2][-]{subsection.10.1.14}{\376\377\000D\000i\000r\000a\000c\000\040\000v\000s\000.\000\040\000M\000a\000j\000o\000r\000a\000n\000a\000\040\000N\000a\000t\000u\000r\000e}{section.10.1}% 102
\BOOKMARK [2][-]{subsection.10.1.15}{\376\377\000S\000u\000m\000m\000a\000r\000y\000\040\000a\000n\000d\000\040\000F\000a\000l\000s\000i\000f\000i\000a\000b\000i\000l\000i\000t\000y}{section.10.1}% 103
\BOOKMARK [0][-]{chapter.11}{\376\377\000C\000K\000M\000\040\000M\000a\000t\000r\000i\000x\000\040\000a\000n\000d\000\040\000C\000P\000\040\000V\000i\000o\000l\000a\000t\000i\000o\000n}{part.2}% 104
\BOOKMARK [1][-]{section.11.1}{\376\377\000C\000K\000M\000\040\000M\000a\000t\000r\000i\000x\000\040\000a\000n\000d\000\040\000C\000P\000\040\000V\000i\000o\000l\000a\000t\000i\000o\000n}{chapter.11}% 105
\BOOKMARK [2][-]{subsection.11.1.1}{\376\377\000T\000h\000e\000\040\000C\000K\000M\000\040\000M\000a\000t\000r\000i\000x\000:\000\040\000B\000a\000s\000e\000l\000i\000n\000e\000\040\000F\000a\000c\000t\000s}{section.11.1}% 106
\BOOKMARK [2][-]{subsection.11.1.2}{\376\377\000A\000t\000t\000e\000m\000p\000t\000\040\0001\000:\000\040\000Z\0003\000\040\000D\000F\000T\000\040\000B\000a\000s\000e\000l\000i\000n\000e\000\040\000f\000o\000r\000\040\000C\000K\000M}{section.11.1}% 107
\BOOKMARK [2][-]{subsection.11.1.3}{\376\377\000C\000o\000m\000p\000a\000r\000i\000s\000o\000n\000\040\000w\000i\000t\000h\000\040\000P\000D\000G\000\040\000D\000a\000t\000a}{section.11.1}% 108
\BOOKMARK [2][-]{subsection.11.1.4}{\376\377\000Q\000u\000a\000n\000t\000i\000f\000y\000i\000n\000g\000\040\000t\000h\000e\000\040\000B\000r\000e\000a\000k\000i\000n\000g\000\040\000R\000e\000q\000u\000i\000r\000e\000m\000e\000n\000t}{section.11.1}% 109
\BOOKMARK [2][-]{subsection.11.1.5}{\376\377\000A\000t\000t\000e\000m\000p\000t\000\040\0002\000:\000\040\000L\000o\000c\000a\000l\000i\000z\000a\000t\000i\000o\000n\000-\000A\000s\000y\000m\000m\000e\000t\000r\000y\000\040\000O\000v\000e\000r\000l\000a\000p\000\040\000M\000o\000d\000e\000l}{section.11.1}% 110
\BOOKMARK [2][-]{subsection.11.1.6}{\376\377\000A\000t\000t\000e\000m\000p\000t\000\040\0002\000.\0001\000:\000\040\000N\000o\000n\000-\000U\000n\000i\000f\000o\000r\000m\000\040\000G\000e\000n\000e\000r\000a\000t\000i\000o\000n\000\040\000S\000p\000a\000c\000i\000n\000g}{section.11.1}% 111
\BOOKMARK [2][-]{subsection.11.1.7}{\376\377\000A\000t\000t\000e\000m\000p\000t\000\040\0002\000.\0002\000:\000\040\000U\000n\000d\000e\000r\000s\000t\000a\000n\000d\000i\000n\000g\000\040\000t\000h\000e\000\040\000P\000r\000e\000f\000a\000c\000t\000o\000r\000\040\000D\000i\000s\000c\000r\000e\000p\000a\000n\000c\000y}{section.11.1}% 112
\BOOKMARK [2][-]{subsection.11.1.8}{\376\377\000C\000P\000\040\000V\000i\000o\000l\000a\000t\000i\000o\000n}{section.11.1}% 113
\BOOKMARK [2][-]{subsection.11.1.9}{\376\377\000S\000u\000m\000m\000a\000r\000y\000\040\000a\000n\000d\000\040\000S\000t\000o\000p\000l\000i\000g\000h\000t}{section.11.1}% 114
\BOOKMARK [2][-]{subsection.11.1.10}{\376\377\000A\000t\000t\000e\000m\000p\000t\000\040\0003\000:\000\040\000C\000P\000\040\000P\000h\000a\000s\000e\000\040\000a\000n\000d\000\040\000t\000h\000e\000\040\000J\000a\000r\000l\000s\000k\000o\000g\000\040\000I\000n\000v\000a\000r\000i\000a\000n\000t}{section.11.1}% 115
\BOOKMARK [2][-]{subsection.11.1.11}{\376\377\000A\000t\000t\000e\000m\000p\000t\000\040\0004\000:\000\040\000Z\0006\000\040\000R\000e\000f\000i\000n\000e\000m\000e\000n\000t\000\040\000a\000n\000d\000\040\000t\000h\000e\000\040\000P\000h\000a\000s\000e\000\040\000C\000a\000n\000c\000e\000l\000l\000a\000t\000i\000o\000n\000\040\000T\000h\000e\000o\000r\000e\000m}{section.11.1}% 116
\BOOKMARK [2][-]{subsection.11.1.12}{\376\377\000Z\0002\000\040\000P\000a\000r\000i\000t\000y\000\040\000O\000r\000i\000g\000i\000n\000\040\000f\000o\000r\000\040\000t\000h\000e\000\040\000S\000i\000g\000n\000-\000S\000e\000l\000e\000c\000t\000i\000o\000n\000\040\000M\000e\000c\000h\000a\000n\000i\000s\000m}{section.11.1}% 117
\BOOKMARK [0][-]{chapter.12}{\376\377\000V\040\023\000A\000\040\000S\000t\000r\000u\000c\000t\000u\000r\000e\000\040\000f\000r\000o\000m\000\040\000C\000h\000i\000r\000a\000l\000\040\000L\000o\000c\000a\000l\000i\000z\000a\000t\000i\000o\000n}{part.2}% 118
\BOOKMARK [1][-]{section.12.1}{\376\377\000T\000h\000e\000\040\000P\000h\000y\000s\000i\000c\000a\000l\000\040\000P\000i\000c\000t\000u\000r\000e\000:\000\040\000W\000h\000a\000t\000\040\000H\000a\000p\000p\000e\000n\000s\000\040\000i\000n\000\040\0005\000D\000?}{chapter.12}% 119
\BOOKMARK [2][-]{subsection.12.1.1}{\376\377\000T\000h\000e\000\040\000S\000e\000t\000u\000p\000:\000\040\000A\000\040\000U\000n\000i\000v\000e\000r\000s\000e\000\040\000w\000i\000t\000h\000\040\000D\000e\000p\000t\000h}{section.12.1}% 120
\BOOKMARK [2][-]{subsection.12.1.2}{\376\377\000T\000h\000e\000\040\000C\000h\000i\000r\000a\000l\000i\000t\000y\000\040\000F\000i\000l\000t\000e\000r\000:\000\040\000W\000h\000y\000\040\000O\000n\000l\000y\000\040\000L\000e\000f\000t\000-\000H\000a\000n\000d\000e\000d\000?}{section.12.1}% 121
\BOOKMARK [2][-]{subsection.12.1.3}{\376\377\000O\000v\000e\000r\000l\000a\000p\000\040\000D\000e\000t\000e\000r\000m\000i\000n\000e\000s\000\040\000C\000o\000u\000p\000l\000i\000n\000g}{section.12.1}% 122
\BOOKMARK [2][-]{subsection.12.1.4}{\376\377\000W\000h\000a\000t\000\040\000W\000e\000\040\000D\000e\000r\000i\000v\000e\000\040\000a\000n\000d\000\040\000W\000h\000a\000t\000\040\000W\000e\000\040\000D\000o\000\040\000N\000o\000t}{section.12.1}% 123
\BOOKMARK [1][-]{section.12.2}{\376\377\000P\000u\000r\000p\000o\000s\000e\000\040\000a\000n\000d\000\040\000S\000c\000o\000p\000e}{chapter.12}% 124
\BOOKMARK [2][-]{subsection.12.2.1}{\376\377\000T\000h\000e\000\040\0003\000D\000\040\000O\000b\000s\000e\000r\000v\000a\000t\000i\000o\000n\000\040\000\050\000W\000h\000a\000t\000\040\000O\000b\000s\000e\000r\000v\000e\000r\000s\000\040\000S\000e\000e\000\051}{section.12.2}% 125
\BOOKMARK [2][-]{subsection.12.2.2}{\376\377\000T\000h\000e\000\040\0003\000D\000\040\000O\000b\000s\000e\000r\000v\000a\000t\000i\000o\000n\000a\000l\000\040\000D\000e\000s\000c\000r\000i\000p\000t\000i\000o\000n\000\040\000\050\000S\000M\000\051}{section.12.2}% 126
\BOOKMARK [2][-]{subsection.12.2.3}{\376\377\000T\000h\000e\000\040\000E\000D\000C\000\040\000A\000p\000p\000r\000o\000a\000c\000h\000:\000\040\0005\000D\000\040\000C\000a\000u\000s\000e\000\040\041\222\000\040\0003\000D\000\040\000S\000h\000a\000d\000o\000w}{section.12.2}% 127
\BOOKMARK [1][-]{section.12.3}{\376\377\0005\000D\000\040\000D\000i\000r\000a\000c\000\040\000F\000i\000e\000l\000d\000\040\000a\000n\000d\000\040\000C\000h\000i\000r\000a\000l\000\040\000D\000e\000c\000o\000m\000p\000o\000s\000i\000t\000i\000o\000n}{chapter.12}% 128
\BOOKMARK [2][-]{subsection.12.3.1}{\376\377\000T\000h\000e\000\040\0005\000D\000\040\000D\000i\000r\000a\000c\000\040\000E\000q\000u\000a\000t\000i\000o\000n}{section.12.3}% 129
\BOOKMARK [2][-]{subsection.12.3.2}{\376\377\000C\000h\000i\000r\000a\000l\000\040\000P\000r\000o\000j\000e\000c\000t\000i\000o\000n\000\040\000O\000p\000e\000r\000a\000t\000o\000r\000s}{section.12.3}% 130
\BOOKMARK [2][-]{subsection.12.3.3}{\376\377\000M\000o\000d\000e\000\040\000E\000x\000p\000a\000n\000s\000i\000o\000n}{section.12.3}% 131
\BOOKMARK [1][-]{section.12.4}{\376\377\000I\000n\000t\000e\000r\000f\000a\000c\000e\000\040\000M\000a\000s\000s\000\040\000P\000r\000o\000f\000i\000l\000e\000\040\000a\000n\000d\000\040\000L\000o\000c\000a\000l\000i\000z\000a\000t\000i\000o\000n}{chapter.12}% 132
\BOOKMARK [2][-]{subsection.12.4.1}{\376\377\000T\000h\000e\000\040\000D\000o\000m\000a\000i\000n\000\040\000W\000a\000l\000l\000\040\000M\000e\000c\000h\000a\000n\000i\000s\000m\000\040\000\050\000B\000a\000s\000e\000l\000i\000n\000e\000\051}{section.12.4}% 133
\BOOKMARK [2][-]{subsection.12.4.2}{\376\377\000E\000D\000C\000\040\000P\000o\000s\000t\000u\000l\000a\000t\000e\000:\000\040\000P\000l\000e\000n\000u\000m\000\040\000I\000n\000f\000l\000o\000w\000\040\000D\000e\000t\000e\000r\000m\000i\000n\000e\000s\000\040\000M\000a\000s\000s\000\040\000S\000i\000g\000n}{section.12.4}% 134
\BOOKMARK [2][-]{subsection.12.4.3}{\376\377\000C\000h\000i\000r\000a\000l\000\040\000M\000o\000d\000e\000\040\000P\000r\000o\000f\000i\000l\000e\000s}{section.12.4}% 135
\BOOKMARK [2][-]{subsection.12.4.4}{\376\377\000N\000o\000r\000m\000a\000l\000i\000z\000a\000b\000i\000l\000i\000t\000y\000\040\000C\000o\000n\000d\000i\000t\000i\000o\000n\000s\000\040\000\050\000D\000o\000m\000a\000i\000n\000-\000D\000e\000p\000e\000n\000d\000e\000n\000t\000\051}{section.12.4}% 136
\BOOKMARK [1][-]{section.12.5}{\376\377\000T\000o\000y\000\040\000M\000o\000d\000e\000l\000:\000\040\000O\000v\000e\000r\000l\000a\000p\000\040\000S\000u\000p\000p\000r\000e\000s\000s\000i\000o\000n}{chapter.12}% 137
\BOOKMARK [2][-]{subsection.12.5.1}{\376\377\000S\000i\000m\000p\000l\000e\000\040\000P\000r\000o\000f\000i\000l\000e\000\040\000A\000n\000s\000a\000t\000z\000\040\000[\000P\000]}{section.12.5}% 138
\BOOKMARK [2][-]{subsection.12.5.2}{\376\377\000O\000v\000e\000r\000l\000a\000p\000\040\000I\000n\000t\000e\000g\000r\000a\000l\000\040\000[\000D\000c\000\040\000c\000o\000n\000d\000i\000t\000i\000o\000n\000a\000l\000\040\000o\000n\000\040\000t\000o\000y\000\040\000a\000n\000s\000a\000t\000z\000]}{section.12.5}% 139
\BOOKMARK [2][-]{subsection.12.5.3}{\376\377\000P\000h\000y\000s\000i\000c\000a\000l\000\040\000I\000n\000t\000e\000r\000p\000r\000e\000t\000a\000t\000i\000o\000n}{section.12.5}% 140
\BOOKMARK [2][-]{subsection.12.5.4}{\376\377\000Q\000u\000a\000n\000t\000i\000t\000a\000t\000i\000v\000e\000\040\000S\000u\000p\000p\000r\000e\000s\000s\000i\000o\000n\000\040\000T\000a\000r\000g\000e\000t\000\040\000\050\000I\000n\000e\000q\000u\000a\000l\000i\000t\000y\000\040\000C\000h\000a\000i\000n\000,\000\040\000N\000o\000\040\000C\000a\000l\000i\000b\000r\000a\000t\000i\000o\000n\000\051}{section.12.5}% 141
\BOOKMARK [2][-]{subsection.12.5.5}{\376\377\000S\000c\000h\000e\000m\000a\000t\000i\000c\000\040\000V\000i\000s\000u\000a\000l\000i\000z\000a\000t\000i\000o\000n}{section.12.5}% 142
\BOOKMARK [1][-]{section.12.6}{\376\377\000E\000f\000f\000e\000c\000t\000i\000v\000e\000\040\0004\000D\000\040\000C\000o\000u\000p\000l\000i\000n\000g\000\040\000a\000n\000d\000\040\000V\040\023\000A\000\040\000E\000m\000e\000r\000g\000e\000n\000c\000e}{chapter.12}% 143
\BOOKMARK [2][-]{subsection.12.6.1}{\376\377\000W\000h\000e\000r\000e\000\040\000D\000o\000e\000s\000\040\000t\000h\000e\000\040\000W\000e\000a\000k\000\040\000I\000n\000t\000e\000r\000a\000c\000t\000i\000o\000n\000\040\000L\000i\000v\000e\000?}{section.12.6}% 144
\BOOKMARK [2][-]{subsection.12.6.2}{\376\377\000E\000f\000f\000e\000c\000t\000i\000v\000e\000\040\0004\000D\000\040\000I\000n\000t\000e\000r\000a\000c\000t\000i\000o\000n}{section.12.6}% 145
\BOOKMARK [2][-]{subsection.12.6.3}{\376\377\000T\000h\000e\000\040\000V\040\023\000A\000\040\000C\000u\000r\000r\000e\000n\000t\000\040\000S\000t\000r\000u\000c\000t\000u\000r\000e}{section.12.6}% 146
\BOOKMARK [1][-]{section.12.7}{\376\377\000B\000o\000u\000n\000d\000a\000r\000y\000\040\000C\000o\000n\000d\000i\000t\000i\000o\000n\000\040\000I\000n\000t\000e\000r\000p\000r\000e\000t\000a\000t\000i\000o\000n}{chapter.12}% 147
\BOOKMARK [2][-]{subsection.12.7.1}{\376\377\000T\000h\000e\000\040\000B\000o\000u\000n\000d\000a\000r\000y\000\040\000P\000r\000o\000j\000e\000c\000t\000i\000o\000n}{section.12.7}% 148
\BOOKMARK [2][-]{subsection.12.7.2}{\376\377\000C\000o\000m\000p\000a\000r\000i\000s\000o\000n\000\040\000w\000i\000t\000h\000\040\000M\000I\000T\000\040\000B\000a\000g}{section.12.7}% 149
\BOOKMARK [1][-]{section.12.8}{\376\377\000M\000i\000n\000i\000m\000a\000l\000\040\000S\000U\000\050\0002\000\051\000L\000\040\000G\000a\000u\000g\000e\000\040\000E\000m\000b\000e\000d\000d\000i\000n\000g}{chapter.12}% 150
\BOOKMARK [2][-]{subsection.12.8.1}{\376\377\000C\000o\000u\000p\000l\000i\000n\000g\000\040\000f\000r\000o\000m\000\040\000B\000r\000a\000n\000e\000-\000L\000o\000c\000a\000l\000i\000z\000e\000d\000\040\000A\000c\000t\000i\000o\000n}{section.12.8}% 151
\BOOKMARK [2][-]{subsection.12.8.2}{\376\377\000A\000l\000t\000e\000r\000n\000a\000t\000i\000v\000e\000:\000\040\000B\000u\000l\000k\000\040\000G\000a\000u\000g\000e\000\040\000F\000i\000e\000l\000d\000s}{section.12.8}% 152
\BOOKMARK [2][-]{subsection.12.8.3}{\376\377\000N\000o\000-\000S\000m\000u\000g\000g\000l\000i\000n\000g\000\040\000G\000u\000a\000r\000d\000r\000a\000i\000l}{section.12.8}% 153
\BOOKMARK [2][-]{subsection.12.8.4}{\376\377\000V\000e\000r\000d\000i\000c\000t}{section.12.8}% 154
\BOOKMARK [1][-]{section.12.9}{\376\377\000D\000i\000m\000e\000n\000s\000i\000o\000n\000a\000l\000\040\000a\000n\000d\000\040\000C\000o\000n\000s\000i\000s\000t\000e\000n\000c\000y\000\040\000C\000h\000e\000c\000k\000s}{chapter.12}% 155
\BOOKMARK [1][-]{section.12.10}{\376\377\000S\000u\000m\000m\000a\000r\000y}{chapter.12}% 156
\BOOKMARK [-1][-]{part.3}{\376\377\000I\000I\000I\000\040\000D\000e\000r\000i\000v\000a\000t\000i\000o\000n\000\040\000M\000a\000c\000h\000i\000n\000e\000r\000y}{}% 157
\BOOKMARK [0][-]{chapter.13}{\376\377\000S\000c\000a\000l\000e\000\040\000T\000a\000x\000o\000n\000o\000m\000y\000\040\000a\000n\000d\000\040\000A\000n\000c\000h\000o\000r\000s}{part.3}% 158
\BOOKMARK [1][-]{section.13.1}{\376\377\000O\000P\000R\000-\0000\0004\000:\000\040\000S\000c\000a\000l\000e\000\040\000T\000a\000x\000o\000n\000o\000m\000y}{chapter.13}% 159
\BOOKMARK [0][-]{chapter.14}{\376\377\000O\000P\000R\000-\0000\0004\000:\000\040\000W\000a\000l\000l\000\040\000T\000h\000i\000c\000k\000n\000e\000s\000s\000\040\000f\000r\000o\000m\000\040\000S\000c\000a\000l\000a\000r\000\040\000K\000i\000n\000k\000\040\000T\000h\000e\000o\000r\000y}{part.3}% 160
\BOOKMARK [1][-]{section.14.1}{\376\377\000S\000c\000a\000l\000e\000\040\000T\000a\000x\000o\000n\000o\000m\000y\000\040\000\050\000C\000a\000n\000o\000n\000i\000c\000a\000l\000\040\000R\000e\000f\000e\000r\000e\000n\000c\000e\000\051}{chapter.14}% 161
\BOOKMARK [2][-]{subsection.14.1.1}{\376\377\000A\000s\000s\000u\000m\000p\000t\000i\000o\000n\000\040\000L\000a\000b\000e\000l\000s\000\040\000f\000o\000r\000\040\000S\000c\000a\000l\000e\000\040\000I\000d\000e\000n\000t\000i\000f\000i\000c\000a\000t\000i\000o\000n\000s}{section.14.1}% 162
\BOOKMARK [1][-]{section.14.2}{\376\377\000C\000o\000n\000t\000e\000x\000t\000:\000\040\000T\000h\000e\000\040\000R\000o\000l\000e\000\040\000o\000f\000\040\000\040\000i\000n\000\040\000t\000h\000e\000\040\000D\000e\000r\000i\000v\000a\000t\000i\000o\000n\000\040\000C\000h\000a\000i\000n}{chapter.14}% 163
\BOOKMARK [2][-]{subsection.14.2.1}{\376\377\000W\000h\000e\000r\000e\000\040\000\040\000A\000p\000p\000e\000a\000r\000s}{section.14.2}% 164
\BOOKMARK [1][-]{section.14.3}{\376\377\000D\000e\000r\000i\000v\000a\000t\000i\000o\000n\000:\000\040\000W\000a\000l\000l\000\040\000T\000h\000i\000c\000k\000n\000e\000s\000s\000\040\000f\000r\000o\000m\000\040\000K\000i\000n\000k\000\040\000P\000r\000o\000f\000i\000l\000e}{chapter.14}% 165
\BOOKMARK [2][-]{subsection.14.3.1}{\376\377\000S\000t\000e\000p\000\040\0001\000:\000\040\000T\000h\000e\000\040\0004\000\040\000P\000o\000t\000e\000n\000t\000i\000a\000l}{section.14.3}% 166
\BOOKMARK [2][-]{subsection.14.3.2}{\376\377\000S\000t\000e\000p\000\040\0002\000:\000\040\000S\000t\000a\000t\000i\000c\000\040\000K\000i\000n\000k\000\040\000S\000o\000l\000u\000t\000i\000o\000n}{section.14.3}% 167
\BOOKMARK [2][-]{subsection.14.3.3}{\376\377\000S\000t\000e\000p\000\040\0003\000:\000\040\000D\000e\000t\000e\000r\000m\000i\000n\000i\000n\000g\000\040\000t\000h\000e\000\040\000W\000a\000l\000l\000\040\000T\000h\000i\000c\000k\000n\000e\000s\000s}{section.14.3}% 168
\BOOKMARK [1][-]{section.14.4}{\376\377\000C\000o\000n\000s\000i\000s\000t\000e\000n\000c\000y\000\040\000C\000h\000e\000c\000k\000:\000\040\000T\000h\000e\000\040\000B\000P\000S\000\040\000R\000e\000l\000a\000t\000i\000o\000n\000\040\000=\000\040\0004\000v\0002\0003}{chapter.14}% 169
\BOOKMARK [2][-]{subsection.14.4.1}{\376\377\000D\000o\000m\000a\000i\000n\000-\000W\000a\000l\000l\000\040\000T\000e\000n\000s\000i\000o\000n}{section.14.4}% 170
\BOOKMARK [2][-]{subsection.14.4.2}{\376\377\000T\000h\000e\000\040\000P\000r\000o\000d\000u\000c\000t\000\040}{section.14.4}% 171
\BOOKMARK [1][-]{section.14.5}{\376\377\000P\000a\000r\000a\000m\000e\000t\000e\000r\000\040\000L\000e\000d\000g\000e\000r\000:\000\040\000B\000e\000f\000o\000r\000e\000\040\000a\000n\000d\000\040\000A\000f\000t\000e\000r\000\040\000O\000P\000R\000-\0000\0004}{chapter.14}% 172
\BOOKMARK [2][-]{subsection.14.5.1}{\376\377\000B\000e\000f\000o\000r\000e\000\040\000O\000P\000R\000-\0000\0004}{section.14.5}% 173
\BOOKMARK [2][-]{subsection.14.5.2}{\376\377\000A\000f\000t\000e\000r\000\040\000O\000P\000R\000-\0000\0004}{section.14.5}% 174
\BOOKMARK [1][-]{section.14.6}{\376\377\000B\000r\000i\000d\000g\000e\000\040\000t\000o\000\040\000O\000P\000R\000-\0000\0004\000:\000\040\000T\000w\000o\000\040\000C\000l\000o\000s\000u\000r\000e\000\040\000P\000a\000t\000h\000s}{chapter.14}% 175
\BOOKMARK [2][-]{subsection.14.6.1}{\376\377\000P\000a\000t\000h\000\040\000A\000:\000\040\000F\000i\000x\000\040\000\040\000f\000r\000o\000m\000\040\000D\000i\000f\000f\000u\000s\000i\000o\000n\000\040\000S\000c\000a\000l\000e}{section.14.6}% 176
\BOOKMARK [2][-]{subsection.14.6.2}{\376\377\000P\000a\000t\000h\000\040\000B\000:\000\040\000D\000e\000r\000i\000v\000e\000\040\000\040\000f\000r\000o\000m\000\040\000M\0000\000\040\000a\000n\000d\000\040\003\274\000-\000W\000i\000n\000d\000o\000w}{section.14.6}% 177
\BOOKMARK [1][-]{section.14.7}{\376\377\000O\000p\000e\000n\000\040\000Q\000u\000e\000s\000t\000i\000o\000n\000s}{chapter.14}% 178
\BOOKMARK [1][-]{section.14.8}{\376\377\000S\000u\000m\000m\000a\000r\000y\000:\000\040\000O\000P\000R\000-\0000\0004\000\040\003\224\000-\000D\000e\000r\000i\000v\000a\000t\000i\000o\000n\000\040\000S\000t\000a\000t\000u\000s}{chapter.14}% 179
\BOOKMARK [1][-]{section.14.9}{\376\377\000R\000e\000s\000o\000l\000u\000t\000i\000o\000n\000\040\000\046\000\040\000I\000n\000t\000e\000r\000p\000r\000e\000t\000a\000t\000i\000o\000n}{chapter.14}% 180
\BOOKMARK [2][-]{subsection.14.9.1}{\376\377\000T\000h\000e\000\040\000C\000o\000n\000d\000i\000t\000i\000o\000n\000a\000l\000\040\000T\000e\000n\000s\000i\000o\000n}{section.14.9}% 181
\BOOKMARK [2][-]{subsection.14.9.2}{\376\377\000R\000e\000s\000o\000l\000u\000t\000i\000o\000n\000\040\000P\000a\000t\000h\000s}{section.14.9}% 182
\BOOKMARK [2][-]{subsection.14.9.3}{\376\377\000E\000p\000i\000s\000t\000e\000m\000i\000c\000\040\000S\000u\000m\000m\000a\000r\000y}{section.14.9}% 183
\BOOKMARK [1][-]{section.14.10}{\376\377\000C\000r\000o\000s\000s\000-\000R\000e\000f\000e\000r\000e\000n\000c\000e\000\040\000B\000o\000x}{chapter.14}% 184
\BOOKMARK [2][-]{subsection.14.10.1}{\376\377\000O\000P\000R\000-\0000\0004\000\040\000S\000t\000o\000p\000l\000i\000g\000h\000t\000\040\000V\000e\000r\000d\000i\000c\000t}{section.14.10}% 185
\BOOKMARK [1][-]{section.14.11}{\376\377\000O\000P\000R\000-\0000\0001\000:\000\040\000T\000h\000e\000\040\000M\0000\000\040\000A\000n\000c\000h\000o\000r}{chapter.14}% 186
\BOOKMARK [0][-]{chapter.15}{\376\377\000O\000P\000R\000-\0000\0001\000\040\000C\000l\000o\000s\000u\000r\000e\000:\000\040\000T\000h\000e\000\040\003\303\000\040\041\222\000\040\000M\040\200\000\040\000A\000n\000c\000h\000o\000r}{part.3}% 187
\BOOKMARK [1][-]{subsection.15.0.1}{\376\377\000T\000a\000r\000g\000e\000t\000\040\000F\000o\000r\000m\000u\000l\000a}{chapter.15}% 188
\BOOKMARK [2][-]{subsection.15.0.2}{\376\377\000S\000t\000e\000p\000-\000b\000y\000-\000S\000t\000e\000p\000\040\000D\000e\000r\000i\000v\000a\000t\000i\000o\000n}{subsection.15.0.1}% 189
\BOOKMARK [2][-]{subsection.15.0.3}{\376\377\000P\000h\000y\000s\000i\000c\000a\000l\000\040\000I\000n\000t\000e\000r\000p\000r\000e\000t\000a\000t\000i\000o\000n}{subsection.15.0.1}% 190
\BOOKMARK [2][-]{subsection.15.0.4}{\376\377\000W\000h\000a\000t\000\040\000R\000e\000m\000a\000i\000n\000s\000\040\000O\000p\000e\000n}{subsection.15.0.1}% 191
\BOOKMARK [2][-]{subsection.15.0.5}{\376\377\000D\000e\000p\000e\000n\000d\000e\000n\000c\000y\000\040\000G\000r\000a\000p\000h}{subsection.15.0.1}% 192
\BOOKMARK [2][-]{subsection.15.0.6}{\376\377\000O\000P\000R\000-\0000\0001\000\040\000S\000t\000o\000p\000l\000i\000g\000h\000t\000\040\000V\000e\000r\000d\000i\000c\000t}{subsection.15.0.1}% 193
\BOOKMARK [0][-]{chapter.16}{\376\377\000B\000V\000P\000\040\000F\000r\000a\000m\000e\000w\000o\000r\000k}{part.3}% 194
\BOOKMARK [1][-]{section.16.1}{\376\377\000B\000V\000P\000\040\000S\000p\000e\000c\000i\000f\000i\000c\000a\000t\000i\000o\000n}{chapter.16}% 195
\BOOKMARK [1][-]{section.16.2}{\376\377\000B\000V\000P\000\040\000W\000o\000r\000k\000\040\000P\000a\000c\000k\000a\000g\000e\000:\000\040\000T\000h\000i\000c\000k\000-\000B\000r\000a\000n\000e\000\040\000S\000o\000l\000v\000e\000r\000\040\000S\000p\000e\000c\000i\000f\000i\000c\000a\000t\000i\000o\000n}{chapter.16}% 196
\BOOKMARK [1][-]{section.16.3}{\376\377\000O\000P\000R\000-\0002\0001\000:\000\040\000B\000V\000P\000\040\000C\000l\000o\000s\000u\000r\000e}{chapter.16}% 197
\BOOKMARK [2][-]{subsection.16.3.1}{\376\377\000O\000P\000R\000-\0002\0001\000\040\000C\000l\000o\000s\000u\000r\000e\000:\000\040\000F\000r\000o\000m\000\040\0005\000D\000\040\000D\000i\000r\000a\000c\000\040\000+\000\040\000I\000s\000r\000a\000e\000l\000\040\000J\000u\000n\000c\000t\000i\000o\000n\000\040\000t\000o\000\040\000a\000\040\000P\000h\000y\000s\000i\000c\000a\000l\000\040\000B\000V\000P}{section.16.3}% 198
\BOOKMARK [1][-]{section.16.4}{\376\377\000T\000h\000e\000\040\000E\000l\000e\000c\000t\000r\000o\000w\000e\000a\000k\000\040\000B\000r\000i\000d\000g\000e}{chapter.16}% 199
\BOOKMARK [1][-]{section.16.5}{\376\377\000E\000l\000e\000c\000t\000r\000o\000w\000e\000a\000k\000\040\000B\000r\000i\000d\000g\000e\000:\000\040\000F\000r\000o\000m\000\040\000M\000e\000m\000b\000r\000a\000n\000e\000\040\000T\000h\000i\000c\000k\000n\000e\000s\000s\000\040\000t\000o\000\040\000M\000e\000d\000i\000a\000t\000o\000r\000\040\000P\000h\000y\000s\000i\000c\000s}{chapter.16}% 200
\BOOKMARK [2][-]{subsection.16.5.1}{\376\377\000T\000o\000y\000\040\000M\000o\000d\000e\000l\000:\000\040\000H\000o\000w\000\040\000B\000o\000u\000n\000d\000a\000r\000y\000\040\000C\000o\000n\000d\000i\000t\000i\000o\000n\000s\000\040\000S\000h\000i\000f\000t\000\040\000E\000i\000g\000e\000n\000v\000a\000l\000u\000e\000s}{section.16.5}% 201
\BOOKMARK [2][-]{subsection.16.5.2}{\376\377\000O\000P\000R\000-\0002\0000\000a\000\040\000S\000u\000m\000m\000a\000r\000y\000:\000\040\000M\000e\000d\000i\000a\000t\000o\000r\000\040\000I\000d\000e\000n\000t\000i\000t\000y\000\040\000a\000n\000d\000\040\000B\000C\000\040\000P\000r\000o\000v\000e\000n\000a\000n\000c\000e}{section.16.5}% 202
\BOOKMARK [2][-]{subsection.16.5.3}{\376\377\000O\000P\000R\000-\0002\0000\000b\000\040\000S\000u\000m\000m\000a\000r\000y\000:\000\040\000R\000o\000b\000i\000n\000\040\000P\000a\000r\000a\000m\000e\000t\000e\000r\000\040\000f\000r\000o\000m\000\040\000J\000u\000n\000c\000t\000i\000o\000n\000\040\000P\000h\000y\000s\000i\000c\000s}{section.16.5}% 203
\BOOKMARK [2][-]{subsection.16.5.4}{\376\377\000W\000h\000a\000t\000\040\000t\000h\000e\000\040\000R\000e\000a\000d\000e\000r\000\040\000S\000h\000o\000u\000l\000d\000\040\000N\000o\000w\000\040\000U\000n\000d\000e\000r\000s\000t\000a\000n\000d}{section.16.5}% 204
\BOOKMARK [0][-]{chapter.17}{\376\377\000T\000h\000e\000\040\000C\000o\000u\000p\000l\000i\000n\000g\000\040\000C\000h\000a\000i\000n\000:\000\040\000g\0005\000\040\000G\000F}{part.3}% 205
\BOOKMARK [1][-]{section.17.1}{\376\377\000O\000P\000R\000-\0001\0009\000:\000\040\000T\000h\000e\000\040\0005\000D\000\040\000C\000o\000u\000p\000l\000i\000n\000g\000\040\000g\0005}{chapter.17}% 206
\BOOKMARK [0][-]{chapter.18}{\376\377\000O\000P\000R\000-\0001\0009\000:\000\040\000T\000h\000e\000\040\0005\000D\000\040\000G\000a\000u\000g\000e\000\040\000C\000o\000u\000p\000l\000i\000n\000g\000\040\000f\000r\000o\000m\000\040\000F\000i\000r\000s\000t\000\040\000P\000r\000i\000n\000c\000i\000p\000l\000e\000s}{part.3}% 207
\BOOKMARK [1][-]{section.18.1}{\376\377\000A\000c\000t\000i\000o\000n\000\040\000a\000n\000d\000\040\000C\000o\000n\000v\000e\000n\000t\000i\000o\000n\000s}{chapter.18}% 208
\BOOKMARK [2][-]{subsection.18.1.1}{\376\377\000T\000h\000e\000\040\0005\000D\000\040\000G\000a\000u\000g\000e\000\040\000A\000c\000t\000i\000o\000n}{section.18.1}% 209
\BOOKMARK [2][-]{subsection.18.1.2}{\376\377\000W\000a\000r\000p\000e\000d\000\040\000M\000e\000t\000r\000i\000c\000\040\000A\000n\000s\000a\000t\000z}{section.18.1}% 210
\BOOKMARK [2][-]{subsection.18.1.3}{\376\377\000U\000n\000i\000t\000s\000\040\000a\000n\000d\000\040\000C\000o\000n\000v\000e\000r\000s\000i\000o\000n}{section.18.1}% 211
\BOOKMARK [1][-]{section.18.2}{\376\377\000M\000o\000d\000e\000\040\000D\000e\000c\000o\000m\000p\000o\000s\000i\000t\000i\000o\000n\000\040\000a\000n\000d\000\040\000G\000a\000u\000g\000e\000\040\000C\000h\000o\000i\000c\000e}{chapter.18}% 212
\BOOKMARK [2][-]{subsection.18.2.1}{\376\377\000K\000a\000l\000u\000z\000a\000-\000K\000l\000e\000i\000n\000\040\000A\000n\000s\000a\000t\000z}{section.18.2}% 213
\BOOKMARK [2][-]{subsection.18.2.2}{\376\377\000F\000i\000e\000l\000d\000\040\000S\000t\000r\000e\000n\000g\000t\000h\000\040\000C\000o\000m\000p\000o\000n\000e\000n\000t\000s}{section.18.2}% 214
\BOOKMARK [1][-]{section.18.3}{\376\377\000D\000i\000m\000e\000n\000s\000i\000o\000n\000a\000l\000\040\000R\000e\000d\000u\000c\000t\000i\000o\000n\000\040\000o\000f\000\040\000t\000h\000e\000\040\000K\000i\000n\000e\000t\000i\000c\000\040\000T\000e\000r\000m}{chapter.18}% 215
\BOOKMARK [2][-]{subsection.18.3.1}{\376\377\000E\000x\000p\000a\000n\000s\000i\000o\000n\000\040\000o\000f\000\040\000F\000M\000N\000\040\000F\000M\000N}{section.18.3}% 216
\BOOKMARK [2][-]{subsection.18.3.2}{\376\377\000T\000h\000e\000\040\000F\000\040\000F\000\040\000T\000e\000r\000m}{section.18.3}% 217
\BOOKMARK [2][-]{subsection.18.3.3}{\376\377\000T\000h\000e\000\040\000F\0005\000\040\000F\0005\000\040\000T\000e\000r\000m}{section.18.3}% 218
\BOOKMARK [1][-]{section.18.4}{\376\377\000C\000a\000n\000o\000n\000i\000c\000a\000l\000\040\000N\000o\000r\000m\000a\000l\000i\000z\000a\000t\000i\000o\000n\000\040\000a\000n\000d\000\040\000D\000e\000f\000i\000n\000i\000t\000i\000o\000n\000\040\000o\000f\000\040\000g\0004}{chapter.18}% 219
\BOOKMARK [2][-]{subsection.18.4.1}{\376\377\000T\000h\000e\000\040\0004\000D\000\040\000E\000f\000f\000e\000c\000t\000i\000v\000e\000\040\000A\000c\000t\000i\000o\000n}{section.18.4}% 220
\BOOKMARK [2][-]{subsection.18.4.2}{\376\377\000D\000e\000f\000i\000n\000i\000t\000i\000o\000n\000\040\000o\000f\000\040\000t\000h\000e\000\040\000E\000f\000f\000e\000c\000t\000i\000v\000e\000\040\0004\000D\000\040\000C\000o\000u\000p\000l\000i\000n\000g}{section.18.4}% 221
\BOOKMARK [2][-]{subsection.18.4.3}{\376\377\000S\000p\000e\000c\000i\000a\000l\000\040\000C\000a\000s\000e\000s}{section.18.4}% 222
\BOOKMARK [1][-]{section.18.5}{\376\377\000D\000i\000m\000e\000n\000s\000i\000o\000n\000a\000l\000\040\000A\000n\000a\000l\000y\000s\000i\000s}{chapter.18}% 223
\BOOKMARK [1][-]{section.18.6}{\376\377\000E\000p\000i\000s\000t\000e\000m\000i\000c\000\040\000a\000n\000d\000\040\000N\000o\000-\000S\000m\000u\000g\000g\000l\000i\000n\000g\000\040\000C\000h\000e\000c\000k\000l\000i\000s\000t}{chapter.18}% 224
\BOOKMARK [1][-]{section.18.7}{\376\377\000S\000u\000m\000m\000a\000r\000y\000\040\000a\000n\000d\000\040\000C\000l\000o\000s\000u\000r\000e\000\040\000S\000t\000a\000t\000u\000s}{chapter.18}% 225
\BOOKMARK [2][-]{subsection.18.7.1}{\376\377\000O\000P\000R\000-\0001\0009\000\040\000S\000t\000o\000p\000l\000i\000g\000h\000t\000\040\000V\000e\000r\000d\000i\000c\000t}{section.18.7}% 226
\BOOKMARK [1][-]{section.18.8}{\376\377\000O\000P\000R\000-\0002\0000\000:\000\040\000M\000e\000d\000i\000a\000t\000o\000r\000\040\000M\000a\000s\000s\000\040\000f\000r\000o\000m\000\040\000E\000i\000g\000e\000n\000v\000a\000l\000u\000e}{chapter.18}% 227
\BOOKMARK [0][-]{chapter.19}{\376\377\000M\000e\000d\000i\000a\000t\000o\000r\000\040\000M\000a\000s\000s\000\040\000f\000r\000o\000m\000\040\000t\000h\000e\000\040\003\276\000-\000E\000i\000g\000e\000n\000v\000a\000l\000u\000e\000\040\000P\000r\000o\000b\000l\000e\000m\000\040\000\050\000O\000P\000R\000-\0002\0000\000\051}{part.3}% 228
\BOOKMARK [1][-]{section.19.1}{\376\377\000T\000h\000e\000\040\000P\000r\000o\000b\000l\000e\000m\000:\000\040\000W\000h\000a\000t\000\040\000S\000e\000t\000s\000\040\000t\000h\000e\000\040\000M\000e\000d\000i\000a\000t\000o\000r\000\040\000M\000a\000s\000s\000?}{chapter.19}% 229
\BOOKMARK [1][-]{section.19.2}{\376\377\000F\000r\000o\000m\000\040\0005\000D\000\040\000G\000a\000u\000g\000e\000\040\000A\000c\000t\000i\000o\000n\000\040\000t\000o\000\040\0001\000D\000\040\000E\000i\000g\000e\000n\000v\000a\000l\000u\000e\000\040\000P\000r\000o\000b\000l\000e\000m}{chapter.19}% 230
\BOOKMARK [2][-]{subsection.19.2.1}{\376\377\000S\000t\000a\000r\000t\000i\000n\000g\000\040\000P\000o\000i\000n\000t\000:\000\040\000T\000h\000e\000\040\0005\000D\000\040\000G\000a\000u\000g\000e\000\040\000A\000c\000t\000i\000o\000n}{section.19.2}% 231
\BOOKMARK [2][-]{subsection.19.2.2}{\376\377\000M\000o\000d\000e\000\040\000E\000x\000p\000a\000n\000s\000i\000o\000n}{section.19.2}% 232
\BOOKMARK [2][-]{subsection.19.2.3}{\376\377\000T\000h\000e\000\040\000M\000a\000s\000s\000\040\000T\000e\000r\000m\000\040\000S\000t\000r\000u\000c\000t\000u\000r\000e}{section.19.2}% 233
\BOOKMARK [2][-]{subsection.19.2.4}{\376\377\000T\000h\000e\000\040\000S\000t\000u\000r\000m\040\023\000L\000i\000o\000u\000v\000i\000l\000l\000e\000\040\000O\000p\000e\000r\000a\000t\000o\000r}{section.19.2}% 234
\BOOKMARK [1][-]{section.19.3}{\376\377\000B\000o\000u\000n\000d\000a\000r\000y\000\040\000C\000o\000n\000d\000i\000t\000i\000o\000n\000s}{chapter.19}% 235
\BOOKMARK [2][-]{subsection.19.3.1}{\376\377\000R\000o\000b\000i\000n\000\040\000B\000C\000\040\000f\000r\000o\000m\000\040\000V\000a\000r\000i\000a\000t\000i\000o\000n\000a\000l\000\040\000P\000r\000i\000n\000c\000i\000p\000l\000e}{section.19.3}% 236
\BOOKMARK [2][-]{subsection.19.3.2}{\376\377\000P\000h\000y\000s\000i\000c\000a\000l\000\040\000I\000n\000t\000e\000r\000p\000r\000e\000t\000a\000t\000i\000o\000n}{section.19.3}% 237
\BOOKMARK [1][-]{section.19.4}{\376\377\000D\000i\000m\000e\000n\000s\000i\000o\000n\000l\000e\000s\000s\000\040\000F\000o\000r\000m\000u\000l\000a\000t\000i\000o\000n}{chapter.19}% 238
\BOOKMARK [2][-]{subsection.19.4.1}{\376\377\000R\000e\000s\000c\000a\000l\000i\000n\000g}{section.19.4}% 239
\BOOKMARK [2][-]{subsection.19.4.2}{\376\377\000D\000i\000m\000e\000n\000s\000i\000o\000n\000l\000e\000s\000s\000\040\000E\000i\000g\000e\000n\000v\000a\000l\000u\000e\000\040\000E\000q\000u\000a\000t\000i\000o\000n}{section.19.4}% 240
\BOOKMARK [2][-]{subsection.19.4.3}{\376\377\000P\000h\000y\000s\000i\000c\000a\000l\000\040\000M\000a\000s\000s\000\040\000R\000e\000c\000o\000v\000e\000r\000y}{section.19.4}% 241
\BOOKMARK [1][-]{section.19.5}{\376\377\000Z\000e\000r\000o\000\040\000M\000o\000d\000e\000\040\000a\000n\000d\000\040\000M\000e\000d\000i\000a\000t\000o\000r\000\040\000D\000e\000f\000i\000n\000i\000t\000i\000o\000n}{chapter.19}% 242
\BOOKMARK [2][-]{subsection.19.5.1}{\376\377\000Z\000e\000r\000o\000\040\000M\000o\000d\000e\000\040\000\050\000n\000\040\000=\000\040\0000\000\051}{section.19.5}% 243
\BOOKMARK [2][-]{subsection.19.5.2}{\376\377\000M\000e\000d\000i\000a\000t\000o\000r\000\040\000D\000e\000f\000i\000n\000i\000t\000i\000o\000n}{section.19.5}% 244
\BOOKMARK [2][-]{subsection.19.5.3}{\376\377\000E\000i\000g\000e\000n\000v\000a\000l\000u\000e\000\040\000T\000a\000b\000l\000e\000\040\000\050\000F\000l\000a\000t\000\040\000P\000o\000t\000e\000n\000t\000i\000a\000l\000\051}{section.19.5}% 245
\BOOKMARK [1][-]{section.19.6}{\376\377\000C\000o\000n\000n\000e\000c\000t\000i\000o\000n\000\040\000t\000o\000\040\000O\000P\000R\000-\0001\0009\000:\000\040\000E\000f\000f\000e\000c\000t\000i\000v\000e\000\040\000C\000o\000n\000t\000a\000c\000t\000\040\000S\000t\000r\000e\000n\000g\000t\000h}{chapter.19}% 246
\BOOKMARK [2][-]{subsection.19.6.1}{\376\377\000E\000f\000f\000e\000c\000t\000i\000v\000e\000\040\0004\000D\000\040\000C\000o\000u\000p\000l\000i\000n\000g\000\040\000\050\000f\000r\000o\000m\000\040\000O\000P\000R\000-\0001\0009\000\051}{section.19.6}% 247
\BOOKMARK [2][-]{subsection.19.6.2}{\376\377\000E\000f\000f\000e\000c\000t\000i\000v\000e\000\040\000C\000o\000n\000t\000a\000c\000t\000\040\000S\000t\000r\000e\000n\000g\000t\000h}{section.19.6}% 248
\BOOKMARK [1][-]{section.19.7}{\376\377\000P\000a\000r\000a\000m\000e\000t\000e\000r\000\040\000L\000e\000d\000g\000e\000r}{chapter.19}% 249
\BOOKMARK [1][-]{section.19.8}{\376\377\000N\000o\000-\000S\000m\000u\000g\000g\000l\000i\000n\000g\000\040\000C\000h\000e\000c\000k\000l\000i\000s\000t}{chapter.19}% 250
\BOOKMARK [1][-]{section.19.9}{\376\377\000S\000u\000m\000m\000a\000r\000y\000\040\000a\000n\000d\000\040\000C\000l\000o\000s\000u\000r\000e\000\040\000S\000t\000a\000t\000u\000s}{chapter.19}% 251
\BOOKMARK [2][-]{subsection.19.9.1}{\376\377\000M\000a\000i\000n\000\040\000R\000e\000s\000u\000l\000t\000s}{section.19.9}% 252
\BOOKMARK [2][-]{subsection.19.9.2}{\376\377\000C\000l\000o\000s\000u\000r\000e\000\040\000S\000t\000a\000t\000u\000s}{section.19.9}% 253
\BOOKMARK [2][-]{subsection.19.9.3}{\376\377\000O\000p\000e\000n\000\040\000P\000r\000o\000b\000l\000e\000m\000s}{section.19.9}% 254
\BOOKMARK [2][-]{subsection.19.9.4}{\376\377\000C\000r\000o\000s\000s\000-\000R\000e\000f\000e\000r\000e\000n\000c\000e\000s}{section.19.9}% 255
\BOOKMARK [2][-]{subsection.19.9.5}{\376\377\000O\000P\000R\000-\0002\0000\000\040\000S\000t\000o\000p\000l\000i\000g\000h\000t\000\040\000V\000e\000r\000d\000i\000c\000t}{section.19.9}% 256
\BOOKMARK [1][-]{section.19.10}{\376\377\000O\000P\000R\000-\0002\0002\000:\000\040\000G\000e\000f\000f\000\040\000f\000r\000o\000m\000\040\000E\000x\000c\000h\000a\000n\000g\000e}{chapter.19}% 257
\BOOKMARK [0][-]{chapter.20}{\376\377\000O\000P\000R\000-\0002\0002\000:\000\040\000E\000f\000f\000e\000c\000t\000i\000v\000e\000\040\000F\000e\000r\000m\000i\000\040\000C\000o\000u\000p\000l\000i\000n\000g\000\040\000f\000r\000o\000m\000\040\0005\000D\000\040\000M\000e\000d\000i\000a\000t\000o\000r\000\040\000E\000x\000c\000h\000a\000n\000g\000e}{part.3}% 258
\BOOKMARK [1][-]{section.20.1}{\376\377\000P\000h\000y\000s\000i\000c\000a\000l\000\040\000M\000o\000t\000i\000v\000a\000t\000i\000o\000n}{chapter.20}% 259
\BOOKMARK [1][-]{section.20.2}{\376\377\0005\000D\000\040\000G\000a\000u\000g\000e\000-\000F\000e\000r\000m\000i\000o\000n\000\040\000A\000c\000t\000i\000o\000n}{chapter.20}% 260
\BOOKMARK [2][-]{subsection.20.2.1}{\376\377\000T\000h\000e\000\040\000S\000t\000a\000r\000t\000i\000n\000g\000\040\000P\000o\000i\000n\000t}{section.20.2}% 261
\BOOKMARK [2][-]{subsection.20.2.2}{\376\377\000W\000o\000r\000k\000i\000n\000g\000\040\000D\000e\000f\000a\000u\000l\000t\000:\000\040\000B\000r\000a\000n\000e\000-\000L\000o\000c\000a\000l\000i\000z\000e\000d\000\040\000C\000u\000r\000r\000e\000n\000t}{section.20.2}% 262
\BOOKMARK [1][-]{section.20.3}{\376\377\000K\000a\000l\000u\000z\000a\040\023\000K\000l\000e\000i\000n\000\040\000M\000o\000d\000e\000\040\000E\000x\000p\000a\000n\000s\000i\000o\000n}{chapter.20}% 263
\BOOKMARK [2][-]{subsection.20.3.1}{\376\377\000M\000o\000d\000e\000\040\000D\000e\000c\000o\000m\000p\000o\000s\000i\000t\000i\000o\000n}{section.20.3}% 264
\BOOKMARK [2][-]{subsection.20.3.2}{\376\377\000N\000o\000r\000m\000a\000l\000i\000z\000a\000t\000i\000o\000n\000\040\000C\000o\000n\000v\000e\000n\000t\000i\000o\000n}{section.20.3}% 265
\BOOKMARK [1][-]{section.20.4}{\376\377\000E\000f\000f\000e\000c\000t\000i\000v\000e\000\040\0004\000D\000\040\000C\000o\000u\000p\000l\000i\000n\000g\000\040\000t\000o\000\040\000B\000r\000a\000n\000e\000\040\000C\000u\000r\000r\000e\000n\000t}{chapter.20}% 266
\BOOKMARK [2][-]{subsection.20.4.1}{\376\377\000S\000u\000b\000s\000t\000i\000t\000u\000t\000i\000n\000g\000\040\000t\000h\000e\000\040\000K\000K\000\040\000E\000x\000p\000a\000n\000s\000i\000o\000n}{section.20.4}% 267
\BOOKMARK [2][-]{subsection.20.4.2}{\376\377\000C\000a\000n\000o\000n\000i\000c\000a\000l\000\040\000F\000i\000e\000l\000d\000\040\000N\000o\000r\000m\000a\000l\000i\000z\000a\000t\000i\000o\000n}{section.20.4}% 268
\BOOKMARK [2][-]{subsection.20.4.3}{\376\377\000N\000o\000r\000m\000a\000l\000i\000z\000a\000t\000i\000o\000n\000\040\000I\000n\000v\000a\000r\000i\000a\000n\000c\000e}{section.20.4}% 269
\BOOKMARK [1][-]{section.20.5}{\376\377\000I\000n\000t\000e\000g\000r\000a\000t\000i\000n\000g\000\040\000O\000u\000t\000\040\000t\000h\000e\000\040\000M\000e\000d\000i\000a\000t\000o\000r}{chapter.20}% 270
\BOOKMARK [2][-]{subsection.20.5.1}{\376\377\000L\000o\000w\000-\000E\000n\000e\000r\000g\000y\000\040\000E\000f\000f\000e\000c\000t\000i\000v\000e\000\040\000T\000h\000e\000o\000r\000y}{section.20.5}% 271
\BOOKMARK [2][-]{subsection.20.5.2}{\376\377\000F\000o\000u\000r\000-\000F\000e\000r\000m\000i\000o\000n\000\040\000O\000p\000e\000r\000a\000t\000o\000r}{section.20.5}% 272
\BOOKMARK [2][-]{subsection.20.5.3}{\376\377\000C\000a\000r\000e\000f\000u\000l\000\040\000D\000i\000m\000e\000n\000s\000i\000o\000n\000a\000l\000\040\000A\000n\000a\000l\000y\000s\000i\000s}{section.20.5}% 273
\BOOKMARK [1][-]{section.20.6}{\376\377\000F\000i\000n\000a\000l\000\040\000F\000o\000r\000m\000u\000l\000a\000s\000\040\000f\000o\000r\000\040\000G\000e\000f\000f}{chapter.20}% 274
\BOOKMARK [1][-]{section.20.7}{\376\377\000F\000a\000c\000t\000o\000r\000\040\000A\000u\000d\000i\000t\000\040\000T\000a\000b\000l\000e}{chapter.20}% 275
\BOOKMARK [1][-]{section.20.8}{\376\377\000T\000o\000y\000\040\000L\000i\000m\000i\000t\000:\000\040\000F\000l\000a\000t\000\040\000P\000o\000t\000e\000n\000t\000i\000a\000l\000\040\000w\000i\000t\000h\000\040\000N\000e\000u\000m\000a\000n\000n\000\040\000B\000C}{chapter.20}% 276
\BOOKMARK [1][-]{section.20.9}{\376\377\000P\000h\000y\000s\000i\000c\000a\000l\000\040\000R\000u\000n\000\040\000P\000a\000t\000h\000:\000\040\000F\000r\000o\000m\000\040\000O\000P\000R\000-\0000\0001\000\040\000t\000o\000\040\000G\000e\000f\000f}{chapter.20}% 277
\BOOKMARK [2][-]{subsection.20.9.1}{\376\377\000P\000h\000y\000s\000i\000c\000a\000l\000\040\000P\000o\000t\000e\000n\000t\000i\000a\000l\000:\000\040\000D\000o\000m\000a\000i\000n\000\040\000W\000a\000l\000l\000\040\000f\000r\000o\000m\000\040\0005\000D\000\040\000D\000i\000r\000a\000c}{section.20.9}% 278
\BOOKMARK [2][-]{subsection.20.9.2}{\376\377\000M\0000\000\040\000f\000r\000o\000m\000\040\000M\000e\000m\000b\000r\000a\000n\000e\000\040\000T\000e\000n\000s\000i\000o\000n\000\040\000\050\000O\000P\000R\000-\0000\0001\000\051}{section.20.9}% 279
\BOOKMARK [2][-]{subsection.20.9.3}{\376\377\000P\000h\000y\000s\000i\000c\000a\000l\000\040\000B\000V\000P\000\040\000R\000e\000s\000u\000l\000t\000s\000\040\000\050\000O\000P\000E\000N\000-\0002\0002\000-\0004\000\040\000/\000\040\000O\000P\000E\000N\000-\0002\0002\000-\0004\000b\000\051}{section.20.9}% 280
\BOOKMARK [2][-]{subsection.20.9.4}{\376\377\000P\000h\000y\000s\000i\000c\000a\000l\000\040\000G\000e\000f\000f\000\040\000F\000o\000r\000m\000u\000l\000a}{section.20.9}% 281
\BOOKMARK [1][-]{section.20.10}{\376\377\000E\000x\000t\000e\000r\000n\000a\000l\000\040\000C\000o\000m\000p\000a\000r\000i\000s\000o\000n\000\040\000\050\000N\000o\000t\000\040\000a\000n\000\040\000I\000n\000p\000u\000t\000\051}{chapter.20}% 282
\BOOKMARK [1][-]{section.20.11}{\376\377\000S\000u\000m\000m\000a\000r\000y\000\040\000a\000n\000d\000\040\000E\000p\000i\000s\000t\000e\000m\000i\000c\000\040\000S\000t\000a\000t\000u\000s}{chapter.20}% 283
\BOOKMARK [2][-]{subsection.20.11.1}{\376\377\000M\000a\000i\000n\000\040\000R\000e\000s\000u\000l\000t\000s}{section.20.11}% 284
\BOOKMARK [2][-]{subsection.20.11.2}{\376\377\000E\000p\000i\000s\000t\000e\000m\000i\000c\000\040\000S\000t\000a\000t\000u\000s}{section.20.11}% 285
\BOOKMARK [2][-]{subsection.20.11.3}{\376\377\000O\000p\000e\000n\000\040\000P\000r\000o\000b\000l\000e\000m\000s}{section.20.11}% 286
\BOOKMARK [2][-]{subsection.20.11.4}{\376\377\000C\000r\000o\000s\000s\000-\000R\000e\000f\000e\000r\000e\000n\000c\000e\000s}{section.20.11}% 287
\BOOKMARK [2][-]{subsection.20.11.5}{\376\377\000O\000P\000R\000-\0002\0002\000\040\000S\000t\000o\000p\000l\000i\000g\000h\000t\000\040\000V\000e\000r\000d\000i\000c\000t}{section.20.11}% 288
\BOOKMARK [0][-]{chapter.21}{\376\377\000C\000l\000o\000s\000u\000r\000e\000\040\000S\000t\000a\000t\000u\000s\000\040\000a\000n\000d\000\040\000O\000p\000e\000n\000\040\000P\000r\000o\000b\000l\000e\000m\000s}{part.3}% 289
\BOOKMARK [0][-]{chapter.22}{\376\377\000E\000p\000i\000s\000t\000e\000m\000i\000c\000\040\000S\000u\000m\000m\000a\000r\000y\000\040\000\046\000\040\000C\000l\000o\000s\000u\000r\000e\000\040\000S\000t\000a\000t\000u\000s}{part.3}% 290
\BOOKMARK [1][-]{section.22.1}{\376\377\000R\000e\000a\000d\000e\000r\000'\000s\000\040\000M\000a\000p}{chapter.22}% 291
\BOOKMARK [1][-]{section.22.2}{\376\377\000P\000a\000r\000a\000m\000e\000t\000e\000r\000\040\000L\000e\000d\000g\000e\000r}{chapter.22}% 292
\BOOKMARK [2][-]{subsection.22.2.1}{\376\377\0005\000D\000\040\000O\000r\000i\000g\000i\000n\000\040\000A\000u\000d\000i\000t\000\040\000T\000a\000b\000l\000e\000\040\000\050\000R\000e\000a\000d\000e\000r\000\040\000C\000h\000e\000c\000k\000p\000o\000i\000n\000t\000\051}{section.22.2}% 293
\BOOKMARK [2][-]{subsection.22.2.2}{\376\377\000P\000a\000r\000t\000\040\000I\000\040\000\040\000P\000a\000r\000t\000\040\000I\000I\000\040\000C\000r\000o\000s\000s\000-\000R\000e\000f\000e\000r\000e\000n\000c\000e}{section.22.2}% 294
\BOOKMARK [1][-]{section.22.3}{\376\377\000D\000e\000p\000e\000n\000d\000e\000n\000c\000y\000\040\000G\000r\000a\000p\000h}{chapter.22}% 295
\BOOKMARK [1][-]{section.22.4}{\376\377\000C\000a\000n\000o\000n\000i\000c\000a\000l\000\040\000R\000e\000s\000u\000l\000t\000s\000\040\000S\000u\000m\000m\000a\000r\000y}{chapter.22}% 296
\BOOKMARK [1][-]{section.22.5}{\376\377\000O\000p\000e\000n\000\040\000P\000r\000o\000b\000l\000e\000m\000s\000\040\000R\000e\000g\000i\000s\000t\000e\000r\000\040\000\050\000S\000n\000a\000p\000s\000h\000o\000t\000\051}{chapter.22}% 297
\BOOKMARK [1][-]{section.22.6}{\376\377\000W\000h\000a\000t\000\040\000T\000h\000i\000s\000\040\000B\000o\000o\000k\000\040\000C\000l\000a\000i\000m\000s\000\040\000\050\000a\000n\000d\000\040\000W\000h\000a\000t\000\040\000I\000t\000\040\000D\000o\000e\000s\000\040\000N\000o\000t\000\051}{chapter.22}% 298
\BOOKMARK [1][-]{section.22.7}{\376\377\000R\000e\000p\000r\000o\000d\000u\000c\000i\000b\000i\000l\000i\000t\000y\000\040\000\046\000\040\000A\000u\000d\000i\000t\000\040\000P\000o\000i\000n\000t\000e\000r\000s}{chapter.22}% 299
\BOOKMARK [1][-]{section.22.8}{\376\377\000E\000p\000i\000s\000t\000e\000m\000i\000c\000\040\000L\000a\000n\000d\000s\000c\000a\000p\000e\000\040\000a\000n\000d\000\040\000C\000o\000n\000s\000o\000l\000i\000d\000a\000t\000e\000d\000\040\000O\000p\000e\000n\000\040\000P\000r\000o\000b\000l\000e\000m\000s}{chapter.22}% 300
\BOOKMARK [2][-]{subsection.22.8.1}{\376\377\000C\000o\000n\000s\000o\000l\000i\000d\000a\000t\000e\000d\000\040\000G\000a\000t\000e\000\040\000R\000e\000g\000i\000s\000t\000r\000y}{section.22.8}% 301
\BOOKMARK [2][-]{subsection.22.8.2}{\376\377\000Q\000u\000a\000n\000t\000i\000t\000a\000t\000i\000v\000e\000\040\000S\000u\000m\000m\000a\000r\000y\000:\000\040\000T\000h\000r\000e\000s\000h\000o\000l\000d\000s\000\040\000a\000n\000d\000\040\000G\000a\000t\000e\000s}{section.22.8}% 302
\BOOKMARK [2][-]{subsection.22.8.3}{\376\377\000T\000h\000e\000\040\000F\000i\000v\000e\000\040\000C\000a\000t\000e\000g\000o\000r\000i\000e\000s}{section.22.8}% 303
\BOOKMARK [2][-]{subsection.22.8.4}{\376\377\000B\000a\000s\000e\000l\000i\000n\000e\000\040\000F\000a\000c\000t\000s\000:\000\040\000T\000h\000e\000\040\0003\000D\000\040\000S\000h\000a\000d\000o\000w\000s\000\040\000E\000D\000C\000\040\000M\000u\000s\000t\000\040\000R\000e\000p\000r\000o\000d\000u\000c\000e}{section.22.8}% 304
\BOOKMARK [2][-]{subsection.22.8.5}{\376\377\000P\000o\000s\000t\000u\000l\000a\000t\000e\000s\000\040\000\050\000S\000t\000r\000u\000c\000t\000u\000r\000a\000l\000\040\000A\000s\000s\000u\000m\000p\000t\000i\000o\000n\000s\000\051}{section.22.8}% 305
\BOOKMARK [2][-]{subsection.22.8.6}{\376\377\000D\000e\000d\000u\000c\000t\000i\000o\000n\000s\000\040\000\050\000W\000h\000a\000t\000\040\000F\000o\000l\000l\000o\000w\000s\000\040\000f\000r\000o\000m\000\040\000P\000o\000s\000t\000u\000l\000a\000t\000e\000s\000\051}{section.22.8}% 306
\BOOKMARK [2][-]{subsection.22.8.7}{\376\377\000O\000p\000e\000n\000\040\000P\000r\000o\000b\000l\000e\000m\000s\000\040\000\050\000W\000h\000a\000t\000\040\000R\000e\000m\000a\000i\000n\000s\000\040\000t\000o\000\040\000B\000e\000\040\000D\000o\000n\000e\000\051}{section.22.8}% 307
\BOOKMARK [2][-]{subsection.22.8.8}{\376\377\000V\000i\000s\000u\000a\000l\000\040\000S\000u\000m\000m\000a\000r\000y\000:\000\040\000T\000h\000e\000\040\000E\000p\000i\000s\000t\000e\000m\000i\000c\000\040\000L\000a\000n\000d\000s\000c\000a\000p\000e}{section.22.8}% 308
\BOOKMARK [2][-]{subsection.22.8.9}{\376\377\000W\000h\000a\000t\000\040\000T\000h\000i\000s\000\040\000C\000h\000a\000p\000t\000e\000r\000\040\000D\000o\000e\000s\000\040\000a\000n\000d\000\040\000D\000o\000e\000s\000\040\000N\000o\000t\000\040\000C\000l\000a\000i\000m}{section.22.8}% 309
\BOOKMARK [2][-]{subsection.22.8.10}{\376\377\000O\000p\000e\000n\000\040\000P\000r\000o\000b\000l\000e\000m\000s\000\040\000R\000e\000g\000i\000s\000t\000e\000r\000\040\000\050\000O\000P\000R\000\051}{section.22.8}% 310
\BOOKMARK [-1][-]{part*.15}{\376\377\000E\000p\000i\000l\000o\000g\000u\000e}{}% 311
\BOOKMARK [0][-]{chapter.23}{\376\377\000N\000u\000c\000l\000e\000a\000r\000\040\000A\000p\000p\000l\000i\000c\000a\000t\000i\000o\000n\000s\000\040\000P\000r\000e\000v\000i\000e\000w}{part*.15}% 312
\BOOKMARK [0][-]{chapter.24}{\376\377\000T\000e\000a\000s\000e\000r\000:\000\040\000T\000o\000p\000o\000l\000o\000g\000i\000c\000a\000l\000\040\000M\000o\000d\000e\000l\000\040\000f\000o\000r\000\040\000N\000u\000c\000l\000e\000a\000r\000\040\000S\000t\000r\000u\000c\000t\000u\000r\000e}{part*.15}% 313
\BOOKMARK [1][-]{section.24.1}{\376\377\000N\000e\000u\000t\000r\000o\000n\000\040\000L\000i\000f\000e\000t\000i\000m\000e\000\040\000f\000r\000o\000m\000\040\0005\000D\000\040\000T\000o\000p\000o\000l\000o\000g\000y}{chapter.24}% 314
\BOOKMARK [2][-]{subsection.24.1.1}{\376\377\000I\000n\000t\000r\000o\000d\000u\000c\000t\000i\000o\000n\000:\000\040\000T\000h\000e\000\040\000P\000r\000o\000b\000l\000e\000m}{section.24.1}% 315
\BOOKMARK [2][-]{subsection.24.1.2}{\376\377\000T\000h\000e\000\040\000P\000h\000y\000s\000i\000c\000a\000l\000\040\000P\000i\000c\000t\000u\000r\000e}{section.24.1}% 316
\BOOKMARK [2][-]{subsection.24.1.3}{\376\377\000T\000h\000e\000\040\000I\000n\000s\000t\000a\000n\000t\000o\000n\000\040\000F\000o\000r\000m\000u\000l\000a}{section.24.1}% 317
\BOOKMARK [2][-]{subsection.24.1.4}{\376\377\000D\000e\000r\000i\000v\000a\000t\000i\000o\000n\000\040\000o\000f\000\040\000=\000\040\0002}{section.24.1}% 318
\BOOKMARK [2][-]{subsection.24.1.5}{\376\377\000T\000h\000e\000\040\000G\000e\000o\000m\000e\000t\000r\000i\000c\000\040\000R\000a\000t\000i\000o\000\040\000L\0000\000/}{section.24.1}% 319
\BOOKMARK [2][-]{subsection.24.1.6}{\376\377\000T\000h\000e\000\040\000A\000t\000t\000e\000m\000p\000t\000\040\000F\000r\000e\000q\000u\000e\000n\000c\000y\000\040\0000}{section.24.1}% 320
\BOOKMARK [2][-]{subsection.24.1.7}{\376\377\000N\000u\000m\000e\000r\000i\000c\000a\000l\000\040\000E\000v\000a\000l\000u\000a\000t\000i\000o\000n}{section.24.1}% 321
\BOOKMARK [2][-]{subsection.24.1.8}{\376\377\000C\000o\000n\000n\000e\000c\000t\000i\000o\000n\000\040\000t\000o\000\040\000C\000h\000a\000p\000t\000e\000r\000\040\0005\000:\000\040\000T\000h\000e\000\040\000P\000r\000o\000j\000e\000c\000t\000i\000o\000n\000\040\000P\000r\000i\000n\000c\000i\000p\000l\000e}{section.24.1}% 322
\BOOKMARK [2][-]{subsection.24.1.9}{\376\377\000O\000p\000e\000n\000\040\000P\000r\000o\000b\000l\000e\000m\000s}{section.24.1}% 323
\BOOKMARK [2][-]{subsection.24.1.10}{\376\377\000C\000o\000m\000p\000a\000r\000i\000s\000o\000n\000\040\000w\000i\000t\000h\000\040\000S\000t\000a\000n\000d\000a\000r\000d\000\040\000M\000o\000d\000e\000l}{section.24.1}% 324
\BOOKMARK [2][-]{subsection.24.1.11}{\376\377\000S\000u\000m\000m\000a\000r\000y\000\040\000a\000n\000d\000\040\000V\000e\000r\000d\000i\000c\000t}{section.24.1}% 325
\BOOKMARK [2][-]{subsection.24.1.12}{\376\377\000T\000h\000e\000\040\000P\000h\000y\000s\000i\000c\000a\000l\000\040\000S\000t\000o\000r\000y}{section.24.1}% 326
\BOOKMARK [1][-]{section.24.2}{\376\377\000T\000o\000p\000o\000l\000o\000g\000i\000c\000a\000l\000\040\000M\000o\000d\000e\000l\000\040\000f\000o\000r\000\040\000N\000u\000c\000l\000e\000a\000r\000\040\000S\000t\000r\000u\000c\000t\000u\000r\000e}{chapter.24}% 327
\BOOKMARK [2][-]{subsection.24.2.1}{\376\377\000M\000o\000t\000i\000v\000a\000t\000i\000o\000n\000\040\000a\000n\000d\000\040\000O\000v\000e\000r\000v\000i\000e\000w}{section.24.2}% 328
\BOOKMARK [2][-]{subsection.24.2.2}{\376\377\000T\000h\000e\000\040\000C\000o\000o\000r\000d\000i\000n\000a\000t\000i\000o\000n\000\040\000S\000t\000r\000u\000c\000t\000u\000r\000e}{section.24.2}% 329
\BOOKMARK [2][-]{subsection.24.2.3}{\376\377\000T\000h\000e\000\040\000P\000i\000n\000n\000i\000n\000g\000\040\000H\000a\000m\000i\000l\000t\000o\000n\000i\000a\000n}{section.24.2}% 330
\BOOKMARK [2][-]{subsection.24.2.4}{\376\377\000D\000e\000r\000i\000v\000a\000t\000i\000o\000n\000\040\000o\000f\000\040\000P\000i\000n\000n\000i\000n\000g\000\040\000C\000o\000n\000s\000t\000a\000n\000t\000\040\000K\000\040\000f\000r\000o\000m\000\040\000\040\000[\000D\000c\000/\000I\000]}{section.24.2}% 331
\BOOKMARK [2][-]{subsection.24.2.5}{\376\377\000A\000p\000p\000l\000i\000c\000a\000t\000i\000o\000n\000\040\0001\000:\000\040\000N\000e\000u\000t\000r\000o\000n\000\040\000L\000i\000f\000e\000t\000i\000m\000e}{section.24.2}% 332
\BOOKMARK [2][-]{subsection.24.2.6}{\376\377\000A\000p\000p\000l\000i\000c\000a\000t\000i\000o\000n\000\040\0002\000:\000\040\000D\000e\000u\000t\000e\000r\000i\000u\000m\000\040\000B\000i\000n\000d\000i\000n\000g\000\040\000E\000n\000e\000r\000g\000y}{section.24.2}% 333
\BOOKMARK [2][-]{subsection.24.2.7}{\376\377\000A\000p\000p\000l\000i\000c\000a\000t\000i\000o\000n\000\040\0003\000:\000\040\000H\000e\000-\0004\000\040\000B\000i\000n\000d\000i\000n\000g\000\040\000E\000n\000e\000r\000g\000y}{section.24.2}% 334
\BOOKMARK [2][-]{subsection.24.2.8}{\376\377\000A\000p\000p\000l\000i\000c\000a\000t\000i\000o\000n\000\040\0004\000:\000\040\000L\000i\000-\0006\000\040\000\050\000C\000l\000u\000s\000t\000e\000r\000\040\000S\000t\000r\000u\000c\000t\000u\000r\000e\000\051}{section.24.2}% 335
\BOOKMARK [2][-]{subsection.24.2.9}{\376\377\000A\000p\000p\000l\000i\000c\000a\000t\000i\000o\000n\000\040\0005\000:\000\040\000B\000e\000-\0008\000\040\000I\000n\000s\000t\000a\000b\000i\000l\000i\000t\000y\000\040\000\050\000C\000r\000i\000t\000i\000c\000a\000l\000\040\000T\000e\000s\000t\000\051}{section.24.2}% 336
\BOOKMARK [2][-]{subsection.24.2.10}{\376\377\000S\000u\000m\000m\000a\000r\000y\000\040\000o\000f\000\040\000R\000e\000s\000u\000l\000t\000s}{section.24.2}% 337
\BOOKMARK [2][-]{subsection.24.2.11}{\376\377\000T\000o\000p\000o\000l\000o\000g\000i\000c\000a\000l\000\040\000F\000r\000u\000s\000t\000r\000a\000t\000i\000o\000n\000\040\000a\000n\000d\000\040\000N\000u\000c\000l\000e\000a\000r\000\040\000H\000a\000l\000f\000-\000L\000i\000v\000e\000s\000\040\000[\000I\000]}{section.24.2}% 338
\BOOKMARK [2][-]{subsection.24.2.12}{\376\377\000P\000h\000y\000s\000i\000c\000a\000l\000\040\000P\000i\000c\000t\000u\000r\000e}{section.24.2}% 339
\BOOKMARK [2][-]{subsection.24.2.13}{\376\377\000T\000h\000e\000\040\000T\000e\000t\000r\000a\000h\000e\000d\000r\000o\000n\000\040\000a\000s\000\040\000F\000u\000n\000d\000a\000m\000e\000n\000t\000a\000l\000\040\000U\000n\000i\000t}{section.24.2}% 340
\BOOKMARK [2][-]{subsection.24.2.14}{\376\377\000O\000p\000e\000n\000\040\000Q\000u\000e\000s\000t\000i\000o\000n\000s}{section.24.2}% 341
\BOOKMARK [2][-]{subsection.24.2.15}{\376\377\000E\000p\000i\000s\000t\000e\000m\000o\000l\000o\000g\000i\000c\000a\000l\000\040\000S\000t\000a\000t\000u\000s}{section.24.2}% 342
\BOOKMARK [2][-]{subsection.24.2.16}{\376\377\000F\000i\000n\000a\000l\000\040\000A\000s\000s\000e\000s\000s\000m\000e\000n\000t}{section.24.2}% 343
\BOOKMARK [2][-]{subsection.24.2.17}{\376\377\000M\000e\000t\000h\000o\000d\000o\000l\000o\000g\000i\000c\000a\000l\000\040\000N\000o\000t\000e\000s\000:\000\040\000H\000o\000w\000\040\000W\000e\000\040\000G\000o\000t\000\040\000H\000e\000r\000e}{section.24.2}% 344
\BOOKMARK [0][-]{chapter*.16}{\376\377\000A\000p\000p\000e\000n\000d\000i\000x\000:\000\040\000D\000e\000r\000i\000v\000a\000t\000i\000o\000n\000\040\000L\000i\000b\000r\000a\000r\000y}{part*.15}% 345
\BOOKMARK [1][-]{Item.419}{\376\377\000C\000o\000r\000e\000\040\000L\000e\000m\000m\000a\000s}{chapter*.16}% 346
\BOOKMARK [1][-]{section.24.3}{\376\377\000S\000e\000t\000u\000p}{chapter*.16}% 347
\BOOKMARK [1][-]{section.24.4}{\376\377\000T\000e\000s\000t\000\040\000F\000u\000n\000c\000t\000i\000o\000n\000\040\000C\000l\000a\000s\000s\000e\000s}{chapter*.16}% 348
\BOOKMARK [2][-]{subsection.24.4.1}{\376\377\000C\000l\000a\000s\000s\000\040\000A\000:\000\040\000Z\000N\000-\000S\000y\000m\000m\000e\000t\000r\000i\000c\000\040\000F\000o\000u\000r\000i\000e\000r\000\040\000M\000o\000d\000e}{section.24.4}% 349
\BOOKMARK [2][-]{subsection.24.4.2}{\376\377\000C\000l\000a\000s\000s\000\040\000B\000:\000\040\000L\000o\000c\000a\000l\000i\000z\000e\000d\000\040\000C\000o\000r\000n\000e\000r\000\040\000B\000u\000m\000p\000s}{section.24.4}% 350
\BOOKMARK [1][-]{section.24.5}{\376\377\000M\000a\000i\000n\000\040\000C\000a\000l\000c\000u\000l\000a\000t\000i\000o\000n\000:\000\040\000C\000l\000a\000s\000s\000\040\000A}{chapter*.16}% 351
\BOOKMARK [2][-]{subsection.24.5.1}{\376\377\000D\000i\000s\000c\000r\000e\000t\000e\000\040\000A\000v\000e\000r\000a\000g\000e}{section.24.5}% 352
\BOOKMARK [2][-]{subsection.24.5.2}{\376\377\000C\000o\000n\000t\000i\000n\000u\000u\000m\000\040\000A\000v\000e\000r\000a\000g\000e}{section.24.5}% 353
\BOOKMARK [2][-]{subsection.24.5.3}{\376\377\000R\000a\000t\000i\000o}{section.24.5}% 354
\BOOKMARK [1][-]{section.24.6}{\376\377\000T\000h\000e\000\040\000N\000a\000t\000u\000r\000a\000l\000\040\000N\000o\000r\000m\000a\000l\000i\000z\000a\000t\000i\000o\000n\000:\000\040\000a\000/\000c\000\040\000=\000\040\0001\000/\000N}{chapter*.16}% 355
\BOOKMARK [2][-]{subsection.24.6.1}{\376\377\000E\000q\000u\000a\000l\000\040\000C\000o\000r\000n\000e\000r\000\040\000S\000h\000a\000r\000e\000\040\000C\000o\000n\000d\000i\000t\000i\000o\000n}{section.24.6}% 356
\BOOKMARK [2][-]{subsection.24.6.2}{\376\377\000F\000u\000n\000c\000t\000i\000o\000n\000\040\000V\000a\000l\000u\000e\000s\000\040\000U\000n\000d\000e\000r\000\040\000T\000h\000i\000s\000\040\000N\000o\000r\000m\000a\000l\000i\000z\000a\000t\000i\000o\000n}{section.24.6}% 357
\BOOKMARK [1][-]{section.24.7}{\376\377\000M\000a\000i\000n\000\040\000R\000e\000s\000u\000l\000t}{chapter*.16}% 358
\BOOKMARK [1][-]{section.24.8}{\376\377\000D\000i\000s\000c\000u\000s\000s\000i\000o\000n}{chapter*.16}% 359
\BOOKMARK [2][-]{subsection.24.8.1}{\376\377\000W\000h\000e\000n\000\040\000D\000o\000e\000s\000\040\000T\000h\000i\000s\000\040\000A\000p\000p\000l\000y\000?}{section.24.8}% 360
\BOOKMARK [2][-]{subsection.24.8.2}{\376\377\000L\000i\000m\000i\000t\000a\000t\000i\000o\000n\000s}{section.24.8}% 361
\BOOKMARK [2][-]{subsection.24.8.3}{\376\377\000A\000p\000p\000l\000i\000c\000a\000t\000i\000o\000n\000\040\000t\000o\000\040\000E\000D\000C}{section.24.8}% 362
\BOOKMARK [2][-]{subsection.24.8.4}{\376\377\000E\000p\000i\000s\000t\000e\000m\000i\000c\000\040\000S\000t\000a\000t\000u\000s}{section.24.8}% 363
\BOOKMARK [1][-]{section.24.9}{\376\377\000S\000u\000m\000m\000a\000r\000y}{chapter*.16}% 364
\BOOKMARK [1][-]{section.24.10}{\376\377\000D\000e\000f\000i\000n\000i\000t\000i\000o\000n\000s}{chapter*.16}% 365
\BOOKMARK [1][-]{section.24.11}{\376\377\000M\000a\000i\000n\000\040\000R\000e\000s\000u\000l\000t\000\040\000\050\000M\000a\000t\000h\000e\000m\000a\000t\000i\000c\000a\000l\000\051\000\040\000[\000D\000e\000r\000]}{chapter*.16}% 366
\BOOKMARK [1][-]{section.24.12}{\376\377\000N\000o\000r\000m\000a\000l\000i\000z\000a\000t\000i\000o\000n\000\040\000H\000y\000p\000o\000t\000h\000e\000s\000i\000s\000\040\000\050\000P\000h\000y\000s\000i\000c\000a\000l\000\051\000\040\000[\000D\000c\000]}{chapter*.16}% 367
\BOOKMARK [1][-]{section.24.13}{\376\377\000C\000o\000m\000b\000i\000n\000e\000d\000\040\000R\000e\000s\000u\000l\000t}{chapter*.16}% 368
\BOOKMARK [1][-]{section.24.14}{\376\377\000S\000p\000e\000c\000i\000a\000l\000i\000z\000a\000t\000i\000o\000n\000s}{chapter*.16}% 369
\BOOKMARK [1][-]{section.24.15}{\376\377\000P\000h\000y\000s\000i\000c\000a\000l\000\040\000I\000n\000t\000e\000r\000p\000r\000e\000t\000a\000t\000i\000o\000n}{chapter*.16}% 370
\BOOKMARK [1][-]{Item.431}{\376\377\000Z\000N\000\040\000/\000\040\000k\000-\000C\000h\000a\000n\000n\000e\000l\000\040\000D\000e\000r\000i\000v\000a\000t\000i\000o\000n\000s}{chapter*.16}% 371
\BOOKMARK [1][-]{section.24.16}{\376\377\000S\000e\000t\000u\000p\000:\000\040\0005\000D\000\040\000M\000e\000t\000r\000i\000c\000\040\000a\000n\000d\000\040\000B\000r\000a\000n\000e\000\040\000H\000y\000p\000e\000r\000s\000u\000r\000f\000a\000c\000e}{chapter*.16}% 372
\BOOKMARK [2][-]{subsection.24.16.1}{\376\377\000C\000o\000o\000r\000d\000i\000n\000a\000t\000e\000s\000\040\000a\000n\000d\000\040\000M\000e\000t\000r\000i\000c}{section.24.16}% 373
\BOOKMARK [2][-]{subsection.24.16.2}{\376\377\000E\000x\000t\000r\000i\000n\000s\000i\000c\000\040\000C\000u\000r\000v\000a\000t\000u\000r\000e}{section.24.16}% 374
\BOOKMARK [1][-]{section.24.17}{\376\377\000I\000s\000r\000a\000e\000l\000\040\000J\000u\000n\000c\000t\000i\000o\000n\000\040\000C\000o\000n\000d\000i\000t\000i\000o\000n\000s}{chapter*.16}% 375
\BOOKMARK [2][-]{subsection.24.17.1}{\376\377\000T\000h\000e\000\040\000J\000u\000n\000c\000t\000i\000o\000n\000\040\000E\000q\000u\000a\000t\000i\000o\000n}{section.24.17}% 376
\BOOKMARK [2][-]{subsection.24.17.2}{\376\377\000L\000o\000c\000a\000l\000i\000z\000e\000d\000\040\000S\000t\000r\000e\000s\000s\000-\000E\000n\000e\000r\000g\000y\000\040\000D\000e\000c\000o\000m\000p\000o\000s\000i\000t\000i\000o\000n}{section.24.17}% 377
\BOOKMARK [1][-]{section.24.18}{\376\377\000Z\000N\000\040\000R\000i\000n\000g\000\040\000G\000e\000o\000m\000e\000t\000r\000y\000\040\000a\000n\000d\000\040\000F\000i\000x\000e\000d\000\040\000P\000o\000i\000n\000t\000s}{chapter*.16}% 378
\BOOKMARK [2][-]{subsection.24.18.1}{\376\377\000A\000n\000g\000u\000l\000a\000r\000\040\000C\000o\000o\000r\000d\000i\000n\000a\000t\000e\000\040\000o\000n\000\040\000t\000h\000e\000\040\000B\000r\000a\000n\000e}{section.24.18}% 379
\BOOKMARK [2][-]{subsection.24.18.2}{\376\377\000L\000o\000c\000a\000l\000i\000z\000e\000d\000\040\000D\000e\000f\000e\000c\000t\000s\000\040\000a\000t\000\040\000F\000i\000x\000e\000d\000\040\000P\000o\000i\000n\000t\000s}{section.24.18}% 380
\BOOKMARK [1][-]{section.24.19}{\376\377\000T\000h\000e\000\040\000I\000d\000e\000n\000t\000i\000c\000a\000l\000\040\000A\000n\000c\000h\000o\000r\000s\000\040\000T\000h\000e\000o\000r\000e\000m}{chapter*.16}% 381
\BOOKMARK [2][-]{subsection.24.19.1}{\376\377\000Z\000N\000\040\000S\000y\000m\000m\000e\000t\000r\000y\000\040\000C\000o\000n\000s\000t\000r\000a\000i\000n\000t\000\040\000o\000n\000\040\000S\000t\000r\000e\000s\000s\000-\000E\000n\000e\000r\000g\000y}{section.24.19}% 382
\BOOKMARK [1][-]{section.24.20}{\376\377\000R\000e\000d\000u\000c\000t\000i\000o\000n\000\040\000t\000o\000\040\0001\000D\000\040\000A\000n\000g\000u\000l\000a\000r\000\040\000F\000u\000n\000c\000t\000i\000o\000n\000a\000l}{chapter*.16}% 383
\BOOKMARK [2][-]{subsection.24.20.1}{\376\377\000I\000s\000r\000a\000e\000l\000\040\000C\000o\000n\000d\000i\000t\000i\000o\000n\000\040\000w\000i\000t\000h\000\040\000L\000o\000c\000a\000l\000i\000z\000e\000d\000\040\000S\000o\000u\000r\000c\000e\000s}{section.24.20}% 384
\BOOKMARK [2][-]{subsection.24.20.2}{\376\377\000E\000n\000e\000r\000g\000y\000\040\000F\000u\000n\000c\000t\000i\000o\000n\000a\000l\000\040\000f\000r\000o\000m\000\040\000G\000H\000Y\000\040\000A\000c\000t\000i\000o\000n}{section.24.20}% 385
\BOOKMARK [1][-]{section.24.21}{\376\377\000S\000c\000a\000l\000i\000n\000g\000\040\000o\000f\000\040}{chapter*.16}% 386
\BOOKMARK [2][-]{subsection.24.21.1}{\376\377\000D\000i\000m\000e\000n\000s\000i\000o\000n\000a\000l\000\040\000A\000n\000a\000l\000y\000s\000i\000s}{section.24.21}% 387
\BOOKMARK [2][-]{subsection.24.21.2}{\376\377\000B\000o\000u\000n\000d\000s\000\040\000o\000n\000\040\000c}{section.24.21}% 388
\BOOKMARK [1][-]{section.24.22}{\376\377\000T\000h\000e\000\040\000A\000n\000c\000h\000o\000r\000\040\000P\000o\000t\000e\000n\000t\000i\000a\000l\000\040\000W\000\050\000u\000\051}{chapter*.16}% 389
\BOOKMARK [2][-]{subsection.24.22.1}{\376\377\000G\000e\000n\000e\000r\000i\000c\000\040\000F\000o\000r\000m}{section.24.22}% 390
\BOOKMARK [2][-]{subsection.24.22.2}{\376\377\000C\000o\000n\000d\000i\000t\000i\000o\000n\000s\000\040\000f\000o\000r\000\040\000B\000r\000e\000a\000k\000i\000n\000g\000\040\000I\000d\000e\000n\000t\000i\000c\000a\000l\000\040\000A\000n\000c\000h\000o\000r\000s}{section.24.22}% 391
\BOOKMARK [1][-]{section.24.23}{\376\377\000A\000n\000c\000h\000o\000r\000\040\000D\000i\000c\000t\000i\000o\000n\000a\000r\000y}{chapter*.16}% 392
\BOOKMARK [1][-]{section.24.24}{\376\377\000E\000p\000i\000s\000t\000e\000m\000i\000c\000\040\000S\000t\000a\000t\000u\000s\000\040\000S\000u\000m\000m\000a\000r\000y}{chapter*.16}% 393
\BOOKMARK [1][-]{section.24.25}{\376\377\000C\000o\000n\000d\000i\000t\000i\000o\000n\000s\000\040\000f\000o\000r\000\040\000V\000a\000l\000i\000d\000i\000t\000y}{chapter*.16}% 394
\BOOKMARK [1][-]{section.24.26}{\376\377\000C\000o\000n\000c\000l\000u\000s\000i\000o\000n}{chapter*.16}% 395
\BOOKMARK [1][-]{section.24.27}{\376\377\000O\000v\000e\000r\000v\000i\000e\000w\000:\000\040\000T\000h\000e\000\040\000M\000a\000p\000p\000i\000n\000g\000\040\000C\000h\000a\000i\000n}{chapter*.16}% 396
\BOOKMARK [2][-]{subsection.24.27.1}{\376\377\000S\000t\000a\000r\000t\000i\000n\000g\000\040\000P\000o\000i\000n\000t\000s}{section.24.27}% 397
\BOOKMARK [2][-]{subsection.24.27.2}{\376\377\000T\000h\000e\000\040\000R\000e\000d\000u\000c\000t\000i\000o\000n\000\040\000C\000h\000a\000i\000n}{section.24.27}% 398
\BOOKMARK [1][-]{section.24.28}{\376\377\000S\000t\000a\000g\000e\000\040\0001\000:\000\040\000G\000e\000o\000m\000e\000t\000r\000y\000\040\000S\000e\000t\000u\000p}{chapter*.16}% 399
\BOOKMARK [2][-]{subsection.24.28.1}{\376\377\000Z\000N\000\040\000R\000i\000n\000g\000\040\000E\000m\000b\000e\000d\000d\000i\000n\000g}{section.24.28}% 400
\BOOKMARK [2][-]{subsection.24.28.2}{\376\377\000Z\000N\000\040\000S\000y\000m\000m\000e\000t\000r\000y\000\040\000C\000o\000n\000s\000t\000r\000a\000i\000n\000t}{section.24.28}% 401
\BOOKMARK [1][-]{section.24.29}{\376\377\000S\000t\000a\000g\000e\000\040\0002\000:\000\040\000B\000r\000a\000n\000e\000\040\000A\000c\000t\000i\000o\000n\000\040\000R\000e\000d\000u\000c\000t\000i\000o\000n}{chapter*.16}% 402
\BOOKMARK [2][-]{subsection.24.29.1}{\376\377\000B\000r\000a\000n\000e\000\040\000T\000e\000n\000s\000i\000o\000n\000\040\000C\000o\000n\000t\000r\000i\000b\000u\000t\000i\000o\000n}{section.24.29}% 403
\BOOKMARK [2][-]{subsection.24.29.2}{\376\377\000G\000r\000a\000d\000i\000e\000n\000t\000\040\000E\000n\000e\000r\000g\000y\000\040\000E\000x\000t\000r\000a\000c\000t\000i\000o\000n}{section.24.29}% 404
\BOOKMARK [1][-]{section.24.30}{\376\377\000S\000t\000a\000g\000e\000\040\0003\000:\000\040\000I\000s\000r\000a\000e\000l\000\040\000J\000u\000n\000c\000t\000i\000o\000n\000\040\000C\000o\000n\000d\000i\000t\000i\000o\000n\000s\000\040\000a\000t\000\040\000Z\000N\000\040\000P\000o\000i\000n\000t\000s}{chapter*.16}% 405
\BOOKMARK [2][-]{subsection.24.30.1}{\376\377\000L\000o\000c\000a\000l\000i\000z\000e\000d\000\040\000S\000o\000u\000r\000c\000e\000s\000\040\000a\000t\000\040\000F\000i\000x\000e\000d\000\040\000P\000o\000i\000n\000t\000s}{section.24.30}% 406
\BOOKMARK [2][-]{subsection.24.30.2}{\376\377\000A\000n\000c\000h\000o\000r\000\040\000E\000n\000e\000r\000g\000y\000\040\000f\000r\000o\000m\000\040\000L\000o\000c\000a\000l\000i\000z\000e\000d\000\040\000E\000x\000t\000r\000i\000n\000s\000i\000c\000\040\000C\000u\000r\000v\000a\000t\000u\000r\000e}{section.24.30}% 407
\BOOKMARK [1][-]{section.24.31}{\376\377\000S\000t\000a\000g\000e\000\040\0004\000:\000\040\000C\000o\000m\000b\000i\000n\000e\000d\000\040\000F\000u\000n\000c\000t\000i\000o\000n\000a\000l}{chapter*.16}% 408
\BOOKMARK [1][-]{section.24.32}{\376\377\000M\000a\000p\000p\000i\000n\000g\000\040\000D\000i\000c\000t\000i\000o\000n\000a\000r\000y}{chapter*.16}% 409
\BOOKMARK [1][-]{section.24.33}{\376\377\000T\000h\000e\000\040\000C\000o\000m\000p\000l\000e\000t\000e\000\040\000C\000h\000a\000i\000n}{chapter*.16}% 410
\BOOKMARK [1][-]{section.24.34}{\376\377\000E\000p\000i\000s\000t\000e\000m\000i\000c\000\040\000S\000t\000a\000t\000u\000s\000\040\000S\000u\000m\000m\000a\000r\000y}{chapter*.16}% 411
\BOOKMARK [1][-]{section.24.35}{\376\377\000C\000o\000n\000c\000l\000u\000s\000i\000o\000n}{chapter*.16}% 412
\BOOKMARK [1][-]{section.24.36}{\376\377\000S\000e\000t\000u\000p}{chapter*.16}% 413
\BOOKMARK [1][-]{section.24.37}{\376\377\000E\000n\000e\000r\000g\000y\000\040\000F\000u\000n\000c\000t\000i\000o\000n\000a\000l}{chapter*.16}% 414
\BOOKMARK [2][-]{subsection.24.37.1}{\376\377\000C\000o\000n\000t\000i\000n\000u\000u\000m\000\040\000\050\000G\000r\000a\000d\000i\000e\000n\000t\000\051\000\040\000E\000n\000e\000r\000g\000y}{section.24.37}% 415
\BOOKMARK [2][-]{subsection.24.37.2}{\376\377\000D\000i\000s\000c\000r\000e\000t\000e\000\040\000\050\000A\000n\000c\000h\000o\000r\000\051\000\040\000E\000n\000e\000r\000g\000y}{section.24.37}% 416
\BOOKMARK [1][-]{section.24.38}{\376\377\000F\000o\000u\000r\000i\000e\000r\000\040\000E\000x\000p\000a\000n\000s\000i\000o\000n\000\040\000a\000n\000d\000\040\000Z\000N\000\040\000C\000o\000n\000s\000t\000r\000a\000i\000n\000t}{chapter*.16}% 417
\BOOKMARK [1][-]{section.24.39}{\376\377\000E\000n\000e\000r\000g\000y\000\040\000E\000v\000a\000l\000u\000a\000t\000i\000o\000n}{chapter*.16}% 418
\BOOKMARK [2][-]{subsection.24.39.1}{\376\377\000C\000o\000n\000t\000i\000n\000u\000u\000m\000\040\000E\000n\000e\000r\000g\000y}{section.24.39}% 419
\BOOKMARK [2][-]{subsection.24.39.2}{\376\377\000D\000i\000s\000c\000r\000e\000t\000e\000\040\000E\000n\000e\000r\000g\000y}{section.24.39}% 420
\BOOKMARK [1][-]{section.24.40}{\376\377\000M\000i\000n\000i\000m\000i\000z\000a\000t\000i\000o\000n}{chapter*.16}% 421
\BOOKMARK [2][-]{subsection.24.40.1}{\376\377\000L\000i\000n\000e\000a\000r\000i\000z\000a\000t\000i\000o\000n\000\040\000f\000o\000r\000\040\000S\000m\000a\000l\000l\000\040\000A\000n\000i\000s\000o\000t\000r\000o\000p\000y}{section.24.40}% 422
\BOOKMARK [2][-]{subsection.24.40.2}{\376\377\000E\000q\000u\000i\000l\000i\000b\000r\000i\000u\000m\000\040\000C\000o\000n\000d\000i\000t\000i\000o\000n}{section.24.40}% 423
\BOOKMARK [2][-]{subsection.24.40.3}{\376\377\000L\000a\000r\000g\000e\000-\000N\000\040\000o\000r\000\040\000T\000e\000n\000s\000i\000o\000n\000-\000D\000o\000m\000i\000n\000a\000t\000e\000d\000\040\000R\000e\000g\000i\000m\000e}{section.24.40}% 424
\BOOKMARK [1][-]{section.24.41}{\376\377\000T\000h\000e\000\040\000R\000a\000t\000i\000o\000\040\000a\000/\000c}{chapter*.16}% 425
\BOOKMARK [1][-]{section.24.42}{\376\377\000C\000o\000n\000n\000e\000c\000t\000i\000o\000n\000\040\000t\000o\000\040\000k\000-\000C\000h\000a\000n\000n\000e\000l\000\040\000F\000o\000r\000m\000u\000l\000a}{chapter*.16}% 426
\BOOKMARK [1][-]{section.24.43}{\376\377\000P\000h\000y\000s\000i\000c\000a\000l\000\040\000I\000n\000t\000e\000r\000p\000r\000e\000t\000a\000t\000i\000o\000n}{chapter*.16}% 427
\BOOKMARK [1][-]{section.24.44}{\376\377\000E\000p\000i\000s\000t\000e\000m\000i\000c\000\040\000S\000t\000a\000t\000u\000s}{chapter*.16}% 428
\BOOKMARK [2][-]{subsection.24.44.1}{\376\377\000W\000h\000a\000t\000\040\000W\000o\000u\000l\000d\000\040\000U\000p\000g\000r\000a\000d\000e\000\040\000[\000D\000c\000]\000\040\000\040\000[\000D\000e\000r\000]}{section.24.44}% 429
\BOOKMARK [1][-]{section.24.45}{\376\377\000S\000u\000m\000m\000a\000r\000y}{chapter*.16}% 430
\BOOKMARK [1][-]{section.24.46}{\376\377\000M\000o\000d\000e\000l\000\040\000S\000e\000t\000u\000p}{chapter*.16}% 431
\BOOKMARK [2][-]{subsection.24.46.1}{\376\377\000L\000i\000n\000e\000a\000r\000i\000z\000e\000d\000\040\000E\000n\000e\000r\000g\000y\000\040\000F\000u\000n\000c\000t\000i\000o\000n\000a\000l}{section.24.46}% 432
\BOOKMARK [2][-]{subsection.24.46.2}{\376\377\000E\000u\000l\000e\000r\000-\000L\000a\000g\000r\000a\000n\000g\000e\000\040\000E\000q\000u\000a\000t\000i\000o\000n}{section.24.46}% 433
\BOOKMARK [2][-]{subsection.24.46.3}{\376\377\000O\000p\000e\000r\000a\000t\000o\000r\000\040\000F\000o\000r\000m}{section.24.46}% 434
\BOOKMARK [1][-]{section.24.47}{\376\377\000G\000r\000o\000u\000p\000-\000T\000h\000e\000o\000r\000e\000t\000i\000c\000\040\000D\000e\000c\000o\000m\000p\000o\000s\000i\000t\000i\000o\000n}{chapter*.16}% 435
\BOOKMARK [2][-]{subsection.24.47.1}{\376\377\000Z\000N\000\040\000S\000y\000m\000m\000e\000t\000r\000y\000\040\000o\000f\000\040\000t\000h\000e\000\040\000O\000p\000e\000r\000a\000t\000o\000r}{section.24.47}% 436
\BOOKMARK [2][-]{subsection.24.47.2}{\376\377\000F\000o\000u\000r\000i\000e\000r\000\040\000B\000a\000s\000i\000s\000\040\000a\000n\000d\000\040\000Z\000N\000\040\000S\000e\000c\000t\000o\000r\000s}{section.24.47}% 437
\BOOKMARK [1][-]{section.24.48}{\376\377\000P\000i\000n\000n\000i\000n\000g\000\040\000T\000e\000r\000m\000\040\000C\000o\000u\000p\000l\000i\000n\000g\000\040\000A\000n\000a\000l\000y\000s\000i\000s}{chapter*.16}% 438
\BOOKMARK [2][-]{subsection.24.48.1}{\376\377\000P\000i\000n\000n\000i\000n\000g\000\040\000S\000t\000r\000e\000n\000g\000t\000h\000\040\000f\000o\000r\000\040\000D\000i\000f\000f\000e\000r\000e\000n\000t\000\040\000M\000o\000d\000e\000s}{section.24.48}% 439
\BOOKMARK [1][-]{section.24.49}{\376\377\000S\000e\000l\000e\000c\000t\000i\000o\000n\000\040\000L\000e\000m\000m\000a\000:\000\040\000\050\000N\000\051\000\040\000a\000s\000\040\000L\000e\000a\000d\000i\000n\000g\000\040\000M\000o\000d\000e}{chapter*.16}% 440
\BOOKMARK [2][-]{subsection.24.49.1}{\376\377\000U\000n\000p\000i\000n\000n\000e\000d\000\040\000S\000p\000e\000c\000t\000r\000u\000m}{section.24.49}% 441
\BOOKMARK [2][-]{subsection.24.49.2}{\376\377\000E\000f\000f\000e\000c\000t\000\040\000o\000f\000\040\000P\000i\000n\000n\000i\000n\000g\000:\000\040\000P\000e\000r\000t\000u\000r\000b\000a\000t\000i\000v\000e\000\040\000A\000n\000a\000l\000y\000s\000i\000s}{section.24.49}% 442
\BOOKMARK [2][-]{subsection.24.49.3}{\376\377\000T\000h\000e\000\040\000S\000e\000l\000e\000c\000t\000i\000o\000n\000\040\000L\000e\000m\000m\000a}{section.24.49}% 443
\BOOKMARK [2][-]{subsection.24.49.4}{\376\377\000P\000h\000y\000s\000i\000c\000a\000l\000\040\000I\000n\000t\000e\000r\000p\000r\000e\000t\000a\000t\000i\000o\000n}{section.24.49}% 444
\BOOKMARK [1][-]{section.24.50}{\376\377\000E\000x\000p\000l\000i\000c\000i\000t\000\040\000E\000i\000g\000e\000n\000v\000a\000l\000u\000e\000\040\000C\000a\000l\000c\000u\000l\000a\000t\000i\000o\000n}{chapter*.16}% 445
\BOOKMARK [2][-]{subsection.24.50.1}{\376\377\000A\000n\000s\000a\000t\000z\000\040\000i\000n\000\040\000Z\000N\000-\000S\000y\000m\000m\000e\000t\000r\000i\000c\000\040\000S\000e\000c\000t\000o\000r}{section.24.50}% 446
\BOOKMARK [2][-]{subsection.24.50.2}{\376\377\000C\000o\000m\000p\000a\000r\000i\000s\000o\000n\000\040\000w\000i\000t\000h\000\040\000L\000o\000w\000e\000r\000\040\000M\000o\000d\000e\000s}{section.24.50}% 447
\BOOKMARK [1][-]{section.24.51}{\376\377\000R\000e\000g\000i\000m\000e\000\040\000A\000n\000a\000l\000y\000s\000i\000s}{chapter*.16}% 448
\BOOKMARK [2][-]{subsection.24.51.1}{\376\377\000W\000e\000a\000k\000\040\000P\000i\000n\000n\000i\000n\000g\000\040\000R\000e\000g\000i\000m\000e}{section.24.51}% 449
\BOOKMARK [2][-]{subsection.24.51.2}{\376\377\000S\000t\000r\000o\000n\000g\000\040\000P\000i\000n\000n\000i\000n\000g\000\040\000R\000e\000g\000i\000m\000e}{section.24.51}% 450
\BOOKMARK [1][-]{section.24.52}{\376\377\000C\000o\000n\000c\000l\000u\000s\000i\000o\000n}{chapter*.16}% 451
\BOOKMARK [1][-]{section.24.53}{\376\377\000E\000p\000i\000s\000t\000e\000m\000i\000c\000\040\000S\000t\000a\000t\000u\000s}{chapter*.16}% 452
\BOOKMARK [1][-]{section.24.54}{\376\377\000S\000e\000t\000u\000p\000:\000\040\000G\000e\000n\000e\000r\000a\000l\000\040\000S\000m\000o\000o\000t\000h\000\040\000P\000o\000t\000e\000n\000t\000i\000a\000l}{chapter*.16}% 453
\BOOKMARK [2][-]{subsection.24.54.1}{\376\377\000E\000n\000e\000r\000g\000y\000\040\000F\000u\000n\000c\000t\000i\000o\000n\000a\000l\000\040\000w\000i\000t\000h\000\040\000G\000e\000n\000e\000r\000a\000l\000\040\000W}{section.24.54}% 454
\BOOKMARK [2][-]{subsection.24.54.2}{\376\377\000T\000a\000y\000l\000o\000r\000\040\000E\000x\000p\000a\000n\000s\000i\000o\000n\000\040\000o\000f\000\040\000W}{section.24.54}% 455
\BOOKMARK [1][-]{section.24.55}{\376\377\000S\000e\000c\000o\000n\000d\000\040\000V\000a\000r\000i\000a\000t\000i\000o\000n\000\040\000a\000n\000d\000\040\000M\000o\000d\000e\000\040\000S\000e\000l\000e\000c\000t\000i\000o\000n}{chapter*.16}% 456
\BOOKMARK [2][-]{subsection.24.55.1}{\376\377\000F\000i\000r\000s\000t\000\040\000a\000n\000d\000\040\000S\000e\000c\000o\000n\000d\000\040\000V\000a\000r\000i\000a\000t\000i\000o\000n\000s}{section.24.55}% 457
\BOOKMARK [2][-]{subsection.24.55.2}{\376\377\000T\000h\000e\000\040\000C\000e\000n\000t\000r\000a\000l\000\040\000O\000b\000s\000e\000r\000v\000a\000t\000i\000o\000n}{section.24.55}% 458
\BOOKMARK [1][-]{section.24.56}{\376\377\000N\000o\000n\000l\000i\000n\000e\000a\000r\000\040\000C\000o\000r\000r\000e\000c\000t\000i\000o\000n\000s\000:\000\040\000A\000m\000p\000l\000i\000t\000u\000d\000e\000\040\000a\000n\000d\000\040\000H\000a\000r\000m\000o\000n\000i\000c\000s}{chapter*.16}% 459
\BOOKMARK [2][-]{subsection.24.56.1}{\376\377\000L\000e\000a\000d\000i\000n\000g\000-\000O\000r\000d\000e\000r\000\040\000S\000o\000l\000u\000t\000i\000o\000n}{section.24.56}% 460
\BOOKMARK [2][-]{subsection.24.56.2}{\376\377\000C\000u\000b\000i\000c\000\040\000C\000o\000r\000r\000e\000c\000t\000i\000o\000n}{section.24.56}% 461
\BOOKMARK [2][-]{subsection.24.56.3}{\376\377\000Q\000u\000a\000r\000t\000i\000c\000\040\000C\000o\000r\000r\000e\000c\000t\000i\000o\000n}{section.24.56}% 462
\BOOKMARK [2][-]{subsection.24.56.4}{\376\377\000H\000a\000r\000m\000o\000n\000i\000c\000\040\000C\000o\000n\000t\000e\000n\000t\000\040\000T\000a\000b\000l\000e}{section.24.56}% 463
\BOOKMARK [1][-]{section.24.57}{\376\377\000R\000e\000g\000i\000m\000e\000\040\000o\000f\000\040\000V\000a\000l\000i\000d\000i\000t\000y}{chapter*.16}% 464
\BOOKMARK [2][-]{subsection.24.57.1}{\376\377\000S\000m\000a\000l\000l\000n\000e\000s\000s\000\040\000C\000o\000n\000d\000i\000t\000i\000o\000n\000s}{section.24.57}% 465
\BOOKMARK [2][-]{subsection.24.57.2}{\376\377\000P\000h\000y\000s\000i\000c\000a\000l\000\040\000I\000n\000t\000e\000r\000p\000r\000e\000t\000a\000t\000i\000o\000n}{section.24.57}% 466
\BOOKMARK [1][-]{section.24.58}{\376\377\000T\000h\000e\000\040\000R\000o\000b\000u\000s\000t\000n\000e\000s\000s\000\040\000T\000h\000e\000o\000r\000e\000m}{chapter*.16}% 467
\BOOKMARK [1][-]{section.24.59}{\376\377\000S\000u\000m\000m\000a\000r\000y\000:\000\040\000W\000h\000a\000t\000\040\000C\000h\000a\000n\000g\000e\000s\000\040\000v\000s\000\040\000W\000h\000a\000t\000\040\000D\000o\000e\000s\000n\000'\000t}{chapter*.16}% 468
\BOOKMARK [1][-]{section.24.60}{\376\377\000E\000p\000i\000s\000t\000e\000m\000i\000c\000\040\000S\000t\000a\000t\000u\000s}{chapter*.16}% 469
\BOOKMARK [1][-]{section.24.61}{\376\377\000D\000i\000m\000e\000n\000s\000i\000o\000n\000l\000e\000s\000s\000\040\000F\000o\000r\000m\000u\000l\000a\000t\000i\000o\000n}{chapter*.16}% 470
\BOOKMARK [2][-]{subsection.24.61.1}{\376\377\000T\000h\000e\000\040\000P\000i\000n\000n\000i\000n\000g\000\040\000P\000a\000r\000a\000m\000e\000t\000e\000r\000\040}{section.24.61}% 471
\BOOKMARK [2][-]{subsection.24.61.2}{\376\377\000D\000i\000m\000e\000n\000s\000i\000o\000n\000l\000e\000s\000s\000\040\000O\000p\000e\000r\000a\000t\000o\000r}{section.24.61}% 472
\BOOKMARK [2][-]{subsection.24.61.3}{\376\377\000P\000h\000y\000s\000i\000c\000a\000l\000\040\000S\000c\000a\000l\000e\000\040\000C\000o\000m\000p\000a\000r\000i\000s\000o\000n}{section.24.61}% 473
\BOOKMARK [1][-]{section.24.62}{\376\377\000R\000e\000g\000i\000m\000e\000\040\000C\000l\000a\000s\000s\000i\000f\000i\000c\000a\000t\000i\000o\000n}{chapter*.16}% 474
\BOOKMARK [1][-]{section.24.63}{\376\377\000M\000o\000d\000e\000\040\000I\000n\000d\000e\000x\000\040\000S\000t\000a\000b\000i\000l\000i\000t\000y\000:\000\040\000T\000h\000e\000\040\000S\000y\000m\000m\000e\000t\000r\000y\000\040\000A\000r\000g\000u\000m\000e\000n\000t}{chapter*.16}% 475
\BOOKMARK [2][-]{subsection.24.63.1}{\376\377\000W\000h\000y\000\040\000S\000y\000m\000m\000e\000t\000r\000y\000\040\000T\000r\000u\000m\000p\000s\000\040\000R\000e\000g\000i\000m\000e}{section.24.63}% 476
\BOOKMARK [1][-]{section.24.64}{\376\377\000W\000e\000a\000k\000\040\000P\000i\000n\000n\000i\000n\000g\000\040\000A\000s\000y\000m\000p\000t\000o\000t\000i\000c\000s\000\040\000\050\000N\0002\000\051}{chapter*.16}% 477
\BOOKMARK [2][-]{subsection.24.64.1}{\376\377\000P\000e\000r\000t\000u\000r\000b\000a\000t\000i\000v\000e\000\040\000E\000x\000p\000a\000n\000s\000i\000o\000n}{section.24.64}% 478
\BOOKMARK [2][-]{subsection.24.64.2}{\376\377\000M\000o\000d\000e\000\040\000S\000h\000a\000p\000e\000\040\000i\000n\000\040\000W\000e\000a\000k\000\040\000P\000i\000n\000n\000i\000n\000g}{section.24.64}% 479
\BOOKMARK [1][-]{section.24.65}{\376\377\000S\000t\000r\000o\000n\000g\000\040\000P\000i\000n\000n\000i\000n\000g\000\040\000A\000s\000y\000m\000p\000t\000o\000t\000i\000c\000s\000\040\000\050\000N\0002\000\051}{chapter*.16}% 480
\BOOKMARK [2][-]{subsection.24.65.1}{\376\377\000T\000h\000e\000\040\000C\000l\000a\000m\000p\000e\000d\000\040\000L\000i\000m\000i\000t}{section.24.65}% 481
\BOOKMARK [2][-]{subsection.24.65.2}{\376\377\000P\000i\000e\000c\000e\000w\000i\000s\000e\000\040\000L\000i\000n\000e\000a\000r\000\040\000S\000o\000l\000u\000t\000i\000o\000n}{section.24.65}% 482
\BOOKMARK [2][-]{subsection.24.65.3}{\376\377\000S\000t\000r\000o\000n\000g\000\040\000P\000i\000n\000n\000i\000n\000g\000\040\000E\000i\000g\000e\000n\000v\000a\000l\000u\000e}{section.24.65}% 483
\BOOKMARK [1][-]{section.24.66}{\376\377\000M\000o\000d\000e\000\040\000L\000o\000c\000a\000l\000i\000z\000a\000t\000i\000o\000n\000\040\000i\000n\000\040\000S\000t\000r\000o\000n\000g\000\040\000P\000i\000n\000n\000i\000n\000g}{chapter*.16}% 484
\BOOKMARK [2][-]{subsection.24.66.1}{\376\377\000L\000o\000c\000a\000l\000i\000z\000a\000t\000i\000o\000n\000\040\000M\000e\000t\000r\000i\000c}{section.24.66}% 485
\BOOKMARK [2][-]{subsection.24.66.2}{\376\377\000B\000o\000u\000n\000d\000a\000r\000y\000\040\000L\000a\000y\000e\000r\000\040\000A\000n\000a\000l\000y\000s\000i\000s}{section.24.66}% 486
\BOOKMARK [1][-]{section.24.67}{\376\377\000B\000o\000x\000e\000d\000\040\000R\000e\000g\000i\000m\000e\000\040\000S\000u\000m\000m\000a\000r\000y}{chapter*.16}% 487
\BOOKMARK [1][-]{section.24.68}{\376\377\000I\000n\000t\000e\000r\000p\000o\000l\000a\000t\000i\000o\000n\000\040\000F\000o\000r\000m\000u\000l\000a}{chapter*.16}% 488
\BOOKMARK [1][-]{section.24.69}{\376\377\000C\000o\000n\000c\000l\000u\000s\000i\000o\000n}{chapter*.16}% 489
\BOOKMARK [1][-]{section.24.70}{\376\377\000E\000p\000i\000s\000t\000e\000m\000i\000c\000\040\000S\000t\000a\000t\000u\000s}{chapter*.16}% 490
\BOOKMARK [1][-]{section.24.71}{\376\377\000P\000e\000r\000t\000u\000r\000b\000e\000d\000\040\000O\000p\000e\000r\000a\000t\000o\000r}{chapter*.16}% 491
\BOOKMARK [2][-]{subsection.24.71.1}{\376\377\000S\000e\000t\000u\000p}{section.24.71}% 492
\BOOKMARK [2][-]{subsection.24.71.2}{\376\377\000P\000h\000y\000s\000i\000c\000a\000l\000\040\000I\000n\000t\000e\000r\000p\000r\000e\000t\000a\000t\000i\000o\000n}{section.24.71}% 493
\BOOKMARK [1][-]{section.24.72}{\376\377\000U\000n\000p\000e\000r\000t\000u\000r\000b\000e\000d\000\040\000E\000i\000g\000e\000n\000m\000o\000d\000e\000s}{chapter*.16}% 494
\BOOKMARK [2][-]{subsection.24.72.1}{\376\377\000M\000o\000d\000e\000\040\000S\000t\000r\000u\000c\000t\000u\000r\000e\000\040\000R\000e\000c\000a\000p}{section.24.72}% 495
\BOOKMARK [1][-]{section.24.73}{\376\377\000P\000e\000r\000t\000u\000r\000b\000a\000t\000i\000o\000n\000\040\000T\000h\000e\000o\000r\000y}{chapter*.16}% 496
\BOOKMARK [2][-]{subsection.24.73.1}{\376\377\000F\000i\000r\000s\000t\000-\000O\000r\000d\000e\000r\000\040\000W\000a\000v\000e\000f\000u\000n\000c\000t\000i\000o\000n\000\040\000C\000o\000r\000r\000e\000c\000t\000i\000o\000n}{section.24.73}% 497
\BOOKMARK [2][-]{subsection.24.73.2}{\376\377\000M\000a\000t\000r\000i\000x\000\040\000E\000l\000e\000m\000e\000n\000t\000s}{section.24.73}% 498
\BOOKMARK [2][-]{subsection.24.73.3}{\376\377\000M\000i\000x\000i\000n\000g\000\040\000C\000o\000e\000f\000f\000i\000c\000i\000e\000n\000t\000s}{section.24.73}% 499
\BOOKMARK [1][-]{section.24.74}{\376\377\000O\000v\000e\000r\000l\000a\000p\000\040\000L\000o\000s\000s}{chapter*.16}% 500
\BOOKMARK [2][-]{subsection.24.74.1}{\376\377\000Q\000u\000a\000d\000r\000a\000t\000i\000c\000\040\000S\000c\000a\000l\000i\000n\000g}{section.24.74}% 501
\BOOKMARK [2][-]{subsection.24.74.2}{\376\377\000S\000u\000m\000\040\000O\000v\000e\000r\000\040\000M\000o\000d\000e\000s}{section.24.74}% 502
\BOOKMARK [1][-]{section.24.75}{\376\377\000T\000o\000l\000e\000r\000a\000n\000c\000e\000\040\000T\000h\000e\000o\000r\000e\000m}{chapter*.16}% 503
\BOOKMARK [1][-]{section.24.76}{\376\377\000W\000h\000i\000c\000h\000\040\000H\000a\000r\000m\000o\000n\000i\000c\000s\000\040\000G\000e\000t\000\040\000C\000o\000n\000t\000a\000m\000i\000n\000a\000t\000e\000d\000?}{chapter*.16}% 504
\BOOKMARK [2][-]{subsection.24.76.1}{\376\377\000D\000e\000f\000e\000c\000t\000-\000I\000n\000d\000u\000c\000e\000d\000\040\000C\000o\000u\000p\000l\000i\000n\000g}{section.24.76}% 505
\BOOKMARK [2][-]{subsection.24.76.2}{\376\377\000D\000e\000f\000e\000c\000t\000\040\000P\000o\000s\000i\000t\000i\000o\000n\000\040\000D\000e\000p\000e\000n\000d\000e\000n\000c\000e}{section.24.76}% 506
\BOOKMARK [1][-]{section.24.77}{\376\377\000F\000a\000i\000l\000u\000r\000e\000\040\000M\000o\000d\000e\000:\000\040\000L\000a\000r\000g\000e\000\040}{chapter*.16}% 507
\BOOKMARK [2][-]{subsection.24.77.1}{\376\377\000W\000h\000e\000n\000\040\000P\000e\000r\000t\000u\000r\000b\000a\000t\000i\000o\000n\000\040\000T\000h\000e\000o\000r\000y\000\040\000B\000r\000e\000a\000k\000s\000\040\000D\000o\000w\000n}{section.24.77}% 508
\BOOKMARK [2][-]{subsection.24.77.2}{\376\377\000S\000t\000r\000o\000n\000g\000\040\000B\000r\000e\000a\000k\000i\000n\000g\000\040\000R\000e\000g\000i\000m\000e}{section.24.77}% 509
\BOOKMARK [1][-]{section.24.78}{\376\377\000S\000u\000m\000m\000a\000r\000y}{chapter*.16}% 510
\BOOKMARK [1][-]{section.24.79}{\376\377\000E\000p\000i\000s\000t\000e\000m\000i\000c\000\040\000S\000t\000a\000t\000u\000s}{chapter*.16}% 511
\BOOKMARK [1][-]{section.24.79}{\376\377\000B\000V\000P\000\040\000P\000h\000y\000s\000i\000c\000a\000l\000\040\000P\000a\000r\000a\000m\000e\000t\000e\000r\000s}{chapter*.16}% 512
\BOOKMARK [1][-]{section.24.80}{\376\377\000D\000e\000f\000i\000n\000i\000t\000i\000o\000n\000s\000\040\000a\000n\000d\000\040\000S\000e\000t\000u\000p}{chapter*.16}% 513
\BOOKMARK [2][-]{subsection.24.80.1}{\376\377\000W\000h\000a\000t\000\040\000\040\000M\000e\000a\000n\000s\000\040\000G\000e\000o\000m\000e\000t\000r\000i\000c\000a\000l\000l\000y}{section.24.80}% 514
\BOOKMARK [2][-]{subsection.24.80.2}{\376\377\000U\000n\000i\000t\000\040\000C\000o\000n\000v\000e\000n\000t\000i\000o\000n\000s}{section.24.80}% 515
\BOOKMARK [1][-]{section.24.81}{\376\377\000T\000h\000e\000\040\0005\000D\000\040\000A\000c\000t\000i\000o\000n}{chapter*.16}% 516
\BOOKMARK [2][-]{subsection.24.81.1}{\376\377\000B\000u\000l\000k\000\040\000+\000\040\000B\000r\000a\000n\000e\000\040\000D\000e\000c\000o\000m\000p\000o\000s\000i\000t\000i\000o\000n}{section.24.81}% 517
\BOOKMARK [2][-]{subsection.24.81.2}{\376\377\000W\000h\000i\000c\000h\000\040\000T\000e\000r\000m\000s\000\040\000S\000e\000t\000\040\000W\000h\000i\000c\000h\000\040\000S\000c\000a\000l\000e\000s}{section.24.81}% 518
\BOOKMARK [1][-]{section.24.82}{\376\377\000E\000f\000f\000e\000c\000t\000i\000v\000e\000\040\0001\000D\000\040\000S\000c\000h\000r\000\366\000d\000i\000n\000g\000e\000r\000\040\000P\000r\000o\000b\000l\000e\000m}{chapter*.16}% 519
\BOOKMARK [2][-]{subsection.24.82.1}{\376\377\000D\000i\000m\000e\000n\000s\000i\000o\000n\000a\000l\000\040\000R\000e\000d\000u\000c\000t\000i\000o\000n}{section.24.82}% 520
\BOOKMARK [2][-]{subsection.24.82.2}{\376\377\000P\000o\000t\000e\000n\000t\000i\000a\000l\000\040\000S\000t\000r\000u\000c\000t\000u\000r\000e}{section.24.82}% 521
\BOOKMARK [1][-]{section.24.83}{\376\377\000T\000h\000e\000\040\000P\000r\000o\000t\000o\000n\000\040\000a\000s\000\040\000B\000o\000u\000n\000d\000\040\000S\000t\000a\000t\000e}{chapter*.16}% 522
\BOOKMARK [2][-]{subsection.24.83.1}{\376\377\000B\000o\000u\000n\000d\000\040\000S\000t\000a\000t\000e\000\040\000E\000n\000e\000r\000g\000y}{section.24.83}% 523
\BOOKMARK [2][-]{subsection.24.83.2}{\376\377\000M\000a\000t\000c\000h\000i\000n\000g\000\040\000t\000o\000\040\000P\000r\000o\000t\000o\000n\000\040\000M\000a\000s\000s}{section.24.83}% 524
\BOOKMARK [2][-]{subsection.24.83.3}{\376\377\000D\000e\000t\000e\000r\000m\000i\000n\000i\000n\000g\000\040\000t\000h\000e\000\040\000C\000o\000e\000f\000f\000i\000c\000i\000e\000n\000t}{section.24.83}% 525
\BOOKMARK [1][-]{section.24.84}{\376\377\000C\000o\000n\000s\000i\000s\000t\000e\000n\000c\000y\000\040\000C\000h\000e\000c\000k\000s}{chapter*.16}% 526
\BOOKMARK [2][-]{subsection.24.84.1}{\376\377\000N\000u\000m\000e\000r\000i\000c\000a\000l\000\040\000V\000e\000r\000i\000f\000i\000c\000a\000t\000i\000o\000n}{section.24.84}% 527
\BOOKMARK [2][-]{subsection.24.84.2}{\376\377\000C\000o\000m\000p\000a\000r\000i\000s\000o\000n\000\040\000w\000i\000t\000h\000\040\000O\000t\000h\000e\000r\000\040\000S\000c\000a\000l\000e\000s}{section.24.84}% 528
\BOOKMARK [1][-]{section.24.85}{\376\377\000A\000s\000s\000u\000m\000p\000t\000i\000o\000n\000s\000\040\000a\000n\000d\000\040\000L\000i\000m\000i\000t\000a\000t\000i\000o\000n\000s}{chapter*.16}% 529
\BOOKMARK [2][-]{subsection.24.85.1}{\376\377\000E\000x\000p\000l\000i\000c\000i\000t\000\040\000A\000s\000s\000u\000m\000p\000t\000i\000o\000n\000s}{section.24.85}% 530
\BOOKMARK [2][-]{subsection.24.85.2}{\376\377\000W\000h\000a\000t\000\040\000I\000s\000\040\000N\000O\000T\000\040\000D\000e\000r\000i\000v\000e\000d}{section.24.85}% 531
\BOOKMARK [1][-]{section.24.86}{\376\377\000S\000t\000o\000p\000l\000i\000g\000h\000t\000\040\000V\000e\000r\000d\000i\000c\000t}{chapter*.16}% 532
\BOOKMARK [1][-]{section.24.87}{\376\377\000C\000o\000n\000c\000l\000u\000s\000i\000o\000n}{chapter*.16}% 533
\BOOKMARK [1][-]{section.24.88}{\376\377\000T\000h\000e\000\040\0005\000D\000\040\000D\000i\000r\000a\000c\000\040\000E\000q\000u\000a\000t\000i\000o\000n}{chapter*.16}% 534
\BOOKMARK [2][-]{subsection.24.88.1}{\376\377\000S\000e\000t\000u\000p}{section.24.88}% 535
\BOOKMARK [2][-]{subsection.24.88.2}{\376\377\000C\000h\000i\000r\000a\000l\000\040\000D\000e\000c\000o\000m\000p\000o\000s\000i\000t\000i\000o\000n}{section.24.88}% 536
\BOOKMARK [1][-]{section.24.89}{\376\377\000S\000i\000n\000g\000l\000e\000\040\000D\000o\000m\000a\000i\000n\000\040\000W\000a\000l\000l\000:\000\040\000d\000L\000R\000\040\000=\000\040\0000}{chapter*.16}% 537
\BOOKMARK [2][-]{subsection.24.89.1}{\376\377\000T\000h\000e\000\040\000T\000a\000n\000h\000\040\000P\000r\000o\000f\000i\000l\000e}{section.24.89}% 538
\BOOKMARK [2][-]{subsection.24.89.2}{\376\377\000Z\000e\000r\000o\000\040\000M\000o\000d\000e\000\040\000S\000o\000l\000u\000t\000i\000o\000n\000s}{section.24.89}% 539
\BOOKMARK [2][-]{subsection.24.89.3}{\376\377\000P\000e\000a\000k\000\040\000P\000o\000s\000i\000t\000i\000o\000n\000\040\000A\000n\000a\000l\000y\000s\000i\000s}{section.24.89}% 540
\BOOKMARK [1][-]{section.24.90}{\376\377\000M\000e\000c\000h\000a\000n\000i\000s\000m\000s\000\040\000f\000o\000r\000\040\000d\000L\000R\000\040\000>\000\040\0000}{chapter*.16}% 541
\BOOKMARK [2][-]{subsection.24.90.1}{\376\377\000M\000e\000c\000h\000a\000n\000i\000s\000m\000\040\000A\000:\000\040\000T\000w\000o\000\040\000D\000o\000m\000a\000i\000n\000\040\000W\000a\000l\000l\000s}{section.24.90}% 542
\BOOKMARK [2][-]{subsection.24.90.2}{\376\377\000M\000e\000c\000h\000a\000n\000i\000s\000m\000\040\000B\000:\000\040\000Y\000u\000k\000a\000w\000a\000\040\000C\000o\000u\000p\000l\000i\000n\000g\000\040\000t\000o\000\040\000H\000i\000g\000g\000s\000\040\000P\000r\000o\000f\000i\000l\000e}{section.24.90}% 543
\BOOKMARK [2][-]{subsection.24.90.3}{\376\377\000M\000e\000c\000h\000a\000n\000i\000s\000m\000\040\000C\000:\000\040\000E\000D\000C\000\040\000J\000u\000n\000c\000t\000i\000o\000n\000\040\000G\000e\000o\000m\000e\000t\000r\000y}{section.24.90}% 544
\BOOKMARK [1][-]{section.24.91}{\376\377\000C\000o\000n\000s\000t\000r\000a\000i\000n\000t\000\040\000f\000r\000o\000m\000\040\000O\000P\000R\000-\0002\0001\000\040\000G\000a\000t\000e\000s}{chapter*.16}% 545
\BOOKMARK [2][-]{subsection.24.91.1}{\376\377\000T\000h\000e\000\040\000I\0004\000\040\000G\000a\000t\000e}{section.24.91}% 546
\BOOKMARK [2][-]{subsection.24.91.2}{\376\377\000G\000a\000t\000e\000\040\0001\000\040\000C\000o\000n\000s\000t\000r\000a\000i\000n\000t}{section.24.91}% 547
\BOOKMARK [2][-]{subsection.24.91.3}{\376\377\000W\000h\000y\000\040\0008\000\040\000S\000p\000e\000c\000i\000f\000i\000c\000a\000l\000l\000y\000?}{section.24.91}% 548
\BOOKMARK [1][-]{section.24.92}{\376\377\000T\000h\000e\000\040\000r\000p\000\040\000C\000o\000i\000n\000c\000i\000d\000e\000n\000c\000e}{chapter*.16}% 549
\BOOKMARK [2][-]{subsection.24.92.1}{\376\377\000N\000u\000m\000e\000r\000i\000c\000a\000l\000\040\000M\000a\000t\000c\000h}{section.24.92}% 550
\BOOKMARK [2][-]{subsection.24.92.2}{\376\377\000P\000o\000s\000s\000i\000b\000l\000e\000\040\000I\000n\000t\000e\000r\000p\000r\000e\000t\000a\000t\000i\000o\000n\000s}{section.24.92}% 551
\BOOKMARK [1][-]{section.24.93}{\376\377\000D\000e\000r\000i\000v\000a\000t\000i\000o\000n\000\040\000S\000u\000m\000m\000a\000r\000y}{chapter*.16}% 552
\BOOKMARK [1][-]{section.24.94}{\376\377\000S\000t\000o\000p\000l\000i\000g\000h\000t\000\040\000V\000e\000r\000d\000i\000c\000t}{chapter*.16}% 553
\BOOKMARK [1][-]{section.24.95}{\376\377\000C\000o\000n\000c\000l\000u\000s\000i\000o\000n}{chapter*.16}% 554
\BOOKMARK [1][-]{section.24.96}{\376\377\000D\000e\000f\000i\000n\000i\000t\000i\000o\000n\000\040\000o\000f\000\040\000F\000e\000r\000m\000i\000o\000n\000\040\000W\000i\000d\000t\000h}{chapter*.16}% 555
\BOOKMARK [2][-]{subsection.24.96.1}{\376\377\000I\000n\000\040\000t\000h\000e\000\040\000B\000V\000P\000\040\000F\000r\000a\000m\000e\000w\000o\000r\000k}{section.24.96}% 556
\BOOKMARK [1][-]{section.24.97}{\376\377\000C\000o\000n\000s\000t\000r\000a\000i\000n\000t\000\040\0001\000:\000\040\000N\000o\000r\000m\000a\000l\000i\000z\000a\000b\000i\000l\000i\000t\000y}{chapter*.16}% 557
\BOOKMARK [2][-]{subsection.24.97.1}{\376\377\000B\000o\000u\000n\000d\000-\000S\000t\000a\000t\000e\000\040\000E\000x\000i\000s\000t\000e\000n\000c\000e}{section.24.97}% 558
\BOOKMARK [1][-]{section.24.98}{\376\377\000C\000o\000n\000s\000t\000r\000a\000i\000n\000t\000\040\0002\000:\000\040\000C\000o\000n\000f\000i\000n\000e\000m\000e\000n\000t\000\040\000t\000o\000\040\000B\000r\000a\000n\000e}{chapter*.16}% 559
\BOOKMARK [2][-]{subsection.24.98.1}{\376\377\000P\000h\000y\000s\000i\000c\000a\000l\000\040\000R\000e\000q\000u\000i\000r\000e\000m\000e\000n\000t}{section.24.98}% 560
\BOOKMARK [1][-]{section.24.99}{\376\377\000C\000o\000n\000s\000t\000r\000a\000i\000n\000t\000\040\0003\000:\000\040\000G\000r\000o\000u\000n\000d\000-\000S\000t\000a\000t\000e\000\040\000D\000o\000m\000i\000n\000a\000n\000c\000e}{chapter*.16}% 561
\BOOKMARK [2][-]{subsection.24.99.1}{\376\377\000S\000p\000e\000c\000t\000r\000a\000l\000\040\000G\000a\000p}{section.24.99}% 562
\BOOKMARK [1][-]{section.24.100}{\376\377\000C\000o\000n\000s\000t\000r\000a\000i\000n\000t\000\040\0004\000:\000\040\000V\000a\000r\000i\000a\000t\000i\000o\000n\000a\000l\000\040\000P\000r\000i\000n\000c\000i\000p\000l\000e}{chapter*.16}% 563
\BOOKMARK [2][-]{subsection.24.100.1}{\376\377\000E\000n\000e\000r\000g\000y\000\040\000F\000u\000n\000c\000t\000i\000o\000n\000a\000l}{section.24.100}% 564
\BOOKMARK [2][-]{subsection.24.100.2}{\376\377\000O\000p\000t\000i\000m\000a\000l\000\040\000W\000i\000d\000t\000h}{section.24.100}% 565
\BOOKMARK [1][-]{section.24.101}{\376\377\000C\000o\000m\000b\000i\000n\000e\000d\000\040\000C\000o\000n\000s\000t\000r\000a\000i\000n\000t\000s}{chapter*.16}% 566
\BOOKMARK [2][-]{subsection.24.101.1}{\376\377\000T\000h\000e\000\040\000A\000l\000l\000o\000w\000e\000d\000\040\000W\000i\000n\000d\000o\000w}{section.24.101}% 567
\BOOKMARK [2][-]{subsection.24.101.2}{\376\377\000W\000h\000y\000\040\000L\000a\000r\000g\000e\000r\000\040\000f\000w\000\040\000A\000f\000f\000e\000c\000t\000s\000\040\000O\000v\000e\000r\000l\000a\000p}{section.24.101}% 568
\BOOKMARK [1][-]{section.24.102}{\376\377\000W\000h\000a\000t\000\040\000I\000s\000\040\000N\000O\000T\000\040\000D\000e\000r\000i\000v\000e\000d}{chapter*.16}% 569
\BOOKMARK [2][-]{subsection.24.102.1}{\376\377\000W\000h\000y\000\040\000S\000p\000e\000c\000i\000f\000i\000c\000a\000l\000l\000y\000\040\0000\000.\0008\000?}{section.24.102}% 570
\BOOKMARK [2][-]{subsection.24.102.2}{\376\377\000W\000h\000a\000t\000\040\000W\000o\000u\000l\000d\000\040\000U\000p\000g\000r\000a\000d\000e\000\040\000t\000o\000\040\000[\000D\000e\000r\000]}{section.24.102}% 571
\BOOKMARK [1][-]{section.24.103}{\376\377\000S\000t\000o\000p\000l\000i\000g\000h\000t\000\040\000V\000e\000r\000d\000i\000c\000t}{chapter*.16}% 572
\BOOKMARK [1][-]{section.24.104}{\376\377\000C\000o\000n\000c\000l\000u\000s\000i\000o\000n}{chapter*.16}% 573
\BOOKMARK [1][-]{Item.518}{\376\377\000G\000F\000\040\000N\000o\000n\000-\000C\000i\000r\000c\000u\000l\000a\000r\000\040\000C\000h\000a\000i\000n}{chapter*.16}% 574
\BOOKMARK [1][-]{section.24.105}{\376\377\000S\000t\000e\000p\000\040\0000\000:\000\040\000C\000i\000r\000c\000u\000l\000a\000r\000i\000t\000y\000\040\000A\000u\000d\000i\000t}{chapter*.16}% 575
\BOOKMARK [2][-]{subsection.24.105.1}{\376\377\000T\000h\000e\000\040\000C\000i\000r\000c\000u\000l\000a\000r\000\040\000D\000e\000p\000e\000n\000d\000e\000n\000c\000y}{section.24.105}% 576
\BOOKMARK [2][-]{subsection.24.105.2}{\376\377\000W\000h\000e\000r\000e\000\040\000C\000i\000r\000c\000u\000l\000a\000r\000i\000t\000y\000\040\000O\000c\000c\000u\000r\000s\000\040\000\050\000F\000i\000l\000e\000\040\000R\000e\000f\000e\000r\000e\000n\000c\000e\000s\000\051}{section.24.105}% 577
\BOOKMARK [2][-]{subsection.24.105.3}{\376\377\000W\000h\000a\000t\000\040\000I\000S\000\040\000I\000n\000d\000e\000p\000e\000n\000d\000e\000n\000t}{section.24.105}% 578
\BOOKMARK [1][-]{section.24.106}{\376\377\000S\000t\000e\000p\000\040\0001\000:\000\040\000N\000o\000n\000-\000C\000i\000r\000c\000u\000l\000a\000r\000\040\000C\000h\000a\000i\000n\000\040\000D\000e\000f\000i\000n\000i\000t\000i\000o\000n\000s}{chapter*.16}% 579
\BOOKMARK [2][-]{subsection.24.106.1}{\376\377\000T\000h\000e\000\040\000F\000o\000r\000w\000a\000r\000d\000\040\000C\000h\000a\000i\000n\000\040\000\050\000N\000o\000\040\000v\000\040\000A\000l\000l\000o\000w\000e\000d\000\051}{section.24.106}% 580
\BOOKMARK [2][-]{subsection.24.106.2}{\376\377\000D\000e\000f\000i\000n\000i\000t\000i\000o\000n\000s}{section.24.106}% 581
\BOOKMARK [1][-]{section.24.107}{\376\377\000S\000t\000e\000p\000\040\0002\000A\000:\000\040\000D\000e\000r\000i\000v\000a\000b\000l\000e\000\040\000S\000k\000e\000l\000e\000t\000o\000n\000\040\000\050\000N\000o\000\040\000B\000V\000P\000\040\000N\000e\000e\000d\000e\000d\000\051}{chapter*.16}% 582
\BOOKMARK [2][-]{subsection.24.107.1}{\376\377\000D\000i\000m\000e\000n\000s\000i\000o\000n\000a\000l\000\040\000S\000k\000e\000l\000e\000t\000o\000n\000\040\000[\000D\000e\000r\000]}{section.24.107}% 583
\BOOKMARK [2][-]{subsection.24.107.2}{\376\377\000D\000i\000m\000e\000n\000s\000i\000o\000n\000l\000e\000s\000s\000\040\000F\000o\000r\000m\000\040\000[\000D\000e\000r\000]}{section.24.107}% 584
\BOOKMARK [2][-]{subsection.24.107.3}{\376\377\000R\000e\000d\000u\000c\000t\000i\000o\000n\000\040\000U\000s\000i\000n\000g\000\040\000E\000D\000C\000\040\000S\000c\000a\000l\000e\000s\000\040\000[\000D\000c\000]}{section.24.107}% 585
\BOOKMARK [1][-]{section.24.108}{\376\377\000S\000t\000e\000p\000\040\0002\000B\000:\000\040\000B\000V\000P\000-\000D\000e\000p\000e\000n\000d\000e\000n\000t\000\040\000L\000a\000y\000e\000r\000\040\000\050\000F\000a\000l\000s\000i\000f\000i\000c\000a\000t\000i\000o\000n\000\040\000G\000a\000t\000e\000s\000\051}{chapter*.16}% 586
\BOOKMARK [2][-]{subsection.24.108.1}{\376\377\000W\000h\000a\000t\000\040\000B\000V\000P\000\040\000M\000u\000s\000t\000\040\000O\000u\000t\000p\000u\000t}{section.24.108}% 587
\BOOKMARK [2][-]{subsection.24.108.2}{\376\377\000F\000a\000l\000s\000i\000f\000i\000c\000a\000t\000i\000o\000n\000\040\000G\000a\000t\000e\000s}{section.24.108}% 588
\BOOKMARK [2][-]{subsection.24.108.3}{\376\377\000S\000u\000c\000c\000e\000s\000s\000\040\000C\000r\000i\000t\000e\000r\000i\000a}{section.24.108}% 589
\BOOKMARK [1][-]{section.24.109}{\376\377\000S\000t\000e\000p\000\040\0003\000:\000\040\000T\000o\000y\000\040\000M\000o\000d\000e\000l\000\040\000B\000o\000u\000n\000d\000s\000\040\000\050\000F\000e\000a\000s\000i\000b\000i\000l\000i\000t\000y\000\040\000W\000i\000n\000d\000o\000w\000\051}{chapter*.16}% 590
\BOOKMARK [2][-]{subsection.24.109.1}{\376\377\000S\000i\000m\000p\000l\000i\000f\000i\000e\000d\000\040\000A\000n\000s\000a\000t\000z}{section.24.109}% 591
\BOOKMARK [2][-]{subsection.24.109.2}{\376\377\000C\000h\000i\000r\000a\000l\000i\000t\000y\000\040\000S\000u\000p\000p\000r\000e\000s\000s\000i\000o\000n\000\040\000F\000a\000c\000t\000o\000r}{section.24.109}% 592
\BOOKMARK [2][-]{subsection.24.109.3}{\376\377\000O\000v\000e\000r\000l\000a\000p\000\040\000I\000n\000t\000e\000g\000r\000a\000l\000\040\000E\000s\000t\000i\000m\000a\000t\000e}{section.24.109}% 593
\BOOKMARK [2][-]{subsection.24.109.4}{\376\377\000R\000e\000q\000u\000i\000r\000e\000d\000\040\000\040\000f\000o\000r\000\040\000T\000a\000r\000g\000e\000t\000\040\000W\000i\000n\000d\000o\000w}{section.24.109}% 594
\BOOKMARK [2][-]{subsection.24.109.5}{\376\377\000T\000o\000y\000\040\000W\000i\000n\000d\000o\000w\000\040\000S\000u\000m\000m\000a\000r\000y}{section.24.109}% 595
\BOOKMARK [1][-]{section.24.110}{\376\377\000S\000u\000m\000m\000a\000r\000y}{chapter*.16}% 596
\BOOKMARK [2][-]{subsection.24.110.1}{\376\377\000E\000p\000i\000s\000t\000e\000m\000i\000c\000\040\000A\000s\000s\000e\000s\000s\000m\000e\000n\000t}{section.24.110}% 597
\BOOKMARK [1][-]{section.24.111}{\376\377\000S\000e\000t\000u\000p\000:\000\040\0005\000D\000\040\000A\000c\000t\000i\000o\000n\000\040\000a\000n\000d\000\040\000M\000o\000d\000e\000\040\000E\000q\000u\000a\000t\000i\000o\000n}{chapter*.16}% 598
\BOOKMARK [2][-]{subsection.24.111.1}{\376\377\000T\000h\000e\000\040\0005\000D\000\040\000F\000e\000r\000m\000i\000o\000n\000\040\000A\000c\000t\000i\000o\000n}{section.24.111}% 599
\BOOKMARK [2][-]{subsection.24.111.2}{\376\377\000K\000K\000\040\000D\000e\000c\000o\000m\000p\000o\000s\000i\000t\000i\000o\000n}{section.24.111}% 600
\BOOKMARK [2][-]{subsection.24.111.3}{\376\377\000M\000o\000d\000e\000\040\000E\000q\000u\000a\000t\000i\000o\000n\000s}{section.24.111}% 601
\BOOKMARK [1][-]{section.24.112}{\376\377\000B\000a\000c\000k\000g\000r\000o\000u\000n\000d\000\040\000T\000y\000p\000e\000\040\0001\000:\000\040\000G\000a\000u\000s\000s\000i\000a\000n\000\040\000W\000a\000l\000l}{chapter*.16}% 602
\BOOKMARK [2][-]{subsection.24.112.1}{\376\377\000P\000h\000y\000s\000i\000c\000a\000l\000\040\000M\000o\000t\000i\000v\000a\000t\000i\000o\000n}{section.24.112}% 603
\BOOKMARK [2][-]{subsection.24.112.2}{\376\377\000D\000e\000r\000i\000v\000e\000d\000\040\000P\000o\000t\000e\000n\000t\000i\000a\000l}{section.24.112}% 604
\BOOKMARK [2][-]{subsection.24.112.3}{\376\377\000S\000c\000a\000l\000i\000n\000g\000\040\000A\000n\000a\000l\000y\000s\000i\000s}{section.24.112}% 605
\BOOKMARK [1][-]{section.24.113}{\376\377\000B\000a\000c\000k\000g\000r\000o\000u\000n\000d\000\040\000T\000y\000p\000e\000\040\0002\000:\000\040\000R\000a\000n\000d\000a\000l\000l\000-\000S\000u\000n\000d\000r\000u\000m\000-\000l\000i\000k\000e}{chapter*.16}% 606
\BOOKMARK [2][-]{subsection.24.113.1}{\376\377\000P\000h\000y\000s\000i\000c\000a\000l\000\040\000M\000o\000t\000i\000v\000a\000t\000i\000o\000n}{section.24.113}% 607
\BOOKMARK [2][-]{subsection.24.113.2}{\376\377\000E\000f\000f\000e\000c\000t\000i\000v\000e\000\040\000P\000o\000t\000e\000n\000t\000i\000a\000l}{section.24.113}% 608
\BOOKMARK [2][-]{subsection.24.113.3}{\376\377\000S\000m\000o\000o\000t\000h\000e\000d\000\040\000V\000e\000r\000s\000i\000o\000n}{section.24.113}% 609
\BOOKMARK [1][-]{section.24.114}{\376\377\000B\000a\000c\000k\000g\000r\000o\000u\000n\000d\000\040\000T\000y\000p\000e\000\040\0003\000:\000\040\000D\000o\000m\000a\000i\000n\000\040\000W\000a\000l\000l\000\040\000\050\000T\000a\000n\000h\000\051}{chapter*.16}% 610
\BOOKMARK [2][-]{subsection.24.114.1}{\376\377\000P\000h\000y\000s\000i\000c\000a\000l\000\040\000M\000o\000t\000i\000v\000a\000t\000i\000o\000n}{section.24.114}% 611
\BOOKMARK [2][-]{subsection.24.114.2}{\376\377\000L\000e\000f\000t\000\040\000a\000n\000d\000\040\000R\000i\000g\000h\000t\000\040\000P\000o\000t\000e\000n\000t\000i\000a\000l\000s}{section.24.114}% 612
\BOOKMARK [2][-]{subsection.24.114.3}{\376\377\000C\000h\000i\000r\000a\000l\000i\000t\000y\000\040\000S\000e\000p\000a\000r\000a\000t\000i\000o\000n}{section.24.114}% 613
\BOOKMARK [1][-]{section.24.115}{\376\377\000C\000o\000m\000p\000a\000r\000i\000s\000o\000n\000\040\000o\000f\000\040\000B\000a\000c\000k\000g\000r\000o\000u\000n\000d\000\040\000T\000y\000p\000e\000s}{chapter*.16}% 614
\BOOKMARK [1][-]{section.24.116}{\376\377\000B\000V\000P\000\040\000I\000m\000p\000l\000e\000m\000e\000n\000t\000a\000t\000i\000o\000n}{chapter*.16}% 615
\BOOKMARK [2][-]{subsection.24.116.1}{\376\377\000T\000h\000e\000\040\000G\000a\000u\000s\000s\000i\000a\000n\000\040\000W\000a\000l\000l\000\040\000C\000h\000o\000i\000c\000e}{section.24.116}% 616
\BOOKMARK [2][-]{subsection.24.116.2}{\376\377\000P\000o\000t\000e\000n\000t\000i\000a\000l\000\040\000P\000a\000r\000a\000m\000e\000t\000e\000r\000s}{section.24.116}% 617
\BOOKMARK [2][-]{subsection.24.116.3}{\376\377\000F\000e\000r\000m\000i\000o\000n\000\040\000L\000o\000c\000a\000l\000i\000z\000a\000t\000i\000o\000n}{section.24.116}% 618
\BOOKMARK [1][-]{section.24.117}{\376\377\000E\000p\000i\000s\000t\000e\000m\000i\000c\000\040\000S\000t\000a\000t\000u\000s\000\040\000S\000u\000m\000m\000a\000r\000y}{chapter*.16}% 619
\BOOKMARK [1][-]{section.24.118}{\376\377\000W\000h\000a\000t\000\040\000R\000e\000m\000a\000i\000n\000s\000\040\000O\000p\000e\000n}{chapter*.16}% 620
\BOOKMARK [1][-]{section.24.119}{\376\377\000C\000o\000n\000c\000l\000u\000s\000i\000o\000n}{chapter*.16}% 621
\BOOKMARK [1][-]{section.24.120}{\376\377\000T\000h\000e\000\040\000P\000r\000e\000f\000a\000c\000t\000o\000r\000\040\000P\000r\000o\000b\000l\000e\000m}{chapter*.16}% 622
\BOOKMARK [1][-]{section.24.121}{\376\377\000S\000e\000m\000i\000c\000l\000a\000s\000s\000i\000c\000a\000l\000\040\000F\000r\000a\000m\000e\000w\000o\000r\000k}{chapter*.16}% 623
\BOOKMARK [2][-]{subsection.24.121.1}{\376\377\000S\000t\000a\000n\000d\000a\000r\000d\000\040\0001\000D\000\040\000T\000u\000n\000n\000e\000l\000i\000n\000g\000\040\000R\000e\000s\000u\000l\000t\000\040\000[\000M\000]}{section.24.121}% 624
\BOOKMARK [2][-]{subsection.24.121.2}{\376\377\000L\000i\000f\000e\000t\000i\000m\000e\000\040\000F\000o\000r\000m\000u\000l\000a}{section.24.121}% 625
\BOOKMARK [1][-]{section.24.122}{\376\377\000E\000x\000t\000r\000a\000c\000t\000i\000o\000n\000\040\000o\000f\000\040\000P\000r\000e\000f\000a\000c\000t\000o\000r\000\040\000A}{chapter*.16}% 626
\BOOKMARK [2][-]{subsection.24.122.1}{\376\377\000M\000a\000t\000c\000h\000i\000n\000g\000\040\000t\000o\000\040\000E\000D\000C\000\040\000F\000o\000r\000m\000u\000l\000a}{section.24.122}% 627
\BOOKMARK [2][-]{subsection.24.122.2}{\376\377\000C\000l\000o\000s\000e\000d\000-\000F\000o\000r\000m\000\040\000E\000x\000p\000r\000e\000s\000s\000i\000o\000n\000\040\000[\000D\000e\000r\000]}{section.24.122}% 628
\BOOKMARK [2][-]{subsection.24.122.3}{\376\377\000N\000u\000m\000e\000r\000i\000c\000a\000l\000\040\000E\000v\000a\000l\000u\000a\000t\000i\000o\000n}{section.24.122}% 629
\BOOKMARK [2][-]{subsection.24.122.4}{\376\377\000P\000h\000y\000s\000i\000c\000a\000l\000\040\000I\000n\000t\000e\000r\000p\000r\000e\000t\000a\000t\000i\000o\000n}{section.24.122}% 630
\BOOKMARK [1][-]{section.24.123}{\376\377\000B\000a\000r\000r\000i\000e\000r\000\040\000F\000r\000e\000q\000u\000e\000n\000c\000y\000\040\000E\000s\000t\000i\000m\000a\000t\000i\000o\000n}{chapter*.16}% 631
\BOOKMARK [2][-]{subsection.24.123.1}{\376\377\000F\000r\000o\000m\000\040\000P\000o\000t\000e\000n\000t\000i\000a\000l\000\040\000C\000u\000r\000v\000a\000t\000u\000r\000e}{section.24.123}% 632
\BOOKMARK [2][-]{subsection.24.123.2}{\376\377\000F\000r\000o\000m\000\040\000E\000x\000i\000s\000t\000i\000n\000g\000\040\000C\000o\000d\000e}{section.24.123}% 633
\BOOKMARK [1][-]{section.24.124}{\376\377\000S\000u\000m\000m\000a\000r\000y\000\040\000o\000f\000\040\000D\000e\000r\000i\000v\000e\000d\000\040\000F\000o\000r\000m\000u\000l\000a}{chapter*.16}% 634
\BOOKMARK [1][-]{section.24.125}{\376\377\000E\000p\000i\000s\000t\000e\000m\000i\000c\000\040\000A\000s\000s\000e\000s\000s\000m\000e\000n\000t}{chapter*.16}% 635
\BOOKMARK [2][-]{subsection.24.125.1}{\376\377\000W\000h\000a\000t\000\040\000i\000s\000\040\000D\000e\000r\000i\000v\000e\000d}{section.24.125}% 636
\BOOKMARK [2][-]{subsection.24.125.2}{\376\377\000W\000h\000a\000t\000\040\000R\000e\000m\000a\000i\000n\000s\000\040\000C\000o\000n\000d\000i\000t\000i\000o\000n\000a\000l}{section.24.125}% 637
\BOOKMARK [1][-]{section.24.126}{\376\377\000C\000o\000m\000p\000a\000r\000i\000s\000o\000n\000\040\000w\000i\000t\000h\000\040\000P\000r\000e\000v\000i\000o\000u\000s\000\040\000W\000o\000r\000k}{chapter*.16}% 638
\BOOKMARK [2][-]{subsection.24.126.1}{\376\377\000P\000r\000e\000v\000i\000o\000u\000s\000\040\000S\000t\000a\000t\000u\000s}{section.24.126}% 639
\BOOKMARK [2][-]{subsection.24.126.2}{\376\377\000C\000u\000r\000r\000e\000n\000t\000\040\000S\000t\000a\000t\000u\000s}{section.24.126}% 640
\BOOKMARK [1][-]{section.24.127}{\376\377\000C\000o\000n\000c\000l\000u\000s\000i\000o\000n}{chapter*.16}% 641
\BOOKMARK [1][-]{equation.24.406}{\376\377\000V\000o\000r\000t\000e\000x\000\040\000I\000n\000t\000e\000r\000a\000c\000t\000i\000o\000n\000\040\000A\000n\000a\000l\000y\000s\000i\000s}{chapter*.16}% 642
\BOOKMARK [1][-]{equation.24.409}{\376\377\000O\000p\000e\000n\000\040\000P\000r\000o\000b\000l\000e\000m\000\040\000R\000e\000g\000i\000s\000t\000r\000y}{chapter*.16}% 643
\BOOKMARK [1][-]{equation.24.409}{\376\377\000S\000u\000m\000m\000a\000r\000y\000\040\000B\000o\000x\000e\000s}{chapter*.16}% 644
\BOOKMARK [0][-]{chapter*.17}{\376\377\000A\000p\000p\000e\000n\000d\000i\000x\000:\000\040\000E\000D\000C\000\040\000v\000s\000\040\000S\000t\000a\000n\000d\000a\000r\000d\000\040\000M\000o\000d\000e\000l}{part*.15}% 645
\BOOKMARK [0][-]{chapter*.18}{\376\377\000A\000p\000p\000e\000n\000d\000i\000x\000:\000\040\000N\000o\000t\000a\000t\000i\000o\000n}{part*.15}% 646
\BOOKMARK [0][-]{chapter*.19}{\376\377\000R\000e\000f\000e\000r\000e\000n\000c\000e\000s}{part*.15}% 647
