This is XeTeX, Version 3.141592653-2.6-0.999997 (TeX Live 2025) (preloaded format=xelatex 2026.1.12)  29 JAN 2026 22:48
entering extended mode
 restricted \write18 enabled.
 %&-line parsing enabled.
**EDC_BOOK2_WEAK_CANON.tex
(./EDC_BOOK2_WEAK_CANON.tex
LaTeX2e <2024-11-01> patch level 2
L3 programming layer <2025-01-18>
(/usr/local/texlive/2025/texmf-dist/tex/latex/base/book.cls
Document Class: book 2024/06/29 v1.4n Standard LaTeX document class
(/usr/local/texlive/2025/texmf-dist/tex/latex/base/bk11.clo
File: bk11.clo 2024/06/29 v1.4n Standard LaTeX file (size option)
)
\c@part=\count192
\c@chapter=\count193
\c@section=\count194
\c@subsection=\count195
\c@subsubsection=\count196
\c@paragraph=\count197
\c@subparagraph=\count198
\c@figure=\count199
\c@table=\count266
\abovecaptionskip=\skip49
\belowcaptionskip=\skip50
\bibindent=\dimen141
)
(/usr/local/texlive/2025/texmf-dist/tex/latex/fontspec/fontspec.sty
(/usr/local/texlive/2025/texmf-dist/tex/latex/l3packages/xparse/xparse.sty
(/usr/local/texlive/2025/texmf-dist/tex/latex/l3kernel/expl3.sty
Package: expl3 2025-01-18 L3 programming layer (loader) 

(/usr/local/texlive/2025/texmf-dist/tex/latex/l3backend/l3backend-xetex.def
File: l3backend-xetex.def 2024-05-08 L3 backend support: XeTeX
\g__graphics_track_int=\count267
\l__pdf_internal_box=\box52
\g__pdf_backend_annotation_int=\count268
\g__pdf_backend_link_int=\count269
))
Package: xparse 2024-08-16 L3 Experimental document command parser
)
Package: fontspec 2024/05/11 v2.9e Font selection for XeLaTeX and LuaLaTeX

(/usr/local/texlive/2025/texmf-dist/tex/latex/fontspec/fontspec-xetex.sty
Package: fontspec-xetex 2024/05/11 v2.9e Font selection for XeLaTeX and LuaLaTe
X
\l__fontspec_script_int=\count270
\l__fontspec_language_int=\count271
\l__fontspec_strnum_int=\count272
\l__fontspec_tmp_int=\count273
\l__fontspec_tmpa_int=\count274
\l__fontspec_tmpb_int=\count275
\l__fontspec_tmpc_int=\count276
\l__fontspec_em_int=\count277
\l__fontspec_emdef_int=\count278
\l__fontspec_strong_int=\count279
\l__fontspec_strongdef_int=\count280
\l__fontspec_tmpa_dim=\dimen142
\l__fontspec_tmpb_dim=\dimen143
\l__fontspec_tmpc_dim=\dimen144

(/usr/local/texlive/2025/texmf-dist/tex/latex/base/fontenc.sty
Package: fontenc 2021/04/29 v2.0v Standard LaTeX package
)
(/usr/local/texlive/2025/texmf-dist/tex/latex/fontspec/fontspec.cfg)))
(/usr/local/texlive/2025/texmf-dist/tex/latex/amsmath/amsmath.sty
Package: amsmath 2024/11/05 v2.17t AMS math features
\@mathmargin=\skip51

For additional information on amsmath, use the `?' option.
(/usr/local/texlive/2025/texmf-dist/tex/latex/amsmath/amstext.sty
Package: amstext 2021/08/26 v2.01 AMS text

(/usr/local/texlive/2025/texmf-dist/tex/latex/amsmath/amsgen.sty
File: amsgen.sty 1999/11/30 v2.0 generic functions
\@emptytoks=\toks17
\ex@=\dimen145
))
(/usr/local/texlive/2025/texmf-dist/tex/latex/amsmath/amsbsy.sty
Package: amsbsy 1999/11/29 v1.2d Bold Symbols
\pmbraise@=\dimen146
)
(/usr/local/texlive/2025/texmf-dist/tex/latex/amsmath/amsopn.sty
Package: amsopn 2022/04/08 v2.04 operator names
)
\inf@bad=\count281
LaTeX Info: Redefining \frac on input line 233.
\uproot@=\count282
\leftroot@=\count283
LaTeX Info: Redefining \overline on input line 398.
LaTeX Info: Redefining \colon on input line 409.
\classnum@=\count284
\DOTSCASE@=\count285
LaTeX Info: Redefining \ldots on input line 495.
LaTeX Info: Redefining \dots on input line 498.
LaTeX Info: Redefining \cdots on input line 619.
\Mathstrutbox@=\box53
\strutbox@=\box54
LaTeX Info: Redefining \big on input line 721.
LaTeX Info: Redefining \Big on input line 722.
LaTeX Info: Redefining \bigg on input line 723.
LaTeX Info: Redefining \Bigg on input line 724.
\big@size=\dimen147
LaTeX Font Info:    Redeclaring font encoding OML on input line 742.
LaTeX Font Info:    Redeclaring font encoding OMS on input line 743.
\macc@depth=\count286
LaTeX Info: Redefining \bmod on input line 904.
LaTeX Info: Redefining \pmod on input line 909.
LaTeX Info: Redefining \smash on input line 939.
LaTeX Info: Redefining \relbar on input line 969.
LaTeX Info: Redefining \Relbar on input line 970.
\c@MaxMatrixCols=\count287
\dotsspace@=\muskip17
\c@parentequation=\count288
\dspbrk@lvl=\count289
\tag@help=\toks18
\row@=\count290
\column@=\count291
\maxfields@=\count292
\andhelp@=\toks19
\eqnshift@=\dimen148
\alignsep@=\dimen149
\tagshift@=\dimen150
\tagwidth@=\dimen151
\totwidth@=\dimen152
\lineht@=\dimen153
\@envbody=\toks20
\multlinegap=\skip52
\multlinetaggap=\skip53
\mathdisplay@stack=\toks21
LaTeX Info: Redefining \[ on input line 2953.
LaTeX Info: Redefining \] on input line 2954.
)
(/usr/local/texlive/2025/texmf-dist/tex/latex/amsfonts/amssymb.sty
Package: amssymb 2013/01/14 v3.01 AMS font symbols

(/usr/local/texlive/2025/texmf-dist/tex/latex/amsfonts/amsfonts.sty
Package: amsfonts 2013/01/14 v3.01 Basic AMSFonts support
\symAMSa=\mathgroup4
\symAMSb=\mathgroup5
LaTeX Font Info:    Redeclaring math symbol \hbar on input line 98.
LaTeX Font Info:    Overwriting math alphabet `\mathfrak' in version `bold'
(Font)                  U/euf/m/n --> U/euf/b/n on input line 106.
))
(/usr/local/texlive/2025/texmf-dist/tex/latex/amscls/amsthm.sty
Package: amsthm 2020/05/29 v2.20.6
\thm@style=\toks22
\thm@bodyfont=\toks23
\thm@headfont=\toks24
\thm@notefont=\toks25
\thm@headpunct=\toks26
\thm@preskip=\skip54
\thm@postskip=\skip55
\thm@headsep=\skip56
\dth@everypar=\toks27
)
(/usr/local/texlive/2025/texmf-dist/tex/latex/physics/physics.sty
Package: physics 
)
(/usr/local/texlive/2025/texmf-dist/tex/latex/geometry/geometry.sty
Package: geometry 2020/01/02 v5.9 Page Geometry

(/usr/local/texlive/2025/texmf-dist/tex/latex/graphics/keyval.sty
Package: keyval 2022/05/29 v1.15 key=value parser (DPC)
\KV@toks@=\toks28
)
(/usr/local/texlive/2025/texmf-dist/tex/generic/iftex/ifvtex.sty
Package: ifvtex 2019/10/25 v1.7 ifvtex legacy package. Use iftex instead.

(/usr/local/texlive/2025/texmf-dist/tex/generic/iftex/iftex.sty
Package: iftex 2024/12/12 v1.0g TeX engine tests
))
\Gm@cnth=\count293
\Gm@cntv=\count294
\c@Gm@tempcnt=\count295
\Gm@bindingoffset=\dimen154
\Gm@wd@mp=\dimen155
\Gm@odd@mp=\dimen156
\Gm@even@mp=\dimen157
\Gm@layoutwidth=\dimen158
\Gm@layoutheight=\dimen159
\Gm@layouthoffset=\dimen160
\Gm@layoutvoffset=\dimen161
\Gm@dimlist=\toks29
)
(/usr/local/texlive/2025/texmf-dist/tex/latex/graphics/graphicx.sty
Package: graphicx 2021/09/16 v1.2d Enhanced LaTeX Graphics (DPC,SPQR)

(/usr/local/texlive/2025/texmf-dist/tex/latex/graphics/graphics.sty
Package: graphics 2024/08/06 v1.4g Standard LaTeX Graphics (DPC,SPQR)

(/usr/local/texlive/2025/texmf-dist/tex/latex/graphics/trig.sty
Package: trig 2023/12/02 v1.11 sin cos tan (DPC)
)
(/usr/local/texlive/2025/texmf-dist/tex/latex/graphics-cfg/graphics.cfg
File: graphics.cfg 2016/06/04 v1.11 sample graphics configuration
)
Package graphics Info: Driver file: xetex.def on input line 106.

(/usr/local/texlive/2025/texmf-dist/tex/latex/graphics-def/xetex.def
File: xetex.def 2022/09/22 v5.0n Graphics/color driver for xetex
))
\Gin@req@height=\dimen162
\Gin@req@width=\dimen163
)
(/usr/local/texlive/2025/texmf-dist/tex/latex/float/float.sty
Package: float 2001/11/08 v1.3d Float enhancements (AL)
\c@float@type=\count296
\float@exts=\toks30
\float@box=\box55
\@float@everytoks=\toks31
\@floatcapt=\box56
)
(/usr/local/texlive/2025/texmf-dist/tex/latex/xcolor/xcolor.sty
Package: xcolor 2024/09/29 v3.02 LaTeX color extensions (UK)

(/usr/local/texlive/2025/texmf-dist/tex/latex/graphics-cfg/color.cfg
File: color.cfg 2016/01/02 v1.6 sample color configuration
)
Package xcolor Info: Driver file: xetex.def on input line 274.

(/usr/local/texlive/2025/texmf-dist/tex/latex/graphics/mathcolor.ltx)
Package xcolor Info: Model `cmy' substituted by `cmy0' on input line 1349.
Package xcolor Info: Model `RGB' extended on input line 1365.
Package xcolor Info: Model `HTML' substituted by `rgb' on input line 1367.
Package xcolor Info: Model `Hsb' substituted by `hsb' on input line 1368.
Package xcolor Info: Model `tHsb' substituted by `hsb' on input line 1369.
Package xcolor Info: Model `HSB' substituted by `hsb' on input line 1370.
Package xcolor Info: Model `Gray' substituted by `gray' on input line 1371.
Package xcolor Info: Model `wave' substituted by `hsb' on input line 1372.
)
(/usr/local/texlive/2025/texmf-dist/tex/latex/graphics/dvipsnam.def
File: dvipsnam.def 2016/06/17 v3.0m Driver-dependent file (DPC,SPQR)
)
(/usr/local/texlive/2025/texmf-dist/tex/latex/tcolorbox/tcolorbox.sty
Package: tcolorbox 2024/10/22 version 6.4.1 text color boxes

(/usr/local/texlive/2025/texmf-dist/tex/latex/pgf/frontendlayer/tikz.sty
(/usr/local/texlive/2025/texmf-dist/tex/latex/pgf/basiclayer/pgf.sty
(/usr/local/texlive/2025/texmf-dist/tex/latex/pgf/utilities/pgfrcs.sty
(/usr/local/texlive/2025/texmf-dist/tex/generic/pgf/utilities/pgfutil-common.te
x
\pgfutil@everybye=\toks32
\pgfutil@tempdima=\dimen164
\pgfutil@tempdimb=\dimen165
)
(/usr/local/texlive/2025/texmf-dist/tex/generic/pgf/utilities/pgfutil-latex.def
\pgfutil@abb=\box57
) (/usr/local/texlive/2025/texmf-dist/tex/generic/pgf/utilities/pgfrcs.code.tex
(/usr/local/texlive/2025/texmf-dist/tex/generic/pgf/pgf.revision.tex)
Package: pgfrcs 2023-01-15 v3.1.10 (3.1.10)
))
Package: pgf 2023-01-15 v3.1.10 (3.1.10)

(/usr/local/texlive/2025/texmf-dist/tex/latex/pgf/basiclayer/pgfcore.sty
(/usr/local/texlive/2025/texmf-dist/tex/latex/pgf/systemlayer/pgfsys.sty
(/usr/local/texlive/2025/texmf-dist/tex/generic/pgf/systemlayer/pgfsys.code.tex
Package: pgfsys 2023-01-15 v3.1.10 (3.1.10)
(/usr/local/texlive/2025/texmf-dist/tex/generic/pgf/utilities/pgfkeys.code.tex
\pgfkeys@pathtoks=\toks33
\pgfkeys@temptoks=\toks34

(/usr/local/texlive/2025/texmf-dist/tex/generic/pgf/utilities/pgfkeyslibraryfil
tered.code.tex
\pgfkeys@tmptoks=\toks35
))
\pgf@x=\dimen166
\pgf@y=\dimen167
\pgf@xa=\dimen168
\pgf@ya=\dimen169
\pgf@xb=\dimen170
\pgf@yb=\dimen171
\pgf@xc=\dimen172
\pgf@yc=\dimen173
\pgf@xd=\dimen174
\pgf@yd=\dimen175
\w@pgf@writea=\write3
\r@pgf@reada=\read2
\c@pgf@counta=\count297
\c@pgf@countb=\count298
\c@pgf@countc=\count299
\c@pgf@countd=\count300
\t@pgf@toka=\toks36
\t@pgf@tokb=\toks37
\t@pgf@tokc=\toks38
\pgf@sys@id@count=\count301

(/usr/local/texlive/2025/texmf-dist/tex/generic/pgf/systemlayer/pgf.cfg
File: pgf.cfg 2023-01-15 v3.1.10 (3.1.10)
)
Driver file for pgf: pgfsys-xetex.def

(/usr/local/texlive/2025/texmf-dist/tex/generic/pgf/systemlayer/pgfsys-xetex.de
f
File: pgfsys-xetex.def 2023-01-15 v3.1.10 (3.1.10)

(/usr/local/texlive/2025/texmf-dist/tex/generic/pgf/systemlayer/pgfsys-dvipdfmx
.def
File: pgfsys-dvipdfmx.def 2023-01-15 v3.1.10 (3.1.10)

(/usr/local/texlive/2025/texmf-dist/tex/generic/pgf/systemlayer/pgfsys-common-p
df.def
File: pgfsys-common-pdf.def 2023-01-15 v3.1.10 (3.1.10)
)
\pgfsys@objnum=\count302
)))
(/usr/local/texlive/2025/texmf-dist/tex/generic/pgf/systemlayer/pgfsyssoftpath.
code.tex
File: pgfsyssoftpath.code.tex 2023-01-15 v3.1.10 (3.1.10)
\pgfsyssoftpath@smallbuffer@items=\count303
\pgfsyssoftpath@bigbuffer@items=\count304
)
(/usr/local/texlive/2025/texmf-dist/tex/generic/pgf/systemlayer/pgfsysprotocol.
code.tex
File: pgfsysprotocol.code.tex 2023-01-15 v3.1.10 (3.1.10)
))
(/usr/local/texlive/2025/texmf-dist/tex/generic/pgf/basiclayer/pgfcore.code.tex
Package: pgfcore 2023-01-15 v3.1.10 (3.1.10)
(/usr/local/texlive/2025/texmf-dist/tex/generic/pgf/math/pgfmath.code.tex
(/usr/local/texlive/2025/texmf-dist/tex/generic/pgf/math/pgfmathutil.code.tex)
(/usr/local/texlive/2025/texmf-dist/tex/generic/pgf/math/pgfmathparser.code.tex
\pgfmath@dimen=\dimen176
\pgfmath@count=\count305
\pgfmath@box=\box58
\pgfmath@toks=\toks39
\pgfmath@stack@operand=\toks40
\pgfmath@stack@operation=\toks41
)
(/usr/local/texlive/2025/texmf-dist/tex/generic/pgf/math/pgfmathfunctions.code.
tex)
(/usr/local/texlive/2025/texmf-dist/tex/generic/pgf/math/pgfmathfunctions.basic
.code.tex)
(/usr/local/texlive/2025/texmf-dist/tex/generic/pgf/math/pgfmathfunctions.trigo
nometric.code.tex)
(/usr/local/texlive/2025/texmf-dist/tex/generic/pgf/math/pgfmathfunctions.rando
m.code.tex)
(/usr/local/texlive/2025/texmf-dist/tex/generic/pgf/math/pgfmathfunctions.compa
rison.code.tex)
(/usr/local/texlive/2025/texmf-dist/tex/generic/pgf/math/pgfmathfunctions.base.
code.tex)
(/usr/local/texlive/2025/texmf-dist/tex/generic/pgf/math/pgfmathfunctions.round
.code.tex)
(/usr/local/texlive/2025/texmf-dist/tex/generic/pgf/math/pgfmathfunctions.misc.
code.tex)
(/usr/local/texlive/2025/texmf-dist/tex/generic/pgf/math/pgfmathfunctions.integ
erarithmetics.code.tex)
(/usr/local/texlive/2025/texmf-dist/tex/generic/pgf/math/pgfmathcalc.code.tex)
(/usr/local/texlive/2025/texmf-dist/tex/generic/pgf/math/pgfmathfloat.code.tex
\c@pgfmathroundto@lastzeros=\count306
)) (/usr/local/texlive/2025/texmf-dist/tex/generic/pgf/math/pgfint.code.tex)
(/usr/local/texlive/2025/texmf-dist/tex/generic/pgf/basiclayer/pgfcorepoints.co
de.tex
File: pgfcorepoints.code.tex 2023-01-15 v3.1.10 (3.1.10)
\pgf@picminx=\dimen177
\pgf@picmaxx=\dimen178
\pgf@picminy=\dimen179
\pgf@picmaxy=\dimen180
\pgf@pathminx=\dimen181
\pgf@pathmaxx=\dimen182
\pgf@pathminy=\dimen183
\pgf@pathmaxy=\dimen184
\pgf@xx=\dimen185
\pgf@xy=\dimen186
\pgf@yx=\dimen187
\pgf@yy=\dimen188
\pgf@zx=\dimen189
\pgf@zy=\dimen190
)
(/usr/local/texlive/2025/texmf-dist/tex/generic/pgf/basiclayer/pgfcorepathconst
ruct.code.tex
File: pgfcorepathconstruct.code.tex 2023-01-15 v3.1.10 (3.1.10)
\pgf@path@lastx=\dimen191
\pgf@path@lasty=\dimen192
)
(/usr/local/texlive/2025/texmf-dist/tex/generic/pgf/basiclayer/pgfcorepathusage
.code.tex
File: pgfcorepathusage.code.tex 2023-01-15 v3.1.10 (3.1.10)
\pgf@shorten@end@additional=\dimen193
\pgf@shorten@start@additional=\dimen194
)
(/usr/local/texlive/2025/texmf-dist/tex/generic/pgf/basiclayer/pgfcorescopes.co
de.tex
File: pgfcorescopes.code.tex 2023-01-15 v3.1.10 (3.1.10)
\pgfpic=\box59
\pgf@hbox=\box60
\pgf@layerbox@main=\box61
\pgf@picture@serial@count=\count307
)
(/usr/local/texlive/2025/texmf-dist/tex/generic/pgf/basiclayer/pgfcoregraphicst
ate.code.tex
File: pgfcoregraphicstate.code.tex 2023-01-15 v3.1.10 (3.1.10)
\pgflinewidth=\dimen195
)
(/usr/local/texlive/2025/texmf-dist/tex/generic/pgf/basiclayer/pgfcoretransform
ations.code.tex
File: pgfcoretransformations.code.tex 2023-01-15 v3.1.10 (3.1.10)
\pgf@pt@x=\dimen196
\pgf@pt@y=\dimen197
\pgf@pt@temp=\dimen198
)
(/usr/local/texlive/2025/texmf-dist/tex/generic/pgf/basiclayer/pgfcorequick.cod
e.tex
File: pgfcorequick.code.tex 2023-01-15 v3.1.10 (3.1.10)
)
(/usr/local/texlive/2025/texmf-dist/tex/generic/pgf/basiclayer/pgfcoreobjects.c
ode.tex
File: pgfcoreobjects.code.tex 2023-01-15 v3.1.10 (3.1.10)
)
(/usr/local/texlive/2025/texmf-dist/tex/generic/pgf/basiclayer/pgfcorepathproce
ssing.code.tex
File: pgfcorepathprocessing.code.tex 2023-01-15 v3.1.10 (3.1.10)
)
(/usr/local/texlive/2025/texmf-dist/tex/generic/pgf/basiclayer/pgfcorearrows.co
de.tex
File: pgfcorearrows.code.tex 2023-01-15 v3.1.10 (3.1.10)
\pgfarrowsep=\dimen199
)
(/usr/local/texlive/2025/texmf-dist/tex/generic/pgf/basiclayer/pgfcoreshade.cod
e.tex
File: pgfcoreshade.code.tex 2023-01-15 v3.1.10 (3.1.10)
\pgf@max=\dimen256
\pgf@sys@shading@range@num=\count308
\pgf@shadingcount=\count309
)
(/usr/local/texlive/2025/texmf-dist/tex/generic/pgf/basiclayer/pgfcoreimage.cod
e.tex
File: pgfcoreimage.code.tex 2023-01-15 v3.1.10 (3.1.10)
)
(/usr/local/texlive/2025/texmf-dist/tex/generic/pgf/basiclayer/pgfcoreexternal.
code.tex
File: pgfcoreexternal.code.tex 2023-01-15 v3.1.10 (3.1.10)
\pgfexternal@startupbox=\box62
)
(/usr/local/texlive/2025/texmf-dist/tex/generic/pgf/basiclayer/pgfcorelayers.co
de.tex
File: pgfcorelayers.code.tex 2023-01-15 v3.1.10 (3.1.10)
)
(/usr/local/texlive/2025/texmf-dist/tex/generic/pgf/basiclayer/pgfcoretranspare
ncy.code.tex
File: pgfcoretransparency.code.tex 2023-01-15 v3.1.10 (3.1.10)
)
(/usr/local/texlive/2025/texmf-dist/tex/generic/pgf/basiclayer/pgfcorepatterns.
code.tex
File: pgfcorepatterns.code.tex 2023-01-15 v3.1.10 (3.1.10)
)
(/usr/local/texlive/2025/texmf-dist/tex/generic/pgf/basiclayer/pgfcorerdf.code.
tex
File: pgfcorerdf.code.tex 2023-01-15 v3.1.10 (3.1.10)
)))
(/usr/local/texlive/2025/texmf-dist/tex/generic/pgf/modules/pgfmoduleshapes.cod
e.tex
File: pgfmoduleshapes.code.tex 2023-01-15 v3.1.10 (3.1.10)
\pgfnodeparttextbox=\box63
)
(/usr/local/texlive/2025/texmf-dist/tex/generic/pgf/modules/pgfmoduleplot.code.
tex
File: pgfmoduleplot.code.tex 2023-01-15 v3.1.10 (3.1.10)
)
(/usr/local/texlive/2025/texmf-dist/tex/latex/pgf/compatibility/pgfcomp-version
-0-65.sty
Package: pgfcomp-version-0-65 2023-01-15 v3.1.10 (3.1.10)
\pgf@nodesepstart=\dimen257
\pgf@nodesepend=\dimen258
)
(/usr/local/texlive/2025/texmf-dist/tex/latex/pgf/compatibility/pgfcomp-version
-1-18.sty
Package: pgfcomp-version-1-18 2023-01-15 v3.1.10 (3.1.10)
))
(/usr/local/texlive/2025/texmf-dist/tex/latex/pgf/utilities/pgffor.sty
(/usr/local/texlive/2025/texmf-dist/tex/latex/pgf/utilities/pgfkeys.sty
(/usr/local/texlive/2025/texmf-dist/tex/generic/pgf/utilities/pgfkeys.code.tex)
) (/usr/local/texlive/2025/texmf-dist/tex/latex/pgf/math/pgfmath.sty
(/usr/local/texlive/2025/texmf-dist/tex/generic/pgf/math/pgfmath.code.tex))
(/usr/local/texlive/2025/texmf-dist/tex/generic/pgf/utilities/pgffor.code.tex
Package: pgffor 2023-01-15 v3.1.10 (3.1.10)
\pgffor@iter=\dimen259
\pgffor@skip=\dimen260
\pgffor@stack=\toks42
\pgffor@toks=\toks43
))
(/usr/local/texlive/2025/texmf-dist/tex/generic/pgf/frontendlayer/tikz/tikz.cod
e.tex
Package: tikz 2023-01-15 v3.1.10 (3.1.10)

(/usr/local/texlive/2025/texmf-dist/tex/generic/pgf/libraries/pgflibraryplothan
dlers.code.tex
File: pgflibraryplothandlers.code.tex 2023-01-15 v3.1.10 (3.1.10)
\pgf@plot@mark@count=\count310
\pgfplotmarksize=\dimen261
)
\tikz@lastx=\dimen262
\tikz@lasty=\dimen263
\tikz@lastxsaved=\dimen264
\tikz@lastysaved=\dimen265
\tikz@lastmovetox=\dimen266
\tikz@lastmovetoy=\dimen267
\tikzleveldistance=\dimen268
\tikzsiblingdistance=\dimen269
\tikz@figbox=\box64
\tikz@figbox@bg=\box65
\tikz@tempbox=\box66
\tikz@tempbox@bg=\box67
\tikztreelevel=\count311
\tikznumberofchildren=\count312
\tikznumberofcurrentchild=\count313
\tikz@fig@count=\count314

(/usr/local/texlive/2025/texmf-dist/tex/generic/pgf/modules/pgfmodulematrix.cod
e.tex
File: pgfmodulematrix.code.tex 2023-01-15 v3.1.10 (3.1.10)
\pgfmatrixcurrentrow=\count315
\pgfmatrixcurrentcolumn=\count316
\pgf@matrix@numberofcolumns=\count317
)
\tikz@expandcount=\count318

(/usr/local/texlive/2025/texmf-dist/tex/generic/pgf/frontendlayer/tikz/librarie
s/tikzlibrarytopaths.code.tex
File: tikzlibrarytopaths.code.tex 2023-01-15 v3.1.10 (3.1.10)
)))
(/usr/local/texlive/2025/texmf-dist/tex/latex/tools/verbatim.sty
Package: verbatim 2024-01-22 v1.5x LaTeX2e package for verbatim enhancements
\every@verbatim=\toks44
\verbatim@line=\toks45
\verbatim@in@stream=\read3
)
(/usr/local/texlive/2025/texmf-dist/tex/latex/environ/environ.sty
Package: environ 2014/05/04 v0.3 A new way to define environments

(/usr/local/texlive/2025/texmf-dist/tex/latex/trimspaces/trimspaces.sty
Package: trimspaces 2009/09/17 v1.1 Trim spaces around a token list
))
(/usr/local/texlive/2025/texmf-dist/tex/latex/etoolbox/etoolbox.sty
Package: etoolbox 2025/02/11 v2.5l e-TeX tools for LaTeX (JAW)
\etb@tempcnta=\count319
)
\tcb@titlebox=\box68
\tcb@upperbox=\box69
\tcb@lowerbox=\box70
\tcb@phantombox=\box71
\c@tcbbreakpart=\count320
\c@tcblayer=\count321
\c@tcolorbox@number=\count322
\l__tcobox_tmpa_box=\box72
\l__tcobox_tmpa_dim=\dimen270
\tcb@temp=\box73
\tcb@temp=\box74
\tcb@temp=\box75
\tcb@temp=\box76
)
(/usr/local/texlive/2025/texmf-dist/tex/latex/hyperref/hyperref.sty
Package: hyperref 2024-11-05 v7.01l Hypertext links for LaTeX

(/usr/local/texlive/2025/texmf-dist/tex/latex/kvsetkeys/kvsetkeys.sty
Package: kvsetkeys 2022-10-05 v1.19 Key value parser (HO)
)
(/usr/local/texlive/2025/texmf-dist/tex/generic/kvdefinekeys/kvdefinekeys.sty
Package: kvdefinekeys 2019-12-19 v1.6 Define keys (HO)
)
(/usr/local/texlive/2025/texmf-dist/tex/generic/pdfescape/pdfescape.sty
Package: pdfescape 2019/12/09 v1.15 Implements pdfTeX's escape features (HO)

(/usr/local/texlive/2025/texmf-dist/tex/generic/ltxcmds/ltxcmds.sty
Package: ltxcmds 2023-12-04 v1.26 LaTeX kernel commands for general use (HO)
)
(/usr/local/texlive/2025/texmf-dist/tex/generic/pdftexcmds/pdftexcmds.sty
Package: pdftexcmds 2020-06-27 v0.33 Utility functions of pdfTeX for LuaTeX (HO
)

(/usr/local/texlive/2025/texmf-dist/tex/generic/infwarerr/infwarerr.sty
Package: infwarerr 2019/12/03 v1.5 Providing info/warning/error messages (HO)
)
Package pdftexcmds Info: \pdf@primitive is available.
Package pdftexcmds Info: \pdf@ifprimitive is available.
Package pdftexcmds Info: \pdfdraftmode not found.
))
(/usr/local/texlive/2025/texmf-dist/tex/latex/hycolor/hycolor.sty
Package: hycolor 2020-01-27 v1.10 Color options for hyperref/bookmark (HO)
)
(/usr/local/texlive/2025/texmf-dist/tex/latex/hyperref/nameref.sty
Package: nameref 2023-11-26 v2.56 Cross-referencing by name of section

(/usr/local/texlive/2025/texmf-dist/tex/latex/refcount/refcount.sty
Package: refcount 2019/12/15 v3.6 Data extraction from label references (HO)
)
(/usr/local/texlive/2025/texmf-dist/tex/generic/gettitlestring/gettitlestring.s
ty
Package: gettitlestring 2019/12/15 v1.6 Cleanup title references (HO)
 (/usr/local/texlive/2025/texmf-dist/tex/latex/kvoptions/kvoptions.sty
Package: kvoptions 2022-06-15 v3.15 Key value format for package options (HO)
))
\c@section@level=\count323
)
(/usr/local/texlive/2025/texmf-dist/tex/generic/stringenc/stringenc.sty
Package: stringenc 2019/11/29 v1.12 Convert strings between diff. encodings (HO
)
)
\@linkdim=\dimen271
\Hy@linkcounter=\count324
\Hy@pagecounter=\count325

(/usr/local/texlive/2025/texmf-dist/tex/latex/hyperref/pd1enc.def
File: pd1enc.def 2024-11-05 v7.01l Hyperref: PDFDocEncoding definition (HO)
)
(/usr/local/texlive/2025/texmf-dist/tex/generic/intcalc/intcalc.sty
Package: intcalc 2019/12/15 v1.3 Expandable calculations with integers (HO)
)
\Hy@SavedSpaceFactor=\count326

(/usr/local/texlive/2025/texmf-dist/tex/latex/hyperref/puenc.def
File: puenc.def 2024-11-05 v7.01l Hyperref: PDF Unicode definition (HO)
)
Package hyperref Info: Hyper figures OFF on input line 4157.
Package hyperref Info: Link nesting OFF on input line 4162.
Package hyperref Info: Hyper index ON on input line 4165.
Package hyperref Info: Plain pages OFF on input line 4172.
Package hyperref Info: Backreferencing OFF on input line 4177.
Package hyperref Info: Implicit mode ON; LaTeX internals redefined.
Package hyperref Info: Bookmarks ON on input line 4424.
\c@Hy@tempcnt=\count327

(/usr/local/texlive/2025/texmf-dist/tex/latex/url/url.sty
\Urlmuskip=\muskip18
Package: url 2013/09/16  ver 3.4  Verb mode for urls, etc.
)
LaTeX Info: Redefining \url on input line 4763.
\XeTeXLinkMargin=\dimen272

(/usr/local/texlive/2025/texmf-dist/tex/generic/bitset/bitset.sty
Package: bitset 2019/12/09 v1.3 Handle bit-vector datatype (HO)

(/usr/local/texlive/2025/texmf-dist/tex/generic/bigintcalc/bigintcalc.sty
Package: bigintcalc 2019/12/15 v1.5 Expandable calculations on big integers (HO
)
))
\Fld@menulength=\count328
\Field@Width=\dimen273
\Fld@charsize=\dimen274
Package hyperref Info: Hyper figures OFF on input line 6042.
Package hyperref Info: Link nesting OFF on input line 6047.
Package hyperref Info: Hyper index ON on input line 6050.
Package hyperref Info: backreferencing OFF on input line 6057.
Package hyperref Info: Link coloring OFF on input line 6062.
Package hyperref Info: Link coloring with OCG OFF on input line 6067.
Package hyperref Info: PDF/A mode OFF on input line 6072.

(/usr/local/texlive/2025/texmf-dist/tex/latex/base/atbegshi-ltx.sty
Package: atbegshi-ltx 2021/01/10 v1.0c Emulation of the original atbegshi
package with kernel methods
)
\Hy@abspage=\count329
\c@Item=\count330
\c@Hfootnote=\count331
)
Package hyperref Info: Driver (autodetected): hxetex.

(/usr/local/texlive/2025/texmf-dist/tex/latex/hyperref/hxetex.def
File: hxetex.def 2024-11-05 v7.01l Hyperref driver for XeTeX
\pdfm@box=\box77
\c@Hy@AnnotLevel=\count332
\HyField@AnnotCount=\count333
\Fld@listcount=\count334
\c@bookmark@seq@number=\count335

(/usr/local/texlive/2025/texmf-dist/tex/latex/rerunfilecheck/rerunfilecheck.sty
Package: rerunfilecheck 2022-07-10 v1.10 Rerun checks for auxiliary files (HO)
(/usr/local/texlive/2025/texmf-dist/tex/latex/base/atveryend-ltx.sty
Package: atveryend-ltx 2020/08/19 v1.0a Emulation of the original atveryend pac
kage
with kernel methods
)
(/usr/local/texlive/2025/texmf-dist/tex/generic/uniquecounter/uniquecounter.sty
Package: uniquecounter 2019/12/15 v1.4 Provide unlimited unique counter (HO)
)
Package uniquecounter Info: New unique counter `rerunfilecheck' on input line 2
85.
)
\Hy@SectionHShift=\skip57
) (/usr/local/texlive/2025/texmf-dist/tex/latex/biblatex/biblatex.sty
Package: biblatex 2024/03/21 v3.20 programmable bibliographies (PK/MW)

(/usr/local/texlive/2025/texmf-dist/tex/latex/logreq/logreq.sty
Package: logreq 2010/08/04 v1.0 xml request logger
\lrq@indent=\count336

(/usr/local/texlive/2025/texmf-dist/tex/latex/logreq/logreq.def
File: logreq.def 2010/08/04 v1.0 logreq spec v1.0
))
(/usr/local/texlive/2025/texmf-dist/tex/latex/base/ifthen.sty
Package: ifthen 2024/03/16 v1.1e Standard LaTeX ifthen package (DPC)
)
\c@tabx@nest=\count337
\c@listtotal=\count338
\c@listcount=\count339
\c@liststart=\count340
\c@liststop=\count341
\c@citecount=\count342
\c@citetotal=\count343
\c@multicitecount=\count344
\c@multicitetotal=\count345
\c@instcount=\count346
\c@maxnames=\count347
\c@minnames=\count348
\c@maxitems=\count349
\c@minitems=\count350
\c@citecounter=\count351
\c@maxcitecounter=\count352
\c@savedcitecounter=\count353
\c@uniquelist=\count354
\c@uniquename=\count355
\c@refsection=\count356
\c@refsegment=\count357
\c@maxextratitle=\count358
\c@maxextratitleyear=\count359
\c@maxextraname=\count360
\c@maxextradate=\count361
\c@maxextraalpha=\count362
\c@abbrvpenalty=\count363
\c@highnamepenalty=\count364
\c@lownamepenalty=\count365
\c@maxparens=\count366
\c@parenlevel=\count367
\blx@tempcnta=\count368
\blx@tempcntb=\count369
\blx@tempcntc=\count370
\c@blx@maxsection=\count371
\blx@maxsegment@0=\count372
\blx@notetype=\count373
\blx@parenlevel@text=\count374
\blx@parenlevel@foot=\count375
\blx@sectionciteorder@0=\count376
\blx@sectionciteorderinternal@0=\count377
\blx@entrysetcounter=\count378
\blx@biblioinstance=\count379
\labelnumberwidth=\skip58
\labelalphawidth=\skip59
\biblabelsep=\skip60
\bibitemsep=\skip61
\bibnamesep=\skip62
\bibinitsep=\skip63
\bibparsep=\skip64
\bibhang=\skip65
\blx@bcfin=\read4
\blx@bcfout=\write4
\blx@langwohyphens=\language90
\c@mincomprange=\count380
\c@maxcomprange=\count381
\c@mincompwidth=\count382
Package biblatex Info: Trying to load biblatex default data model...
Package biblatex Info: ... file 'blx-dm.def' found.

(/usr/local/texlive/2025/texmf-dist/tex/latex/biblatex/blx-dm.def
File: blx-dm.def 2024/03/21 v3.20 biblatex datamodel (PK/MW)
)
Package biblatex Info: Trying to load biblatex style data model...
Package biblatex Info: ... file 'numeric-comp.dbx' not found.
Package biblatex Info: Trying to load biblatex custom data model...
Package biblatex Info: ... file 'biblatex-dm.cfg' not found.
\c@afterword=\count383
\c@savedafterword=\count384
\c@annotator=\count385
\c@savedannotator=\count386
\c@author=\count387
\c@savedauthor=\count388
\c@bookauthor=\count389
\c@savedbookauthor=\count390
\c@commentator=\count391
\c@savedcommentator=\count392
\c@editor=\count393
\c@savededitor=\count394
\c@editora=\count395
\c@savededitora=\count396
\c@editorb=\count397
\c@savededitorb=\count398
\c@editorc=\count399
\c@savededitorc=\count400
\c@foreword=\count401
\c@savedforeword=\count402
\c@holder=\count403
\c@savedholder=\count404
\c@introduction=\count405
\c@savedintroduction=\count406
\c@namea=\count407
\c@savednamea=\count408
\c@nameb=\count409
\c@savednameb=\count410
\c@namec=\count411
\c@savednamec=\count412
\c@translator=\count413
\c@savedtranslator=\count414
\c@shortauthor=\count415
\c@savedshortauthor=\count416
\c@shorteditor=\count417
\c@savedshorteditor=\count418
\c@labelname=\count419
\c@savedlabelname=\count420
\c@institution=\count421
\c@savedinstitution=\count422
\c@lista=\count423
\c@savedlista=\count424
\c@listb=\count425
\c@savedlistb=\count426
\c@listc=\count427
\c@savedlistc=\count428
\c@listd=\count429
\c@savedlistd=\count430
\c@liste=\count431
\c@savedliste=\count432
\c@listf=\count433
\c@savedlistf=\count434
\c@location=\count435
\c@savedlocation=\count436
\c@organization=\count437
\c@savedorganization=\count438
\c@origlocation=\count439
\c@savedoriglocation=\count440
\c@origpublisher=\count441
\c@savedorigpublisher=\count442
\c@publisher=\count443
\c@savedpublisher=\count444
\c@language=\count445
\c@savedlanguage=\count446
\c@origlanguage=\count447
\c@savedoriglanguage=\count448
\c@pageref=\count449
\c@savedpageref=\count450
\shorthandwidth=\skip66
\shortjournalwidth=\skip67
\shortserieswidth=\skip68
\shorttitlewidth=\skip69
\shortauthorwidth=\skip70
\shorteditorwidth=\skip71
\locallabelnumberwidth=\skip72
\locallabelalphawidth=\skip73
\localshorthandwidth=\skip74
\localshortjournalwidth=\skip75
\localshortserieswidth=\skip76
\localshorttitlewidth=\skip77
\localshortauthorwidth=\skip78
\localshorteditorwidth=\skip79
Package biblatex Info: Trying to load enhanced support for Unicode engines...
Package biblatex Info: ... file 'blx-unicode.def' found.

(/usr/local/texlive/2025/texmf-dist/tex/latex/biblatex/blx-unicode.def)
Package biblatex Info: Trying to load compatibility code...
Package biblatex Info: ... file 'blx-compat.def' found.

(/usr/local/texlive/2025/texmf-dist/tex/latex/biblatex/blx-compat.def
File: blx-compat.def 2024/03/21 v3.20 biblatex compatibility (PK/MW)
)
Package biblatex Info: Trying to load generic definitions...
Package biblatex Info: ... file 'biblatex.def' found.

(/usr/local/texlive/2025/texmf-dist/tex/latex/biblatex/biblatex.def
File: biblatex.def 2024/03/21 v3.20 biblatex compatibility (PK/MW)
\c@textcitecount=\count451
\c@textcitetotal=\count452
\c@textcitemaxnames=\count453
\c@biburlbigbreakpenalty=\count454
\c@biburlbreakpenalty=\count455
\c@biburlnumpenalty=\count456
\c@biburlucpenalty=\count457
\c@biburllcpenalty=\count458
\biburlbigskip=\muskip19
\biburlnumskip=\muskip20
\biburlucskip=\muskip21
\biburllcskip=\muskip22
\c@smartand=\count459
)
Package biblatex Info: Trying to load bibliography style 'numeric-comp'...
Package biblatex Info: ... file 'numeric-comp.bbx' found.

(/usr/local/texlive/2025/texmf-dist/tex/latex/biblatex/bbx/numeric-comp.bbx
File: numeric-comp.bbx 2024/03/21 v3.20 biblatex bibliography style (PK/MW)
Package biblatex Info: Trying to load bibliography style 'numeric'...
Package biblatex Info: ... file 'numeric.bbx' found.

(/usr/local/texlive/2025/texmf-dist/tex/latex/biblatex/bbx/numeric.bbx
File: numeric.bbx 2024/03/21 v3.20 biblatex bibliography style (PK/MW)
Package biblatex Info: Trying to load bibliography style 'standard'...
Package biblatex Info: ... file 'standard.bbx' found.

(/usr/local/texlive/2025/texmf-dist/tex/latex/biblatex/bbx/standard.bbx
File: standard.bbx 2024/03/21 v3.20 biblatex bibliography style (PK/MW)
\c@bbx:relatedcount=\count460
\c@bbx:relatedtotal=\count461
)))
Package biblatex Info: Trying to load citation style 'numeric-comp'...
Package biblatex Info: ... file 'numeric-comp.cbx' found.

(/usr/local/texlive/2025/texmf-dist/tex/latex/biblatex/cbx/numeric-comp.cbx
File: numeric-comp.cbx 2024/03/21 v3.20 biblatex citation style (PK/MW)
\c@cbx@tempcnta=\count462
\c@cbx@tempcntb=\count463
\c@cbx@tempcntc=\count464
\c@cbx@tempcntd=\count465
Package biblatex Info: Redefining '\cite'.
Package biblatex Info: Redefining '\parencite'.
Package biblatex Info: Redefining '\footcite'.
Package biblatex Info: Redefining '\footcitetext'.
Package biblatex Info: Redefining '\smartcite'.
Package biblatex Info: Redefining '\supercite'.
Package biblatex Info: Redefining '\textcite'.
Package biblatex Info: Redefining '\textcites'.
Package biblatex Info: Redefining '\cites'.
Package biblatex Info: Redefining '\parencites'.
Package biblatex Info: Redefining '\smartcites'.
)
Package biblatex Info: Trying to load configuration file...
Package biblatex Info: ... file 'biblatex.cfg' found.

(/usr/local/texlive/2025/texmf-dist/tex/latex/biblatex/biblatex.cfg
File: biblatex.cfg 
)
Package biblatex Info: XeTeX detected.
(biblatex)             Assuming input encoding 'utf8'.
Package biblatex Info: Document encoding is UTF8 ....
Package biblatex Info: ... and expl3
(biblatex)             2025-01-18 L3 programming layer (loader) 
(biblatex)             is new enough (at least 2020/04/06),
(biblatex)             setting 'casechanger=expl3'.

(/usr/local/texlive/2025/texmf-dist/tex/latex/biblatex/blx-case-expl3.sty
Package: blx-case-expl3 2024/03/21 v3.20 expl3 case changing code for biblatex
))
(/usr/local/texlive/2025/texmf-dist/tex/generic/pgf/frontendlayer/tikz/librarie
s/tikzlibrarycalc.code.tex
File: tikzlibrarycalc.code.tex 2023-01-15 v3.1.10 (3.1.10)
)
(/usr/local/texlive/2025/texmf-dist/tex/generic/pgf/frontendlayer/tikz/librarie
s/tikzlibraryangles.code.tex
File: tikzlibraryangles.code.tex 2023-01-15 v3.1.10 (3.1.10)
)
(/usr/local/texlive/2025/texmf-dist/tex/generic/pgf/frontendlayer/tikz/librarie
s/tikzlibraryquotes.code.tex
File: tikzlibraryquotes.code.tex 2023-01-15 v3.1.10 (3.1.10)
)
(/usr/local/texlive/2025/texmf-dist/tex/generic/pgf/frontendlayer/tikz/librarie
s/tikzlibrarydecorations.markings.code.tex
(/usr/local/texlive/2025/texmf-dist/tex/generic/pgf/frontendlayer/tikz/librarie
s/tikzlibrarydecorations.code.tex
(/usr/local/texlive/2025/texmf-dist/tex/generic/pgf/modules/pgfmoduledecoration
s.code.tex
\pgfdecoratedcompleteddistance=\dimen275
\pgfdecoratedremainingdistance=\dimen276
\pgfdecoratedinputsegmentcompleteddistance=\dimen277
\pgfdecoratedinputsegmentremainingdistance=\dimen278
\pgf@decorate@distancetomove=\dimen279
\pgf@decorate@repeatstate=\count466
\pgfdecorationsegmentamplitude=\dimen280
\pgfdecorationsegmentlength=\dimen281
)
\tikz@lib@dec@box=\box78
)
(/usr/local/texlive/2025/texmf-dist/tex/generic/pgf/libraries/decorations/pgfli
brarydecorations.markings.code.tex))
(/usr/local/texlive/2025/texmf-dist/tex/generic/pgf/frontendlayer/tikz/librarie
s/tikzlibrarydecorations.pathmorphing.code.tex
(/usr/local/texlive/2025/texmf-dist/tex/generic/pgf/libraries/decorations/pgfli
brarydecorations.pathmorphing.code.tex))
(/usr/local/texlive/2025/texmf-dist/tex/generic/pgf/frontendlayer/tikz/librarie
s/tikzlibrarypositioning.code.tex
File: tikzlibrarypositioning.code.tex 2023-01-15 v3.1.10 (3.1.10)
)
(/usr/local/texlive/2025/texmf-dist/tex/generic/pgf/frontendlayer/tikz/librarie
s/tikzlibraryshapes.code.tex
File: tikzlibraryshapes.code.tex 2023-01-15 v3.1.10 (3.1.10)

(/usr/local/texlive/2025/texmf-dist/tex/generic/pgf/frontendlayer/tikz/librarie
s/tikzlibraryshapes.geometric.code.tex
File: tikzlibraryshapes.geometric.code.tex 2023-01-15 v3.1.10 (3.1.10)

(/usr/local/texlive/2025/texmf-dist/tex/generic/pgf/libraries/shapes/pgflibrary
shapes.geometric.code.tex
File: pgflibraryshapes.geometric.code.tex 2023-01-15 v3.1.10 (3.1.10)
))
(/usr/local/texlive/2025/texmf-dist/tex/generic/pgf/frontendlayer/tikz/librarie
s/tikzlibraryshapes.misc.code.tex
File: tikzlibraryshapes.misc.code.tex 2023-01-15 v3.1.10 (3.1.10)

(/usr/local/texlive/2025/texmf-dist/tex/generic/pgf/libraries/shapes/pgflibrary
shapes.misc.code.tex
File: pgflibraryshapes.misc.code.tex 2023-01-15 v3.1.10 (3.1.10)
))
(/usr/local/texlive/2025/texmf-dist/tex/generic/pgf/frontendlayer/tikz/librarie
s/tikzlibraryshapes.symbols.code.tex
File: tikzlibraryshapes.symbols.code.tex 2023-01-15 v3.1.10 (3.1.10)

(/usr/local/texlive/2025/texmf-dist/tex/generic/pgf/libraries/shapes/pgflibrary
shapes.symbols.code.tex
File: pgflibraryshapes.symbols.code.tex 2023-01-15 v3.1.10 (3.1.10)
))
(/usr/local/texlive/2025/texmf-dist/tex/generic/pgf/frontendlayer/tikz/librarie
s/tikzlibraryshapes.arrows.code.tex
File: tikzlibraryshapes.arrows.code.tex 2023-01-15 v3.1.10 (3.1.10)

(/usr/local/texlive/2025/texmf-dist/tex/generic/pgf/libraries/shapes/pgflibrary
shapes.arrows.code.tex
File: pgflibraryshapes.arrows.code.tex 2023-01-15 v3.1.10 (3.1.10)
))
(/usr/local/texlive/2025/texmf-dist/tex/generic/pgf/frontendlayer/tikz/librarie
s/tikzlibraryshapes.callouts.code.tex
(/usr/local/texlive/2025/texmf-dist/tex/generic/pgf/libraries/shapes/pgflibrary
shapes.callouts.code.tex))
(/usr/local/texlive/2025/texmf-dist/tex/generic/pgf/frontendlayer/tikz/librarie
s/tikzlibraryshapes.multipart.code.tex
File: tikzlibraryshapes.multipart.code.tex 2023-01-15 v3.1.10 (3.1.10)

(/usr/local/texlive/2025/texmf-dist/tex/generic/pgf/libraries/shapes/pgflibrary
shapes.multipart.code.tex
File: pgflibraryshapes.multipart.code.tex 2023-01-15 v3.1.10 (3.1.10)
\pgfnodepartlowerbox=\box79
\pgfnodeparttwobox=\box80
\pgfnodepartthreebox=\box81
\pgfnodepartfourbox=\box82
\pgfnodeparttwentybox=\box83
\pgfnodepartnineteenbox=\box84
\pgfnodeparteighteenbox=\box85
\pgfnodepartseventeenbox=\box86
\pgfnodepartsixteenbox=\box87
\pgfnodepartfifteenbox=\box88
\pgfnodepartfourteenbox=\box89
\pgfnodepartthirteenbox=\box90
\pgfnodeparttwelvebox=\box91
\pgfnodepartelevenbox=\box92
\pgfnodeparttenbox=\box93
\pgfnodepartninebox=\box94
\pgfnodeparteightbox=\box95
\pgfnodepartsevenbox=\box96
\pgfnodepartsixbox=\box97
\pgfnodepartfivebox=\box98
)))
(/usr/local/texlive/2025/texmf-dist/tex/generic/pgf/frontendlayer/tikz/librarie
s/tikzlibraryarrows.code.tex
File: tikzlibraryarrows.code.tex 2023-01-15 v3.1.10 (3.1.10)

(/usr/local/texlive/2025/texmf-dist/tex/generic/pgf/libraries/pgflibraryarrows.
code.tex
File: pgflibraryarrows.code.tex 2023-01-15 v3.1.10 (3.1.10)
\arrowsize=\dimen282
))
(/usr/local/texlive/2025/texmf-dist/tex/generic/pgf/libraries/pgflibraryarrows.
meta.code.tex
File: pgflibraryarrows.meta.code.tex 2023-01-15 v3.1.10 (3.1.10)
\pgfarrowinset=\dimen283
\pgfarrowlength=\dimen284
\pgfarrowwidth=\dimen285
\pgfarrowlinewidth=\dimen286
)
(/usr/local/texlive/2025/texmf-dist/tex/generic/pgf/frontendlayer/tikz/librarie
s/tikzlibraryfit.code.tex
File: tikzlibraryfit.code.tex 2023-01-15 v3.1.10 (3.1.10)
)
(/usr/local/texlive/2025/texmf-dist/tex/generic/pgf/frontendlayer/tikz/librarie
s/tikzlibrarybackgrounds.code.tex
File: tikzlibrarybackgrounds.code.tex 2023-01-15 v3.1.10 (3.1.10)
\pgf@layerbox@background=\box99
\pgf@layerboxsaved@background=\box100
)
(/usr/local/texlive/2025/texmf-dist/tex/latex/multirow/multirow.sty
Package: multirow 2024/11/12 v2.9 Span multiple rows of a table
\multirow@colwidth=\skip80
\multirow@cntb=\count467
\multirow@dima=\skip81
\bigstrutjot=\dimen287
)
(/usr/local/texlive/2025/texmf-dist/tex/latex/booktabs/booktabs.sty
Package: booktabs 2020/01/12 v1.61803398 Publication quality tables
\heavyrulewidth=\dimen288
\lightrulewidth=\dimen289
\cmidrulewidth=\dimen290
\belowrulesep=\dimen291
\belowbottomsep=\dimen292
\aboverulesep=\dimen293
\abovetopsep=\dimen294
\cmidrulesep=\dimen295
\cmidrulekern=\dimen296
\defaultaddspace=\dimen297
\@cmidla=\count468
\@cmidlb=\count469
\@aboverulesep=\dimen298
\@belowrulesep=\dimen299
\@thisruleclass=\count470
\@lastruleclass=\count471
\@thisrulewidth=\dimen300
)
(/usr/local/texlive/2025/texmf-dist/tex/latex/tools/longtable.sty
Package: longtable 2024-10-27 v4.22 Multi-page Table package (DPC)
\LTleft=\skip82
\LTright=\skip83
\LTpre=\skip84
\LTpost=\skip85
\LTchunksize=\count472
\LTcapwidth=\dimen301
\LT@head=\box101
\LT@firsthead=\box102
\LT@foot=\box103
\LT@lastfoot=\box104
\LT@gbox=\box105
\LT@cols=\count473
\LT@rows=\count474
\c@LT@tables=\count475
\c@LT@chunks=\count476
\LT@p@ftn=\toks46
)
(/usr/local/texlive/2025/texmf-dist/tex/latex/enumitem/enumitem.sty
Package: enumitem 2025/02/06 v3.11 Customized lists
\labelindent=\skip86
\enit@outerparindent=\dimen302
\enit@toks=\toks47
\enit@inbox=\box106
\enit@count@id=\count477
\enitdp@description=\count478
)
(/usr/local/texlive/2025/texmf-dist/tex/latex/fancyhdr/fancyhdr.sty
Package: fancyhdr 2025/02/07 v5.2 Extensive control of page headers and footers

\f@nch@headwidth=\skip87
\f@nch@offset@elh=\skip88
\f@nch@offset@erh=\skip89
\f@nch@offset@olh=\skip90
\f@nch@offset@orh=\skip91
\f@nch@offset@elf=\skip92
\f@nch@offset@erf=\skip93
\f@nch@offset@olf=\skip94
\f@nch@offset@orf=\skip95
\f@nch@height=\skip96
\f@nch@footalignment=\skip97
\f@nch@widthL=\skip98
\f@nch@widthC=\skip99
\f@nch@widthR=\skip100
\@temptokenb=\toks48
)
(/usr/local/texlive/2025/texmf-dist/tex/latex/titlesec/titlesec.sty
Package: titlesec 2025/01/04 v2.17 Sectioning titles
\ttl@box=\box107
\beforetitleunit=\skip101
\aftertitleunit=\skip102
\ttl@plus=\dimen303
\ttl@minus=\dimen304
\ttl@toksa=\toks49
\titlewidth=\dimen305
\titlewidthlast=\dimen306
\titlewidthfirst=\dimen307
)
(/usr/local/texlive/2025/texmf-dist/tex/latex/epigraph/epigraph.sty
Package: epigraph 2020/01/02 v1.5e typesetting epigraphs

(/usr/local/texlive/2025/texmf-dist/tex/latex/nextpage/nextpage.sty
Package: nextpage 2009/09/03 v1.1a additional page commands
)
\beforeepigraphskip=\skip103
\afterepigraphskip=\skip104
\epigraphwidth=\skip105
\epigraphrule=\skip106
)
(/usr/local/texlive/2025/texmf-dist/tex/latex/tools/array.sty
Package: array 2024/10/17 v2.6g Tabular extension package (FMi)
\col@sep=\dimen308
\ar@mcellbox=\box108
\extrarowheight=\dimen309
\NC@list=\toks50
\extratabsurround=\skip107
\backup@length=\skip108
\ar@cellbox=\box109
)
(/usr/local/texlive/2025/texmf-dist/tex/latex/colortbl/colortbl.sty
Package: colortbl 2024/07/06 v1.0i Color table columns (DPC)
\everycr=\toks51
\minrowclearance=\skip109
\rownum=\count479
)
(/usr/local/texlive/2025/texmf-dist/tex/latex/psnfss/pifont.sty
Package: pifont 2020/03/25 PSNFSS-v9.3 Pi font support (SPQR) 
LaTeX Font Info:    Trying to load font information for U+pzd on input line 63.


(/usr/local/texlive/2025/texmf-dist/tex/latex/psnfss/upzd.fd
File: upzd.fd 2001/06/04 font definitions for U/pzd.
)
LaTeX Font Info:    Trying to load font information for U+psy on input line 64.


(/usr/local/texlive/2025/texmf-dist/tex/latex/psnfss/upsy.fd
File: upsy.fd 2001/06/04 font definitions for U/psy.
))
(/usr/local/texlive/2025/texmf-dist/tex/generic/ulem/ulem.sty
\UL@box=\box110
\UL@hyphenbox=\box111
\UL@skip=\skip110
\UL@hook=\toks52
\UL@height=\dimen310
\UL@pe=\count480
\UL@pixel=\dimen311
\ULC@box=\box112
Package: ulem 2019/11/18
\ULdepth=\dimen312
)
(/usr/local/texlive/2025/texmf-dist/tex/latex/tools/tabularx.sty
Package: tabularx 2023/12/11 v2.12a `tabularx' package (DPC)
\TX@col@width=\dimen313
\TX@old@table=\dimen314
\TX@old@col=\dimen315
\TX@target=\dimen316
\TX@delta=\dimen317
\TX@cols=\count481
\TX@ftn=\toks53
)
(/usr/local/texlive/2025/texmf-dist/tex/latex/adjustbox/adjustbox.sty
Package: adjustbox 2025/02/26 v1.3c Adjusting TeX boxes (trim, clip, ...)

(/usr/local/texlive/2025/texmf-dist/tex/latex/xkeyval/xkeyval.sty
Package: xkeyval 2022/06/16 v2.9 package option processing (HA)

(/usr/local/texlive/2025/texmf-dist/tex/generic/xkeyval/xkeyval.tex
(/usr/local/texlive/2025/texmf-dist/tex/generic/xkeyval/xkvutils.tex
\XKV@toks=\toks54
\XKV@tempa@toks=\toks55
)
\XKV@depth=\count482
File: xkeyval.tex 2014/12/03 v2.7a key=value parser (HA)
))
(/usr/local/texlive/2025/texmf-dist/tex/latex/adjustbox/adjcalc.sty
Package: adjcalc 2012/05/16 v1.1 Provides advanced setlength with multiple back
-ends (calc, etex, pgfmath)
)
(/usr/local/texlive/2025/texmf-dist/tex/latex/adjustbox/trimclip.sty
Package: trimclip 2025/02/21 v1.2a Trim and clip general TeX material

(/usr/local/texlive/2025/texmf-dist/tex/latex/collectbox/collectbox.sty
Package: collectbox 2022/10/17 v0.4c Collect macro arguments as boxes
\collectedbox=\box113
)
\tc@llx=\dimen318
\tc@lly=\dimen319
\tc@urx=\dimen320
\tc@ury=\dimen321
Package trimclip Info: Using driver 'tc-xetex.def'.

(/usr/local/texlive/2025/texmf-dist/tex/latex/adjustbox/tc-xetex.def
File: tc-xetex.def 2019/01/04 v2.2 Clipping driver for xetex
))
\adjbox@Width=\dimen322
\adjbox@Height=\dimen323
\adjbox@Depth=\dimen324
\adjbox@Totalheight=\dimen325
\adjbox@pwidth=\dimen326
\adjbox@pheight=\dimen327
\adjbox@pdepth=\dimen328
\adjbox@ptotalheight=\dimen329

(/usr/local/texlive/2025/texmf-dist/tex/latex/ifoddpage/ifoddpage.sty
Package: ifoddpage 2022/10/18 v1.2 Conditionals for odd/even page detection
\c@checkoddpage=\count483
)
(/usr/local/texlive/2025/texmf-dist/tex/latex/varwidth/varwidth.sty
Package: varwidth 2009/03/30 ver 0.92;  Variable-width minipages
\@vwid@box=\box114
\sift@deathcycles=\count484
\@vwid@loff=\dimen330
\@vwid@roff=\dimen331
))
(/usr/local/texlive/2025/texmf-dist/tex/latex/tcolorbox/tcbbreakable.code.tex
Library (tcolorbox): 'tcbbreakable.code.tex' version '6.4.1'
(/usr/local/texlive/2025/texmf-dist/tex/latex/pdfcol/pdfcol.sty
Package: pdfcol 2022-09-21 v1.7 Handle new color stacks for pdfTeX (HO)
Package pdfcol Info: Interface disabled because of missing PDF mode of pdfTeX.
)
Package pdfcol Info: pdfTeX's color stacks are not available.
\tcb@testbox=\box115
\tcb@totalupperbox=\box116
\tcb@totallowerbox=\box117
)
(/usr/local/texlive/2025/texmf-dist/tex/latex/tcolorbox/tcbskins.code.tex
Library (tcolorbox): 'tcbskins.code.tex' version '6.4.1'
(/usr/local/texlive/2025/texmf-dist/tex/latex/tikzfill/tikzfill.image.sty
Package: tikzfill.image 2023/08/08 v1.0.1 Image filling library for TikZ

(/usr/local/texlive/2025/texmf-dist/tex/latex/tikzfill/tikzfill-common.sty
Package: tikzfill-common 2023/08/08 v1.0.1 Auxiliary code for tikzfill
)
(/usr/local/texlive/2025/texmf-dist/tex/latex/tikzfill/tikzlibraryfill.image.co
de.tex
File: tikzlibraryfill.image.code.tex 2023/08/08 v1.0.1 Image filling library
\l__tikzfill_img_box=\box118
))
(/usr/local/texlive/2025/texmf-dist/tex/latex/tcolorbox/tcbskinsjigsaw.code.tex
Library (tcolorbox): 'tcbskinsjigsaw.code.tex' version '6.4.1'
))
\c@theorem=\count485
Package hyperref Info: Option `colorlinks' set `true' on input line 208.
 (./_shared/meta/edc_meta_macros.tex)
(./_shared/meta/edc_stoplight_legend.tex)
\@quotelevel=\count486
\@quotereset=\count487
 (./EDC_BOOK2_WEAK_CANON.aux)
\openout1 = `EDC_BOOK2_WEAK_CANON.aux'.

LaTeX Font Info:    Checking defaults for OML/cmm/m/it on input line 220.
LaTeX Font Info:    ... okay on input line 220.
LaTeX Font Info:    Checking defaults for OMS/cmsy/m/n on input line 220.
LaTeX Font Info:    ... okay on input line 220.
LaTeX Font Info:    Checking defaults for OT1/cmr/m/n on input line 220.
LaTeX Font Info:    ... okay on input line 220.
LaTeX Font Info:    Checking defaults for T1/cmr/m/n on input line 220.
LaTeX Font Info:    ... okay on input line 220.
LaTeX Font Info:    Checking defaults for TS1/cmr/m/n on input line 220.
LaTeX Font Info:    ... okay on input line 220.
LaTeX Font Info:    Checking defaults for TU/lmr/m/n on input line 220.
LaTeX Font Info:    ... okay on input line 220.
LaTeX Font Info:    Checking defaults for OMX/cmex/m/n on input line 220.
LaTeX Font Info:    ... okay on input line 220.
LaTeX Font Info:    Checking defaults for U/cmr/m/n on input line 220.
LaTeX Font Info:    ... okay on input line 220.
LaTeX Font Info:    Checking defaults for PD1/pdf/m/n on input line 220.
LaTeX Font Info:    ... okay on input line 220.
LaTeX Font Info:    Checking defaults for PU/pdf/m/n on input line 220.
LaTeX Font Info:    ... okay on input line 220.

Package fontspec Info: 
(fontspec)             Adjusting the maths setup (use [no-math] to avoid
(fontspec)             this).

\symlegacymaths=\mathgroup6
LaTeX Font Info:    Overwriting symbol font `legacymaths' in version `bold'
(Font)                  OT1/cmr/m/n --> OT1/cmr/bx/n on input line 220.
LaTeX Font Info:    Redeclaring math accent \acute on input line 220.
LaTeX Font Info:    Redeclaring math accent \grave on input line 220.
LaTeX Font Info:    Redeclaring math accent \ddot on input line 220.
LaTeX Font Info:    Redeclaring math accent \tilde on input line 220.
LaTeX Font Info:    Redeclaring math accent \bar on input line 220.
LaTeX Font Info:    Redeclaring math accent \breve on input line 220.
LaTeX Font Info:    Redeclaring math accent \check on input line 220.
LaTeX Font Info:    Redeclaring math accent \hat on input line 220.
LaTeX Font Info:    Redeclaring math accent \dot on input line 220.
LaTeX Font Info:    Redeclaring math accent \mathring on input line 220.
LaTeX Font Info:    Redeclaring math symbol \Gamma on input line 220.
LaTeX Font Info:    Redeclaring math symbol \Delta on input line 220.
LaTeX Font Info:    Redeclaring math symbol \Theta on input line 220.
LaTeX Font Info:    Redeclaring math symbol \Lambda on input line 220.
LaTeX Font Info:    Redeclaring math symbol \Xi on input line 220.
LaTeX Font Info:    Redeclaring math symbol \Pi on input line 220.
LaTeX Font Info:    Redeclaring math symbol \Sigma on input line 220.
LaTeX Font Info:    Redeclaring math symbol \Upsilon on input line 220.
LaTeX Font Info:    Redeclaring math symbol \Phi on input line 220.
LaTeX Font Info:    Redeclaring math symbol \Psi on input line 220.
LaTeX Font Info:    Redeclaring math symbol \Omega on input line 220.
LaTeX Font Info:    Redeclaring math symbol \mathdollar on input line 220.
LaTeX Font Info:    Redeclaring symbol font `operators' on input line 220.
LaTeX Font Info:    Encoding `OT1' has changed to `TU' for symbol font
(Font)              `operators' in the math version `normal' on input line 220.

LaTeX Font Info:    Overwriting symbol font `operators' in version `normal'
(Font)                  OT1/cmr/m/n --> TU/lmr/m/n on input line 220.
LaTeX Font Info:    Encoding `OT1' has changed to `TU' for symbol font
(Font)              `operators' in the math version `bold' on input line 220.
LaTeX Font Info:    Overwriting symbol font `operators' in version `bold'
(Font)                  OT1/cmr/bx/n --> TU/lmr/m/n on input line 220.
LaTeX Font Info:    Overwriting symbol font `operators' in version `normal'
(Font)                  TU/lmr/m/n --> TU/lmr/m/n on input line 220.
LaTeX Font Info:    Overwriting math alphabet `\mathit' in version `normal'
(Font)                  OT1/cmr/m/it --> TU/lmr/m/it on input line 220.
LaTeX Font Info:    Overwriting math alphabet `\mathbf' in version `normal'
(Font)                  OT1/cmr/bx/n --> TU/lmr/b/n on input line 220.
LaTeX Font Info:    Overwriting math alphabet `\mathsf' in version `normal'
(Font)                  OT1/cmss/m/n --> TU/lmss/m/n on input line 220.
LaTeX Font Info:    Overwriting math alphabet `\mathtt' in version `normal'
(Font)                  OT1/cmtt/m/n --> TU/lmtt/m/n on input line 220.
LaTeX Font Info:    Overwriting symbol font `operators' in version `bold'
(Font)                  TU/lmr/m/n --> TU/lmr/b/n on input line 220.
LaTeX Font Info:    Overwriting math alphabet `\mathit' in version `bold'
(Font)                  OT1/cmr/bx/it --> TU/lmr/b/it on input line 220.
LaTeX Font Info:    Overwriting math alphabet `\mathsf' in version `bold'
(Font)                  OT1/cmss/bx/n --> TU/lmss/b/n on input line 220.
LaTeX Font Info:    Overwriting math alphabet `\mathtt' in version `bold'
(Font)                  OT1/cmtt/m/n --> TU/lmtt/b/n on input line 220.

*geometry* driver: auto-detecting
*geometry* detected driver: xetex
*geometry* verbose mode - [ preamble ] result:
* driver: xetex
* paper: a4paper
* layout: <same size as paper>
* layoutoffset:(h,v)=(0.0pt,0.0pt)
* modes: twoside 
* h-part:(L,W,R)=(72.26999pt, 452.9679pt, 72.26999pt)
* v-part:(T,H,B)=(72.26999pt, 700.50687pt, 72.26999pt)
* \paperwidth=597.50787pt
* \paperheight=845.04684pt
* \textwidth=452.9679pt
* \textheight=700.50687pt
* \oddsidemargin=0.0pt
* \evensidemargin=0.0pt
* \topmargin=-31.8738pt
* \headheight=12.0pt
* \headsep=19.8738pt
* \topskip=11.0pt
* \footskip=27.46295pt
* \marginparwidth=106.0pt
* \marginparsep=7.0pt
* \columnsep=10.0pt
* \skip\footins=10.0pt plus 4.0pt minus 2.0pt
* \hoffset=0.0pt
* \voffset=0.0pt
* \mag=1000
* \@twocolumnfalse
* \@twosidetrue
* \@mparswitchtrue
* \@reversemarginfalse
* (1in=72.27pt=25.4mm, 1cm=28.453pt)

Package hyperref Info: Link coloring ON on input line 220.
(./EDC_BOOK2_WEAK_CANON.out) (./EDC_BOOK2_WEAK_CANON.out)
\@outlinefile=\write5
\openout5 = `EDC_BOOK2_WEAK_CANON.out'.

Package biblatex Info: Trying to load language 'english'...
Package biblatex Info: ... file 'english.lbx' found.

(/usr/local/texlive/2025/texmf-dist/tex/latex/biblatex/lbx/english.lbx
File: english.lbx 2024/03/21 v3.20 biblatex localization (PK/MW)
)
Package biblatex Info: XeTeX detected.
(biblatex)             Assuming input encoding 'utf8'.
Package biblatex Info: Automatic encoding selection.
(biblatex)             Assuming data encoding 'utf8'.
\openout4 = `EDC_BOOK2_WEAK_CANON.bcf'.

Package biblatex Info: Trying to load bibliographic data...
Package biblatex Info: ... file 'EDC_BOOK2_WEAK_CANON.bbl' found.

(./EDC_BOOK2_WEAK_CANON.bbl)
Package biblatex Info: Reference section=0 on input line 220.
Package biblatex Info: Reference segment=0 on input line 220.


[1



]
LaTeX Font Info:    Trying to load font information for U+msa on input line 255
.
 (/usr/local/texlive/2025/texmf-dist/tex/latex/amsfonts/umsa.fd
File: umsa.fd 2013/01/14 v3.01 AMS symbols A
)
LaTeX Font Info:    Trying to load font information for U+msb on input line 255
.

(/usr/local/texlive/2025/texmf-dist/tex/latex/amsfonts/umsb.fd
File: umsb.fd 2013/01/14 v3.01 AMS symbols B
)
Underfull \hbox (badness 10000) in paragraph at lines 251--257

 []



[2]

[3

]

[4] (./EDC_BOOK2_WEAK_CANON.toc

[5

]

[6]

[7]
Missing character: There is no μ (U+03BC) in font [lmroman10-regular]:mapping=t
ex-text;!


[8]

[9]
Missing character: There is no ξ (U+03BE) in font [lmroman10-bold]:mapping=tex-
text;!


[10]

[11]

[12]

[13]

[14]

[15]
Overfull \hbox (5.23409pt too wide) detected at line 1197
\TU/lmr/m/n/10.95 24.100 
 []


Overfull \hbox (3.89824pt too wide) detected at line 1198
\TU/lmr/m/n/10.95 24.100.1 
 []


Overfull \hbox (3.89824pt too wide) detected at line 1199
\TU/lmr/m/n/10.95 24.100.2 
 []


Overfull \hbox (5.23409pt too wide) detected at line 1200
\TU/lmr/m/n/10.95 24.101 
 []


Overfull \hbox (3.89824pt too wide) detected at line 1201
\TU/lmr/m/n/10.95 24.101.1 
 []


Overfull \hbox (3.89824pt too wide) detected at line 1202
\TU/lmr/m/n/10.95 24.101.2 
 []


Overfull \hbox (5.23409pt too wide) detected at line 1203
\TU/lmr/m/n/10.95 24.102 
 []


Overfull \hbox (3.89824pt too wide) detected at line 1204
\TU/lmr/m/n/10.95 24.102.1 
 []


Overfull \hbox (3.89824pt too wide) detected at line 1205
\TU/lmr/m/n/10.95 24.102.2 
 []


Overfull \hbox (5.23409pt too wide) detected at line 1206
\TU/lmr/m/n/10.95 24.103 
 []


Overfull \hbox (5.23409pt too wide) detected at line 1207
\TU/lmr/m/n/10.95 24.104 
 []


Overfull \hbox (5.23409pt too wide) detected at line 1209
\TU/lmr/m/n/10.95 24.105 
 []


Overfull \hbox (3.89824pt too wide) detected at line 1210
\TU/lmr/m/n/10.95 24.105.1 
 []


Overfull \hbox (3.89824pt too wide) detected at line 1211
\TU/lmr/m/n/10.95 24.105.2 
 []



[16]
Overfull \hbox (3.89824pt too wide) detected at line 1212
\TU/lmr/m/n/10.95 24.105.3 
 []


Overfull \hbox (5.23409pt too wide) detected at line 1213
\TU/lmr/m/n/10.95 24.106 
 []


Overfull \hbox (3.89824pt too wide) detected at line 1214
\TU/lmr/m/n/10.95 24.106.1 
 []


Overfull \hbox (3.89824pt too wide) detected at line 1215
\TU/lmr/m/n/10.95 24.106.2 
 []


Overfull \hbox (5.23409pt too wide) detected at line 1222
\TU/lmr/m/n/10.95 24.107 
 []


Overfull \hbox (3.89824pt too wide) detected at line 1223
\TU/lmr/m/n/10.95 24.107.1 
 []


Overfull \hbox (3.89824pt too wide) detected at line 1224
\TU/lmr/m/n/10.95 24.107.2 
 []


Overfull \hbox (3.89824pt too wide) detected at line 1225
\TU/lmr/m/n/10.95 24.107.3 
 []


Overfull \hbox (5.23409pt too wide) detected at line 1226
\TU/lmr/m/n/10.95 24.108 
 []


Overfull \hbox (3.89824pt too wide) detected at line 1227
\TU/lmr/m/n/10.95 24.108.1 
 []


Overfull \hbox (3.89824pt too wide) detected at line 1228
\TU/lmr/m/n/10.95 24.108.2 
 []


Overfull \hbox (3.89824pt too wide) detected at line 1229
\TU/lmr/m/n/10.95 24.108.3 
 []


Overfull \hbox (5.23409pt too wide) detected at line 1230
\TU/lmr/m/n/10.95 24.109 
 []


Overfull \hbox (3.89824pt too wide) detected at line 1231
\TU/lmr/m/n/10.95 24.109.1 
 []


Overfull \hbox (3.89824pt too wide) detected at line 1232
\TU/lmr/m/n/10.95 24.109.2 
 []


Overfull \hbox (3.89824pt too wide) detected at line 1233
\TU/lmr/m/n/10.95 24.109.3 
 []


Overfull \hbox (3.89824pt too wide) detected at line 1234
\TU/lmr/m/n/10.95 24.109.4 
 []


Overfull \hbox (3.89824pt too wide) detected at line 1235
\TU/lmr/m/n/10.95 24.109.5 
 []


Overfull \hbox (5.23409pt too wide) detected at line 1236
\TU/lmr/m/n/10.95 24.110 
 []


Overfull \hbox (3.89824pt too wide) detected at line 1237
\TU/lmr/m/n/10.95 24.110.1 
 []


Overfull \hbox (5.23409pt too wide) detected at line 1238
\TU/lmr/m/n/10.95 24.111 
 []


Overfull \hbox (3.89824pt too wide) detected at line 1239
\TU/lmr/m/n/10.95 24.111.1 
 []


Overfull \hbox (3.89824pt too wide) detected at line 1240
\TU/lmr/m/n/10.95 24.111.2 
 []


Overfull \hbox (3.89824pt too wide) detected at line 1241
\TU/lmr/m/n/10.95 24.111.3 
 []


Overfull \hbox (5.23409pt too wide) detected at line 1242
\TU/lmr/m/n/10.95 24.112 
 []


Overfull \hbox (3.89824pt too wide) detected at line 1243
\TU/lmr/m/n/10.95 24.112.1 
 []


Overfull \hbox (3.89824pt too wide) detected at line 1244
\TU/lmr/m/n/10.95 24.112.2 
 []


Overfull \hbox (3.89824pt too wide) detected at line 1245
\TU/lmr/m/n/10.95 24.112.3 
 []


Overfull \hbox (5.23409pt too wide) detected at line 1246
\TU/lmr/m/n/10.95 24.113 
 []


Overfull \hbox (3.89824pt too wide) detected at line 1247
\TU/lmr/m/n/10.95 24.113.1 
 []


Overfull \hbox (3.89824pt too wide) detected at line 1248
\TU/lmr/m/n/10.95 24.113.2 
 []


Overfull \hbox (3.89824pt too wide) detected at line 1249
\TU/lmr/m/n/10.95 24.113.3 
 []


Overfull \hbox (5.23409pt too wide) detected at line 1250
\TU/lmr/m/n/10.95 24.114 
 []


Overfull \hbox (3.89824pt too wide) detected at line 1251
\TU/lmr/m/n/10.95 24.114.1 
 []


Overfull \hbox (3.89824pt too wide) detected at line 1252
\TU/lmr/m/n/10.95 24.114.2 
 []


Overfull \hbox (3.89824pt too wide) detected at line 1253
\TU/lmr/m/n/10.95 24.114.3 
 []


Overfull \hbox (5.23409pt too wide) detected at line 1254
\TU/lmr/m/n/10.95 24.115 
 []


Overfull \hbox (5.23409pt too wide) detected at line 1255
\TU/lmr/m/n/10.95 24.116 
 []


Overfull \hbox (3.89824pt too wide) detected at line 1256
\TU/lmr/m/n/10.95 24.116.1 
 []


Overfull \hbox (3.89824pt too wide) detected at line 1257
\TU/lmr/m/n/10.95 24.116.2 
 []


Overfull \hbox (3.89824pt too wide) detected at line 1258
\TU/lmr/m/n/10.95 24.116.3 
 []


Overfull \hbox (5.23409pt too wide) detected at line 1259
\TU/lmr/m/n/10.95 24.117 
 []


Overfull \hbox (5.23409pt too wide) detected at line 1260
\TU/lmr/m/n/10.95 24.118 
 []


Overfull \hbox (5.23409pt too wide) detected at line 1261
\TU/lmr/m/n/10.95 24.119 
 []


Overfull \hbox (5.23409pt too wide) detected at line 1262
\TU/lmr/m/n/10.95 24.120 
 []


Overfull \hbox (5.23409pt too wide) detected at line 1263
\TU/lmr/m/n/10.95 24.121 
 []


Overfull \hbox (3.89824pt too wide) detected at line 1264
\TU/lmr/m/n/10.95 24.121.1 
 []


Overfull \hbox (3.89824pt too wide) detected at line 1265
\TU/lmr/m/n/10.95 24.121.2 
 []


Overfull \hbox (5.23409pt too wide) detected at line 1266
\TU/lmr/m/n/10.95 24.122 
 []


Overfull \hbox (3.89824pt too wide) detected at line 1267
\TU/lmr/m/n/10.95 24.122.1 
 []


Overfull \hbox (3.89824pt too wide) detected at line 1268
\TU/lmr/m/n/10.95 24.122.2 
 []



[17]
Overfull \hbox (3.89824pt too wide) detected at line 1269
\TU/lmr/m/n/10.95 24.122.3 
 []


Overfull \hbox (3.89824pt too wide) detected at line 1270
\TU/lmr/m/n/10.95 24.122.4 
 []


Overfull \hbox (5.23409pt too wide) detected at line 1271
\TU/lmr/m/n/10.95 24.123 
 []


Overfull \hbox (3.89824pt too wide) detected at line 1272
\TU/lmr/m/n/10.95 24.123.1 
 []


Overfull \hbox (3.89824pt too wide) detected at line 1273
\TU/lmr/m/n/10.95 24.123.2 
 []


Overfull \hbox (5.23409pt too wide) detected at line 1274
\TU/lmr/m/n/10.95 24.124 
 []


Overfull \hbox (5.23409pt too wide) detected at line 1275
\TU/lmr/m/n/10.95 24.125 
 []


Overfull \hbox (3.89824pt too wide) detected at line 1276
\TU/lmr/m/n/10.95 24.125.1 
 []


Overfull \hbox (3.89824pt too wide) detected at line 1277
\TU/lmr/m/n/10.95 24.125.2 
 []


Overfull \hbox (5.23409pt too wide) detected at line 1278
\TU/lmr/m/n/10.95 24.126 
 []


Overfull \hbox (3.89824pt too wide) detected at line 1279
\TU/lmr/m/n/10.95 24.126.1 
 []


Overfull \hbox (3.89824pt too wide) detected at line 1280
\TU/lmr/m/n/10.95 24.126.2 
 []


Overfull \hbox (5.23409pt too wide) detected at line 1281
\TU/lmr/m/n/10.95 24.127 
 []

)
\tf@toc=\write6
\openout6 = `EDC_BOOK2_WEAK_CANON.toc'.



[18]

[1


]

[2]

[3]

[4

]
Chapter 1.
(./sections/01_how_we_got_here.tex
Overfull \hbox (13.43999pt too wide) in paragraph at lines 41--42
[]\TU/lmr/m/it/10.95 Weak interactions are not fundamental vertices but the low
-energy residue of bulk$\OMS/cmsy/m/n/10.95 !$\TU/lmr/m/it/10.95 brane
 []



[5]) (./sections/03_unified_pipeline.tex

[6]

[7]

[8]) (./sections/02_geometry_interface.tex

[9]

[10])

[11]

[12

]
Chapter 2.
(./sections/04_ontology.tex
Overfull \hbox (38.44128pt too wide) in paragraph at lines 19--30
 [][] 
 []



[13]

[14]) (./sections/04b_proton_anchor.tex

[15]

[16]

[17]

[18]
Overfull \hbox (9.80704pt too wide) in paragraph at lines 225--242
 [] 
 []

) (./sections/04a_unified_master_figure.tex
(./figures/fig_master_weak_pipeline.tex)

[19]
Overfull \hbox (21.85237pt too wide) in paragraph at lines 53--68
 [][] 
 []



[20])

[21]

[22

]
Chapter 3.
(./sections/05_case_neutron.tex

[23]

[24]

[25]

[26]

[27]

[28]

[29]

[30]
Underfull \hbox (badness 10000) in paragraph at lines 743--743
[]|\TU/lmr/m/n/10.95 Energy pumped to
 []


Underfull \hbox (badness 1107) in paragraph at lines 743--743
\TU/lmr/m/n/10.95 brane: $\OT1/cmr/m/n/10.95 ^^A\OML/cmm/m/it/10.95 E \OMS/cmsy
/m/n/10.95 ^^Y \OT1/cmr/m/n/10.95 1\OML/cmm/m/it/10.95 :\OT1/cmr/m/n/10.95 293$

 []


Underfull \hbox (badness 1178) in paragraph at lines 744--744
[]|\TU/lmr/m/n/10.95 Brane modes organize
 []



[31]

[32]) (./sections/05b_neutron_dual_route.tex

[33]

[34]
Underfull \hbox (badness 2875) in paragraph at lines 143--145
[]\TU/lmr/m/n/10.95 The linearized BC analysis gives $\OML/cmm/m/it/10.95 V[]\O
T1/cmr/m/n/10.95 (\OML/cmm/m/it/10.95 d\OT1/cmr/m/n/10.95 ) \OML/cmm/m/it/10.95
 > \OT1/cmr/m/n/10.95 0$ \TU/lmr/m/n/10.95 for all BC choices (see
 []



[35]

[36]

[37]

[38]

[39]
Missing character: There is no ✓ (U+2713) in font [lmroman10-regular]:mapping=t
ex-text;!
Missing character: There is no σ (U+03C3) in font [lmroman10-bold]:mapping=tex-
text;!


[40]

[41]

[42]
Underfull \hbox (badness 10000) in paragraph at lines 745--746
[]\TU/lmr/bx/n/10 Route C (5D$\OMS/cmsy/m/n/10 !$\TU/lmr/bx/n/10 1D corridor): 
\TU/lmr/m/n/10 An effective 1D description $\OML/cmm/m/it/10 S[]\OT1/cmr/m/n/10
 [\OML/cmm/m/it/10 q\OT1/cmr/m/n/10 ] =
 []



[43]
Missing character: There is no ✓ (U+2713) in font [lmroman10-regular]:mapping=t
ex-text;!
Missing character: There is no ✗ (U+2717) in font [lmroman10-bold]:mapping=tex-
text;!
Missing character: There is no ✗ (U+2717) in font [lmroman10-bold]:mapping=tex-
text;!


[44]

[45]

[46]

[47]
Underfull \hbox (badness 10000) in paragraph at lines 1052--1053
[]|\TU/lmr/m/n/10.95 Neutron is metastable Y-
 []

)

[48]
Chapter 4.
(./sections/06_case_muon.tex

[49

]
Overfull \hbox (1.08727pt too wide) in paragraph at lines 60--64
[] [] \TU/lmr/bx/n/10.95 Strategic value.[] \TU/lmr/m/n/10.95 The neutron decay
 analysis in §[][]3.1[][] established the bulk$\OMS/cmsy/m/n/10.95 !$\TU/lmr/m/
n/10.95 brane$\OMS/cmsy/m/n/10.95 !$\TU/lmr/m/n/10.95 3D pipeline
 []



[50]

[51]

[52]

[53]

[54]
Overfull \hbox (3.25325pt too wide) in paragraph at lines 524--530
 [][] 
 []



[55]

[56])

[57]

[58

]
Chapter 5.
(./sections/07_case_tau.tex

Package hyperref Warning: Difference (2) between bookmark levels is greater 
(hyperref)                than one, level fixed on input line 5.



[59]

[60]

[61]

[62]

[63]

[64]

[65])

[66]
Chapter 6.
(./sections/09_case_electron.tex

[67

]

[68]

[69]

[70]

[71]

[72]
Underfull \hbox (badness 4036) in paragraph at lines 507--509
[]|\TU/lmr/m/n/10.95 Mode spectrum derivation from
 []



[73]) (./sections/08_case_pion.tex

[74]

[75]

[76]

[77]

[78]

[79]
Underfull \hbox (badness 1205) in paragraph at lines 507--510
\TU/lmr/m/n/10.95 transition in the EDC weak program. Its successful accommodat
ion by the absorp-
 []



[80]

[81]) (./sections/10_case_neutrino.tex

[82]

[83]

[84]

[85]

[86]

[87]
Underfull \hbox (badness 10000) in paragraph at lines 527--528
[]|\TU/lmr/m/n/10.95 Neutrinoless double-beta decay
 []


Underfull \hbox (badness 10000) in paragraph at lines 530--531
[]|\TU/lmr/m/n/10.95 Normal vs inverted ordering
 []



[88]

[89])

[90]

[91

]

[92]

[93]

[94

]
Chapter 7.
(./CH3_electroweak_parameters.tex

[95]

[96]

[97]

Package hyperref Warning: Token not allowed in a PDF string (Unicode):
(hyperref)                removing `math shift' on input line 198.


Package hyperref Warning: Token not allowed in a PDF string (Unicode):
(hyperref)                removing `subscript' on input line 198.


Package hyperref Warning: Token not allowed in a PDF string (Unicode):
(hyperref)                removing `math shift' on input line 198.


Underfull \hbox (badness 10000) in paragraph at lines 256--257
[]\TU/lmr/m/n/10.95 The \TU/lmr/m/it/10.95 full \TU/lmr/m/n/10.95 symmetry grou
p $\U/msb/m/n/10.95 Z[]$ \TU/lmr/m/n/10.95 has 6 elements (rotations by
 []



[98]

[99]

[100]

[101]

[102]

[103]

[104]

Package hyperref Warning: Token not allowed in a PDF string (Unicode):
(hyperref)                removing `math shift' on input line 743.


Package hyperref Warning: Token not allowed in a PDF string (Unicode):
(hyperref)                removing `math shift' on input line 743.



[105]

[106]

[107]

[108]

[109]
Underfull \hbox (badness 1371) in paragraph at lines 1124--1127
[]\TU/lmr/bx/n/10.95 IF $[][] \OML/cmm/m/it/10.95 ^^R[] \OT1/cmr/m/n/10.95 = 1/
4$ \TU/lmr/m/n/10.95 at lattice scale \TU/lmr/bx/n/10.95 AND \TU/lmr/m/n/10.95 
SM RG running []\TU/lmr/bx/n/10.95 [BL][] THEN
 []



[110]

[111])

[112]
Chapter 8.
(./sections/11_gf_pathway.tex)

[113

]

[114]
Chapter 9.
(./sections/05_three_generations.tex

[115

]

[116] (./figures/fig_three_channel_localization.tex)
Underfull \hbox (badness 10000) in paragraph at lines 230--231
[]|\TU/lmr/m/n/10 2D packing + energy min
 []


Underfull \hbox (badness 10000) in paragraph at lines 232--233
[]|\TU/lmr/m/n/10 Cardinality matching, not
 []


Underfull \hbox (badness 10000) in paragraph at lines 233--233
[]|\TU/lmr/m/n/10 Explains mode
 []



[117]

[118]
Underfull \hbox (badness 10000) in paragraph at lines 300--300
[]|\TU/lmr/m/n/10 Lifetime calcula-
 []


Underfull \hbox (badness 10000) in paragraph at lines 301--302
[]|\TU/lmr/m/n/10 Would need specific barrier
 []



[119]
Underfull \hbox (badness 10000) in paragraph at lines 360--361
[]|\TU/lmr/m/n/10 Mechanism not worked out
 []

(./figures/fig_overlap_mixing.tex)

[120]

[121]
Overfull \hbox (16.54063pt too wide) in paragraph at lines 489--491
[]\TU/lmr/bx/n/10.95 Generational mixing: \TU/lmr/m/n/10.95 If generations aris
e from $\U/msb/m/n/10.95 Z[]$ \TU/lmr/m/n/10.95 structure, what determines CKM/
PMNS
 []



[122]

[123])

[124]
Chapter 10.
(./sections/06_neutrinos_edge_modes.tex

[125

]

[126]
Underfull \hbox (badness 10000) in paragraph at lines 190--190
[]|\TU/lmr/m/n/10.95 Suppressed Higgs
 []


Underfull \hbox (badness 1132) in paragraph at lines 191--191
[]|\TU/lmr/m/n/10.95 Profiles $\OML/cmm/m/it/10.95 f[]\OT1/cmr/m/n/10.95 (\OML/
cmm/m/it/10.95 ^^X\OT1/cmr/m/n/10.95 )$\TU/lmr/m/n/10.95 , $\OML/cmm/m/it/10.95
 h\OT1/cmr/m/n/10.95 (\OML/cmm/m/it/10.95 ^^X\OT1/cmr/m/n/10.95 )$
 []


Underfull \hbox (badness 10000) in paragraph at lines 195--195
[]|\TU/lmr/m/n/10.95 DFT baseline
 []


Underfull \hbox (badness 10000) in paragraph at lines 199--199
[]|\TU/lmr/m/n/10.95 Breaking require-
 []


Underfull \hbox (badness 2547) in paragraph at lines 200--200
[]|$\OMS/cmsy/m/n/10.95 ^^X \OT1/cmr/m/n/10.95 25[]$ \TU/lmr/m/n/10.95 anisotro
py
 []



[127]

[128]

[129]

[130]

[131]

[132] (./sections/ch6_pmns_attempt1.tex

[133]

[134]) (./sections/ch6_pmns_attempt2.tex

[135]
Underfull \hbox (badness 10000) in paragraph at lines 63--63
[]|\TU/lmr/m/n/10.95 B2: Hierarchical
 []


Underfull \hbox (badness 10000) in paragraph at lines 64--64
[]|\TU/lmr/m/n/10.95 Flavor-dependent overlap
 []



[136]

[137]

[138]) (./sections/ch6_pmns_attempt3_z6_refinement.tex

[139]

[140]) (./sections/ch6_pmns_attempt4_menu.tex

[141]

[142]

[143]) (./sections/ch6_pmns_attempt4_1_derive_epsilon.tex

[144]

[145]) (./sections/ch6_pmns_attempt4_2_theta12_origin.tex

[146]

[147]

[148])

[149]
Underfull \hbox (badness 10000) in paragraph at lines 758--758
[]|\TU/lmr/m/n/10.95 Mass hierarchy (nor-
 []


Underfull \hbox (badness 10000) in paragraph at lines 762--763
[]|\TU/lmr/m/n/10.95 Interface boundary condition
 []



[150])

[151]

[152]
Chapter 11.
(./sections/07_ckm_cp.tex

[153

]

[154]

[155]

[156]

[157]

[158] (./figures/fig_generation_spacing.tex)

[159]

[160] (./figures/fig_ckm_pmns_comparison.tex)

[161]

[162]

[163]

[164]

[165]

[166]

[167] (./sections/ch7_attempt3_cp_phase.tex

[168]

[169]

[170]
Underfull \hbox (badness 10000) in paragraph at lines 239--241
[]\TU/lmr/m/n/10.95 The specific phases
 []



[171]) (./sections/ch7_attempt4_cp_refinement.tex

[172]

[173]
Overfull \hbox (10.44212pt too wide) in paragraph at lines 172--186
 [][] 
 []



[174]

[175] (./sections/ch7_z2_parity_origin.tex

[176]
Underfull \hbox (badness 10000) in paragraph at lines 133--133
[]|\TU/lmr/m/n/10.95 Sign-flip count rule
 []



[177])))

[178]

[179]

[180

]
Chapter 12.
(./sections/09_va_structure.tex
Underfull \hbox (badness 2582) in paragraph at lines 19--24
\TU/lmr/m/n/10.95 The result—that only left-handed modes couple at the interfac
e—is \TU/lmr/bx/n/10.95 derived-
 []



[181]

[182]

[183]

[184]

[185]

[186]

[187]

[188]

[189]

[190]

[191]

[192]

[193]

[194]

[195]
Overfull \hbox (8.03603pt too wide) in paragraph at lines 1152--1176
 [] 
 []



[196])

[197]

[198

]

[199]

[200]

[201]

[202

]
Chapter 13.
(./sections/ch16_opr04_delta_derivation.tex

[203]

[204

]
Chapter 14.


[205]

Package hyperref Warning: Token not allowed in a PDF string (Unicode):
(hyperref)                removing `math shift' on input line 96.


Package hyperref Warning: Token not allowed in a PDF string (Unicode):
(hyperref)                removing `\Delta' on input line 96.


Package hyperref Warning: Token not allowed in a PDF string (Unicode):
(hyperref)                removing `math shift' on input line 96.


Package hyperref Warning: Token not allowed in a PDF string (Unicode):
(hyperref)                removing `math shift' on input line 99.


Package hyperref Warning: Token not allowed in a PDF string (Unicode):
(hyperref)                removing `\Delta' on input line 99.


Package hyperref Warning: Token not allowed in a PDF string (Unicode):
(hyperref)                removing `math shift' on input line 99.


Package hyperref Warning: Token not allowed in a PDF string (Unicode):
(hyperref)                removing `math shift' on input line 148.


Package hyperref Warning: Token not allowed in a PDF string (Unicode):
(hyperref)                removing `\lambda' on input line 148.


Package hyperref Warning: Token not allowed in a PDF string (Unicode):
(hyperref)                removing `\phi' on input line 148.


Package hyperref Warning: Token not allowed in a PDF string (Unicode):
(hyperref)                removing `superscript' on input line 148.


Package hyperref Warning: Token not allowed in a PDF string (Unicode):
(hyperref)                removing `math shift' on input line 148.



[206]

Package hyperref Warning: Token not allowed in a PDF string (Unicode):
(hyperref)                removing `math shift' on input line 229.


Package hyperref Warning: Token not allowed in a PDF string (Unicode):
(hyperref)                removing `\sigma' on input line 229.


Package hyperref Warning: Token not allowed in a PDF string (Unicode):
(hyperref)                removing `\Delta' on input line 229.


Package hyperref Warning: Token not allowed in a PDF string (Unicode):
(hyperref)                removing `\begingroup' on input line 229.


Package hyperref Warning: Token not allowed in a PDF string (Unicode):
(hyperref)                removing `superscript' on input line 229.


Package hyperref Warning: Token not allowed in a PDF string (Unicode):
(hyperref)                removing `\endgroup' on input line 229.


Package hyperref Warning: Token not allowed in a PDF string (Unicode):
(hyperref)                removing `\@@over' on input line 229.


Package hyperref Warning: Token not allowed in a PDF string (Unicode):
(hyperref)                removing `math shift' on input line 229.



[207]

Package hyperref Warning: Token not allowed in a PDF string (Unicode):
(hyperref)                removing `math shift' on input line 243.


Package hyperref Warning: Token not allowed in a PDF string (Unicode):
(hyperref)                removing `\sigma' on input line 243.


Package hyperref Warning: Token not allowed in a PDF string (Unicode):
(hyperref)                removing `\Delta' on input line 243.


Package hyperref Warning: Token not allowed in a PDF string (Unicode):
(hyperref)                removing `math shift' on input line 243.



[208]

Package hyperref Warning: Token not allowed in a PDF string (Unicode):
(hyperref)                removing `math shift' on input line 339.


Package hyperref Warning: Token not allowed in a PDF string (Unicode):
(hyperref)                removing `\Delta' on input line 339.


Package hyperref Warning: Token not allowed in a PDF string (Unicode):
(hyperref)                removing `math shift' on input line 339.

Missing character: There is no μ (U+03BC) in font [lmroman12-bold]:mapping=tex-
text;!

Package hyperref Warning: Token not allowed in a PDF string (Unicode):
(hyperref)                removing `math shift' on input line 360.


Package hyperref Warning: Token not allowed in a PDF string (Unicode):
(hyperref)                removing `\Delta' on input line 360.


Package hyperref Warning: Token not allowed in a PDF string (Unicode):
(hyperref)                removing `math shift' on input line 360.


Package hyperref Warning: Token not allowed in a PDF string (Unicode):
(hyperref)                removing `math shift' on input line 360.


Package hyperref Warning: Token not allowed in a PDF string (Unicode):
(hyperref)                removing `subscript' on input line 360.


Package hyperref Warning: Token not allowed in a PDF string (Unicode):
(hyperref)                removing `math shift' on input line 360.



[209]

[210]

[211])

Package hyperref Warning: Token not allowed in a PDF string (Unicode):
(hyperref)                removing `math shift' on input line 801.


Package hyperref Warning: Token not allowed in a PDF string (Unicode):
(hyperref)                removing `\sigma' on input line 801.


Package hyperref Warning: Token not allowed in a PDF string (Unicode):
(hyperref)                removing `\to' on input line 801.


Package hyperref Warning: Token not allowed in a PDF string (Unicode):
(hyperref)                removing `subscript' on input line 801.


Package hyperref Warning: Token not allowed in a PDF string (Unicode):
(hyperref)                removing `math shift' on input line 801.

(./sections/ch15_opr01_sigma_anchor_derivation.tex

[212]

[213]

[214

]
Chapter 15.

Package hyperref Warning: Difference (2) between bookmark levels is greater 
(hyperref)                than one, level fixed on input line 57.



[215]

[216]

[217]

[218]

[219])

[220]

[221]

[222

]
Chapter 16.
(./sections/ch12_bvp_workpackage.tex

[223]

[224]

[225]

[226]

[227]

[228]

[229]

[230]) (./sections/ch14_opr21_closure_derivation.tex

[231]

[232]

[233]

[234]

[235]

[236]

[237]

[238]
Overfull \hbox (6.8345pt too wide) in paragraph at lines 616--619
[] [] \TU/lmr/bx/n/10.95 Result.[] \TU/lmr/m/n/10.95 The count $\OML/cmm/m/it/1
0.95 N[]$ \TU/lmr/m/n/10.95 is \TU/lmr/bx/n/10.95 stable \TU/lmr/m/n/10.95 acro
ss BC variations in the target regime (shape-dependent;
 []



[239]
Overfull \hbox (36.61188pt too wide) in paragraph at lines 712--728
 [] 
 []



[240]) (./sections/ch10_electroweak_bridge.tex

[241]

[242]

[243]

[244]

[245]

[246]

[247])

[248]

[249]

[250

]
Chapter 17.

Package hyperref Warning: Token not allowed in a PDF string (Unicode):
(hyperref)                removing `math shift' on input line 869.


Package hyperref Warning: Token not allowed in a PDF string (Unicode):
(hyperref)                removing `subscript' on input line 869.


Package hyperref Warning: Token not allowed in a PDF string (Unicode):
(hyperref)                removing `\to' on input line 869.


Package hyperref Warning: Token not allowed in a PDF string (Unicode):
(hyperref)                removing `subscript' on input line 869.


Package hyperref Warning: Token not allowed in a PDF string (Unicode):
(hyperref)                removing `math shift' on input line 869.


Package hyperref Warning: Token not allowed in a PDF string (Unicode):
(hyperref)                removing `math shift' on input line 880.


Package hyperref Warning: Token not allowed in a PDF string (Unicode):
(hyperref)                removing `subscript' on input line 880.


Package hyperref Warning: Token not allowed in a PDF string (Unicode):
(hyperref)                removing `math shift' on input line 880.

(./sections/ch17_opr19_g5_from_action.tex

[251]

[252

]
Chapter 18.


[253]

[254]

Package hyperref Warning: Token not allowed in a PDF string (Unicode):
(hyperref)                removing `math shift' on input line 190.


Package hyperref Warning: Token not allowed in a PDF string (Unicode):
(hyperref)                removing `subscript' on input line 190.


Package hyperref Warning: Token not allowed in a PDF string (Unicode):
(hyperref)                removing `superscript' on input line 190.


Package hyperref Warning: Token not allowed in a PDF string (Unicode):
(hyperref)                removing `math shift' on input line 190.


Package hyperref Warning: Token not allowed in a PDF string (Unicode):
(hyperref)                removing `math shift' on input line 199.


Package hyperref Warning: Token not allowed in a PDF string (Unicode):
(hyperref)                removing `subscript' on input line 199.


Package hyperref Warning: Token not allowed in a PDF string (Unicode):
(hyperref)                removing `\mu' on input line 199.


Package hyperref Warning: Token not allowed in a PDF string (Unicode):
(hyperref)                removing `\nu' on input line 199.


Package hyperref Warning: Token not allowed in a PDF string (Unicode):
(hyperref)                removing `superscript' on input line 199.


Package hyperref Warning: Token not allowed in a PDF string (Unicode):
(hyperref)                removing `\mu' on input line 199.


Package hyperref Warning: Token not allowed in a PDF string (Unicode):
(hyperref)                removing `\nu' on input line 199.


Package hyperref Warning: Token not allowed in a PDF string (Unicode):
(hyperref)                removing `math shift' on input line 199.


Package hyperref Warning: Token not allowed in a PDF string (Unicode):
(hyperref)                removing `math shift' on input line 235.


Package hyperref Warning: Token not allowed in a PDF string (Unicode):
(hyperref)                removing `subscript' on input line 235.


Package hyperref Warning: Token not allowed in a PDF string (Unicode):
(hyperref)                removing `\mu' on input line 235.


Package hyperref Warning: Token not allowed in a PDF string (Unicode):
(hyperref)                removing `superscript' on input line 235.


Package hyperref Warning: Token not allowed in a PDF string (Unicode):
(hyperref)                removing `\mu' on input line 235.


Package hyperref Warning: Token not allowed in a PDF string (Unicode):
(hyperref)                removing `math shift' on input line 235.


Package hyperref Warning: Token not allowed in a PDF string (Unicode):
(hyperref)                removing `math shift' on input line 256.


Package hyperref Warning: Token not allowed in a PDF string (Unicode):
(hyperref)                removing `subscript' on input line 256.


Package hyperref Warning: Token not allowed in a PDF string (Unicode):
(hyperref)                removing `math shift' on input line 256.



[255]

[256]

[257])

[258] (./sections/ch18_opr20_mediator_mass_from_eigenvalue.tex

[259]

[260

]
Chapter 19.
Missing character: There is no ξ (U+03BE) in font [lmroman12-bold]:mapping=tex-
text;!
Missing character: There is no ξ (U+03BE) in font [lmroman10-regular]:mapping=t
ex-text;!
Missing character: There is no ξ (U+03BE) in font [lmroman10-regular]:mapping=t
ex-text;!


[261]
Missing character: There is no ξ (U+03BE) in font [lmroman10-regular]:mapping=t
ex-text;!


[262]

[263]

Package hyperref Warning: Token not allowed in a PDF string (Unicode):
(hyperref)                removing `math shift' on input line 275.


Package hyperref Warning: Token not allowed in a PDF string (Unicode):
(hyperref)                removing `math shift' on input line 275.



[264]

[265]

[266]

[267])

Package hyperref Warning: Token not allowed in a PDF string (Unicode):
(hyperref)                removing `math shift' on input line 892.


Package hyperref Warning: Token not allowed in a PDF string (Unicode):
(hyperref)                removing `subscript' on input line 892.


Package hyperref Warning: Token not allowed in a PDF string (Unicode):
(hyperref)                removing `math shift' on input line 892.

(./sections/ch19_opr22_geff_from_exchange.tex

[268]
Chapter 20.


[269

]

[270]

[271]

[272]

[273]

[274]

Package hyperref Warning: Token not allowed in a PDF string (Unicode):
(hyperref)                removing `math shift' on input line 477.


Package hyperref Warning: Token not allowed in a PDF string (Unicode):
(hyperref)                removing `subscript' on input line 477.


Package hyperref Warning: Token not allowed in a PDF string (Unicode):
(hyperref)                removing `math shift' on input line 477.



[275]

[276]

Package hyperref Warning: Token not allowed in a PDF string (Unicode):
(hyperref)                removing `math shift' on input line 602.


Package hyperref Warning: Token not allowed in a PDF string (Unicode):
(hyperref)                removing `subscript' on input line 602.


Package hyperref Warning: Token not allowed in a PDF string (Unicode):
(hyperref)                removing `math shift' on input line 602.


Package hyperref Warning: Token not allowed in a PDF string (Unicode):
(hyperref)                removing `math shift' on input line 637.


Package hyperref Warning: Token not allowed in a PDF string (Unicode):
(hyperref)                removing `subscript' on input line 637.


Package hyperref Warning: Token not allowed in a PDF string (Unicode):
(hyperref)                removing `math shift' on input line 637.



[277]

[278]

Package hyperref Warning: Token not allowed in a PDF string (Unicode):
(hyperref)                removing `math shift' on input line 713.


Package hyperref Warning: Token not allowed in a PDF string (Unicode):
(hyperref)                removing `subscript' on input line 713.


Package hyperref Warning: Token not allowed in a PDF string (Unicode):
(hyperref)                removing `math shift' on input line 713.



[279]

LaTeX Warning: `h' float specifier changed to `ht'.



[280]

[281])

[282]
Chapter 21.
(./sections/ch20_epistemic_summary_closure_status.tex

[283

]

[284

]
Chapter 22.

Underfull \hbox (badness 10000) in paragraph at lines 106--106
[]|\TU/lmr/m/n/10.95 Sturm–Liouville do-
 []


Underfull \hbox (badness 4940) in paragraph at lines 108--108
[]|\TU/lmr/m/n/10.95 Robin BC parameter
 []


Underfull \hbox (badness 1748) in paragraph at lines 109--109
[]|\TU/lmr/m/n/10.95 Yukawa coupling (do-
 []



[285]
Overfull \hbox (0.5811pt too wide) in paragraph at lines 259--259
\OT1/cmr/m/n/6 (\OML/cmm/m/it/6 g[]`\OT1/cmr/m/n/6 /2\OML/cmm/m/it/6 x[]\OT1/cm
r/m/n/6 )\OMS/cmsy/m/n/6 j\OML/cmm/m/it/6 f[]\OT1/cmr/m/n/6 (0)\OMS/cmsy/m/n/6 
j[]$|  
 []



[286]

Package hyperref Warning: Token not allowed in a PDF string (Unicode):
(hyperref)                removing `math shift' on input line 269.


Package hyperref Warning: Token not allowed in a PDF string (Unicode):
(hyperref)                removing `\leftrightarrow' on input line 269.


Package hyperref Warning: Token not allowed in a PDF string (Unicode):
(hyperref)                removing `math shift' on input line 269.



[287]
Underfull \hbox (badness 10000) in paragraph at lines 390--391
[]|\TU/lmr/m/n/10.95 BVP eigenvalue (shape-
 []


Underfull \hbox (badness 10000) in paragraph at lines 395--395
[]|\TU/lmr/m/n/10.95 Robin BC:
 []



[288]

[289]
Underfull \hbox (badness 10000) in paragraph at lines 499--499
[]|\TU/lmr/m/n/8 Shape-dependent $\OML/cmm/m/it/8 ^^V$\TU/lmr/m/n/8 -windows fo
r
 []


Underfull \hbox (badness 6001) in paragraph at lines 502--502
[]|\TU/lmr/m/n/8 Green Path family (Neumann +
 []



[290]

[291]) (./sections/12_epistemic_map.tex

[292] (../../edc_papers/_shared/boxes/kchannel_spinchain_crossval_box.tex
Underfull \hbox (badness 7203) in paragraph at lines 48--49
[]\TU/lmr/m/it/10.95 Use this box as epistemic guardrail: k-channel is a correc
tion channel
 []

) (../../edc_papers/_shared/boxes/gf_bvp_allgates_physical_priors_box.tex

[293]

[294])
Underfull \hbox (badness 10000) in paragraph at lines 114--115
[]|\TU/lmr/m/n/10 Spine [Dc], closure
 []


Underfull \hbox (badness 10000) in paragraph at lines 115--116
[]|\TU/lmr/m/n/10 Spine [Dc], closure
 []

(./_shared/scale_disambiguation_box.tex)

[295] (./_shared/overlap_integral_canon.tex)

[296]

[297]
Underfull \hbox (badness 3861) in paragraph at lines 242--243
[]|\TU/lmr/m/n/10.95 Established experimental fact or Standard
 []



[298]
Underfull \hbox (badness 3417) in paragraph at lines 335--336
[]|\TU/lmr/m/n/10.95 Weak decays proceed via absorption-dissipation-
 []


Underfull \hbox (badness 1496) in paragraph at lines 353--353
[]|\TU/lmr/m/n/10.95 Neutron decays to electron
 []



[299]

[300]
Underfull \hbox (badness 10000) in paragraph at lines 505--505
[]|\TU/lmr/m/n/10 KK tower truncation
 []


Underfull \hbox (badness 1478) in paragraph at lines 508--509
[]|$[][][] \OT1/cmr/m/n/10 = 35\OML/cmm/m/it/10 :\OT1/cmr/m/n/10 26[]$
 []


Underfull \hbox (badness 1881) in paragraph at lines 509--510
[]|\TU/lmr/m/n/10 Odd sign-flip rule [Dc];
 []


Underfull \hbox (badness 10000) in paragraph at lines 509--510
\TU/lmr/m/n/10 brane-parity [P]; BVP
 []


Underfull \hbox (badness 7238) in paragraph at lines 511--512
[]|\TU/lmr/m/n/10 Where/how fixed; ori-
 []


Underfull \hbox (badness 1496) in paragraph at lines 512--513
[]|\TU/lmr/m/n/10 Closure spine [Dc]; no-
 []



[301]

[302]

[303])

[304]

[305]

[306

]

[307]

[308]
Chapter 23.
(./sections/XX_teaser_book3_nuclear_mn_gn.tex

[309

]

[310

]
Chapter 24.


[311] (./derivations/BOOK_SECTION_NEUTRON_LIFETIME.tex

[312]

Package hyperref Warning: Token not allowed in a PDF string (Unicode):
(hyperref)                removing `math shift' on input line 112.


Package hyperref Warning: Token not allowed in a PDF string (Unicode):
(hyperref)                removing `\kappa' on input line 112.


Package hyperref Warning: Token not allowed in a PDF string (Unicode):
(hyperref)                removing `\pi' on input line 112.


Package hyperref Warning: Token not allowed in a PDF string (Unicode):
(hyperref)                removing `math shift' on input line 112.



[313]

Package hyperref Warning: Token not allowed in a PDF string (Unicode):
(hyperref)                removing `math shift' on input line 141.


Package hyperref Warning: Token not allowed in a PDF string (Unicode):
(hyperref)                removing `subscript' on input line 141.


Package hyperref Warning: Token not allowed in a PDF string (Unicode):
(hyperref)                removing `\delta' on input line 141.


Package hyperref Warning: Token not allowed in a PDF string (Unicode):
(hyperref)                removing `math shift' on input line 141.


Overfull \hbox (19.05682pt too wide) in paragraph at lines 162--170
 [] 
 []



[314]

Package hyperref Warning: Token not allowed in a PDF string (Unicode):
(hyperref)                removing `math shift' on input line 202.


Package hyperref Warning: Token not allowed in a PDF string (Unicode):
(hyperref)                removing `\omega' on input line 202.


Package hyperref Warning: Token not allowed in a PDF string (Unicode):
(hyperref)                removing `subscript' on input line 202.


Package hyperref Warning: Token not allowed in a PDF string (Unicode):
(hyperref)                removing `math shift' on input line 202.



[315]

[316]

[317]

[318]) (./derivations/BOOK_SECTION_TOPOLOGICAL_PINNING_MODEL.tex

[319]

[320]

[321]

[322]

[323]

[324]

Package hyperref Warning: Token not allowed in a PDF string (Unicode):
(hyperref)                removing `math shift' on input line 258.


Package hyperref Warning: Token not allowed in a PDF string (Unicode):
(hyperref)                removing `math shift' on input line 258.


Package hyperref Warning: Token not allowed in a PDF string (Unicode):
(hyperref)                removing `math shift' on input line 258.


Package hyperref Warning: Token not allowed in a PDF string (Unicode):
(hyperref)                removing `\sigma' on input line 258.


Package hyperref Warning: Token not allowed in a PDF string (Unicode):
(hyperref)                removing `math shift' on input line 258.



[325]

[326]

[327]

[328]

[329]

[330]

[331]

[332]
Missing character: There is no ═ (U+2550) in font [lmmono10-regular]:!
Missing character: There is no ═ (U+2550) in font [lmmono10-regular]:!
Missing character: There is no ═ (U+2550) in font [lmmono10-regular]:!
Missing character: There is no ═ (U+2550) in font [lmmono10-regular]:!
Missing character: There is no ═ (U+2550) in font [lmmono10-regular]:!
Missing character: There is no ═ (U+2550) in font [lmmono10-regular]:!
Missing character: There is no ═ (U+2550) in font [lmmono10-regular]:!
Missing character: There is no ═ (U+2550) in font [lmmono10-regular]:!
Missing character: There is no ═ (U+2550) in font [lmmono10-regular]:!
Missing character: There is no ═ (U+2550) in font [lmmono10-regular]:!
Missing character: There is no ═ (U+2550) in font [lmmono10-regular]:!
Missing character: There is no ═ (U+2550) in font [lmmono10-regular]:!
Missing character: There is no ═ (U+2550) in font [lmmono10-regular]:!
Missing character: There is no ═ (U+2550) in font [lmmono10-regular]:!
Missing character: There is no ═ (U+2550) in font [lmmono10-regular]:!
Missing character: There is no ═ (U+2550) in font [lmmono10-regular]:!
Missing character: There is no ═ (U+2550) in font [lmmono10-regular]:!
Missing character: There is no ═ (U+2550) in font [lmmono10-regular]:!
Missing character: There is no ═ (U+2550) in font [lmmono10-regular]:!
Missing character: There is no ─ (U+2500) in font [lmmono10-regular]:!
Missing character: There is no ─ (U+2500) in font [lmmono10-regular]:!
Missing character: There is no ─ (U+2500) in font [lmmono10-regular]:!
Missing character: There is no ─ (U+2500) in font [lmmono10-regular]:!
Missing character: There is no ─ (U+2500) in font [lmmono10-regular]:!
Missing character: There is no ─ (U+2500) in font [lmmono10-regular]:!
Missing character: There is no │ (U+2502) in font [lmmono10-regular]:!
Missing character: There is no │ (U+2502) in font [lmmono10-regular]:!
Missing character: There is no │ (U+2502) in font [lmmono10-regular]:!
Missing character: There is no │ (U+2502) in font [lmmono10-regular]:!
Missing character: There is no ─ (U+2500) in font [lmmono10-regular]:!
Missing character: There is no ▼ (U+25BC) in font [lmmono10-regular]:!
Missing character: There is no │ (U+2502) in font [lmmono10-regular]:!
Missing character: There is no │ (U+2502) in font [lmmono10-regular]:!
Missing character: There is no │ (U+2502) in font [lmmono10-regular]:!
Missing character: There is no ▼ (U+25BC) in font [lmmono10-regular]:!
Missing character: There is no ▼ (U+25BC) in font [lmmono10-regular]:!
Missing character: There is no τ (U+03C4) in font [lmmono10-regular]:!
Missing character: There is no ≈ (U+2248) in font [lmmono10-regular]:!
Missing character: There is no τ (U+03C4) in font [lmmono10-regular]:!
Missing character: There is no ═ (U+2550) in font [lmmono10-regular]:!
Missing character: There is no ═ (U+2550) in font [lmmono10-regular]:!
Missing character: There is no ═ (U+2550) in font [lmmono10-regular]:!
Missing character: There is no ═ (U+2550) in font [lmmono10-regular]:!
Missing character: There is no ═ (U+2550) in font [lmmono10-regular]:!
Missing character: There is no ═ (U+2550) in font [lmmono10-regular]:!
Missing character: There is no ═ (U+2550) in font [lmmono10-regular]:!
Missing character: There is no ═ (U+2550) in font [lmmono10-regular]:!
Missing character: There is no ═ (U+2550) in font [lmmono10-regular]:!
Missing character: There is no ═ (U+2550) in font [lmmono10-regular]:!
Missing character: There is no ═ (U+2550) in font [lmmono10-regular]:!
Missing character: There is no ═ (U+2550) in font [lmmono10-regular]:!
Missing character: There is no ═ (U+2550) in font [lmmono10-regular]:!
Missing character: There is no ═ (U+2550) in font [lmmono10-regular]:!
Missing character: There is no ═ (U+2550) in font [lmmono10-regular]:!
Missing character: There is no ═ (U+2550) in font [lmmono10-regular]:!
Missing character: There is no ═ (U+2550) in font [lmmono10-regular]:!
Missing character: There is no ═ (U+2550) in font [lmmono10-regular]:!
Missing character: There is no ═ (U+2550) in font [lmmono10-regular]:!
Missing character: There is no ═ (U+2550) in font [lmmono10-regular]:!
Missing character: There is no ═ (U+2550) in font [lmmono10-regular]:!
Missing character: There is no ═ (U+2550) in font [lmmono10-regular]:!
Missing character: There is no ═ (U+2550) in font [lmmono10-regular]:!
Missing character: There is no ═ (U+2550) in font [lmmono10-regular]:!
Missing character: There is no ═ (U+2550) in font [lmmono10-regular]:!
Missing character: There is no ═ (U+2550) in font [lmmono10-regular]:!
Missing character: There is no ═ (U+2550) in font [lmmono10-regular]:!
Missing character: There is no ═ (U+2550) in font [lmmono10-regular]:!
Missing character: There is no ═ (U+2550) in font [lmmono10-regular]:!
Missing character: There is no ═ (U+2550) in font [lmmono10-regular]:!
Missing character: There is no ═ (U+2550) in font [lmmono10-regular]:!
Missing character: There is no ═ (U+2550) in font [lmmono10-regular]:!
Missing character: There is no ═ (U+2550) in font [lmmono10-regular]:!
Missing character: There is no ═ (U+2550) in font [lmmono10-regular]:!
Missing character: There is no ═ (U+2550) in font [lmmono10-regular]:!
Missing character: There is no ═ (U+2550) in font [lmmono10-regular]:!
Missing character: There is no ═ (U+2550) in font [lmmono10-regular]:!
Missing character: There is no ═ (U+2550) in font [lmmono10-regular]:!
Missing character: There is no ═ (U+2550) in font [lmmono10-regular]:!
Missing character: There is no ═ (U+2550) in font [lmmono10-regular]:!
Missing character: There is no ═ (U+2550) in font [lmmono10-regular]:!
Missing character: There is no ═ (U+2550) in font [lmmono10-regular]:!
Missing character: There is no ═ (U+2550) in font [lmmono10-regular]:!
Missing character: There is no ═ (U+2550) in font [lmmono10-regular]:!
Missing character: There is no ═ (U+2550) in font [lmmono10-regular]:!
Missing character: There is no ═ (U+2550) in font [lmmono10-regular]:!
Missing character: There is no ═ (U+2550) in font [lmmono10-regular]:!
Missing character: There is no ═ (U+2550) in font [lmmono10-regular]:!
Missing character: There is no ═ (U+2550) in font [lmmono10-regular]:!
Missing character: There is no ═ (U+2550) in font [lmmono10-regular]:!
Missing character: There is no ═ (U+2550) in font [lmmono10-regular]:!
Missing character: There is no ═ (U+2550) in font [lmmono10-regular]:!
Missing character: There is no ═ (U+2550) in font [lmmono10-regular]:!
Missing character: There is no ═ (U+2550) in font [lmmono10-regular]:!
Missing character: There is no ═ (U+2550) in font [lmmono10-regular]:!
Missing character: There is no ═ (U+2550) in font [lmmono10-regular]:!
Missing character: There is no ═ (U+2550) in font [lmmono10-regular]:!
Missing character: There is no ═ (U+2550) in font [lmmono10-regular]:!
Missing character: There is no ═ (U+2550) in font [lmmono10-regular]:!
Missing character: There is no ═ (U+2550) in font [lmmono10-regular]:!
Missing character: There is no ═ (U+2550) in font [lmmono10-regular]:!
Missing character: There is no ═ (U+2550) in font [lmmono10-regular]:!
Missing character: There is no ═ (U+2550) in font [lmmono10-regular]:!
Missing character: There is no ═ (U+2550) in font [lmmono10-regular]:!
Missing character: There is no ═ (U+2550) in font [lmmono10-regular]:!
Missing character: There is no ═ (U+2550) in font [lmmono10-regular]:!
Missing character: There is no ═ (U+2550) in font [lmmono10-regular]:!
Missing character: There is no ═ (U+2550) in font [lmmono10-regular]:!
Missing character: There is no ═ (U+2550) in font [lmmono10-regular]:!
Missing character: There is no ═ (U+2550) in font [lmmono10-regular]:!
Missing character: There is no ═ (U+2550) in font [lmmono10-regular]:!
Missing character: There is no ═ (U+2550) in font [lmmono10-regular]:!
Missing character: There is no ═ (U+2550) in font [lmmono10-regular]:!
Missing character: There is no ═ (U+2550) in font [lmmono10-regular]:!
Missing character: There is no ═ (U+2550) in font [lmmono10-regular]:!
Missing character: There is no ═ (U+2550) in font [lmmono10-regular]:!
Missing character: There is no ═ (U+2550) in font [lmmono10-regular]:!
Missing character: There is no ═ (U+2550) in font [lmmono10-regular]:!
Missing character: There is no ═ (U+2550) in font [lmmono10-regular]:!
Missing character: There is no ═ (U+2550) in font [lmmono10-regular]:!
Missing character: There is no ═ (U+2550) in font [lmmono10-regular]:!
Missing character: There is no ═ (U+2550) in font [lmmono10-regular]:!
Missing character: There is no ═ (U+2550) in font [lmmono10-regular]:!
Missing character: There is no ═ (U+2550) in font [lmmono10-regular]:!
Missing character: There is no ═ (U+2550) in font [lmmono10-regular]:!
Missing character: There is no ═ (U+2550) in font [lmmono10-regular]:!
Missing character: There is no ═ (U+2550) in font [lmmono10-regular]:!
Missing character: There is no ═ (U+2550) in font [lmmono10-regular]:!
Missing character: There is no ═ (U+2550) in font [lmmono10-regular]:!
Missing character: There is no ═ (U+2550) in font [lmmono10-regular]:!
Missing character: There is no ═ (U+2550) in font [lmmono10-regular]:!
Missing character: There is no ═ (U+2550) in font [lmmono10-regular]:!
Missing character: There is no ═ (U+2550) in font [lmmono10-regular]:!
Missing character: There is no ═ (U+2550) in font [lmmono10-regular]:!
Missing character: There is no ═ (U+2550) in font [lmmono10-regular]:!
Missing character: There is no │ (U+2502) in font [lmmono10-regular]:!
Missing character: There is no │ (U+2502) in font [lmmono10-regular]:!
Missing character: There is no ▼ (U+25BC) in font [lmmono10-regular]:!
Missing character: There is no ▼ (U+25BC) in font [lmmono10-regular]:!
Missing character: There is no ≈ (U+2248) in font [lmmono10-regular]:!
Missing character: There is no ≈ (U+2248) in font [lmmono10-regular]:!
Missing character: There is no │ (U+2502) in font [lmmono10-regular]:!
Missing character: There is no │ (U+2502) in font [lmmono10-regular]:!
Missing character: There is no │ (U+2502) in font [lmmono10-regular]:!
Missing character: There is no ▼ (U+25BC) in font [lmmono10-regular]:!
Missing character: There is no │ (U+2502) in font [lmmono10-regular]:!
Missing character: There is no ≈ (U+2248) in font [lmmono10-regular]:!
Missing character: There is no ≈ (U+2248) in font [lmmono10-regular]:!
Missing character: There is no ▼ (U+25BC) in font [lmmono10-regular]:!
Missing character: There is no ≈ (U+2248) in font [lmmono10-regular]:!


[333]

[334]
Overfull \vbox (677.23537pt too high) has occurred while \output is active []



[335]
Overfull \hbox (0.43623pt too wide) in paragraph at lines 986--1007
 [] 
 []



[336]
Overfull \vbox (380.34108pt too high) has occurred while \output is active []



[337]))

[338]

[339]

[340

] (./appendices/APPENDIX_DERIVATION_LIBRARY.tex
(../../edc_papers/_shared/lemmas/projection_reduction_lemma.tex

[341

]

[342]
Overfull \hbox (7.04733pt too wide) in paragraph at lines 152--154
[]\TU/lmr/bx/n/10.95 Effective coefficients are integrals: $\OML/cmm/m/it/10.95
 Z$\TU/lmr/m/n/10.95 , $\OML/cmm/m/it/10.95 ^^T[]$\TU/lmr/m/n/10.95 , $\OML/cmm
/m/it/10.95 V[]$ \TU/lmr/m/n/10.95 all arise from $[] \OML/cmm/m/it/10.95 d^^_ 
w\OT1/cmr/m/n/10.95 (\OML/cmm/m/it/10.95 ^^_\OT1/cmr/m/n/10.95 ) \OMS/cmsy/m/n/
10.95 ^^B \OT1/cmr/m/n/10.95 ([])$ 
 []

) (../../edc_papers/_shared/lemmas/z6_discrete_averaging_lemma.include.tex

[343]

Package hyperref Warning: Token not allowed in a PDF string (Unicode):
(hyperref)                removing `math shift' on input line 47.


Package hyperref Warning: Token not allowed in a PDF string (Unicode):
(hyperref)                removing `subscript' on input line 47.


Package hyperref Warning: Token not allowed in a PDF string (Unicode):
(hyperref)                removing `math shift' on input line 47.



[344]

Package hyperref Warning: Token not allowed in a PDF string (Unicode):
(hyperref)                removing `math shift' on input line 105.


Package hyperref Warning: Token not allowed in a PDF string (Unicode):
(hyperref)                removing `math shift' on input line 105.



[345]

[346]) (../../edc_papers/_shared/lemmas/zn_discrete_averaging_lemma.include.tex


[347]

[348])

Package hyperref Warning: Token not allowed in a PDF string (Unicode):
(hyperref)                removing `math shift' on input line 77.


Package hyperref Warning: Token not allowed in a PDF string (Unicode):
(hyperref)                removing `subscript' on input line 77.


Package hyperref Warning: Token not allowed in a PDF string (Unicode):
(hyperref)                removing `math shift' on input line 77.


(../../edc_papers/_shared/derivations/israel_zn_fixed_points_anchors.include.te
x

[349]

[350]

Package hyperref Warning: Token not allowed in a PDF string (Unicode):
(hyperref)                removing `math shift' on input line 126.


Package hyperref Warning: Token not allowed in a PDF string (Unicode):
(hyperref)                removing `subscript' on input line 126.


Package hyperref Warning: Token not allowed in a PDF string (Unicode):
(hyperref)                removing `math shift' on input line 126.


Package hyperref Warning: Token not allowed in a PDF string (Unicode):
(hyperref)                removing `math shift' on input line 178.


Package hyperref Warning: Token not allowed in a PDF string (Unicode):
(hyperref)                removing `subscript' on input line 178.


Package hyperref Warning: Token not allowed in a PDF string (Unicode):
(hyperref)                removing `math shift' on input line 178.



[351]

[352]

Package hyperref Warning: Token not allowed in a PDF string (Unicode):
(hyperref)                removing `math shift' on input line 303.


Package hyperref Warning: Token not allowed in a PDF string (Unicode):
(hyperref)                removing `\lambda' on input line 303.


Package hyperref Warning: Token not allowed in a PDF string (Unicode):
(hyperref)                removing `math shift' on input line 303.


Package hyperref Warning: Token not allowed in a PDF string (Unicode):
(hyperref)                removing `math shift' on input line 339.


Package hyperref Warning: Token not allowed in a PDF string (Unicode):
(hyperref)                removing `subscript' on input line 339.


Package hyperref Warning: Token not allowed in a PDF string (Unicode):
(hyperref)                removing `\lambda' on input line 339.


Package hyperref Warning: Token not allowed in a PDF string (Unicode):
(hyperref)                removing `math shift' on input line 339.


Package hyperref Warning: Token not allowed in a PDF string (Unicode):
(hyperref)                removing `math shift' on input line 352.


Package hyperref Warning: Token not allowed in a PDF string (Unicode):
(hyperref)                removing `math shift' on input line 352.



[353]

[354]

[355])
(../../edc_papers/_shared/derivations/zn_toy_functional_from_5d_action.include.
tex

[356]

Package hyperref Warning: Token not allowed in a PDF string (Unicode):
(hyperref)                removing `math shift' on input line 57.


Package hyperref Warning: Token not allowed in a PDF string (Unicode):
(hyperref)                removing `subscript' on input line 57.


Package hyperref Warning: Token not allowed in a PDF string (Unicode):
(hyperref)                removing `math shift' on input line 57.


Package hyperref Warning: Token not allowed in a PDF string (Unicode):
(hyperref)                removing `math shift' on input line 86.


Package hyperref Warning: Token not allowed in a PDF string (Unicode):
(hyperref)                removing `subscript' on input line 86.


Package hyperref Warning: Token not allowed in a PDF string (Unicode):
(hyperref)                removing `math shift' on input line 86.



[357]

Package hyperref Warning: Token not allowed in a PDF string (Unicode):
(hyperref)                removing `math shift' on input line 169.


Package hyperref Warning: Token not allowed in a PDF string (Unicode):
(hyperref)                removing `subscript' on input line 169.


Package hyperref Warning: Token not allowed in a PDF string (Unicode):
(hyperref)                removing `math shift' on input line 169.



[358]

[359]
Missing character: There is no ∫ (U+222B) in font [lmmono10-regular]:!
Missing character: There is no θ (U+03B8) in font [lmmono10-regular]:!
Missing character: There is no λ (U+03BB) in font [lmmono10-regular]:!
Missing character: There is no θ (U+03B8) in font [lmmono10-regular]:!
Missing character: There is no θ (U+03B8) in font [lmmono10-regular]:!
Missing character: There is no θ (U+03B8) in font [lmmono10-regular]:!
Missing character: There is no ∝ (U+221D) in font [lmmono10-regular]:!


[360])
(../../edc_papers/_shared/derivations/zn_anisotropy_normalization_from_action.i
nclude.tex

[361]

Package hyperref Warning: Token not allowed in a PDF string (Unicode):
(hyperref)                removing `math shift' on input line 78.


Package hyperref Warning: Token not allowed in a PDF string (Unicode):
(hyperref)                removing `subscript' on input line 78.


Package hyperref Warning: Token not allowed in a PDF string (Unicode):
(hyperref)                removing `math shift' on input line 78.



[362]

[363]

Package hyperref Warning: Token not allowed in a PDF string (Unicode):
(hyperref)                removing `math shift' on input line 169.


Package hyperref Warning: Token not allowed in a PDF string (Unicode):
(hyperref)                removing `math shift' on input line 169.


Package hyperref Warning: Token not allowed in a PDF string (Unicode):
(hyperref)                removing `math shift' on input line 180.


Package hyperref Warning: Token not allowed in a PDF string (Unicode):
(hyperref)                removing `math shift' on input line 180.


Package hyperref Warning: Token not allowed in a PDF string (Unicode):
(hyperref)                removing `math shift' on input line 204.


Package hyperref Warning: Token not allowed in a PDF string (Unicode):
(hyperref)                removing `math shift' on input line 204.


Overfull \hbox (4.9767pt too wide) in paragraph at lines 209--211
[][]\TU/lmr/bx/n/10.95 Theorem 24.53 \TU/lmr/m/n/10.95 (Anisotropy Normalizatio
n)\TU/lmr/bx/n/10.95 . []\TU/lmr/m/it/10.95 For a Z$[]$-symmetric profile $\OMS
/cmsy/m/n/10.95 j\OML/cmm/m/it/10.95 f\OT1/cmr/m/n/10.95 (\OML/cmm/m/it/10.95 ^
^R\OT1/cmr/m/n/10.95 )\OMS/cmsy/m/n/10.95 j[] \OT1/cmr/m/n/10.95 = \OML/cmm/m/i
t/10.95 c \OT1/cmr/m/n/10.95 + \OML/cmm/m/it/10.95 a [][][]$
 []



[364]

Package hyperref Warning: Token not allowed in a PDF string (Unicode):
(hyperref)                removing `math shift' on input line 267.


Package hyperref Warning: Token not allowed in a PDF string (Unicode):
(hyperref)                removing `\rightarrow' on input line 267.


Package hyperref Warning: Token not allowed in a PDF string (Unicode):
(hyperref)                removing `math shift' on input line 267.

)

[365]
(../../edc_papers/_shared/derivations/zn_ring_delta_pinning_modes.include.tex

[366]

Package hyperref Warning: Token not allowed in a PDF string (Unicode):
(hyperref)                removing `math shift' on input line 87.


Package hyperref Warning: Token not allowed in a PDF string (Unicode):
(hyperref)                removing `subscript' on input line 87.


Package hyperref Warning: Token not allowed in a PDF string (Unicode):
(hyperref)                removing `math shift' on input line 87.



[367]

Package hyperref Warning: Token not allowed in a PDF string (Unicode):
(hyperref)                removing `math shift' on input line 114.


Package hyperref Warning: Token not allowed in a PDF string (Unicode):
(hyperref)                removing `subscript' on input line 114.


Package hyperref Warning: Token not allowed in a PDF string (Unicode):
(hyperref)                removing `math shift' on input line 114.


Overfull \hbox (11.74167pt too wide) in paragraph at lines 174--177
[][]\TU/lmr/bx/n/10.95 Corollary 24.62 \TU/lmr/m/n/10.95 (Selective Coupling)\T
U/lmr/bx/n/10.95 . [][]\TU/lmr/bx/it/10.95 [Der][][] \TU/lmr/m/it/10.95 The pin
ning term \TU/lmr/bx/it/10.95 couples only to Z$[]$-symmetric
 []


Package hyperref Warning: Token not allowed in a PDF string (Unicode):
(hyperref)                removing `math shift' on input line 186.


Package hyperref Warning: Token not allowed in a PDF string (Unicode):
(hyperref)                removing `\cos' on input line 186.


Package hyperref Warning: Token not allowed in a PDF string (Unicode):
(hyperref)                removing `\theta' on input line 186.


Package hyperref Warning: Token not allowed in a PDF string (Unicode):
(hyperref)                removing `math shift' on input line 186.



[368]
Overfull \hbox (2.64291pt too wide) in paragraph at lines 203--206
[][]\TU/lmr/bx/n/10.95 Theorem 24.64 \TU/lmr/m/n/10.95 (Mode Lifting by Pinning
)\TU/lmr/bx/n/10.95 . [][]\TU/lmr/bx/it/10.95 [Der][][] \TU/lmr/m/it/10.95 Cons
ider the dimensionless pinning strength: 
 []



[369]

Package hyperref Warning: Token not allowed in a PDF string (Unicode):
(hyperref)                removing `math shift' on input line 278.


Package hyperref Warning: Token not allowed in a PDF string (Unicode):
(hyperref)                removing `subscript' on input line 278.


Package hyperref Warning: Token not allowed in a PDF string (Unicode):
(hyperref)                removing `math shift' on input line 278.



[370]

[371])
(../../edc_papers/_shared/derivations/zn_mode_selection_nonlinear_W.include.tex


[372]

Package hyperref Warning: Token not allowed in a PDF string (Unicode):
(hyperref)                removing `math shift' on input line 20.


Package hyperref Warning: Token not allowed in a PDF string (Unicode):
(hyperref)                removing `math shift' on input line 20.


Package hyperref Warning: Token not allowed in a PDF string (Unicode):
(hyperref)                removing `math shift' on input line 40.


Package hyperref Warning: Token not allowed in a PDF string (Unicode):
(hyperref)                removing `math shift' on input line 40.



[373]

[374]

[375]

[376]

[377])
(../../edc_papers/_shared/derivations/zn_strong_pinning_regimes.include.tex

[378]

Package hyperref Warning: Token not allowed in a PDF string (Unicode):
(hyperref)                removing `math shift' on input line 20.


Package hyperref Warning: Token not allowed in a PDF string (Unicode):
(hyperref)                removing `\rho' on input line 20.


Package hyperref Warning: Token not allowed in a PDF string (Unicode):
(hyperref)                removing `math shift' on input line 20.



[379]

Package hyperref Warning: Token not allowed in a PDF string (Unicode):
(hyperref)                removing `math shift' on input line 145.


Package hyperref Warning: Token not allowed in a PDF string (Unicode):
(hyperref)                removing `\rho' on input line 145.


Package hyperref Warning: Token not allowed in a PDF string (Unicode):
(hyperref)                removing `\ll' on input line 145.


Package hyperref Warning: Token not allowed in a PDF string (Unicode):
(hyperref)                removing `superscript' on input line 145.


Package hyperref Warning: Token not allowed in a PDF string (Unicode):
(hyperref)                removing `math shift' on input line 145.



[380]

Package hyperref Warning: Token not allowed in a PDF string (Unicode):
(hyperref)                removing `math shift' on input line 192.


Package hyperref Warning: Token not allowed in a PDF string (Unicode):
(hyperref)                removing `\rho' on input line 192.


Package hyperref Warning: Token not allowed in a PDF string (Unicode):
(hyperref)                removing `\gg' on input line 192.


Package hyperref Warning: Token not allowed in a PDF string (Unicode):
(hyperref)                removing `superscript' on input line 192.


Package hyperref Warning: Token not allowed in a PDF string (Unicode):
(hyperref)                removing `math shift' on input line 192.



[381]

[382]
Underfull \hbox (badness 10000) in paragraph at lines 414--415
[]|\TU/lmr/m/n/10.95 Qualitative; not rigorously
 []



[383])
(../../edc_papers/_shared/derivations/zn_symmetry_breaking_one_defect.include.t
ex

[384]

[385]

[386]

[387]

Package hyperref Warning: Token not allowed in a PDF string (Unicode):
(hyperref)                removing `math shift' on input line 297.


Package hyperref Warning: Token not allowed in a PDF string (Unicode):
(hyperref)                removing `\varepsilon' on input line 297.


Package hyperref Warning: Token not allowed in a PDF string (Unicode):
(hyperref)                removing `math shift' on input line 297.



[388]
Underfull \hbox (badness 1107) in paragraph at lines 388--389
[]|\TU/lmr/m/n/10.95 Upper bound; exact sum not
 []

)

[389]
(../../edc_papers/_shared/derivations/delta_from_5d_action_proton_scale.include
.tex

[390]

Package hyperref Warning: Token not allowed in a PDF string (Unicode):
(hyperref)                removing `math shift' on input line 20.


Package hyperref Warning: Token not allowed in a PDF string (Unicode):
(hyperref)                removing `\delta' on input line 20.


Package hyperref Warning: Token not allowed in a PDF string (Unicode):
(hyperref)                removing `math shift' on input line 20.



[391]

[392]

[393]

[394]

[395])
(../../edc_papers/_shared/derivations/dlr_from_chiral_localization.include.tex

[396]

Package hyperref Warning: Token not allowed in a PDF string (Unicode):
(hyperref)                removing `math shift' on input line 62.


Package hyperref Warning: Token not allowed in a PDF string (Unicode):
(hyperref)                removing `subscript' on input line 62.


Package hyperref Warning: Token not allowed in a PDF string (Unicode):
(hyperref)                removing `math shift' on input line 62.



[397]

Package hyperref Warning: Token not allowed in a PDF string (Unicode):
(hyperref)                removing `math shift' on input line 139.


Package hyperref Warning: Token not allowed in a PDF string (Unicode):
(hyperref)                removing `subscript' on input line 139.


Package hyperref Warning: Token not allowed in a PDF string (Unicode):
(hyperref)                removing `math shift' on input line 139.



[398]

Package hyperref Warning: Token not allowed in a PDF string (Unicode):
(hyperref)                removing `math shift' on input line 216.


Package hyperref Warning: Token not allowed in a PDF string (Unicode):
(hyperref)                removing `subscript' on input line 216.


Package hyperref Warning: Token not allowed in a PDF string (Unicode):
(hyperref)                removing `math shift' on input line 216.

Missing character: There is no χ ("3C7) in font cmmi10!


[399]

Package hyperref Warning: Token not allowed in a PDF string (Unicode):
(hyperref)                removing `math shift' on input line 282.


Package hyperref Warning: Token not allowed in a PDF string (Unicode):
(hyperref)                removing `\delta' on input line 282.


Package hyperref Warning: Token not allowed in a PDF string (Unicode):
(hyperref)                removing `math shift' on input line 282.


Package hyperref Warning: Token not allowed in a PDF string (Unicode):
(hyperref)                removing `math shift' on input line 297.


Package hyperref Warning: Token not allowed in a PDF string (Unicode):
(hyperref)                removing `subscript' on input line 297.


Package hyperref Warning: Token not allowed in a PDF string (Unicode):
(hyperref)                removing `math shift' on input line 297.



[400]

[401])

[402]
(../../edc_papers/_shared/derivations/fw_from_stability_and_spectrum.include.te
x

[403]
Overfull \hbox (3.1502pt too wide) in paragraph at lines 108--112
[][]\TU/lmr/bx/n/10.95 Proposition 24.143 \TU/lmr/m/n/10.95 (Confinement Bound)
\TU/lmr/bx/n/10.95 . [][]\TU/lmr/bx/it/10.95 [Dc][][] \TU/lmr/m/it/10.95 For th
e fermion to be effectively 4-dimensional
 []



[404]

[405]

Package hyperref Warning: Token not allowed in a PDF string (Unicode):
(hyperref)                removing `math shift' on input line 257.


Package hyperref Warning: Token not allowed in a PDF string (Unicode):
(hyperref)                removing `subscript' on input line 257.


Package hyperref Warning: Token not allowed in a PDF string (Unicode):
(hyperref)                removing `math shift' on input line 257.



[406]

[407])

Package hyperref Warning: Token not allowed in a PDF string (Unicode):
(hyperref)                removing `math shift' on input line 174.


Package hyperref Warning: Token not allowed in a PDF string (Unicode):
(hyperref)                removing `subscript' on input line 174.


Package hyperref Warning: Token not allowed in a PDF string (Unicode):
(hyperref)                removing `math shift' on input line 174.


(../../edc_papers/_shared/derivations/gf_noncircular_chain_framework.include.te
x

[408]

Package hyperref Warning: Token not allowed in a PDF string (Unicode):
(hyperref)                removing `math shift' on input line 66.


Package hyperref Warning: Token not allowed in a PDF string (Unicode):
(hyperref)                removing `math shift' on input line 66.



[409]

[410]

[411]

Package hyperref Warning: Token not allowed in a PDF string (Unicode):
(hyperref)                removing `math shift' on input line 242.


Package hyperref Warning: Token not allowed in a PDF string (Unicode):
(hyperref)                removing `\varepsilon' on input line 242.


Package hyperref Warning: Token not allowed in a PDF string (Unicode):
(hyperref)                removing `math shift' on input line 242.



[412])
(../../edc_papers/_shared/derivations/gf_potential_shapes_from_5d.include.tex

[413]

[414]

[415]

LaTeX Warning: `h' float specifier changed to `ht'.



[416]

[417])

[418]
(../../edc_papers/_shared/derivations/prefactor_A_from_fluctuations.include.tex

Package hyperref Warning: Token not allowed in a PDF string (Unicode):
(hyperref)                removing `math shift' on input line 60.


Package hyperref Warning: Token not allowed in a PDF string (Unicode):
(hyperref)                removing `math shift' on input line 60.



[419]

[420]

[421])
(../../edc_papers/_shared/derivations/frozen_brane_bc_complete.include.tex

[422]

[423]) (../../edc_papers/_shared/appendices/opr_registry_summary.include.tex

[424]) (../../edc_papers/_shared/boxes/delta_from_5d_action_box.tex
Overfull \hbox (46.10483pt too wide) in paragraph at lines 86--87
[]\TU/lmr/m/it/10.95 Full derivation: \TU/lmtt/m/n/10.95 edc_papers/_shared/der
ivations/delta_from_5d_action_proton_scale.tex 
 []



[425]) (../../edc_papers/_shared/boxes/dlr_chiral_localization_box.tex
Underfull \hbox (badness 1383) in paragraph at lines 34--36
[]$\OML/cmm/m/it/10.95 G[]$ \TU/lmr/bx/n/10.95 gate imposes $\OML/cmm/m/it/10.9
5 d[]\OT1/cmr/m/n/10.95 /\OML/cmm/m/it/10.95 ^^N \OMS/cmsy/m/n/10.95 ^^X \OT1/c
mr/m/n/10.95 5$\TU/lmr/bx/n/10.95 –$\OT1/cmr/m/n/10.95 10$ []\TU/lmr/bx/n/10.95
 [Dc][]\TU/lmr/m/n/10.95 : Exponential suppression $\OML/cmm/m/it/10.95 I[] \OM
S/cmsy/m/n/10.95 /
 []


Overfull \hbox (17.36105pt too wide) in paragraph at lines 66--67
[]\TU/lmr/m/it/10.95 Full derivation: \TU/lmtt/m/n/10.95 edc_papers/_shared/der
ivations/dlr_from_chiral_localization.tex 
 []



[426]) (../../edc_papers/_shared/boxes/gf_bvp_pipeline_box.tex)
(../../edc_papers/_shared/boxes/gf_bvp_tuning_box.tex

[427]

[428]) (../../edc_papers/_shared/boxes/ncell_renorm_box.tex)
(../../edc_papers/_shared/boxes/prefactor_A_box.tex
Overfull \hbox (23.1098pt too wide) in paragraph at lines 33--34
[]\TU/lmr/m/it/10.95 Full derivation: \TU/lmtt/m/n/10.95 edc_papers/_shared/der
ivations/prefactor_A_from_fluctuations.tex 
 []

) (../../edc_papers/_shared/boxes/zn_kchannel_robustness_box.tex
Underfull \hbox (badness 1112) in paragraph at lines 24--26
[]\TU/lmr/bx/n/10.95 Use \TU/lmr/m/n/10.95 for averaging observables approximat
ed by discrete sampling (e.g., $\OML/cmm/m/it/10.95 N[]$
 []

)

[429])

[430]

[431

]

[432

]

[433]

[434

]
Overfull \hbox (214.77509pt too wide) in paragraph at lines 1021--1021
\TU/lmr/m/n/10.95 Working document. Internal reference for Israel junction deri
vation; see edc_papers/paper_3_series/04_companion_C_5d_reduction/.
 []



[435] (./EDC_BOOK2_WEAK_CANON.aux)
 ***********
LaTeX2e <2024-11-01> patch level 2
L3 programming layer <2025-01-18>
 ***********
Package rerunfilecheck Info: File `EDC_BOOK2_WEAK_CANON.out' has not changed.
(rerunfilecheck)             Checksum: 3C0007E3FECF77C4C2EC5EDF286FD090;133259.

Package logreq Info: Writing requests to 'EDC_BOOK2_WEAK_CANON.run.xml'.
\openout1 = `EDC_BOOK2_WEAK_CANON.run.xml'.

 ) 
Here is how much of TeX's memory you used:
 46506 strings out of 473832
 1008521 string characters out of 5729481
 2025265 words of memory out of 5000000
 68608 multiletter control sequences out of 15000+600000
 578775 words of font info for 160 fonts, out of 8000000 for 9000
 1348 hyphenation exceptions out of 8191
 98i,16n,101p,2981b,4907s stack positions out of 10000i,1000n,20000p,200000b,200000s

Output written on EDC_BOOK2_WEAK_CANON.xdv (453 pages, 9110960 bytes).
