\BOOKMARK [0][-]{chapter*.1}{\376\377\000P\000r\000e\000f\000a\000c\000e}{}% 1
\BOOKMARK [0][-]{chapter*.3}{\376\377\000R\000e\000a\000d\000e\000r\000\040\000C\000o\000n\000t\000r\000a\000c\000t}{}% 2
\BOOKMARK [0][-]{chapter.1}{\376\377\000T\000h\000e\000\040\000W\000e\000a\000k\000\040\000I\000n\000t\000e\000r\000f\000a\000c\000e}{}% 3
\BOOKMARK [1][-]{section.1.1}{\376\377\000E\000p\000i\000s\000t\000e\000m\000i\000c\000\040\000F\000r\000a\000m\000e\000w\000o\000r\000k\000\040\000a\000n\000d\000\040\000C\000h\000a\000p\000t\000e\000r\000\040\000G\000u\000i\000d\000e}{chapter.1}% 4
\BOOKMARK [1][-]{section.1.2}{\376\377\000F\000r\000o\000m\000\040\0005\000D\000\040\000R\000e\000l\000a\000x\000a\000t\000i\000o\000n\000\040\000t\000o\000\040\000B\000r\000a\000n\000e\000-\000I\000n\000t\000e\000r\000f\000a\000c\000e\000\040\000M\000e\000c\000h\000a\000n\000i\000c\000s}{chapter.1}% 5
\BOOKMARK [2][-]{subsection.1.2.1}{\376\377\000W\000h\000a\000t\000\040\000W\000e\000\040\000A\000r\000e\000\040\000T\000r\000y\000i\000n\000g\000\040\000t\000o\000\040\000E\000x\000p\000l\000a\000i\000n\000\040\000\050\000a\000n\000d\000\040\000W\000h\000a\000t\000\040\000W\000e\000\040\000A\000r\000e\000\040\000N\000o\000t\000\051}{section.1.2}% 6
\BOOKMARK [2][-]{subsection.1.2.2}{\376\377\000W\000h\000y\000\040\000`\000`\000W\000e\000a\000k\000'\000'\000\040\000I\000s\000\040\000N\000o\000t\000\040\000a\000\040\000F\000u\000n\000d\000a\000m\000e\000n\000t\000a\000l\000\040\000V\000e\000r\000t\000e\000x\000\040\000i\000n\000\040\000E\000D\000C}{section.1.2}% 7
\BOOKMARK [2][-]{subsection.1.2.3}{\376\377\000W\000h\000y\000\040\000a\000\040\000T\000h\000i\000c\000k\000\040\000B\000r\000a\000n\000e\000\040\000I\000s\000\040\000E\000s\000s\000e\000n\000t\000i\000a\000l\000\040\000\050\000N\000o\000t\000\040\000O\000p\000t\000i\000o\000n\000a\000l\000\051}{section.1.2}% 8
\BOOKMARK [2][-]{subsection.1.2.4}{\376\377\000C\000o\000n\000n\000e\000c\000t\000i\000n\000g\000\040\000t\000o\000\040\000O\000b\000s\000e\000r\000v\000a\000b\000l\000e\000\040\000W\000e\000a\000k\000\040\000P\000h\000e\000n\000o\000m\000e\000n\000a}{section.1.2}% 9
\BOOKMARK [2][-]{subsection.1.2.5}{\376\377\000F\000r\000o\000m\000\040\000A\000p\000p\000a\000r\000e\000n\000t\000\040\000V\000e\000r\000t\000e\000x\000\040\000t\000o\000\040\000C\000o\000a\000r\000s\000e\000-\000G\000r\000a\000i\000n\000e\000d\000\040\000R\000e\000s\000i\000d\000u\000e}{section.1.2}% 10
\BOOKMARK [1][-]{section.1.3}{\376\377\000G\000e\000o\000m\000e\000t\000r\000y\000\040\000o\000f\000\040\000t\000h\000e\000\040\000B\000r\000a\000n\000e\000\040\000I\000n\000t\000e\000r\000f\000a\000c\000e}{chapter.1}% 11
\BOOKMARK [2][-]{subsection.1.3.1}{\376\377\000T\000h\000e\000\040\000C\000o\000n\000t\000i\000n\000u\000u\000m\000\040\000o\000f\000\040\0004\000D\000\040\000S\000u\000b\000m\000a\000n\000i\000f\000o\000l\000d\000s\000\040\000i\000n\000\040\0005\000D}{section.1.3}% 12
\BOOKMARK [2][-]{subsection.1.3.2}{\376\377\000M\000e\000c\000h\000a\000n\000i\000s\000t\000i\000c\000\040\000S\000e\000l\000e\000c\000t\000i\000o\000n\000:\000\040\000B\000o\000u\000n\000d\000a\000r\000y\000\040\000C\000o\000n\000d\000i\000t\000i\000o\000n\000s\000\040\000a\000n\000d\000\040\000C\000o\000u\000p\000l\000i\000n\000g\000s}{section.1.3}% 13
\BOOKMARK [2][-]{subsection.1.3.3}{\376\377\000T\000h\000e\000\040\000V\000i\000a\000b\000i\000l\000i\000t\000y\000\040\000F\000i\000l\000t\000e\000r\000:\000\040\000W\000h\000a\000t\000\040\000M\000a\000k\000e\000s\000\040\000a\000\040\000U\000n\000i\000v\000e\000r\000s\000e\000\040\000O\000b\000s\000e\000r\000v\000a\000b\000l\000e\000?}{section.1.3}% 14
\BOOKMARK [2][-]{subsection.1.3.4}{\376\377\000P\000r\000o\000t\000o\000n\000-\000A\000n\000c\000h\000o\000r\000\040\000S\000t\000a\000b\000i\000l\000i\000t\000y\000\040\000P\000r\000i\000n\000c\000i\000p\000l\000e}{section.1.3}% 15
\BOOKMARK [2][-]{subsection.1.3.5}{\376\377\000G\000e\000n\000e\000r\000a\000t\000i\000v\000e\000\040\000C\000l\000o\000s\000u\000r\000e\000\040\000P\000r\000i\000n\000c\000i\000p\000l\000e}{section.1.3}% 16
\BOOKMARK [2][-]{subsection.1.3.6}{\376\377\000W\000h\000e\000r\000e\000\040\000T\000h\000i\000s\000\040\000L\000e\000a\000d\000s}{section.1.3}% 17
\BOOKMARK [1][-]{section.1.4}{\376\377\000T\000h\000e\000\040\000U\000n\000i\000f\000i\000e\000d\000\040\000W\000e\000a\000k\000-\000S\000e\000c\000t\000o\000r\000\040\000P\000i\000p\000e\000l\000i\000n\000e}{chapter.1}% 18
\BOOKMARK [2][-]{subsection.1.4.1}{\376\377\000P\000i\000p\000e\000l\000i\000n\000e\000\040\000O\000v\000e\000r\000v\000i\000e\000w\000:\000\040\000W\000h\000a\000t\000\040\000H\000a\000p\000p\000e\000n\000s\000\040\000P\000h\000y\000s\000i\000c\000a\000l\000l\000y}{section.1.4}% 19
\BOOKMARK [2][-]{subsection.1.4.2}{\376\377\000E\000n\000e\000r\000g\000y\000-\000F\000l\000o\000w\000\040\000B\000o\000o\000k\000k\000e\000e\000p\000i\000n\000g}{section.1.4}% 20
\BOOKMARK [2][-]{subsection.1.4.3}{\376\377\000P\000u\000m\000p\000i\000n\000g\000\040\000P\000o\000w\000e\000r\000:\000\040\000A\000\040\000P\000r\000a\000c\000t\000i\000c\000a\000l\000\040\000M\000o\000d\000e\000l}{section.1.4}% 21
\BOOKMARK [2][-]{subsection.1.4.4}{\376\377\000R\000e\000g\000i\000m\000e\000\040\000P\000a\000r\000a\000m\000e\000t\000e\000r\000\040\000a\000n\000d\000\040\000T\000r\000i\000g\000g\000e\000r\000\040\000C\000o\000n\000d\000i\000t\000i\000o\000n}{section.1.4}% 22
\BOOKMARK [2][-]{subsection.1.4.5}{\376\377\000T\000h\000e\000\040\000F\000r\000o\000z\000e\000n\000\040\000P\000r\000o\000j\000e\000c\000t\000i\000o\000n\000\040\000O\000p\000e\000r\000a\000t\000o\000r}{section.1.4}% 23
\BOOKMARK [2][-]{subsection.1.4.6}{\376\377\000O\000u\000t\000p\000u\000t\000\040\000D\000e\000f\000i\000n\000i\000t\000i\000o\000n}{section.1.4}% 24
\BOOKMARK [2][-]{subsection.1.4.7}{\376\377\000L\000e\000d\000g\000e\000r\000\040\000C\000l\000o\000s\000u\000r\000e\000\040\000R\000e\000q\000u\000i\000r\000e\000m\000e\000n\000t}{section.1.4}% 25
\BOOKMARK [2][-]{subsection.1.4.8}{\376\377\000P\000i\000p\000e\000l\000i\000n\000e\000\040\000S\000u\000m\000m\000a\000r\000y\000\040\000D\000i\000a\000g\000r\000a\000m}{section.1.4}% 26
\BOOKMARK [2][-]{subsection.1.4.9}{\376\377\000M\000a\000s\000t\000e\000r\000\040\000D\000i\000a\000g\000r\000a\000m\000:\000\040\000O\000n\000e\000\040\000I\000n\000t\000e\000r\000f\000a\000c\000e\000\040\000P\000i\000p\000e\000l\000i\000n\000e\000,\000\040\000M\000u\000l\000t\000i\000p\000l\000e\000\040\000O\000n\000t\000o\000l\000o\000g\000i\000c\000a\000l\000\040\000S\000o\000u\000r\000c\000e\000s}{section.1.4}% 27
\BOOKMARK [2][-]{subsection.1.4.10}{\376\377\000K\000i\000n\000e\000m\000a\000t\000i\000c\000\040\000G\000a\000t\000e\000s\000\040\000a\000n\000d\000\040\000O\000u\000t\000p\000u\000t\000\040\000A\000l\000l\000o\000w\000a\000n\000c\000e}{section.1.4}% 28
\BOOKMARK [1][-]{section.1.5}{\376\377\000P\000a\000r\000t\000i\000c\000l\000e\000\040\000O\000n\000t\000o\000l\000o\000g\000y\000\040\000i\000n\000\040\000E\000D\000C}{chapter.1}% 29
\BOOKMARK [2][-]{subsection.1.5.1}{\376\377\000F\000i\000v\000e\000\040\000O\000n\000t\000o\000l\000o\000g\000i\000c\000a\000l\000\040\000C\000a\000t\000e\000g\000o\000r\000i\000e\000s}{section.1.5}% 30
\BOOKMARK [2][-]{subsection.1.5.2}{\376\377\000B\000u\000l\000k\000-\000C\000o\000r\000e\000\040\000J\000u\000n\000c\000t\000i\000o\000n\000:\000\040\000T\000h\000e\000\040\000N\000e\000u\000t\000r\000o\000n}{section.1.5}% 31
\BOOKMARK [2][-]{subsection.1.5.3}{\376\377\000B\000r\000a\000n\000e\000-\000D\000o\000m\000i\000n\000a\000n\000t\000\040\000F\000u\000n\000d\000a\000m\000e\000n\000t\000a\000l\000:\000\040\000M\000u\000o\000n\000\040\000a\000n\000d\000\040\000T\000a\000u}{section.1.5}% 32
\BOOKMARK [2][-]{subsection.1.5.4}{\376\377\000B\000r\000a\000n\000e\000\040\000D\000e\000f\000e\000c\000t\000:\000\040\000T\000h\000e\000\040\000E\000l\000e\000c\000t\000r\000o\000n}{section.1.5}% 33
\BOOKMARK [2][-]{subsection.1.5.5}{\376\377\000E\000d\000g\000e\000\040\000M\000o\000d\000e\000:\000\040\000T\000h\000e\000\040\000N\000e\000u\000t\000r\000i\000n\000o}{section.1.5}% 34
\BOOKMARK [2][-]{subsection.1.5.6}{\376\377\000C\000o\000m\000p\000o\000s\000i\000t\000e\000:\000\040\000T\000h\000e\000\040\000P\000i\000o\000n}{section.1.5}% 35
\BOOKMARK [2][-]{subsection.1.5.7}{\376\377\000O\000n\000t\000o\000l\000o\000g\000y\000\040\000M\000a\000p}{section.1.5}% 36
\BOOKMARK [2][-]{subsection.1.5.8}{\376\377\000P\000r\000o\000t\000o\000n\000\040\000a\000s\000\040\000a\000\040\000T\000o\000p\000o\000l\000o\000g\000i\000c\000a\000l\000\040\000A\000n\000c\000h\000o\000r\000\040\000o\000f\000\040\000t\000h\000e\000\040\000B\000r\000a\000n\000e\040\023\000O\000b\000s\000e\000r\000v\000e\000r\000\040\000I\000n\000t\000e\000r\000f\000a\000c\000e}{section.1.5}% 37
\BOOKMARK [2][-]{subsection.1.5.9}{\376\377\000R\000o\000u\000t\000e\000\040\000B\000:\000\040\000Z\0006\000\040\000C\000r\000y\000s\000t\000a\000l\000l\000i\000z\000a\000t\000i\000o\000n\000\040\000\040\000S\000t\000e\000i\000n\000e\000r\000\040\0001\0002\0000\000\260}{section.1.5}% 38
\BOOKMARK [1][-]{section.1.6}{\376\377\000C\000a\000s\000e\000\040\000S\000t\000u\000d\000y\000:\000\040\000N\000e\000u\000t\000r\000o\000n\000\040\000D\000e\000c\000a\000y}{chapter.1}% 39
\BOOKMARK [2][-]{subsection.1.6.1}{\376\377\000N\000e\000u\000t\000r\000o\000n\000\040\000b\000e\000t\000a\000-\000D\000e\000c\000a\000y\000:\000\040\000J\000u\000n\000c\000t\000i\000o\000n\000\040\000R\000e\000l\000a\000x\000a\000t\000i\000o\000n\000\040\000t\000o\000\040\000P\000r\000o\000t\000o\000n\000\040\000A\000n\000c\000h\000o\000r}{section.1.6}% 40
\BOOKMARK [2][-]{subsection.1.6.2}{\376\377\000N\000e\000u\000t\000r\000o\000n\000\040\000D\000u\000a\000l\000-\000R\000o\000u\000t\000e\000:\000\040\000M\000e\000t\000a\000s\000t\000a\000b\000i\000l\000i\000t\000y\000\040\000a\000n\000d\000\040\000L\000i\000f\000e\000t\000i\000m\000e}{section.1.6}% 41
\BOOKMARK [1][-]{section.1.7}{\376\377\000C\000a\000s\000e\000\040\000S\000t\000u\000d\000y\000:\000\040\000C\000h\000a\000r\000g\000e\000d\000\040\000L\000e\000p\000t\000o\000n\000s}{chapter.1}% 42
\BOOKMARK [2][-]{subsection.1.7.1}{\376\377\000M\000u\000o\000n\000\040\000D\000e\000c\000a\000y\000:\000\040\000B\000r\000a\000n\000e\000-\000D\000o\000m\000i\000n\000a\000n\000t\000\040\000M\000o\000d\000e\000\040\000R\000e\000l\000a\000x\000a\000t\000i\000o\000n}{section.1.7}% 43
\BOOKMARK [2][-]{subsection.1.7.2}{\376\377\000T\000a\000u\000\040\000D\000e\000c\000a\000y\000:\000\040\000H\000i\000g\000h\000e\000r\000-\000M\000o\000d\000e\000\040\000B\000r\000a\000n\000e\000\040\000E\000x\000c\000i\000t\000a\000t\000i\000o\000n}{section.1.7}% 44
\BOOKMARK [2][-]{subsection.1.7.3}{\376\377\000E\000l\000e\000c\000t\000r\000o\000n\000:\000\040\000T\000h\000e\000\040\000G\000r\000o\000u\000n\000d\000-\000S\000t\000a\000t\000e\000\040\000B\000r\000a\000n\000e\000\040\000D\000e\000f\000e\000c\000t}{section.1.7}% 45
\BOOKMARK [1][-]{section.1.8}{\376\377\000C\000a\000s\000e\000\040\000S\000t\000u\000d\000y\000:\000\040\000P\000i\000o\000n\000\040\000D\000e\000c\000a\000y}{chapter.1}% 46
\BOOKMARK [2][-]{subsection.1.8.1}{\376\377\000P\000i\000o\000n\000\040\000D\000e\000c\000a\000y\000:\000\040\000T\000h\000e\000\040\000H\000a\000d\000r\000o\000n\000\040\000t\000o\000\040\000L\000e\000p\000t\000o\000n\000\040\000B\000r\000i\000d\000g\000e}{section.1.8}% 47
\BOOKMARK [1][-]{section.1.9}{\376\377\000C\000a\000s\000e\000\040\000S\000t\000u\000d\000y\000:\000\040\000N\000e\000u\000t\000r\000i\000n\000o}{chapter.1}% 48
\BOOKMARK [2][-]{subsection.1.9.1}{\376\377\000T\000h\000e\000\040\000E\000d\000g\000e\000\040\000M\000o\000d\000e\000\040\000a\000n\000d\000\040\000L\000e\000d\000g\000e\000r\000\040\000P\000a\000r\000t\000n\000e\000r}{section.1.9}% 49
\BOOKMARK [1][-]{section.1.10}{\376\377\000S\000t\000r\000u\000c\000t\000u\000r\000a\000l\000\040\000P\000a\000t\000h\000w\000a\000y\000\040\000t\000o\000\040\000G\000F\000\040\000\050\000O\000v\000e\000r\000v\000i\000e\000w\000\051}{chapter.1}% 50
\BOOKMARK [1][-]{section.1.11}{\376\377\000C\000h\000a\000p\000t\000e\000r\000\040\000S\000u\000m\000m\000a\000r\000y}{chapter.1}% 51
\BOOKMARK [2][-]{subsection.1.11.1}{\376\377\000W\000h\000a\000t\000\040\000T\000h\000i\000s\000\040\000C\000h\000a\000p\000t\000e\000r\000\040\000H\000a\000s\000\040\000E\000s\000t\000a\000b\000l\000i\000s\000h\000e\000d}{section.1.11}% 52
\BOOKMARK [2][-]{subsection.1.11.2}{\376\377\000O\000p\000e\000n\000\040\000P\000r\000o\000b\000l\000e\000m\000s}{section.1.11}% 53
\BOOKMARK [2][-]{subsection.1.11.3}{\376\377\000C\000o\000m\000p\000a\000r\000i\000s\000o\000n\000\040\000w\000i\000t\000h\000\040\000S\000t\000a\000n\000d\000a\000r\000d\000\040\000M\000o\000d\000e\000l}{section.1.11}% 54
\BOOKMARK [2][-]{subsection.1.11.4}{\376\377\000T\000h\000e\000\040\000R\000e\000s\000e\000a\000r\000c\000h\000\040\000P\000r\000o\000g\000r\000a\000m}{section.1.11}% 55
\BOOKMARK [2][-]{subsection.1.11.5}{\376\377\000F\000o\000r\000w\000a\000r\000d\000\040\000t\000o\000\040\000C\000h\000a\000p\000t\000e\000r\000\040\0002\000:\000\040\000T\000h\000e\000\040\000Z\0006\000\040\000P\000r\000o\000g\000r\000a\000m}{section.1.11}% 56
\BOOKMARK [2][-]{subsection.1.11.6}{\376\377\000C\000l\000o\000s\000i\000n\000g\000\040\000R\000e\000m\000a\000r\000k\000s}{section.1.11}% 57
\BOOKMARK [0][-]{chapter.2}{\376\377\000F\000r\000o\000z\000e\000n\000\040\000R\000e\000g\000i\000m\000e\000\040\000F\000o\000u\000n\000d\000a\000t\000i\000o\000n\000s}{}% 58
\BOOKMARK [1][-]{section.2.1}{\376\377\000R\000e\000a\000d\000e\000r\000\040\000M\000a\000p}{chapter.2}% 59
\BOOKMARK [2][-]{subsection.2.1.1}{\376\377\000W\000h\000a\000t\000\040\000T\000h\000i\000s\000\040\000C\000h\000a\000p\000t\000e\000r\000\040\000P\000r\000o\000v\000e\000s}{section.2.1}% 60
\BOOKMARK [2][-]{subsection.2.1.2}{\376\377\000W\000h\000y\000\040\000T\000h\000i\000s\000\040\000C\000h\000a\000p\000t\000e\000r\000\040\000I\000s\000\040\000N\000e\000c\000e\000s\000s\000a\000r\000y}{section.2.1}% 61
\BOOKMARK [1][-]{section.2.2}{\376\377\000E\000D\000C\000\040\000F\000r\000a\000m\000e\000w\000o\000r\000k\000\040\000R\000e\000c\000a\000p}{chapter.2}% 62
\BOOKMARK [2][-]{subsection.2.2.1}{\376\377\000C\000o\000r\000e\000\040\000P\000o\000s\000t\000u\000l\000a\000t\000e\000s}{section.2.2}% 63
\BOOKMARK [2][-]{subsection.2.2.2}{\376\377\000P\000a\000r\000t\000i\000c\000l\000e\000s\000\040\000a\000s\000\040\000T\000o\000p\000o\000l\000o\000g\000i\000c\000a\000l\000\040\000D\000e\000f\000e\000c\000t\000s}{section.2.2}% 64
\BOOKMARK [1][-]{section.2.3}{\376\377\000I\000c\000e\000\040\000W\000a\000l\000l\000\040\000A\000n\000a\000l\000o\000g\000y\000\040\000\050\000I\000n\000t\000u\000i\000t\000i\000o\000n\000\051}{chapter.2}% 65
\BOOKMARK [2][-]{subsection.2.3.1}{\376\377\000S\000e\000t\000u\000p}{section.2.3}% 66
\BOOKMARK [2][-]{subsection.2.3.2}{\376\377\000K\000e\000y\000\040\000C\000o\000r\000r\000e\000s\000p\000o\000n\000d\000e\000n\000c\000e\000s}{section.2.3}% 67
\BOOKMARK [1][-]{section.2.4}{\376\377\000W\000h\000y\000\040\000`\000`\000F\000r\000o\000z\000e\000n\000'\000'\000\040\000v\000s\000\040\000`\000`\000F\000l\000u\000i\000d\000'\000'\000\040\000\050\000G\000L\000\051}{chapter.2}% 68
\BOOKMARK [2][-]{subsection.2.4.1}{\376\377\000F\000l\000u\000i\000d\000\040\000\050\000G\000i\000n\000z\000b\000u\000r\000g\000-\000L\000a\000n\000d\000a\000u\000\051\000\040\000C\000o\000n\000f\000i\000g\000u\000r\000a\000t\000i\000o\000n}{section.2.4}% 69
\BOOKMARK [2][-]{subsection.2.4.2}{\376\377\000F\000r\000o\000z\000e\000n\000\040\000\050\000E\000D\000C\000\051\000\040\000C\000o\000n\000f\000i\000g\000u\000r\000a\000t\000i\000o\000n}{section.2.4}% 70
\BOOKMARK [2][-]{subsection.2.4.3}{\376\377\000C\000r\000i\000t\000i\000c\000a\000l\000\040\000C\000o\000m\000p\000a\000r\000i\000s\000o\000n\000:\000\040\000G\000L\000\040\000F\000a\000i\000l\000s\000,\000\040\000F\000r\000o\000z\000e\000n\000\040\000S\000u\000c\000c\000e\000e\000d\000s}{section.2.4}% 71
\BOOKMARK [1][-]{section.2.5}{\376\377\000P\000h\000y\000s\000i\000c\000a\000l\000\040\000J\000u\000s\000t\000i\000f\000i\000c\000a\000t\000i\000o\000n\000\040\000f\000o\000r\000\040\000F\000r\000o\000z\000e\000n\000\040\000L\000i\000m\000i\000t}{chapter.2}% 72
\BOOKMARK [2][-]{subsection.2.5.1}{\376\377\000S\000t\000a\000b\000i\000l\000i\000t\000y\000\040\000A\000r\000g\000u\000m\000e\000n\000t}{section.2.5}% 73
\BOOKMARK [2][-]{subsection.2.5.2}{\376\377\000Q\000u\000a\000n\000t\000i\000z\000a\000t\000i\000o\000n\000\040\000A\000r\000g\000u\000m\000e\000n\000t}{section.2.5}% 74
\BOOKMARK [2][-]{subsection.2.5.3}{\376\377\000T\000o\000p\000o\000l\000o\000g\000i\000c\000a\000l\000\040\000A\000r\000g\000u\000m\000e\000n\000t}{section.2.5}% 75
\BOOKMARK [2][-]{subsection.2.5.4}{\376\377\000Q\000u\000a\000n\000t\000i\000t\000a\000t\000i\000v\000e\000\040\000D\000e\000f\000i\000n\000i\000t\000i\000o\000n\000\040\000o\000f\000\040\000`\000`\000F\000r\000o\000z\000e\000n\000'\000'}{section.2.5}% 76
\BOOKMARK [2][-]{subsection.2.5.5}{\376\377\000M\000a\000p\000p\000i\000n\000g\000:\000\040\000A\000n\000a\000l\000o\000g\000y\000\040\000t\000o\000\040\000F\000o\000r\000m\000a\000l\000i\000s\000m}{section.2.5}% 77
\BOOKMARK [1][-]{section.2.6}{\376\377\000E\000l\000e\000c\000t\000r\000o\000n\000\040\000a\000s\000\040\000F\000r\000o\000z\000e\000n\000\040\000S\000p\000h\000e\000r\000i\000c\000a\000l\000\040\000D\000e\000f\000e\000c\000t}{chapter.2}% 78
\BOOKMARK [2][-]{subsection.2.6.1}{\376\377\000P\000h\000y\000s\000i\000c\000a\000l\000\040\000M\000o\000d\000e\000l}{section.2.6}% 79
\BOOKMARK [2][-]{subsection.2.6.2}{\376\377\000T\000h\000e\000\040\000I\000s\000o\000p\000e\000r\000i\000m\000e\000t\000r\000i\000c\000\040\000T\000h\000e\000o\000r\000e\000m}{section.2.6}% 80
\BOOKMARK [2][-]{subsection.2.6.3}{\376\377\000D\000e\000r\000i\000v\000a\000t\000i\000o\000n\000\040\000o\000f\000\040\000V\000o\000l\000\050\000B\0003\000\051\000\040\000=\000\040\0004\000/\0003}{section.2.6}% 81
\BOOKMARK [2][-]{subsection.2.6.4}{\376\377\000S\000t\000a\000b\000i\000l\000i\000t\000y\000\040\000A\000n\000a\000l\000y\000s\000i\000s\000\040\000\050\000S\000e\000c\000o\000n\000d\000\040\000V\000a\000r\000i\000a\000t\000i\000o\000n\000\051}{section.2.6}% 82
\BOOKMARK [2][-]{subsection.2.6.5}{\376\377\000N\000u\000m\000e\000r\000i\000c\000a\000l\000\040\000V\000e\000r\000i\000f\000i\000c\000a\000t\000i\000o\000n}{section.2.6}% 83
\BOOKMARK [1][-]{section.2.7}{\376\377\000P\000r\000o\000t\000o\000n\000\040\000a\000s\000\040\000F\000r\000o\000z\000e\000n\000\040\000Y\000-\000J\000u\000n\000c\000t\000i\000o\000n}{chapter.2}% 84
\BOOKMARK [2][-]{subsection.2.7.1}{\376\377\000E\000D\000C\000\040\000v\000s\000\040\000Q\000C\000D\000:\000\040\000A\000\040\000F\000u\000n\000d\000a\000m\000e\000n\000t\000a\000l\000\040\000D\000i\000s\000t\000i\000n\000c\000t\000i\000o\000n}{section.2.7}% 85
\BOOKMARK [2][-]{subsection.2.7.2}{\376\377\000D\000e\000r\000i\000v\000a\000t\000i\000o\000n\000\040\000o\000f\000\040\000S\000U\000\050\0003\000\051\000\040\000a\000n\000d\000\040\0008\000\040\000G\000l\000u\000o\000n\000s\000\040\000f\000r\000o\000m\000\040\0005\000D\000\040\000G\000e\000o\000m\000e\000t\000r\000y}{section.2.7}% 86
\BOOKMARK [2][-]{subsection.2.7.3}{\376\377\000P\000h\000y\000s\000i\000c\000a\000l\000\040\000M\000o\000d\000e\000l\000\040\000o\000f\000\040\000t\000h\000e\000\040\000P\000r\000o\000t\000o\000n}{section.2.7}% 87
\BOOKMARK [2][-]{subsection.2.7.4}{\376\377\000T\000h\000e\000\040\000S\000t\000e\000i\000n\000e\000r\000\040\000P\000r\000o\000b\000l\000e\000m\000:\000\040\000O\000p\000t\000i\000m\000a\000l\000\040\000Y\000-\000J\000u\000n\000c\000t\000i\000o\000n}{section.2.7}% 88
\BOOKMARK [2][-]{subsection.2.7.5}{\376\377\000S\000u\000r\000f\000a\000c\000e\000\040\000A\000r\000e\000a\000\040\000o\000f\000\040\000S\0003\000:\000\040\000T\000h\000e\000\040\0004\000D\000\040\000A\000n\000g\000u\000l\000a\000r\000\040\000M\000e\000a\000s\000u\000r\000e}{section.2.7}% 89
\BOOKMARK [2][-]{subsection.2.7.6}{\376\377\000F\000a\000c\000t\000o\000r\000i\000z\000a\000t\000i\000o\000n\000\040\000f\000o\000r\000\040\000T\000h\000r\000e\000e\000\040\000T\000u\000b\000e\000s}{section.2.7}% 90
\BOOKMARK [1][-]{section.2.8}{\376\377\000M\000a\000s\000s\000\040\000R\000a\000t\000i\000o\000\040\000m\000p\000/\000m\000e\000\040\000=\000\040\0006\0005}{chapter.2}% 91
\BOOKMARK [2][-]{subsection.2.8.1}{\376\377\000T\000h\000e\000\040\0006\0005\000\040\000I\000d\000e\000n\000t\000i\000t\000y}{section.2.8}% 92
\BOOKMARK [2][-]{subsection.2.8.2}{\376\377\000D\000e\000r\000i\000v\000a\000t\000i\000o\000n\000\040\000o\000f\000\040\000M\000a\000s\000s\000\040\000R\000a\000t\000i\000o}{section.2.8}% 93
\BOOKMARK [2][-]{subsection.2.8.3}{\376\377\000C\000o\000m\000p\000a\000r\000i\000s\000o\000n\000\040\000w\000i\000t\000h\000\040\000E\000x\000p\000e\000r\000i\000m\000e\000n\000t}{section.2.8}% 94
\BOOKMARK [1][-]{section.2.9}{\376\377\000F\000i\000n\000e\000-\000S\000t\000r\000u\000c\000t\000u\000r\000e\000\040\000C\000o\000n\000s\000t\000a\000n\000t\000\040}{chapter.2}% 95
\BOOKMARK [2][-]{subsection.2.9.1}{\376\377\000C\000o\000m\000p\000o\000n\000e\000n\000t\000s\000\040\000o\000f\000\040\000t\000h\000e\000\040\000F\000o\000r\000m\000u\000l\000a}{section.2.9}% 96
\BOOKMARK [2][-]{subsection.2.9.2}{\376\377\000T\000h\000e\000\040\000A\000l\000p\000h\000a\000\040\000F\000o\000r\000m\000u\000l\000a}{section.2.9}% 97
\BOOKMARK [2][-]{subsection.2.9.3}{\376\377\000C\000o\000m\000p\000a\000r\000i\000s\000o\000n\000\040\000w\000i\000t\000h\000\040\000E\000x\000p\000e\000r\000i\000m\000e\000n\000t}{section.2.9}% 98
\BOOKMARK [2][-]{subsection.2.9.4}{\376\377\000I\000n\000t\000e\000r\000p\000r\000e\000t\000a\000t\000i\000o\000n\000\040\000o\000f\000\040\000t\000h\000e\000\040\000E\000r\000r\000o\000r}{section.2.9}% 99
\BOOKMARK [1][-]{section.2.10}{\376\377\000N\000u\000m\000e\000r\000i\000c\000a\000l\000\040\000V\000e\000r\000i\000f\000i\000c\000a\000t\000i\000o\000n\000\040\000S\000u\000m\000m\000a\000r\000y}{chapter.2}% 100
\BOOKMARK [1][-]{section.2.11}{\376\377\000I\000n\000t\000e\000g\000r\000a\000t\000i\000o\000n\000\040\000M\000a\000p\000:\000\040\000W\000h\000a\000t\000\040\000Z\0006\000\040\000a\000n\000d\000\040\000L\000a\000t\000e\000r\000\040\000C\000h\000a\000p\000t\000e\000r\000s\000\040\000C\000o\000n\000s\000u\000m\000e}{chapter.2}% 101
\BOOKMARK [2][-]{subsection.2.11.1}{\376\377\000W\000h\000a\000t\000\040\000T\000h\000i\000s\000\040\000C\000h\000a\000p\000t\000e\000r\000\040\000D\000o\000e\000s\000\040\000N\000O\000T\000\040\000P\000r\000o\000v\000e}{section.2.11}% 102
\BOOKMARK [2][-]{subsection.2.11.2}{\376\377\000F\000o\000r\000w\000a\000r\000d\000\040\000R\000e\000f\000e\000r\000e\000n\000c\000e\000\040\000t\000o\000\040\000Z\0006}{section.2.11}% 103
\BOOKMARK [0][-]{chapter.3}{\376\377\000T\000h\000e\000\040\000Z\0006\000\040\000P\000r\000o\000g\000r\000a\000m}{}% 104
\BOOKMARK [1][-]{section.3.1}{\376\377\000P\000r\000o\000l\000o\000g\000u\000e\000:\000\040\000T\000h\000e\000\040\000I\000n\000i\000t\000i\000a\000l\000\040\000Q\000u\000e\000s\000t\000i\000o\000n}{chapter.3}% 105
\BOOKMARK [2][-]{subsection.3.1.1}{\376\377\000D\000e\000c\000o\000m\000p\000o\000s\000i\000t\000i\000o\000n\000\040\000o\000f\000\040\000t\000h\000e\000\040\000Q\000u\000e\000s\000t\000i\000o\000n}{section.3.1}% 106
\BOOKMARK [2][-]{subsection.3.1.2}{\376\377\000I\000n\000i\000t\000i\000a\000l\000\040\000A\000s\000s\000e\000s\000s\000m\000e\000n\000t}{section.3.1}% 107
\BOOKMARK [1][-]{section.3.2}{\376\377\000S\000t\000e\000p\000\040\0001\000:\000\040\000C\000l\000a\000s\000s\000i\000c\000a\000l\000\040\000S\000t\000e\000i\000n\000e\000r\000\040\000P\000r\000o\000b\000l\000e\000m}{chapter.3}% 108
\BOOKMARK [1][-]{section.3.3}{\376\377\000S\000t\000e\000p\000\040\0002\000:\000\040\000T\000h\000e\000\040\000Z\0006\000\040\000S\000y\000m\000m\000e\000t\000r\000y\000\040\000H\000y\000p\000o\000t\000h\000e\000s\000i\000s}{chapter.3}% 109
\BOOKMARK [1][-]{section.3.4}{\376\377\000S\000t\000e\000p\000\040\0003\000:\000\040\000H\000e\000x\000a\000g\000o\000n\000a\000l\000\040\000P\000a\000c\000k\000i\000n\000g\000\040\000a\000n\000d\000\040\000Z\0006\000\040\000E\000m\000e\000r\000g\000e\000n\000c\000e}{chapter.3}% 110
\BOOKMARK [1][-]{section.3.5}{\376\377\000S\000t\000e\000p\000\040\0004\000:\000\040\000P\000r\000o\000t\000o\000n\000\040\000a\000s\000\040\000T\000o\000p\000o\000l\000o\000g\000i\000c\000a\000l\000\040\000E\000n\000e\000r\000g\000y\000\040\000M\000i\000n\000i\000m\000u\000m}{chapter.3}% 111
\BOOKMARK [2][-]{subsection.3.5.1}{\376\377\000C\000h\000a\000r\000g\000e\000d\000\040\000S\000e\000c\000t\000o\000r\000:\000\040\000W\000h\000y\000\040\000t\000h\000e\000\040\000E\000l\000e\000c\000t\000r\000o\000n\000\040\000I\000s\000\040\000t\000h\000e\000\040\000G\000r\000o\000u\000n\000d\000\040\000M\000o\000d\000e}{section.3.5}% 112
\BOOKMARK [1][-]{section.3.6}{\376\377\000S\000t\000e\000p\000\040\0005\000:\000\040\000N\000e\000u\000t\000r\000o\000n\000\040\000a\000s\000\040\000D\000i\000s\000l\000o\000c\000a\000t\000i\000o\000n}{chapter.3}% 113
\BOOKMARK [1][-]{section.3.7}{\376\377\000S\000t\000e\000p\000\040\0006\000:\000\040\000Z\0003\000\040\000S\000U\000\050\0003\000\051\000\040\000E\000m\000e\000r\000g\000e\000n\000c\000e}{chapter.3}% 114
\BOOKMARK [1][-]{section.3.8}{\376\377\000S\000t\000e\000p\000\040\0007\000:\000\040\000U\000n\000i\000f\000i\000c\000a\000t\000i\000o\000n\000\040\000H\000y\000p\000o\000t\000h\000e\000s\000i\000s}{chapter.3}% 115
\BOOKMARK [1][-]{section.3.9}{\376\377\000S\000t\000e\000p\000\040\0008\000:\000\040\000M\000a\000s\000s\000\040\000H\000i\000e\000r\000a\000r\000c\000h\000y\000\040\000a\000n\000d\000\040\000T\000h\000r\000e\000e\000\040\000G\000e\000n\000e\000r\000a\000t\000i\000o\000n\000s}{chapter.3}% 116
\BOOKMARK [1][-]{section.3.10}{\376\377\000C\000o\000m\000p\000l\000e\000t\000e\000\040\000D\000e\000r\000i\000v\000a\000t\000i\000o\000n\000\040\000C\000h\000a\000i\000n}{chapter.3}% 117
\BOOKMARK [1][-]{section.3.11}{\376\377\000E\000p\000i\000s\000t\000e\000m\000i\000c\000\040\000A\000u\000d\000i\000t}{chapter.3}% 118
\BOOKMARK [1][-]{section.3.12}{\376\377\000C\000o\000n\000c\000l\000u\000s\000i\000o\000n\000:\000\040\000W\000h\000a\000t\000\040\000H\000a\000s\000\040\000B\000e\000e\000n\000\040\000A\000c\000h\000i\000e\000v\000e\000d}{chapter.3}% 119
\BOOKMARK [2][-]{subsection.3.12.1}{\376\377\000A\000n\000s\000w\000e\000r\000e\000d\000\040\000Q\000u\000e\000s\000t\000i\000o\000n\000s}{section.3.12}% 120
\BOOKMARK [2][-]{subsection.3.12.2}{\376\377\000B\000o\000n\000u\000s\000\040\000R\000e\000s\000u\000l\000t\000s}{section.3.12}% 121
\BOOKMARK [2][-]{subsection.3.12.3}{\376\377\000R\000e\000m\000a\000i\000n\000i\000n\000g\000\040\000G\000a\000p\000s}{section.3.12}% 122
\BOOKMARK [2][-]{subsection.3.12.4}{\376\377\000B\000r\000i\000d\000g\000e\000\040\000t\000o\000\040\000C\000h\000a\000p\000t\000e\000r\000\040\0001\000:\000\040\000F\000r\000o\000m\000\040\000G\000e\000o\000m\000e\000t\000r\000y\000\040\000t\000o\000\040\000M\000e\000c\000h\000a\000n\000i\000s\000m}{section.3.12}% 123
\BOOKMARK [2][-]{subsection.3.12.5}{\376\377\000E\000p\000i\000s\000t\000e\000m\000i\000c\000\040\000S\000t\000a\000t\000u\000s\000\040\000S\000u\000m\000m\000a\000r\000y}{section.3.12}% 124
\BOOKMARK [1][-]{subsection.3.12.5}{\376\377\000H\000i\000s\000t\000o\000r\000i\000c\000a\000l\000\040\000N\000o\000t\000e}{chapter.3}% 125
\BOOKMARK [0][-]{chapter.4}{\376\377\000E\000l\000e\000c\000t\000r\000o\000w\000e\000a\000k\000\040\000P\000a\000r\000a\000m\000e\000t\000e\000r\000s\000\040\000f\000r\000o\000m\000\040\000G\000e\000o\000m\000e\000t\000r\000y}{}% 126
\BOOKMARK [1][-]{section.4.1}{\376\377\000T\000h\000e\000\040\000E\000l\000e\000c\000t\000r\000o\000w\000e\000a\000k\000\040\000S\000e\000c\000t\000o\000r\000\040\000C\000h\000a\000l\000l\000e\000n\000g\000e}{chapter.4}% 127
\BOOKMARK [1][-]{section.4.2}{\376\377\000W\000e\000a\000k\000\040\000C\000o\000u\000p\000l\000i\000n\000g\000\040\000f\000r\000o\000m\000\040\000E\000l\000e\000c\000t\000r\000o\000w\000e\000a\000k\000\040\000R\000e\000l\000a\000t\000i\000o\000n}{chapter.4}% 128
\BOOKMARK [1][-]{section.4.3}{\376\377\000W\000e\000i\000n\000b\000e\000r\000g\000\040\000A\000n\000g\000l\000e\000\040\000f\000r\000o\000m\000\040\000Z\0006\000\040\000P\000a\000r\000t\000i\000t\000i\000o\000n}{chapter.4}% 129
\BOOKMARK [2][-]{subsection.4.3.1}{\376\377\000T\000o\000y\000\040\000M\000o\000d\000e\000l\000:\000\040\000T\000w\000o\000-\000C\000h\000a\000n\000n\000e\000l\000\040\000M\000i\000x\000i\000n\000g\000\040\000a\000s\000\040\000a\000\040\000R\000o\000t\000a\000t\000i\000o\000n}{section.4.3}% 130
\BOOKMARK [1][-]{section.4.4}{\376\377\000N\000e\000u\000t\000r\000o\000n\000\040\000L\000i\000f\000e\000t\000i\000m\000e\000\040\000f\000r\000o\000m\000\040\000W\000K\000B\000\040\000T\000u\000n\000n\000e\000l\000i\000n\000g}{chapter.4}% 131
\BOOKMARK [1][-]{section.4.5}{\376\377\000F\000e\000r\000m\000i\000\040\000C\000o\000n\000s\000t\000a\000n\000t\000\040\000f\000r\000o\000m\000\040\000M\000o\000d\000e\000\040\000O\000v\000e\000r\000l\000a\000p}{chapter.4}% 132
\BOOKMARK [1][-]{section.4.6}{\376\377\000V\000-\000A\000\040\000S\000t\000r\000u\000c\000t\000u\000r\000e\000\040\000f\000r\000o\000m\000\040\000B\000r\000a\000n\000e\000\040\000G\000e\000o\000m\000e\000t\000r\000y}{chapter.4}% 133
\BOOKMARK [1][-]{section.4.7}{\376\377\000R\000e\000s\000e\000a\000r\000c\000h\000\040\000N\000o\000t\000e\000s\000:\000\040\000T\000h\000e\000\040\000R\000G\000\040\000R\000u\000n\000n\000i\000n\000g\000\040\000I\000n\000s\000i\000g\000h\000t}{chapter.4}% 134
\BOOKMARK [1][-]{section.4.8}{\376\377\000S\000u\000m\000m\000a\000r\000y\000:\000\040\000E\000l\000e\000c\000t\000r\000o\000w\000e\000a\000k\000\040\000P\000a\000r\000a\000m\000e\000t\000e\000r\000s\000\040\000f\000r\000o\000m\000\040\000G\000e\000o\000m\000e\000t\000r\000y}{chapter.4}% 135
\BOOKMARK [1][-]{section.4.9}{\376\377\000O\000p\000e\000n\000\040\000P\000r\000o\000b\000l\000e\000m\000s}{chapter.4}% 136
\BOOKMARK [0][-]{chapter.5}{\376\377\000C\000a\000n\000d\000i\000d\000a\000t\000e\000\040\000L\000e\000p\000t\000o\000n\000\040\000M\000a\000s\000s\000\040\000R\000e\000l\000a\000t\000i\000o\000n\000s}{}% 137
\BOOKMARK [1][-]{section.5.1}{\376\377\000C\000a\000n\000d\000i\000d\000a\000t\000e\000\040\000L\000e\000p\000t\000o\000n\000\040\000M\000a\000s\000s\000\040\000R\000e\000l\000a\000t\000i\000o\000n\000s}{chapter.5}% 138
\BOOKMARK [2][-]{subsection.5.1.1}{\376\377\000E\000l\000e\000c\000t\000r\000o\000n\000\040\000S\000c\000a\000l\000e\000\040\000\050\000C\000a\000n\000d\000i\000d\000a\000t\000e\000\051}{section.5.1}% 139
\BOOKMARK [2][-]{subsection.5.1.2}{\376\377\000M\000u\000o\000n\000/\000E\000l\000e\000c\000t\000r\000o\000n\000\040\000R\000a\000t\000i\000o\000\040\000\050\000C\000a\000n\000d\000i\000d\000a\000t\000e\000\051}{section.5.1}% 140
\BOOKMARK [2][-]{subsection.5.1.3}{\376\377\000T\000a\000u\000\040\000M\000a\000s\000s\000\040\000a\000n\000d\000\040\000t\000h\000e\000\040\000K\000o\000i\000d\000e\000\040\000C\000o\000n\000s\000t\000r\000a\000i\000n\000t}{section.5.1}% 141
\BOOKMARK [2][-]{subsection.5.1.4}{\376\377\000S\000u\000m\000m\000a\000r\000y\000\040\000o\000f\000\040\000C\000a\000n\000d\000i\000d\000a\000t\000e\000\040\000R\000e\000l\000a\000t\000i\000o\000n\000s}{section.5.1}% 142
\BOOKMARK [2][-]{subsection.5.1.5}{\376\377\000O\000p\000e\000n\000\040\000P\000r\000o\000b\000l\000e\000m\000s}{section.5.1}% 143
\BOOKMARK [2][-]{subsection.5.1.6}{\376\377\000A\000t\000t\000e\000m\000p\000t\000\040\0002\000:\000\040\000D\000e\000r\000i\000v\000a\000t\000i\000o\000n\000\040\000A\000t\000t\000e\000m\000p\000t\000s\000\040\000a\000n\000d\000\040\000F\000a\000i\000l\000u\000r\000e\000\040\000M\000o\000d\000e\000s}{section.5.1}% 144
\BOOKMARK [2][-]{subsection.5.1.7}{\376\377\000A\000t\000t\000e\000m\000p\000t\000\040\0003\000B\000:\000\040\000A\000u\000d\000i\000t\000\040\000o\000f\000\040\000E\000M\000-\000i\000n\000-\0005\000D\000\040\000M\000e\000c\000h\000a\000n\000i\000s\000m\000s\000\040\000f\000o\000r\000\040\0001\000/}{section.5.1}% 145
\BOOKMARK [0][-]{chapter.6}{\376\377\000W\000h\000y\000\040\000E\000x\000a\000c\000t\000l\000y\000\040\000T\000h\000r\000e\000e\000\040\000G\000e\000n\000e\000r\000a\000t\000i\000o\000n\000s\000?}{}% 146
\BOOKMARK [1][-]{section.6.1}{\376\377\000W\000h\000y\000\040\000E\000x\000a\000c\000t\000l\000y\000\040\000T\000h\000r\000e\000e\000\040\000G\000e\000n\000e\000r\000a\000t\000i\000o\000n\000s\000?}{chapter.6}% 147
\BOOKMARK [2][-]{subsection.6.1.1}{\376\377\000T\000h\000e\000\040\000P\000r\000o\000b\000l\000e\000m\000:\000\040\000G\000e\000n\000e\000r\000a\000t\000i\000o\000n\000\040\000N\000u\000m\000b\000e\000r\000\040\000a\000s\000\040\000I\000n\000p\000u\000t\000\040\000v\000s\000.\000\040\000O\000u\000t\000p\000u\000t}{section.6.1}% 148
\BOOKMARK [2][-]{subsection.6.1.2}{\376\377\000T\000o\000y\000\040\000M\000o\000d\000e\000l\000:\000\040\000T\000h\000r\000e\000e\000\040\000L\000o\000c\000a\000l\000i\000z\000e\000d\000\040\000C\000h\000a\000n\000n\000e\000l\000s}{section.6.1}% 149
\BOOKMARK [2][-]{subsection.6.1.3}{\376\377\000C\000a\000n\000d\000i\000d\000a\000t\000e\000\040\000M\000e\000c\000h\000a\000n\000i\000s\000m\000\040\000A\000:\000\040\000Z\0003\000\040\000f\000r\000o\000m\000\040\000H\000e\000x\000a\000g\000o\000n\000a\000l\000\040\000S\000y\000m\000m\000e\000t\000r\000y}{section.6.1}% 150
\BOOKMARK [2][-]{subsection.6.1.4}{\376\377\000C\000a\000n\000d\000i\000d\000a\000t\000e\000\040\000M\000e\000c\000h\000a\000n\000i\000s\000m\000\040\000B\000:\000\040\000K\000K\000\040\000T\000o\000w\000e\000r\000\040\000T\000r\000u\000n\000c\000a\000t\000i\000o\000n}{section.6.1}% 151
\BOOKMARK [2][-]{subsection.6.1.5}{\376\377\000C\000a\000n\000d\000i\000d\000a\000t\000e\000\040\000M\000e\000c\000h\000a\000n\000i\000s\000m\000\040\000C\000:\000\040\000B\000u\000l\000k\000\040\000T\000o\000p\000o\000l\000o\000g\000y\000\040\000p\000i\0001\000\050\000M\0005\000\051}{section.6.1}% 152
\BOOKMARK [2][-]{subsection.6.1.6}{\376\377\000S\000y\000n\000t\000h\000e\000s\000i\000s\000:\000\040\000W\000h\000a\000t\000\040\000D\000o\000\040\000W\000e\000\040\000A\000c\000t\000u\000a\000l\000l\000y\000\040\000H\000a\000v\000e\000?}{section.6.1}% 153
\BOOKMARK [2][-]{subsection.6.1.7}{\376\377\000F\000a\000l\000s\000i\000f\000i\000a\000b\000i\000l\000i\000t\000y\000\040\000C\000l\000a\000u\000s\000e}{section.6.1}% 154
\BOOKMARK [2][-]{subsection.6.1.8}{\376\377\000O\000p\000e\000n\000\040\000P\000r\000o\000b\000l\000e\000m\000s\000\040\000a\000n\000d\000\040\000N\000e\000x\000t\000\040\000S\000t\000e\000p\000s}{section.6.1}% 155
\BOOKMARK [2][-]{subsection.6.1.9}{\376\377\000S\000u\000m\000m\000a\000r\000y}{section.6.1}% 156
\BOOKMARK [0][-]{chapter.7}{\376\377\000N\000e\000u\000t\000r\000i\000n\000o\000s\000\040\000a\000s\000\040\000E\000d\000g\000e\000\040\000M\000o\000d\000e\000s}{}% 157
\BOOKMARK [1][-]{section.7.1}{\376\377\000N\000e\000u\000t\000r\000i\000n\000o\000s\000\040\000a\000s\000\040\000E\000d\000g\000e\000\040\000M\000o\000d\000e\000s}{chapter.7}% 158
\BOOKMARK [2][-]{subsection.7.1.1}{\376\377\000T\000h\000e\000\040\000N\000e\000u\000t\000r\000i\000n\000o\000\040\000P\000r\000o\000b\000l\000e\000m}{section.7.1}% 159
\BOOKMARK [2][-]{subsection.7.1.2}{\376\377\000T\000o\000y\000\040\000M\000o\000d\000e\000l\000:\000\040\000T\000h\000e\000\040\000B\000o\000u\000n\000d\000a\000r\000y\000-\000T\000r\000a\000p\000p\000e\000d\000\040\000S\000t\000a\000t\000e}{section.7.1}% 160
\BOOKMARK [2][-]{subsection.7.1.3}{\376\377\000E\000d\000g\000e\000-\000M\000o\000d\000e\000\040\000O\000n\000t\000o\000l\000o\000g\000y}{section.7.1}% 161
\BOOKMARK [2][-]{subsection.7.1.4}{\376\377\000M\000a\000s\000s\000\040\000S\000u\000p\000p\000r\000e\000s\000s\000i\000o\000n\000\040\000M\000e\000c\000h\000a\000n\000i\000s\000m}{section.7.1}% 162
\BOOKMARK [2][-]{subsection.7.1.5}{\376\377\000T\000h\000r\000e\000e\000\040\000N\000e\000u\000t\000r\000i\000n\000o\000\040\000F\000l\000a\000v\000o\000r\000s}{section.7.1}% 163
\BOOKMARK [2][-]{subsection.7.1.6}{\376\377\000C\000o\000n\000n\000e\000c\000t\000i\000o\000n\000\040\000t\000o\000\040\000V\040\023\000A\000\040\000C\000h\000i\000r\000a\000l\000i\000t\000y}{section.7.1}% 164
\BOOKMARK [2][-]{subsection.7.1.7}{\376\377\000P\000M\000N\000S\000\040\000M\000i\000x\000i\000n\000g\000:\000\040\000P\000o\000s\000t\000u\000l\000a\000t\000e\000d\000\040\000S\000t\000r\000u\000c\000t\000u\000r\000e}{section.7.1}% 165
\BOOKMARK [2][-]{subsection.7.1.8}{\376\377\000A\000t\000t\000e\000m\000p\000t\000\040\000P\000M\000N\000S\000-\0001\000:\000\040\000S\000y\000m\000m\000e\000t\000r\000y\000\040\000B\000a\000s\000e\000l\000i\000n\000e\000\040\000a\000n\000d\000\040\000M\000i\000n\000i\000m\000a\000l\000\040\000B\000r\000e\000a\000k\000i\000n\000g}{section.7.1}% 166
\BOOKMARK [2][-]{subsection.7.1.9}{\376\377\000A\000t\000t\000e\000m\000p\000t\000\040\000P\000M\000N\000S\000-\0002\000:\000\040\000O\000v\000e\000r\000l\000a\000p\000\040\000M\000o\000d\000e\000l\000\040\000f\000o\000r\000\040\000N\000e\000u\000t\000r\000i\000n\000o\000\040\000M\000i\000x\000i\000n\000g}{section.7.1}% 167
\BOOKMARK [2][-]{subsection.7.1.10}{\376\377\000A\000t\000t\000e\000m\000p\000t\000\040\0003\000:\000\040\000Z\0006\000\040\000D\000i\000s\000c\000r\000e\000t\000e\000-\000P\000h\000a\000s\000e\000\040\000R\000e\000f\000i\000n\000e\000m\000e\000n\000t}{section.7.1}% 168
\BOOKMARK [2][-]{subsection.7.1.11}{\376\377\000A\000t\000t\000e\000m\000p\000t\000\040\0004\000:\000\040\000R\000a\000n\000k\000-\0002\000\040\000B\000a\000s\000e\000l\000i\000n\000e\000\040\000a\000n\000d\000\040\000D\000o\000u\000b\000l\000e\000-\000P\000a\000t\000h\000\040\000M\000e\000c\000h\000a\000n\000i\000s\000m\000s}{section.7.1}% 169
\BOOKMARK [2][-]{subsection.7.1.12}{\376\377\000A\000t\000t\000e\000m\000p\000t\000\040\0004\000.\0001\000:\000\040\000D\000e\000r\000i\000v\000i\000n\000g\000\040\000t\000h\000e\000\040\000R\000e\000a\000c\000t\000o\000r\000\040\000P\000e\000r\000t\000u\000r\000b\000a\000t\000i\000o\000n}{section.7.1}% 170
\BOOKMARK [2][-]{subsection.7.1.13}{\376\377\000A\000t\000t\000e\000m\000p\000t\000\040\0004\000.\0002\000:\000\040\000t\000h\000e\000t\000a\0001\0002\000\040\000O\000r\000i\000g\000i\000n\000\040\000M\000i\000c\000r\000o\000-\000A\000t\000t\000e\000m\000p\000t}{section.7.1}% 171
\BOOKMARK [2][-]{subsection.7.1.14}{\376\377\000D\000i\000r\000a\000c\000\040\000v\000s\000.\000\040\000M\000a\000j\000o\000r\000a\000n\000a\000\040\000N\000a\000t\000u\000r\000e}{section.7.1}% 172
\BOOKMARK [2][-]{subsection.7.1.15}{\376\377\000S\000u\000m\000m\000a\000r\000y\000\040\000a\000n\000d\000\040\000F\000a\000l\000s\000i\000f\000i\000a\000b\000i\000l\000i\000t\000y}{section.7.1}% 173
\BOOKMARK [0][-]{chapter.8}{\376\377\000C\000K\000M\000\040\000M\000a\000t\000r\000i\000x\000\040\000a\000n\000d\000\040\000C\000P\000\040\000V\000i\000o\000l\000a\000t\000i\000o\000n}{}% 174
\BOOKMARK [1][-]{section.8.1}{\376\377\000C\000K\000M\000\040\000M\000a\000t\000r\000i\000x\000\040\000a\000n\000d\000\040\000C\000P\000\040\000V\000i\000o\000l\000a\000t\000i\000o\000n}{chapter.8}% 175
\BOOKMARK [2][-]{subsection.8.1.1}{\376\377\000T\000h\000e\000\040\000C\000K\000M\000\040\000M\000a\000t\000r\000i\000x\000:\000\040\000B\000a\000s\000e\000l\000i\000n\000e\000\040\000F\000a\000c\000t\000s}{section.8.1}% 176
\BOOKMARK [2][-]{subsection.8.1.2}{\376\377\000A\000t\000t\000e\000m\000p\000t\000\040\0001\000:\000\040\000Z\0003\000\040\000D\000F\000T\000\040\000B\000a\000s\000e\000l\000i\000n\000e\000\040\000f\000o\000r\000\040\000C\000K\000M}{section.8.1}% 177
\BOOKMARK [2][-]{subsection.8.1.3}{\376\377\000C\000o\000m\000p\000a\000r\000i\000s\000o\000n\000\040\000w\000i\000t\000h\000\040\000P\000D\000G\000\040\000D\000a\000t\000a}{section.8.1}% 178
\BOOKMARK [2][-]{subsection.8.1.4}{\376\377\000Q\000u\000a\000n\000t\000i\000f\000y\000i\000n\000g\000\040\000t\000h\000e\000\040\000B\000r\000e\000a\000k\000i\000n\000g\000\040\000R\000e\000q\000u\000i\000r\000e\000m\000e\000n\000t}{section.8.1}% 179
\BOOKMARK [2][-]{subsection.8.1.5}{\376\377\000A\000t\000t\000e\000m\000p\000t\000\040\0002\000:\000\040\000L\000o\000c\000a\000l\000i\000z\000a\000t\000i\000o\000n\000-\000A\000s\000y\000m\000m\000e\000t\000r\000y\000\040\000O\000v\000e\000r\000l\000a\000p\000\040\000M\000o\000d\000e\000l}{section.8.1}% 180
\BOOKMARK [2][-]{subsection.8.1.6}{\376\377\000A\000t\000t\000e\000m\000p\000t\000\040\0002\000.\0001\000:\000\040\000N\000o\000n\000-\000U\000n\000i\000f\000o\000r\000m\000\040\000G\000e\000n\000e\000r\000a\000t\000i\000o\000n\000\040\000S\000p\000a\000c\000i\000n\000g}{section.8.1}% 181
\BOOKMARK [2][-]{subsection.8.1.7}{\376\377\000A\000t\000t\000e\000m\000p\000t\000\040\0002\000.\0002\000:\000\040\000U\000n\000d\000e\000r\000s\000t\000a\000n\000d\000i\000n\000g\000\040\000t\000h\000e\000\040\000P\000r\000e\000f\000a\000c\000t\000o\000r\000\040\000D\000i\000s\000c\000r\000e\000p\000a\000n\000c\000y}{section.8.1}% 182
\BOOKMARK [2][-]{subsection.8.1.8}{\376\377\000C\000P\000\040\000V\000i\000o\000l\000a\000t\000i\000o\000n}{section.8.1}% 183
\BOOKMARK [2][-]{subsection.8.1.9}{\376\377\000S\000u\000m\000m\000a\000r\000y\000\040\000a\000n\000d\000\040\000S\000t\000o\000p\000l\000i\000g\000h\000t}{section.8.1}% 184
\BOOKMARK [2][-]{subsection.8.1.10}{\376\377\000A\000t\000t\000e\000m\000p\000t\000\040\0003\000:\000\040\000C\000P\000\040\000P\000h\000a\000s\000e\000\040\000a\000n\000d\000\040\000t\000h\000e\000\040\000J\000a\000r\000l\000s\000k\000o\000g\000\040\000I\000n\000v\000a\000r\000i\000a\000n\000t}{section.8.1}% 185
\BOOKMARK [2][-]{subsection.8.1.11}{\376\377\000A\000t\000t\000e\000m\000p\000t\000\040\0004\000:\000\040\000Z\0006\000\040\000R\000e\000f\000i\000n\000e\000m\000e\000n\000t\000\040\000a\000n\000d\000\040\000t\000h\000e\000\040\000P\000h\000a\000s\000e\000\040\000C\000a\000n\000c\000e\000l\000l\000a\000t\000i\000o\000n\000\040\000T\000h\000e\000o\000r\000e\000m}{section.8.1}% 186
\BOOKMARK [2][-]{subsection.8.1.12}{\376\377\000Z\0002\000\040\000P\000a\000r\000i\000t\000y\000\040\000O\000r\000i\000g\000i\000n\000\040\000f\000o\000r\000\040\000t\000h\000e\000\040\000S\000i\000g\000n\000-\000S\000e\000l\000e\000c\000t\000i\000o\000n\000\040\000M\000e\000c\000h\000a\000n\000i\000s\000m}{section.8.1}% 187
\BOOKMARK [0][-]{chapter.9}{\376\377\000T\000h\000e\000\040\000F\000e\000r\000m\000i\000\040\000C\000o\000n\000s\000t\000a\000n\000t\000\040\000f\000r\000o\000m\000\040\000G\000e\000o\000m\000e\000t\000r\000y}{}% 188
\BOOKMARK [1][-]{section.9.1}{\376\377\000T\000h\000e\000\040\000F\000e\000r\000m\000i\000\040\000C\000o\000n\000s\000t\000a\000n\000t\000\040\000f\000r\000o\000m\000\040\000G\000e\000o\000m\000e\000t\000r\000y}{chapter.9}% 189
\BOOKMARK [2][-]{subsection.9.1.1}{\376\377\000B\000a\000s\000e\000l\000i\000n\000e\000:\000\040\000T\000h\000e\000\040\000F\000e\000r\000m\000i\000\040\000C\000o\000n\000s\000t\000a\000n\000t\000\040\000i\000n\000\040\000S\000t\000a\000n\000d\000a\000r\000d\000\040\000M\000o\000d\000e\000l}{section.9.1}% 190
\BOOKMARK [2][-]{subsection.9.1.2}{\376\377\000S\000t\000r\000u\000c\000t\000u\000r\000a\000l\000\040\000P\000a\000t\000h\000w\000a\000y\000:\000\040\000M\000e\000d\000i\000a\000t\000o\000r\000\040\000I\000n\000t\000e\000g\000r\000a\000t\000i\000o\000n}{section.9.1}% 191
\BOOKMARK [2][-]{subsection.9.1.3}{\376\377\000N\000u\000m\000e\000r\000i\000c\000a\000l\000\040\000C\000l\000o\000s\000u\000r\000e\000\040\000v\000i\000a\000\040\000E\000l\000e\000c\000t\000r\000o\000w\000e\000a\000k\000\040\000R\000e\000l\000a\000t\000i\000o\000n\000s}{section.9.1}% 192
\BOOKMARK [2][-]{subsection.9.1.4}{\376\377\000M\000o\000d\000e\000\040\000O\000v\000e\000r\000l\000a\000p\000:\000\040\000W\000h\000y\000\040\000G\000F\000\040\000I\000s\000\040\000S\000m\000a\000l\000l}{section.9.1}% 193
\BOOKMARK [2][-]{subsection.9.1.5}{\376\377\000C\000o\000n\000n\000e\000c\000t\000i\000o\000n\000\040\000t\000o\000\040\000V\000-\000A\000\040\000S\000t\000r\000u\000c\000t\000u\000r\000e}{section.9.1}% 194
\BOOKMARK [2][-]{subsection.9.1.6}{\376\377\000S\000u\000m\000m\000a\000r\000y\000:\000\040\000W\000h\000a\000t\000\040\000D\000e\000t\000e\000r\000m\000i\000n\000e\000s\000\040\000G\000F\000?}{section.9.1}% 195
\BOOKMARK [2][-]{subsection.9.1.7}{\376\377\000S\000t\000o\000p\000l\000i\000g\000h\000t\000\040\000V\000e\000r\000d\000i\000c\000t}{section.9.1}% 196
\BOOKMARK [0][-]{chapter.10}{\376\377\000V\040\023\000A\000\040\000S\000t\000r\000u\000c\000t\000u\000r\000e\000\040\000f\000r\000o\000m\000\040\0005\000D\000\040\000C\000h\000i\000r\000a\000l\000\040\000L\000o\000c\000a\000l\000i\000z\000a\000t\000i\000o\000n}{}% 197
\BOOKMARK [1][-]{section.10.1}{\376\377\000T\000h\000e\000\040\000P\000h\000y\000s\000i\000c\000a\000l\000\040\000P\000i\000c\000t\000u\000r\000e\000:\000\040\000W\000h\000a\000t\000\040\000H\000a\000p\000p\000e\000n\000s\000\040\000i\000n\000\040\0005\000D\000?}{chapter.10}% 198
\BOOKMARK [2][-]{subsection.10.1.1}{\376\377\000T\000h\000e\000\040\000S\000e\000t\000u\000p\000:\000\040\000A\000\040\000U\000n\000i\000v\000e\000r\000s\000e\000\040\000w\000i\000t\000h\000\040\000D\000e\000p\000t\000h}{section.10.1}% 199
\BOOKMARK [2][-]{subsection.10.1.2}{\376\377\000T\000h\000e\000\040\000C\000h\000i\000r\000a\000l\000i\000t\000y\000\040\000F\000i\000l\000t\000e\000r\000:\000\040\000W\000h\000y\000\040\000O\000n\000l\000y\000\040\000L\000e\000f\000t\000-\000H\000a\000n\000d\000e\000d\000?}{section.10.1}% 200
\BOOKMARK [2][-]{subsection.10.1.3}{\376\377\000O\000v\000e\000r\000l\000a\000p\000\040\000D\000e\000t\000e\000r\000m\000i\000n\000e\000s\000\040\000C\000o\000u\000p\000l\000i\000n\000g}{section.10.1}% 201
\BOOKMARK [2][-]{subsection.10.1.4}{\376\377\000W\000h\000a\000t\000\040\000W\000e\000\040\000D\000e\000r\000i\000v\000e\000\040\000a\000n\000d\000\040\000W\000h\000a\000t\000\040\000W\000e\000\040\000D\000o\000\040\000N\000o\000t}{section.10.1}% 202
\BOOKMARK [1][-]{section.10.2}{\376\377\000P\000u\000r\000p\000o\000s\000e\000\040\000a\000n\000d\000\040\000S\000c\000o\000p\000e}{chapter.10}% 203
\BOOKMARK [2][-]{subsection.10.2.1}{\376\377\000T\000h\000e\000\040\0003\000D\000\040\000O\000b\000s\000e\000r\000v\000a\000t\000i\000o\000n\000\040\000\050\000W\000h\000a\000t\000\040\000O\000b\000s\000e\000r\000v\000e\000r\000s\000\040\000S\000e\000e\000\051}{section.10.2}% 204
\BOOKMARK [2][-]{subsection.10.2.2}{\376\377\000T\000h\000e\000\040\0003\000D\000\040\000O\000b\000s\000e\000r\000v\000a\000t\000i\000o\000n\000a\000l\000\040\000D\000e\000s\000c\000r\000i\000p\000t\000i\000o\000n\000\040\000\050\000S\000M\000\051}{section.10.2}% 205
\BOOKMARK [2][-]{subsection.10.2.3}{\376\377\000T\000h\000e\000\040\000E\000D\000C\000\040\000A\000p\000p\000r\000o\000a\000c\000h\000:\000\040\0005\000D\000\040\000C\000a\000u\000s\000e\000\040\041\222\000\040\0003\000D\000\040\000S\000h\000a\000d\000o\000w}{section.10.2}% 206
\BOOKMARK [1][-]{section.10.3}{\376\377\0005\000D\000\040\000D\000i\000r\000a\000c\000\040\000F\000i\000e\000l\000d\000\040\000a\000n\000d\000\040\000C\000h\000i\000r\000a\000l\000\040\000D\000e\000c\000o\000m\000p\000o\000s\000i\000t\000i\000o\000n}{chapter.10}% 207
\BOOKMARK [2][-]{subsection.10.3.1}{\376\377\000T\000h\000e\000\040\0005\000D\000\040\000D\000i\000r\000a\000c\000\040\000E\000q\000u\000a\000t\000i\000o\000n}{section.10.3}% 208
\BOOKMARK [2][-]{subsection.10.3.2}{\376\377\000C\000h\000i\000r\000a\000l\000\040\000P\000r\000o\000j\000e\000c\000t\000i\000o\000n\000\040\000O\000p\000e\000r\000a\000t\000o\000r\000s}{section.10.3}% 209
\BOOKMARK [2][-]{subsection.10.3.3}{\376\377\000M\000o\000d\000e\000\040\000E\000x\000p\000a\000n\000s\000i\000o\000n}{section.10.3}% 210
\BOOKMARK [1][-]{section.10.4}{\376\377\000I\000n\000t\000e\000r\000f\000a\000c\000e\000\040\000M\000a\000s\000s\000\040\000P\000r\000o\000f\000i\000l\000e\000\040\000a\000n\000d\000\040\000L\000o\000c\000a\000l\000i\000z\000a\000t\000i\000o\000n}{chapter.10}% 211
\BOOKMARK [2][-]{subsection.10.4.1}{\376\377\000T\000h\000e\000\040\000D\000o\000m\000a\000i\000n\000\040\000W\000a\000l\000l\000\040\000M\000e\000c\000h\000a\000n\000i\000s\000m\000\040\000\050\000B\000a\000s\000e\000l\000i\000n\000e\000\051}{section.10.4}% 212
\BOOKMARK [2][-]{subsection.10.4.2}{\376\377\000E\000D\000C\000\040\000P\000o\000s\000t\000u\000l\000a\000t\000e\000:\000\040\000P\000l\000e\000n\000u\000m\000\040\000I\000n\000f\000l\000o\000w\000\040\000D\000e\000t\000e\000r\000m\000i\000n\000e\000s\000\040\000M\000a\000s\000s\000\040\000S\000i\000g\000n}{section.10.4}% 213
\BOOKMARK [2][-]{subsection.10.4.3}{\376\377\000C\000h\000i\000r\000a\000l\000\040\000M\000o\000d\000e\000\040\000P\000r\000o\000f\000i\000l\000e\000s}{section.10.4}% 214
\BOOKMARK [2][-]{subsection.10.4.4}{\376\377\000N\000o\000r\000m\000a\000l\000i\000z\000a\000b\000i\000l\000i\000t\000y\000\040\000C\000o\000n\000d\000i\000t\000i\000o\000n\000s\000\040\000\050\000D\000o\000m\000a\000i\000n\000-\000D\000e\000p\000e\000n\000d\000e\000n\000t\000\051}{section.10.4}% 215
\BOOKMARK [1][-]{section.10.5}{\376\377\000T\000o\000y\000\040\000M\000o\000d\000e\000l\000:\000\040\000O\000v\000e\000r\000l\000a\000p\000\040\000S\000u\000p\000p\000r\000e\000s\000s\000i\000o\000n}{chapter.10}% 216
\BOOKMARK [2][-]{subsection.10.5.1}{\376\377\000S\000i\000m\000p\000l\000e\000\040\000P\000r\000o\000f\000i\000l\000e\000\040\000A\000n\000s\000a\000t\000z\000\040\000[\000P\000]}{section.10.5}% 217
\BOOKMARK [2][-]{subsection.10.5.2}{\376\377\000O\000v\000e\000r\000l\000a\000p\000\040\000I\000n\000t\000e\000g\000r\000a\000l\000\040\000[\000D\000c\000\040\000c\000o\000n\000d\000i\000t\000i\000o\000n\000a\000l\000\040\000o\000n\000\040\000t\000o\000y\000\040\000a\000n\000s\000a\000t\000z\000]}{section.10.5}% 218
\BOOKMARK [2][-]{subsection.10.5.3}{\376\377\000P\000h\000y\000s\000i\000c\000a\000l\000\040\000I\000n\000t\000e\000r\000p\000r\000e\000t\000a\000t\000i\000o\000n}{section.10.5}% 219
\BOOKMARK [2][-]{subsection.10.5.4}{\376\377\000Q\000u\000a\000n\000t\000i\000t\000a\000t\000i\000v\000e\000\040\000S\000u\000p\000p\000r\000e\000s\000s\000i\000o\000n\000\040\000T\000a\000r\000g\000e\000t\000\040\000\050\000I\000n\000e\000q\000u\000a\000l\000i\000t\000y\000\040\000C\000h\000a\000i\000n\000,\000\040\000N\000o\000\040\000C\000a\000l\000i\000b\000r\000a\000t\000i\000o\000n\000\051}{section.10.5}% 220
\BOOKMARK [2][-]{subsection.10.5.5}{\376\377\000S\000c\000h\000e\000m\000a\000t\000i\000c\000\040\000V\000i\000s\000u\000a\000l\000i\000z\000a\000t\000i\000o\000n}{section.10.5}% 221
\BOOKMARK [1][-]{section.10.6}{\376\377\000E\000f\000f\000e\000c\000t\000i\000v\000e\000\040\0004\000D\000\040\000C\000o\000u\000p\000l\000i\000n\000g\000\040\000a\000n\000d\000\040\000V\040\023\000A\000\040\000E\000m\000e\000r\000g\000e\000n\000c\000e}{chapter.10}% 222
\BOOKMARK [2][-]{subsection.10.6.1}{\376\377\000W\000h\000e\000r\000e\000\040\000D\000o\000e\000s\000\040\000t\000h\000e\000\040\000W\000e\000a\000k\000\040\000I\000n\000t\000e\000r\000a\000c\000t\000i\000o\000n\000\040\000L\000i\000v\000e\000?}{section.10.6}% 223
\BOOKMARK [2][-]{subsection.10.6.2}{\376\377\000E\000f\000f\000e\000c\000t\000i\000v\000e\000\040\0004\000D\000\040\000I\000n\000t\000e\000r\000a\000c\000t\000i\000o\000n}{section.10.6}% 224
\BOOKMARK [2][-]{subsection.10.6.3}{\376\377\000T\000h\000e\000\040\000V\040\023\000A\000\040\000C\000u\000r\000r\000e\000n\000t\000\040\000S\000t\000r\000u\000c\000t\000u\000r\000e}{section.10.6}% 225
\BOOKMARK [1][-]{section.10.7}{\376\377\000B\000o\000u\000n\000d\000a\000r\000y\000\040\000C\000o\000n\000d\000i\000t\000i\000o\000n\000\040\000I\000n\000t\000e\000r\000p\000r\000e\000t\000a\000t\000i\000o\000n}{chapter.10}% 226
\BOOKMARK [2][-]{subsection.10.7.1}{\376\377\000T\000h\000e\000\040\000B\000o\000u\000n\000d\000a\000r\000y\000\040\000P\000r\000o\000j\000e\000c\000t\000i\000o\000n}{section.10.7}% 227
\BOOKMARK [2][-]{subsection.10.7.2}{\376\377\000C\000o\000m\000p\000a\000r\000i\000s\000o\000n\000\040\000w\000i\000t\000h\000\040\000M\000I\000T\000\040\000B\000a\000g}{section.10.7}% 228
\BOOKMARK [1][-]{section.10.8}{\376\377\000M\000i\000n\000i\000m\000a\000l\000\040\000S\000U\000\050\0002\000\051\000L\000\040\000G\000a\000u\000g\000e\000\040\000E\000m\000b\000e\000d\000d\000i\000n\000g}{chapter.10}% 229
\BOOKMARK [2][-]{subsection.10.8.1}{\376\377\000C\000o\000u\000p\000l\000i\000n\000g\000\040\000f\000r\000o\000m\000\040\000B\000r\000a\000n\000e\000-\000L\000o\000c\000a\000l\000i\000z\000e\000d\000\040\000A\000c\000t\000i\000o\000n}{section.10.8}% 230
\BOOKMARK [2][-]{subsection.10.8.2}{\376\377\000A\000l\000t\000e\000r\000n\000a\000t\000i\000v\000e\000:\000\040\000B\000u\000l\000k\000\040\000G\000a\000u\000g\000e\000\040\000F\000i\000e\000l\000d\000s}{section.10.8}% 231
\BOOKMARK [2][-]{subsection.10.8.3}{\376\377\000N\000o\000-\000S\000m\000u\000g\000g\000l\000i\000n\000g\000\040\000G\000u\000a\000r\000d\000r\000a\000i\000l}{section.10.8}% 232
\BOOKMARK [2][-]{subsection.10.8.4}{\376\377\000V\000e\000r\000d\000i\000c\000t}{section.10.8}% 233
\BOOKMARK [1][-]{section.10.9}{\376\377\000D\000i\000m\000e\000n\000s\000i\000o\000n\000a\000l\000\040\000a\000n\000d\000\040\000C\000o\000n\000s\000i\000s\000t\000e\000n\000c\000y\000\040\000C\000h\000e\000c\000k\000s}{chapter.10}% 234
\BOOKMARK [1][-]{section.10.10}{\376\377\000S\000u\000m\000m\000a\000r\000y}{chapter.10}% 235
\BOOKMARK [0][-]{chapter.11}{\376\377\000E\000l\000e\000c\000t\000r\000o\000w\000e\000a\000k\000\040\000B\000r\000i\000d\000g\000e}{}% 236
\BOOKMARK [1][-]{section.11.1}{\376\377\000E\000l\000e\000c\000t\000r\000o\000w\000e\000a\000k\000\040\000B\000r\000i\000d\000g\000e\000:\000\040\000F\000r\000o\000m\000\040\000M\000e\000m\000b\000r\000a\000n\000e\000\040\000T\000h\000i\000c\000k\000n\000e\000s\000s\000\040\000t\000o\000\040\000M\000e\000d\000i\000a\000t\000o\000r\000\040\000P\000h\000y\000s\000i\000c\000s}{chapter.11}% 237
\BOOKMARK [2][-]{subsection.11.1.1}{\376\377\000T\000o\000y\000\040\000M\000o\000d\000e\000l\000:\000\040\000H\000o\000w\000\040\000B\000o\000u\000n\000d\000a\000r\000y\000\040\000C\000o\000n\000d\000i\000t\000i\000o\000n\000s\000\040\000S\000h\000i\000f\000t\000\040\000E\000i\000g\000e\000n\000v\000a\000l\000u\000e\000s}{section.11.1}% 238
\BOOKMARK [2][-]{subsection.11.1.2}{\376\377\000O\000P\000R\000-\0002\0000\000a\000\040\000S\000u\000m\000m\000a\000r\000y\000:\000\040\000M\000e\000d\000i\000a\000t\000o\000r\000\040\000I\000d\000e\000n\000t\000i\000t\000y\000\040\000a\000n\000d\000\040\000B\000C\000\040\000P\000r\000o\000v\000e\000n\000a\000n\000c\000e}{section.11.1}% 239
\BOOKMARK [2][-]{subsection.11.1.3}{\376\377\000O\000P\000R\000-\0002\0000\000b\000\040\000S\000u\000m\000m\000a\000r\000y\000:\000\040\000R\000o\000b\000i\000n\000\040\000P\000a\000r\000a\000m\000e\000t\000e\000r\000\040\000f\000r\000o\000m\000\040\000J\000u\000n\000c\000t\000i\000o\000n\000\040\000P\000h\000y\000s\000i\000c\000s}{section.11.1}% 240
\BOOKMARK [2][-]{subsection.11.1.4}{\376\377\000W\000h\000a\000t\000\040\000t\000h\000e\000\040\000R\000e\000a\000d\000e\000r\000\040\000S\000h\000o\000u\000l\000d\000\040\000N\000o\000w\000\040\000U\000n\000d\000e\000r\000s\000t\000a\000n\000d}{section.11.1}% 241
\BOOKMARK [0][-]{chapter.12}{\376\377\000E\000p\000i\000s\000t\000e\000m\000i\000c\000\040\000L\000a\000n\000d\000s\000c\000a\000p\000e\000\040\000a\000n\000d\000\040\000O\000p\000e\000n\000\040\000P\000r\000o\000b\000l\000e\000m\000s}{}% 242
\BOOKMARK [1][-]{section.12.1}{\376\377\000E\000p\000i\000s\000t\000e\000m\000i\000c\000\040\000L\000a\000n\000d\000s\000c\000a\000p\000e\000\040\000a\000n\000d\000\040\000C\000o\000n\000s\000o\000l\000i\000d\000a\000t\000e\000d\000\040\000O\000p\000e\000n\000\040\000P\000r\000o\000b\000l\000e\000m\000s}{chapter.12}% 243
\BOOKMARK [2][-]{subsection.12.1.1}{\376\377\000C\000o\000n\000s\000o\000l\000i\000d\000a\000t\000e\000d\000\040\000G\000a\000t\000e\000\040\000R\000e\000g\000i\000s\000t\000r\000y}{section.12.1}% 244
\BOOKMARK [2][-]{subsection.12.1.2}{\376\377\000Q\000u\000a\000n\000t\000i\000t\000a\000t\000i\000v\000e\000\040\000S\000u\000m\000m\000a\000r\000y\000:\000\040\000T\000h\000r\000e\000s\000h\000o\000l\000d\000s\000\040\000a\000n\000d\000\040\000G\000a\000t\000e\000s}{section.12.1}% 245
\BOOKMARK [2][-]{subsection.12.1.3}{\376\377\000T\000h\000e\000\040\000F\000i\000v\000e\000\040\000C\000a\000t\000e\000g\000o\000r\000i\000e\000s}{section.12.1}% 246
\BOOKMARK [2][-]{subsection.12.1.4}{\376\377\000B\000a\000s\000e\000l\000i\000n\000e\000\040\000F\000a\000c\000t\000s\000:\000\040\000T\000h\000e\000\040\0003\000D\000\040\000S\000h\000a\000d\000o\000w\000s\000\040\000E\000D\000C\000\040\000M\000u\000s\000t\000\040\000R\000e\000p\000r\000o\000d\000u\000c\000e}{section.12.1}% 247
\BOOKMARK [2][-]{subsection.12.1.5}{\376\377\000P\000o\000s\000t\000u\000l\000a\000t\000e\000s\000\040\000\050\000S\000t\000r\000u\000c\000t\000u\000r\000a\000l\000\040\000A\000s\000s\000u\000m\000p\000t\000i\000o\000n\000s\000\051}{section.12.1}% 248
\BOOKMARK [2][-]{subsection.12.1.6}{\376\377\000D\000e\000d\000u\000c\000t\000i\000o\000n\000s\000\040\000\050\000W\000h\000a\000t\000\040\000F\000o\000l\000l\000o\000w\000s\000\040\000f\000r\000o\000m\000\040\000P\000o\000s\000t\000u\000l\000a\000t\000e\000s\000\051}{section.12.1}% 249
\BOOKMARK [2][-]{subsection.12.1.7}{\376\377\000O\000p\000e\000n\000\040\000P\000r\000o\000b\000l\000e\000m\000s\000\040\000\050\000W\000h\000a\000t\000\040\000R\000e\000m\000a\000i\000n\000s\000\040\000t\000o\000\040\000B\000e\000\040\000D\000o\000n\000e\000\051}{section.12.1}% 250
\BOOKMARK [2][-]{subsection.12.1.8}{\376\377\000V\000i\000s\000u\000a\000l\000\040\000S\000u\000m\000m\000a\000r\000y\000:\000\040\000T\000h\000e\000\040\000E\000p\000i\000s\000t\000e\000m\000i\000c\000\040\000L\000a\000n\000d\000s\000c\000a\000p\000e}{section.12.1}% 251
\BOOKMARK [2][-]{subsection.12.1.9}{\376\377\000W\000h\000a\000t\000\040\000T\000h\000i\000s\000\040\000C\000h\000a\000p\000t\000e\000r\000\040\000D\000o\000e\000s\000\040\000a\000n\000d\000\040\000D\000o\000e\000s\000\040\000N\000o\000t\000\040\000C\000l\000a\000i\000m}{section.12.1}% 252
\BOOKMARK [2][-]{subsection.12.1.10}{\376\377\000O\000p\000e\000n\000\040\000P\000r\000o\000b\000l\000e\000m\000s\000\040\000R\000e\000g\000i\000s\000t\000e\000r\000\040\000\050\000O\000P\000R\000\051}{section.12.1}% 253
\BOOKMARK [0][-]{chapter.13}{\376\377\000G\000F\000\040\000C\000h\000a\000i\000n\000\040\000C\000l\000o\000s\000u\000r\000e\000\040\000A\000t\000t\000e\000m\000p\000t\000s}{}% 254
\BOOKMARK [1][-]{section.13.1}{\376\377\000O\000P\000R\000-\0001\0009\000:\000\040\000T\000h\000e\000\040\000g\0005\000\040\000V\000a\000l\000u\000e}{chapter.13}% 255
\BOOKMARK [2][-]{subsection.13.1.1}{\376\377\000C\000a\000n\000o\000n\000i\000c\000a\000l\000\040\000g\0005\000\040\000N\000o\000r\000m\000a\000l\000i\000z\000a\000t\000i\000o\000n\000\040\000a\000n\000d\000\040\000K\000K\000\040\000S\000p\000e\000c\000t\000r\000u\000m}{section.13.1}% 256
\BOOKMARK [2][-]{subsection.13.1.2}{\376\377\000V\000a\000l\000u\000e\000\040\000C\000l\000o\000s\000u\000r\000e\000\040\000A\000t\000t\000e\000m\000p\000t\000:\000\040\000g\0005\000\040\000a\000n\000d\000\040\000l\000\040\000f\000r\000o\000m\000\040\000M\000e\000m\000b\000r\000a\000n\000e\000\040\000P\000a\000r\000a\000m\000e\000t\000e\000r\000s}{section.13.1}% 257
\BOOKMARK [2][-]{subsection.13.1.3}{\376\377\000C\000o\000e\000f\000f\000i\000c\000i\000e\000n\000t\000\040\000P\000r\000o\000v\000e\000n\000a\000n\000c\000e\000:\000\040\000A\000t\000t\000e\000m\000p\000t\000\040\0002}{section.13.1}% 258
\BOOKMARK [2][-]{subsection.13.1.4}{\376\377\000C\000o\000e\000f\000f\000i\000c\000i\000e\000n\000t\000\040\000D\000e\000r\000i\000v\000a\000t\000i\000o\000n\000:\000\040\000A\000t\000t\000e\000m\000p\000t\000\040\0003\000\040\000\050\000D\000u\000a\000l\000-\000R\000o\000u\000t\000e\000\051}{section.13.1}% 259
\BOOKMARK [2][-]{subsection.13.1.5}{\376\377\000S\000u\000p\000p\000r\000e\000s\000s\000i\000o\000n\000\040\000M\000e\000c\000h\000a\000n\000i\000s\000m\000\040\000f\000o\000r\000\040\000l\000:\000\040\000A\000t\000t\000e\000m\000p\000t\000\040\000A\0002}{section.13.1}% 260
\BOOKMARK [1][-]{section.13.2}{\376\377\000O\000P\000R\000-\0002\0000\000:\000\040\000M\000e\000d\000i\000a\000t\000o\000r\000\040\000M\000a\000s\000s\000\040\000D\000e\000r\000i\000v\000a\000t\000i\000o\000n}{chapter.13}% 261
\BOOKMARK [2][-]{subsection.13.2.1}{\376\377\000F\000a\000c\000t\000o\000r\000-\0008\000\040\000F\000o\000r\000e\000n\000s\000i\000c\000\040\000A\000n\000a\000l\000y\000s\000i\000s\000\040\000\050\000O\000P\000R\000-\0002\0000\000\051}{section.13.2}% 262
\BOOKMARK [2][-]{subsection.13.2.2}{\376\377\000G\000e\000o\000m\000e\000t\000r\000i\000c\000\040\000F\000a\000c\000t\000o\000r\000-\0008\000\040\000R\000o\000u\000t\000e\000\040\000\050\000O\000P\000R\000-\0002\0000\000\040\000A\000t\000t\000e\000m\000p\000t\000\040\000C\000\051}{section.13.2}% 263
\BOOKMARK [2][-]{subsection.13.2.3}{\376\377\000A\000t\000t\000e\000m\000p\000t\000\040\000D\000:\000\040\000I\000n\000t\000e\000r\000p\000r\000e\000t\000a\000t\000i\000o\000n\000,\000\040\000R\000o\000b\000i\000n\000\040\000D\000e\000r\000i\000v\000a\000t\000i\000o\000n\000,\000\040\000a\000n\000d\000\040\000O\000v\000e\000r\000c\000o\000u\000n\000t\000i\000n\000g\000\040\000A\000u\000d\000i\000t}{section.13.2}% 264
\BOOKMARK [2][-]{subsection.13.2.4}{\376\377\000A\000t\000t\000e\000m\000p\000t\000\040\000E\000:\000\040\000P\000r\000e\000f\000a\000c\000t\000o\000r\000-\0008\000\040\000F\000i\000r\000s\000t\000-\000P\000r\000i\000n\000c\000i\000p\000l\000e\000s\000\040\000D\000e\000r\000i\000v\000a\000t\000i\000o\000n}{section.13.2}% 265
\BOOKMARK [2][-]{subsection.13.2.5}{\376\377\000A\000t\000t\000e\000m\000p\000t\000\040\000F\000:\000\040\000M\000e\000d\000i\000a\000t\000o\000r\000\040\000B\000V\000P\000\040\000w\000i\000t\000h\000\040\000J\000u\000n\000c\000t\000i\000o\000n\000-\000D\000e\000r\000i\000v\000e\000d\000\040\000B\000o\000u\000n\000d\000a\000r\000y\000\040\000C\000o\000n\000d\000i\000t\000i\000o\000n\000s}{section.13.2}% 266
\BOOKMARK [2][-]{subsection.13.2.6}{\376\377\000A\000t\000t\000e\000m\000p\000t\000\040\000G\000:\000\040\000D\000e\000r\000i\000v\000i\000n\000g\000\040\000a\000l\000p\000h\000a\000\040\000f\000r\000o\000m\000\040\000E\000D\000C\000\040\000B\000r\000a\000n\000e\000\040\000P\000h\000y\000s\000i\000c\000s}{section.13.2}% 267
\BOOKMARK [2][-]{subsection.13.2.7}{\376\377\000A\000t\000t\000e\000m\000p\000t\000\040\000G\000\137\000B\000C\000:\000\040\000B\000o\000u\000n\000d\000a\000r\000y\000\040\000C\000o\000n\000d\000i\000t\000i\000o\000n\000\040\000P\000r\000o\000v\000e\000n\000a\000n\000c\000e}{section.13.2}% 268
\BOOKMARK [2][-]{subsection.13.2.8}{\376\377\000A\000t\000t\000e\000m\000p\000t\000\040\000H\000:\000\040\000T\000h\000i\000c\000k\000-\000B\000r\000a\000n\000e\000\040\000M\000i\000c\000r\000o\000p\000h\000y\000s\000i\000c\000s\000\040\000a\000n\000d\000\040\000t\000h\000e\000\040\000d\000e\000l\000t\000a\000\040\000=\000\040\000R\000x\000i\000\040\000G\000a\000t\000e}{section.13.2}% 269
\BOOKMARK [2][-]{subsection.13.2.9}{\376\377\000A\000t\000t\000e\000m\000p\000t\000\040\000H\0001\000:\000\040\000M\000e\000d\000i\000a\000t\000o\000r\000\040\000F\000i\000e\000l\000d\000\040\000I\000d\000e\000n\000t\000i\000t\000y\000\040\000a\000n\000d\000\040\000B\000C\000\040\000P\000r\000o\000v\000e\000n\000a\000n\000c\000e}{section.13.2}% 270
\BOOKMARK [2][-]{subsection.13.2.10}{\376\377\000A\000t\000t\000e\000m\000p\000t\000\040\000H\0002\000-\000p\000l\000u\000s\000:\000\040\000S\000t\000r\000i\000c\000t\000e\000r\000\040\000A\000u\000d\000i\000t\000\040\000o\000f\000\040\000t\000h\000e\000\040\000d\000e\000l\000t\000a\000\040\000=\000\040\000R\000x\000i\000\040\000I\000d\000e\000n\000t\000i\000f\000i\000c\000a\000t\000i\000o\000n}{section.13.2}% 271
\BOOKMARK [2][-]{subsection.13.2.11}{\376\377\000A\000t\000t\000e\000m\000p\000t\000\040\000H\0002\000\040\000\050\000H\000a\000r\000d\000\040\000M\000o\000d\000e\000\051\000:\000\040\000R\000i\000g\000o\000r\000o\000u\000s\000\040\000A\000u\000d\000i\000t\000\040\000o\000f\000\040\000d\000e\000l\000t\000a\000\040\000=\000\040\000R\000x\000i\000\040\000P\000r\000o\000v\000e\000n\000a\000n\000c\000e}{section.13.2}% 272
\BOOKMARK [1][-]{section.13.3}{\376\377\000S\000a\000n\000i\000t\000y\000\040\000S\000k\000e\000l\000e\000t\000o\000n\000\040\000a\000n\000d\000\040\000C\000l\000o\000s\000u\000r\000e\000\040\000P\000l\000a\000n}{chapter.13}% 273
\BOOKMARK [2][-]{subsection.13.3.1}{\376\377\000G\000F\000\040\000S\000a\000n\000i\000t\000y\000\040\000S\000k\000e\000l\000e\000t\000o\000n\000:\000\040\000C\000h\000a\000i\000n\000,\000\040\000D\000i\000m\000e\000n\000s\000i\000o\000n\000s\000,\000\040\000a\000n\000d\000\040\000O\000p\000e\000n\000\040\000I\000n\000p\000u\000t\000s}{section.13.3}% 274
\BOOKMARK [2][-]{subsection.13.3.2}{\376\377\000F\000u\000l\000l\000\040\000C\000l\000o\000s\000u\000r\000e\000\040\000T\000a\000r\000g\000e\000t\000\040\000f\000o\000r\000\040\000G\000F\000\040\000\050\000N\000o\000-\000S\000M\000-\000H\000e\000l\000p\000\051}{section.13.3}% 275
\BOOKMARK [0][-]{chapter*.12}{\376\377\000B\000V\000P\000\040\000W\000o\000r\000k\000\040\000P\000a\000c\000k\000a\000g\000e\000\040\000\050\000I\000n\000f\000r\000a\000s\000t\000r\000u\000c\000t\000u\000r\000e\000\051}{}% 276
\BOOKMARK [1][-]{section.13.4}{\376\377\000B\000V\000P\000\040\000W\000o\000r\000k\000\040\000P\000a\000c\000k\000a\000g\000e\000:\000\040\000T\000h\000i\000c\000k\000-\000B\000r\000a\000n\000e\000\040\000S\000o\000l\000v\000e\000r\000\040\000S\000p\000e\000c\000i\000f\000i\000c\000a\000t\000i\000o\000n}{chapter*.12}% 277
\BOOKMARK [0][-]{chapter.14}{\376\377\000O\000P\000R\000-\0002\0001\000:\000\040\000T\000h\000e\000\040\000B\000V\000P\000\040\000a\000s\000\040\000M\000a\000s\000t\000e\000r\000\040\000K\000e\000y}{}% 278
\BOOKMARK [1][-]{subsection.14.0.1}{\376\377\000W\000h\000y\000\040\000B\000V\000P\000\040\000i\000s\000\040\000t\000h\000e\000\040\000M\000a\000s\000t\000e\000r\000\040\000K\000e\000y}{chapter.14}% 279
\BOOKMARK [2][-]{subsection.14.0.2}{\376\377\000P\000r\000e\000c\000i\000s\000e\000\040\000B\000V\000P\000\040\000S\000t\000a\000t\000e\000m\000e\000n\000t}{subsection.14.0.1}% 280
\BOOKMARK [2][-]{subsection.14.0.3}{\376\377\000F\000r\000o\000m\000\040\0005\000D\000\040\000A\000c\000t\000i\000o\000n\000\040\000t\000o\000\040\000E\000f\000f\000e\000c\000t\000i\000v\000e\000\040\000P\000o\000t\000e\000n\000t\000i\000a\000l\000:\000\040\000W\000h\000a\000t\000\040\000M\000u\000s\000t\000\040\000B\000e\000\040\000D\000e\000r\000i\000v\000e\000d}{subsection.14.0.1}% 281
\BOOKMARK [2][-]{subsection.14.0.4}{\376\377\000O\000P\000R\000-\0002\0001\000\040\000C\000l\000o\000s\000u\000r\000e\000:\000\040\000F\000r\000o\000m\000\040\0005\000D\000\040\000D\000i\000r\000a\000c\000\040\000+\000\040\000I\000s\000r\000a\000e\000l\000\040\000J\000u\000n\000c\000t\000i\000o\000n\000\040\000t\000o\000\040\000a\000\040\000P\000h\000y\000s\000i\000c\000a\000l\000\040\000B\000V\000P}{subsection.14.0.1}% 282
\BOOKMARK [2][-]{subsection.14.0.5}{\376\377\000V\000\050\000x\000i\000\051\000\040\000C\000a\000n\000d\000i\000d\000a\000t\000e\000s\000\040\000C\000a\000t\000a\000l\000o\000g\000u\000e\000\040\000\050\000T\000o\000y\000\040\000S\000h\000a\000p\000e\000s\000,\000\040\000N\000o\000t\000\040\000D\000e\000r\000i\000v\000e\000d\000\051}{subsection.14.0.1}% 283
\BOOKMARK [2][-]{subsection.14.0.6}{\376\377\000O\000u\000t\000p\000u\000t\000\040\000O\000b\000j\000e\000c\000t\000s\000:\000\040\000W\000h\000a\000t\000\040\000W\000e\000\040\000N\000e\000e\000d}{subsection.14.0.1}% 284
\BOOKMARK [2][-]{subsection.14.0.7}{\376\377\000A\000c\000c\000e\000p\000t\000a\000n\000c\000e\000\040\000C\000r\000i\000t\000e\000r\000i\000a\000\040\000a\000n\000d\000\040\000C\000l\000o\000s\000u\000r\000e\000\040\000C\000o\000n\000d\000i\000t\000i\000o\000n\000s}{subsection.14.0.1}% 285
\BOOKMARK [2][-]{subsection.14.0.8}{\376\377\000F\000a\000i\000l\000u\000r\000e\000\040\000M\000o\000d\000e\000s}{subsection.14.0.1}% 286
\BOOKMARK [2][-]{subsection.14.0.9}{\376\377\000I\000n\000t\000e\000g\000r\000a\000t\000i\000o\000n\000\040\000P\000o\000i\000n\000t\000e\000r\000s}{subsection.14.0.1}% 287
\BOOKMARK [2][-]{subsection.14.0.10}{\376\377\000N\000u\000m\000e\000r\000i\000c\000a\000l\000\040\000P\000i\000p\000e\000l\000i\000n\000e\000\040\000D\000e\000m\000o\000:\000\040\000W\000h\000y\000\040\000N\000b\000o\000u\000n\000d\000\040\000i\000s\000\040\000a\000\040\000C\000l\000o\000s\000u\000r\000e\000\040\000T\000a\000r\000g\000e\000t\000,\000\040\000N\000o\000t\000\040\000a\000\040\000S\000l\000o\000g\000a\000n}{subsection.14.0.1}% 288
\BOOKMARK [0][-]{chapter.15}{\376\377\000O\000P\000R\000-\0000\0001\000\040\000C\000l\000o\000s\000u\000r\000e\000:\000\040\000T\000h\000e\000\040\003\303\000\040\041\222\000\040\000M\040\200\000\040\000A\000n\000c\000h\000o\000r}{}% 289
\BOOKMARK [1][-]{subsection.15.0.1}{\376\377\000T\000a\000r\000g\000e\000t\000\040\000F\000o\000r\000m\000u\000l\000a}{chapter.15}% 290
\BOOKMARK [2][-]{subsection.15.0.2}{\376\377\000S\000t\000e\000p\000-\000b\000y\000-\000S\000t\000e\000p\000\040\000D\000e\000r\000i\000v\000a\000t\000i\000o\000n}{subsection.15.0.1}% 291
\BOOKMARK [2][-]{subsection.15.0.3}{\376\377\000P\000h\000y\000s\000i\000c\000a\000l\000\040\000I\000n\000t\000e\000r\000p\000r\000e\000t\000a\000t\000i\000o\000n}{subsection.15.0.1}% 292
\BOOKMARK [2][-]{subsection.15.0.4}{\376\377\000W\000h\000a\000t\000\040\000R\000e\000m\000a\000i\000n\000s\000\040\000O\000p\000e\000n}{subsection.15.0.1}% 293
\BOOKMARK [2][-]{subsection.15.0.5}{\376\377\000D\000e\000p\000e\000n\000d\000e\000n\000c\000y\000\040\000G\000r\000a\000p\000h}{subsection.15.0.1}% 294
\BOOKMARK [2][-]{subsection.15.0.6}{\376\377\000O\000P\000R\000-\0000\0001\000\040\000S\000t\000o\000p\000l\000i\000g\000h\000t\000\040\000V\000e\000r\000d\000i\000c\000t}{subsection.15.0.1}% 295
\BOOKMARK [0][-]{chapter.16}{\376\377\000O\000P\000R\000-\0000\0004\000:\000\040\000W\000a\000l\000l\000\040\000T\000h\000i\000c\000k\000n\000e\000s\000s\000\040\000f\000r\000o\000m\000\040\000S\000c\000a\000l\000a\000r\000\040\000K\000i\000n\000k\000\040\000T\000h\000e\000o\000r\000y}{}% 296
\BOOKMARK [1][-]{section.16.1}{\376\377\000S\000c\000a\000l\000e\000\040\000T\000a\000x\000o\000n\000o\000m\000y\000\040\000\050\000C\000a\000n\000o\000n\000i\000c\000a\000l\000\040\000R\000e\000f\000e\000r\000e\000n\000c\000e\000\051}{chapter.16}% 297
\BOOKMARK [2][-]{subsection.16.1.1}{\376\377\000A\000s\000s\000u\000m\000p\000t\000i\000o\000n\000\040\000L\000a\000b\000e\000l\000s\000\040\000f\000o\000r\000\040\000S\000c\000a\000l\000e\000\040\000I\000d\000e\000n\000t\000i\000f\000i\000c\000a\000t\000i\000o\000n\000s}{section.16.1}% 298
\BOOKMARK [1][-]{section.16.2}{\376\377\000C\000o\000n\000t\000e\000x\000t\000:\000\040\000T\000h\000e\000\040\000R\000o\000l\000e\000\040\000o\000f\000\040\000\040\000i\000n\000\040\000t\000h\000e\000\040\000D\000e\000r\000i\000v\000a\000t\000i\000o\000n\000\040\000C\000h\000a\000i\000n}{chapter.16}% 299
\BOOKMARK [2][-]{subsection.16.2.1}{\376\377\000W\000h\000e\000r\000e\000\040\000\040\000A\000p\000p\000e\000a\000r\000s}{section.16.2}% 300
\BOOKMARK [1][-]{section.16.3}{\376\377\000D\000e\000r\000i\000v\000a\000t\000i\000o\000n\000:\000\040\000W\000a\000l\000l\000\040\000T\000h\000i\000c\000k\000n\000e\000s\000s\000\040\000f\000r\000o\000m\000\040\000K\000i\000n\000k\000\040\000P\000r\000o\000f\000i\000l\000e}{chapter.16}% 301
\BOOKMARK [2][-]{subsection.16.3.1}{\376\377\000S\000t\000e\000p\000\040\0001\000:\000\040\000T\000h\000e\000\040\0004\000\040\000P\000o\000t\000e\000n\000t\000i\000a\000l}{section.16.3}% 302
\BOOKMARK [2][-]{subsection.16.3.2}{\376\377\000S\000t\000e\000p\000\040\0002\000:\000\040\000S\000t\000a\000t\000i\000c\000\040\000K\000i\000n\000k\000\040\000S\000o\000l\000u\000t\000i\000o\000n}{section.16.3}% 303
\BOOKMARK [2][-]{subsection.16.3.3}{\376\377\000S\000t\000e\000p\000\040\0003\000:\000\040\000D\000e\000t\000e\000r\000m\000i\000n\000i\000n\000g\000\040\000t\000h\000e\000\040\000W\000a\000l\000l\000\040\000T\000h\000i\000c\000k\000n\000e\000s\000s}{section.16.3}% 304
\BOOKMARK [1][-]{section.16.4}{\376\377\000C\000o\000n\000s\000i\000s\000t\000e\000n\000c\000y\000\040\000C\000h\000e\000c\000k\000:\000\040\000T\000h\000e\000\040\000B\000P\000S\000\040\000R\000e\000l\000a\000t\000i\000o\000n\000\040\000=\000\040\0004\000v\0002\0003}{chapter.16}% 305
\BOOKMARK [2][-]{subsection.16.4.1}{\376\377\000D\000o\000m\000a\000i\000n\000-\000W\000a\000l\000l\000\040\000T\000e\000n\000s\000i\000o\000n}{section.16.4}% 306
\BOOKMARK [2][-]{subsection.16.4.2}{\376\377\000T\000h\000e\000\040\000P\000r\000o\000d\000u\000c\000t\000\040}{section.16.4}% 307
\BOOKMARK [1][-]{section.16.5}{\376\377\000P\000a\000r\000a\000m\000e\000t\000e\000r\000\040\000L\000e\000d\000g\000e\000r\000:\000\040\000B\000e\000f\000o\000r\000e\000\040\000a\000n\000d\000\040\000A\000f\000t\000e\000r\000\040\000O\000P\000R\000-\0000\0004}{chapter.16}% 308
\BOOKMARK [2][-]{subsection.16.5.1}{\376\377\000B\000e\000f\000o\000r\000e\000\040\000O\000P\000R\000-\0000\0004}{section.16.5}% 309
\BOOKMARK [2][-]{subsection.16.5.2}{\376\377\000A\000f\000t\000e\000r\000\040\000O\000P\000R\000-\0000\0004}{section.16.5}% 310
\BOOKMARK [1][-]{section.16.6}{\376\377\000B\000r\000i\000d\000g\000e\000\040\000t\000o\000\040\000O\000P\000R\000-\0000\0004\000:\000\040\000T\000w\000o\000\040\000C\000l\000o\000s\000u\000r\000e\000\040\000P\000a\000t\000h\000s}{chapter.16}% 311
\BOOKMARK [2][-]{subsection.16.6.1}{\376\377\000P\000a\000t\000h\000\040\000A\000:\000\040\000F\000i\000x\000\040\000\040\000f\000r\000o\000m\000\040\000D\000i\000f\000f\000u\000s\000i\000o\000n\000\040\000S\000c\000a\000l\000e}{section.16.6}% 312
\BOOKMARK [2][-]{subsection.16.6.2}{\376\377\000P\000a\000t\000h\000\040\000B\000:\000\040\000D\000e\000r\000i\000v\000e\000\040\000\040\000f\000r\000o\000m\000\040\000M\0000\000\040\000a\000n\000d\000\040\003\274\000-\000W\000i\000n\000d\000o\000w}{section.16.6}% 313
\BOOKMARK [1][-]{section.16.7}{\376\377\000O\000p\000e\000n\000\040\000Q\000u\000e\000s\000t\000i\000o\000n\000s}{chapter.16}% 314
\BOOKMARK [1][-]{section.16.8}{\376\377\000S\000u\000m\000m\000a\000r\000y\000:\000\040\000O\000P\000R\000-\0000\0004\000\040\003\224\000-\000D\000e\000r\000i\000v\000a\000t\000i\000o\000n\000\040\000S\000t\000a\000t\000u\000s}{chapter.16}% 315
\BOOKMARK [1][-]{section.16.9}{\376\377\000R\000e\000s\000o\000l\000u\000t\000i\000o\000n\000\040\000\046\000\040\000I\000n\000t\000e\000r\000p\000r\000e\000t\000a\000t\000i\000o\000n}{chapter.16}% 316
\BOOKMARK [2][-]{subsection.16.9.1}{\376\377\000T\000h\000e\000\040\000C\000o\000n\000d\000i\000t\000i\000o\000n\000a\000l\000\040\000T\000e\000n\000s\000i\000o\000n}{section.16.9}% 317
\BOOKMARK [2][-]{subsection.16.9.2}{\376\377\000R\000e\000s\000o\000l\000u\000t\000i\000o\000n\000\040\000P\000a\000t\000h\000s}{section.16.9}% 318
\BOOKMARK [2][-]{subsection.16.9.3}{\376\377\000E\000p\000i\000s\000t\000e\000m\000i\000c\000\040\000S\000u\000m\000m\000a\000r\000y}{section.16.9}% 319
\BOOKMARK [1][-]{section.16.10}{\376\377\000C\000r\000o\000s\000s\000-\000R\000e\000f\000e\000r\000e\000n\000c\000e\000\040\000B\000o\000x}{chapter.16}% 320
\BOOKMARK [2][-]{subsection.16.10.1}{\376\377\000O\000P\000R\000-\0000\0004\000\040\000S\000t\000o\000p\000l\000i\000g\000h\000t\000\040\000V\000e\000r\000d\000i\000c\000t}{section.16.10}% 321
\BOOKMARK [0][-]{chapter.17}{\376\377\000O\000P\000R\000-\0001\0009\000:\000\040\000T\000h\000e\000\040\0005\000D\000\040\000G\000a\000u\000g\000e\000\040\000C\000o\000u\000p\000l\000i\000n\000g\000\040\000f\000r\000o\000m\000\040\000F\000i\000r\000s\000t\000\040\000P\000r\000i\000n\000c\000i\000p\000l\000e\000s}{}% 322
\BOOKMARK [1][-]{section.17.1}{\376\377\000A\000c\000t\000i\000o\000n\000\040\000a\000n\000d\000\040\000C\000o\000n\000v\000e\000n\000t\000i\000o\000n\000s}{chapter.17}% 323
\BOOKMARK [2][-]{subsection.17.1.1}{\376\377\000T\000h\000e\000\040\0005\000D\000\040\000G\000a\000u\000g\000e\000\040\000A\000c\000t\000i\000o\000n}{section.17.1}% 324
\BOOKMARK [2][-]{subsection.17.1.2}{\376\377\000W\000a\000r\000p\000e\000d\000\040\000M\000e\000t\000r\000i\000c\000\040\000A\000n\000s\000a\000t\000z}{section.17.1}% 325
\BOOKMARK [2][-]{subsection.17.1.3}{\376\377\000U\000n\000i\000t\000s\000\040\000a\000n\000d\000\040\000C\000o\000n\000v\000e\000r\000s\000i\000o\000n}{section.17.1}% 326
\BOOKMARK [1][-]{section.17.2}{\376\377\000M\000o\000d\000e\000\040\000D\000e\000c\000o\000m\000p\000o\000s\000i\000t\000i\000o\000n\000\040\000a\000n\000d\000\040\000G\000a\000u\000g\000e\000\040\000C\000h\000o\000i\000c\000e}{chapter.17}% 327
\BOOKMARK [2][-]{subsection.17.2.1}{\376\377\000K\000a\000l\000u\000z\000a\000-\000K\000l\000e\000i\000n\000\040\000A\000n\000s\000a\000t\000z}{section.17.2}% 328
\BOOKMARK [2][-]{subsection.17.2.2}{\376\377\000F\000i\000e\000l\000d\000\040\000S\000t\000r\000e\000n\000g\000t\000h\000\040\000C\000o\000m\000p\000o\000n\000e\000n\000t\000s}{section.17.2}% 329
\BOOKMARK [1][-]{section.17.3}{\376\377\000D\000i\000m\000e\000n\000s\000i\000o\000n\000a\000l\000\040\000R\000e\000d\000u\000c\000t\000i\000o\000n\000\040\000o\000f\000\040\000t\000h\000e\000\040\000K\000i\000n\000e\000t\000i\000c\000\040\000T\000e\000r\000m}{chapter.17}% 330
\BOOKMARK [2][-]{subsection.17.3.1}{\376\377\000E\000x\000p\000a\000n\000s\000i\000o\000n\000\040\000o\000f\000\040\000F\000M\000N\000\040\000F\000M\000N}{section.17.3}% 331
\BOOKMARK [2][-]{subsection.17.3.2}{\376\377\000T\000h\000e\000\040\000F\000\040\000F\000\040\000T\000e\000r\000m}{section.17.3}% 332
\BOOKMARK [2][-]{subsection.17.3.3}{\376\377\000T\000h\000e\000\040\000F\0005\000\040\000F\0005\000\040\000T\000e\000r\000m}{section.17.3}% 333
\BOOKMARK [1][-]{section.17.4}{\376\377\000C\000a\000n\000o\000n\000i\000c\000a\000l\000\040\000N\000o\000r\000m\000a\000l\000i\000z\000a\000t\000i\000o\000n\000\040\000a\000n\000d\000\040\000D\000e\000f\000i\000n\000i\000t\000i\000o\000n\000\040\000o\000f\000\040\000g\0004}{chapter.17}% 334
\BOOKMARK [2][-]{subsection.17.4.1}{\376\377\000T\000h\000e\000\040\0004\000D\000\040\000E\000f\000f\000e\000c\000t\000i\000v\000e\000\040\000A\000c\000t\000i\000o\000n}{section.17.4}% 335
\BOOKMARK [2][-]{subsection.17.4.2}{\376\377\000D\000e\000f\000i\000n\000i\000t\000i\000o\000n\000\040\000o\000f\000\040\000t\000h\000e\000\040\000E\000f\000f\000e\000c\000t\000i\000v\000e\000\040\0004\000D\000\040\000C\000o\000u\000p\000l\000i\000n\000g}{section.17.4}% 336
\BOOKMARK [2][-]{subsection.17.4.3}{\376\377\000S\000p\000e\000c\000i\000a\000l\000\040\000C\000a\000s\000e\000s}{section.17.4}% 337
\BOOKMARK [1][-]{section.17.5}{\376\377\000D\000i\000m\000e\000n\000s\000i\000o\000n\000a\000l\000\040\000A\000n\000a\000l\000y\000s\000i\000s}{chapter.17}% 338
\BOOKMARK [1][-]{section.17.6}{\376\377\000E\000p\000i\000s\000t\000e\000m\000i\000c\000\040\000a\000n\000d\000\040\000N\000o\000-\000S\000m\000u\000g\000g\000l\000i\000n\000g\000\040\000C\000h\000e\000c\000k\000l\000i\000s\000t}{chapter.17}% 339
\BOOKMARK [1][-]{section.17.7}{\376\377\000S\000u\000m\000m\000a\000r\000y\000\040\000a\000n\000d\000\040\000C\000l\000o\000s\000u\000r\000e\000\040\000S\000t\000a\000t\000u\000s}{chapter.17}% 340
\BOOKMARK [2][-]{subsection.17.7.1}{\376\377\000O\000P\000R\000-\0001\0009\000\040\000S\000t\000o\000p\000l\000i\000g\000h\000t\000\040\000V\000e\000r\000d\000i\000c\000t}{section.17.7}% 341
\BOOKMARK [0][-]{chapter.18}{\376\377\000M\000e\000d\000i\000a\000t\000o\000r\000\040\000M\000a\000s\000s\000\040\000f\000r\000o\000m\000\040\000t\000h\000e\000\040\003\276\000-\000E\000i\000g\000e\000n\000v\000a\000l\000u\000e\000\040\000P\000r\000o\000b\000l\000e\000m\000\040\000\050\000O\000P\000R\000-\0002\0000\000\051}{}% 342
\BOOKMARK [1][-]{section.18.1}{\376\377\000T\000h\000e\000\040\000P\000r\000o\000b\000l\000e\000m\000:\000\040\000W\000h\000a\000t\000\040\000S\000e\000t\000s\000\040\000t\000h\000e\000\040\000M\000e\000d\000i\000a\000t\000o\000r\000\040\000M\000a\000s\000s\000?}{chapter.18}% 343
\BOOKMARK [1][-]{section.18.2}{\376\377\000F\000r\000o\000m\000\040\0005\000D\000\040\000G\000a\000u\000g\000e\000\040\000A\000c\000t\000i\000o\000n\000\040\000t\000o\000\040\0001\000D\000\040\000E\000i\000g\000e\000n\000v\000a\000l\000u\000e\000\040\000P\000r\000o\000b\000l\000e\000m}{chapter.18}% 344
\BOOKMARK [2][-]{subsection.18.2.1}{\376\377\000S\000t\000a\000r\000t\000i\000n\000g\000\040\000P\000o\000i\000n\000t\000:\000\040\000T\000h\000e\000\040\0005\000D\000\040\000G\000a\000u\000g\000e\000\040\000A\000c\000t\000i\000o\000n}{section.18.2}% 345
\BOOKMARK [2][-]{subsection.18.2.2}{\376\377\000M\000o\000d\000e\000\040\000E\000x\000p\000a\000n\000s\000i\000o\000n}{section.18.2}% 346
\BOOKMARK [2][-]{subsection.18.2.3}{\376\377\000T\000h\000e\000\040\000M\000a\000s\000s\000\040\000T\000e\000r\000m\000\040\000S\000t\000r\000u\000c\000t\000u\000r\000e}{section.18.2}% 347
\BOOKMARK [2][-]{subsection.18.2.4}{\376\377\000T\000h\000e\000\040\000S\000t\000u\000r\000m\040\023\000L\000i\000o\000u\000v\000i\000l\000l\000e\000\040\000O\000p\000e\000r\000a\000t\000o\000r}{section.18.2}% 348
\BOOKMARK [1][-]{section.18.3}{\376\377\000B\000o\000u\000n\000d\000a\000r\000y\000\040\000C\000o\000n\000d\000i\000t\000i\000o\000n\000s}{chapter.18}% 349
\BOOKMARK [2][-]{subsection.18.3.1}{\376\377\000R\000o\000b\000i\000n\000\040\000B\000C\000\040\000f\000r\000o\000m\000\040\000V\000a\000r\000i\000a\000t\000i\000o\000n\000a\000l\000\040\000P\000r\000i\000n\000c\000i\000p\000l\000e}{section.18.3}% 350
\BOOKMARK [2][-]{subsection.18.3.2}{\376\377\000P\000h\000y\000s\000i\000c\000a\000l\000\040\000I\000n\000t\000e\000r\000p\000r\000e\000t\000a\000t\000i\000o\000n}{section.18.3}% 351
\BOOKMARK [1][-]{section.18.4}{\376\377\000D\000i\000m\000e\000n\000s\000i\000o\000n\000l\000e\000s\000s\000\040\000F\000o\000r\000m\000u\000l\000a\000t\000i\000o\000n}{chapter.18}% 352
\BOOKMARK [2][-]{subsection.18.4.1}{\376\377\000R\000e\000s\000c\000a\000l\000i\000n\000g}{section.18.4}% 353
\BOOKMARK [2][-]{subsection.18.4.2}{\376\377\000D\000i\000m\000e\000n\000s\000i\000o\000n\000l\000e\000s\000s\000\040\000E\000i\000g\000e\000n\000v\000a\000l\000u\000e\000\040\000E\000q\000u\000a\000t\000i\000o\000n}{section.18.4}% 354
\BOOKMARK [2][-]{subsection.18.4.3}{\376\377\000P\000h\000y\000s\000i\000c\000a\000l\000\040\000M\000a\000s\000s\000\040\000R\000e\000c\000o\000v\000e\000r\000y}{section.18.4}% 355
\BOOKMARK [1][-]{section.18.5}{\376\377\000Z\000e\000r\000o\000\040\000M\000o\000d\000e\000\040\000a\000n\000d\000\040\000M\000e\000d\000i\000a\000t\000o\000r\000\040\000D\000e\000f\000i\000n\000i\000t\000i\000o\000n}{chapter.18}% 356
\BOOKMARK [2][-]{subsection.18.5.1}{\376\377\000Z\000e\000r\000o\000\040\000M\000o\000d\000e\000\040\000\050\000n\000\040\000=\000\040\0000\000\051}{section.18.5}% 357
\BOOKMARK [2][-]{subsection.18.5.2}{\376\377\000M\000e\000d\000i\000a\000t\000o\000r\000\040\000D\000e\000f\000i\000n\000i\000t\000i\000o\000n}{section.18.5}% 358
\BOOKMARK [2][-]{subsection.18.5.3}{\376\377\000E\000i\000g\000e\000n\000v\000a\000l\000u\000e\000\040\000T\000a\000b\000l\000e\000\040\000\050\000F\000l\000a\000t\000\040\000P\000o\000t\000e\000n\000t\000i\000a\000l\000\051}{section.18.5}% 359
\BOOKMARK [1][-]{section.18.6}{\376\377\000C\000o\000n\000n\000e\000c\000t\000i\000o\000n\000\040\000t\000o\000\040\000O\000P\000R\000-\0001\0009\000:\000\040\000E\000f\000f\000e\000c\000t\000i\000v\000e\000\040\000C\000o\000n\000t\000a\000c\000t\000\040\000S\000t\000r\000e\000n\000g\000t\000h}{chapter.18}% 360
\BOOKMARK [2][-]{subsection.18.6.1}{\376\377\000E\000f\000f\000e\000c\000t\000i\000v\000e\000\040\0004\000D\000\040\000C\000o\000u\000p\000l\000i\000n\000g\000\040\000\050\000f\000r\000o\000m\000\040\000O\000P\000R\000-\0001\0009\000\051}{section.18.6}% 361
\BOOKMARK [2][-]{subsection.18.6.2}{\376\377\000E\000f\000f\000e\000c\000t\000i\000v\000e\000\040\000C\000o\000n\000t\000a\000c\000t\000\040\000S\000t\000r\000e\000n\000g\000t\000h}{section.18.6}% 362
\BOOKMARK [1][-]{section.18.7}{\376\377\000P\000a\000r\000a\000m\000e\000t\000e\000r\000\040\000L\000e\000d\000g\000e\000r}{chapter.18}% 363
\BOOKMARK [1][-]{section.18.8}{\376\377\000N\000o\000-\000S\000m\000u\000g\000g\000l\000i\000n\000g\000\040\000C\000h\000e\000c\000k\000l\000i\000s\000t}{chapter.18}% 364
\BOOKMARK [1][-]{section.18.9}{\376\377\000S\000u\000m\000m\000a\000r\000y\000\040\000a\000n\000d\000\040\000C\000l\000o\000s\000u\000r\000e\000\040\000S\000t\000a\000t\000u\000s}{chapter.18}% 365
\BOOKMARK [2][-]{subsection.18.9.1}{\376\377\000M\000a\000i\000n\000\040\000R\000e\000s\000u\000l\000t\000s}{section.18.9}% 366
\BOOKMARK [2][-]{subsection.18.9.2}{\376\377\000C\000l\000o\000s\000u\000r\000e\000\040\000S\000t\000a\000t\000u\000s}{section.18.9}% 367
\BOOKMARK [2][-]{subsection.18.9.3}{\376\377\000O\000p\000e\000n\000\040\000P\000r\000o\000b\000l\000e\000m\000s}{section.18.9}% 368
\BOOKMARK [2][-]{subsection.18.9.4}{\376\377\000C\000r\000o\000s\000s\000-\000R\000e\000f\000e\000r\000e\000n\000c\000e\000s}{section.18.9}% 369
\BOOKMARK [2][-]{subsection.18.9.5}{\376\377\000O\000P\000R\000-\0002\0000\000\040\000S\000t\000o\000p\000l\000i\000g\000h\000t\000\040\000V\000e\000r\000d\000i\000c\000t}{section.18.9}% 370
\BOOKMARK [0][-]{chapter.19}{\376\377\000O\000P\000R\000-\0002\0002\000:\000\040\000E\000f\000f\000e\000c\000t\000i\000v\000e\000\040\000F\000e\000r\000m\000i\000\040\000C\000o\000u\000p\000l\000i\000n\000g\000\040\000f\000r\000o\000m\000\040\0005\000D\000\040\000M\000e\000d\000i\000a\000t\000o\000r\000\040\000E\000x\000c\000h\000a\000n\000g\000e}{}% 371
\BOOKMARK [1][-]{section.19.1}{\376\377\000P\000h\000y\000s\000i\000c\000a\000l\000\040\000M\000o\000t\000i\000v\000a\000t\000i\000o\000n}{chapter.19}% 372
\BOOKMARK [1][-]{section.19.2}{\376\377\0005\000D\000\040\000G\000a\000u\000g\000e\000-\000F\000e\000r\000m\000i\000o\000n\000\040\000A\000c\000t\000i\000o\000n}{chapter.19}% 373
\BOOKMARK [2][-]{subsection.19.2.1}{\376\377\000T\000h\000e\000\040\000S\000t\000a\000r\000t\000i\000n\000g\000\040\000P\000o\000i\000n\000t}{section.19.2}% 374
\BOOKMARK [2][-]{subsection.19.2.2}{\376\377\000W\000o\000r\000k\000i\000n\000g\000\040\000D\000e\000f\000a\000u\000l\000t\000:\000\040\000B\000r\000a\000n\000e\000-\000L\000o\000c\000a\000l\000i\000z\000e\000d\000\040\000C\000u\000r\000r\000e\000n\000t}{section.19.2}% 375
\BOOKMARK [1][-]{section.19.3}{\376\377\000K\000a\000l\000u\000z\000a\040\023\000K\000l\000e\000i\000n\000\040\000M\000o\000d\000e\000\040\000E\000x\000p\000a\000n\000s\000i\000o\000n}{chapter.19}% 376
\BOOKMARK [2][-]{subsection.19.3.1}{\376\377\000M\000o\000d\000e\000\040\000D\000e\000c\000o\000m\000p\000o\000s\000i\000t\000i\000o\000n}{section.19.3}% 377
\BOOKMARK [2][-]{subsection.19.3.2}{\376\377\000N\000o\000r\000m\000a\000l\000i\000z\000a\000t\000i\000o\000n\000\040\000C\000o\000n\000v\000e\000n\000t\000i\000o\000n}{section.19.3}% 378
\BOOKMARK [1][-]{section.19.4}{\376\377\000E\000f\000f\000e\000c\000t\000i\000v\000e\000\040\0004\000D\000\040\000C\000o\000u\000p\000l\000i\000n\000g\000\040\000t\000o\000\040\000B\000r\000a\000n\000e\000\040\000C\000u\000r\000r\000e\000n\000t}{chapter.19}% 379
\BOOKMARK [2][-]{subsection.19.4.1}{\376\377\000S\000u\000b\000s\000t\000i\000t\000u\000t\000i\000n\000g\000\040\000t\000h\000e\000\040\000K\000K\000\040\000E\000x\000p\000a\000n\000s\000i\000o\000n}{section.19.4}% 380
\BOOKMARK [2][-]{subsection.19.4.2}{\376\377\000C\000a\000n\000o\000n\000i\000c\000a\000l\000\040\000F\000i\000e\000l\000d\000\040\000N\000o\000r\000m\000a\000l\000i\000z\000a\000t\000i\000o\000n}{section.19.4}% 381
\BOOKMARK [2][-]{subsection.19.4.3}{\376\377\000N\000o\000r\000m\000a\000l\000i\000z\000a\000t\000i\000o\000n\000\040\000I\000n\000v\000a\000r\000i\000a\000n\000c\000e}{section.19.4}% 382
\BOOKMARK [1][-]{section.19.5}{\376\377\000I\000n\000t\000e\000g\000r\000a\000t\000i\000n\000g\000\040\000O\000u\000t\000\040\000t\000h\000e\000\040\000M\000e\000d\000i\000a\000t\000o\000r}{chapter.19}% 383
\BOOKMARK [2][-]{subsection.19.5.1}{\376\377\000L\000o\000w\000-\000E\000n\000e\000r\000g\000y\000\040\000E\000f\000f\000e\000c\000t\000i\000v\000e\000\040\000T\000h\000e\000o\000r\000y}{section.19.5}% 384
\BOOKMARK [2][-]{subsection.19.5.2}{\376\377\000F\000o\000u\000r\000-\000F\000e\000r\000m\000i\000o\000n\000\040\000O\000p\000e\000r\000a\000t\000o\000r}{section.19.5}% 385
\BOOKMARK [2][-]{subsection.19.5.3}{\376\377\000C\000a\000r\000e\000f\000u\000l\000\040\000D\000i\000m\000e\000n\000s\000i\000o\000n\000a\000l\000\040\000A\000n\000a\000l\000y\000s\000i\000s}{section.19.5}% 386
\BOOKMARK [1][-]{section.19.6}{\376\377\000F\000i\000n\000a\000l\000\040\000F\000o\000r\000m\000u\000l\000a\000s\000\040\000f\000o\000r\000\040\000G\000e\000f\000f}{chapter.19}% 387
\BOOKMARK [1][-]{section.19.7}{\376\377\000F\000a\000c\000t\000o\000r\000\040\000A\000u\000d\000i\000t\000\040\000T\000a\000b\000l\000e}{chapter.19}% 388
\BOOKMARK [1][-]{section.19.8}{\376\377\000T\000o\000y\000\040\000L\000i\000m\000i\000t\000:\000\040\000F\000l\000a\000t\000\040\000P\000o\000t\000e\000n\000t\000i\000a\000l\000\040\000w\000i\000t\000h\000\040\000N\000e\000u\000m\000a\000n\000n\000\040\000B\000C}{chapter.19}% 389
\BOOKMARK [1][-]{section.19.9}{\376\377\000P\000h\000y\000s\000i\000c\000a\000l\000\040\000R\000u\000n\000\040\000P\000a\000t\000h\000:\000\040\000F\000r\000o\000m\000\040\000O\000P\000R\000-\0000\0001\000\040\000t\000o\000\040\000G\000e\000f\000f}{chapter.19}% 390
\BOOKMARK [2][-]{subsection.19.9.1}{\376\377\000P\000h\000y\000s\000i\000c\000a\000l\000\040\000P\000o\000t\000e\000n\000t\000i\000a\000l\000:\000\040\000D\000o\000m\000a\000i\000n\000\040\000W\000a\000l\000l\000\040\000f\000r\000o\000m\000\040\0005\000D\000\040\000D\000i\000r\000a\000c}{section.19.9}% 391
\BOOKMARK [2][-]{subsection.19.9.2}{\376\377\000M\0000\000\040\000f\000r\000o\000m\000\040\000M\000e\000m\000b\000r\000a\000n\000e\000\040\000T\000e\000n\000s\000i\000o\000n\000\040\000\050\000O\000P\000R\000-\0000\0001\000\051}{section.19.9}% 392
\BOOKMARK [2][-]{subsection.19.9.3}{\376\377\000P\000h\000y\000s\000i\000c\000a\000l\000\040\000B\000V\000P\000\040\000R\000e\000s\000u\000l\000t\000s\000\040\000\050\000O\000P\000E\000N\000-\0002\0002\000-\0004\000\040\000/\000\040\000O\000P\000E\000N\000-\0002\0002\000-\0004\000b\000\051}{section.19.9}% 393
\BOOKMARK [2][-]{subsection.19.9.4}{\376\377\000P\000h\000y\000s\000i\000c\000a\000l\000\040\000G\000e\000f\000f\000\040\000F\000o\000r\000m\000u\000l\000a}{section.19.9}% 394
\BOOKMARK [1][-]{section.19.10}{\376\377\000E\000x\000t\000e\000r\000n\000a\000l\000\040\000C\000o\000m\000p\000a\000r\000i\000s\000o\000n\000\040\000\050\000N\000o\000t\000\040\000a\000n\000\040\000I\000n\000p\000u\000t\000\051}{chapter.19}% 395
\BOOKMARK [1][-]{section.19.11}{\376\377\000S\000u\000m\000m\000a\000r\000y\000\040\000a\000n\000d\000\040\000E\000p\000i\000s\000t\000e\000m\000i\000c\000\040\000S\000t\000a\000t\000u\000s}{chapter.19}% 396
\BOOKMARK [2][-]{subsection.19.11.1}{\376\377\000M\000a\000i\000n\000\040\000R\000e\000s\000u\000l\000t\000s}{section.19.11}% 397
\BOOKMARK [2][-]{subsection.19.11.2}{\376\377\000E\000p\000i\000s\000t\000e\000m\000i\000c\000\040\000S\000t\000a\000t\000u\000s}{section.19.11}% 398
\BOOKMARK [2][-]{subsection.19.11.3}{\376\377\000O\000p\000e\000n\000\040\000P\000r\000o\000b\000l\000e\000m\000s}{section.19.11}% 399
\BOOKMARK [2][-]{subsection.19.11.4}{\376\377\000C\000r\000o\000s\000s\000-\000R\000e\000f\000e\000r\000e\000n\000c\000e\000s}{section.19.11}% 400
\BOOKMARK [2][-]{subsection.19.11.5}{\376\377\000O\000P\000R\000-\0002\0002\000\040\000S\000t\000o\000p\000l\000i\000g\000h\000t\000\040\000V\000e\000r\000d\000i\000c\000t}{section.19.11}% 401
\BOOKMARK [0][-]{chapter*.17}{\376\377\000E\000D\000C\000\040\000v\000s\000\040\000S\000t\000a\000n\000d\000a\000r\000d\000\040\000M\000o\000d\000e\000l\000\040\000C\000o\000m\000p\000a\000r\000i\000s\000o\000n}{}% 402
\BOOKMARK [0][-]{chapter.20}{\376\377\000E\000p\000i\000s\000t\000e\000m\000i\000c\000\040\000S\000u\000m\000m\000a\000r\000y\000\040\000\046\000\040\000C\000l\000o\000s\000u\000r\000e\000\040\000S\000t\000a\000t\000u\000s}{}% 403
\BOOKMARK [1][-]{section.20.1}{\376\377\000R\000e\000a\000d\000e\000r\000'\000s\000\040\000M\000a\000p}{chapter.20}% 404
\BOOKMARK [1][-]{section.20.2}{\376\377\000P\000a\000r\000a\000m\000e\000t\000e\000r\000\040\000L\000e\000d\000g\000e\000r}{chapter.20}% 405
\BOOKMARK [2][-]{subsection.20.2.1}{\376\377\0005\000D\000\040\000O\000r\000i\000g\000i\000n\000\040\000A\000u\000d\000i\000t\000\040\000T\000a\000b\000l\000e\000\040\000\050\000R\000e\000a\000d\000e\000r\000\040\000C\000h\000e\000c\000k\000p\000o\000i\000n\000t\000\051}{section.20.2}% 406
\BOOKMARK [2][-]{subsection.20.2.2}{\376\377\000P\000a\000r\000t\000\040\000I\000\040\000\040\000P\000a\000r\000t\000\040\000I\000I\000\040\000C\000r\000o\000s\000s\000-\000R\000e\000f\000e\000r\000e\000n\000c\000e}{section.20.2}% 407
\BOOKMARK [1][-]{section.20.3}{\376\377\000D\000e\000p\000e\000n\000d\000e\000n\000c\000y\000\040\000G\000r\000a\000p\000h}{chapter.20}% 408
\BOOKMARK [1][-]{section.20.4}{\376\377\000C\000a\000n\000o\000n\000i\000c\000a\000l\000\040\000R\000e\000s\000u\000l\000t\000s\000\040\000S\000u\000m\000m\000a\000r\000y}{chapter.20}% 409
\BOOKMARK [1][-]{section.20.5}{\376\377\000O\000p\000e\000n\000\040\000P\000r\000o\000b\000l\000e\000m\000s\000\040\000R\000e\000g\000i\000s\000t\000e\000r\000\040\000\050\000S\000n\000a\000p\000s\000h\000o\000t\000\051}{chapter.20}% 410
\BOOKMARK [1][-]{section.20.6}{\376\377\000W\000h\000a\000t\000\040\000T\000h\000i\000s\000\040\000B\000o\000o\000k\000\040\000C\000l\000a\000i\000m\000s\000\040\000\050\000a\000n\000d\000\040\000W\000h\000a\000t\000\040\000I\000t\000\040\000D\000o\000e\000s\000\040\000N\000o\000t\000\051}{chapter.20}% 411
\BOOKMARK [1][-]{section.20.7}{\376\377\000R\000e\000p\000r\000o\000d\000u\000c\000i\000b\000i\000l\000i\000t\000y\000\040\000\046\000\040\000A\000u\000d\000i\000t\000\040\000P\000o\000i\000n\000t\000e\000r\000s}{chapter.20}% 412
\BOOKMARK [0][-]{chapter.21}{\376\377\000T\000e\000a\000s\000e\000r\000:\000\040\000T\000o\000p\000o\000l\000o\000g\000i\000c\000a\000l\000\040\000M\000o\000d\000e\000l\000\040\000f\000o\000r\000\040\000N\000u\000c\000l\000e\000a\000r\000\040\000S\000t\000r\000u\000c\000t\000u\000r\000e}{}% 413
\BOOKMARK [1][-]{section.21.1}{\376\377\000N\000e\000u\000t\000r\000o\000n\000\040\000L\000i\000f\000e\000t\000i\000m\000e\000\040\000f\000r\000o\000m\000\040\0005\000D\000\040\000T\000o\000p\000o\000l\000o\000g\000y}{chapter.21}% 414
\BOOKMARK [2][-]{subsection.21.1.1}{\376\377\000I\000n\000t\000r\000o\000d\000u\000c\000t\000i\000o\000n\000:\000\040\000T\000h\000e\000\040\000P\000r\000o\000b\000l\000e\000m}{section.21.1}% 415
\BOOKMARK [2][-]{subsection.21.1.2}{\376\377\000T\000h\000e\000\040\000P\000h\000y\000s\000i\000c\000a\000l\000\040\000P\000i\000c\000t\000u\000r\000e}{section.21.1}% 416
\BOOKMARK [2][-]{subsection.21.1.3}{\376\377\000T\000h\000e\000\040\000I\000n\000s\000t\000a\000n\000t\000o\000n\000\040\000F\000o\000r\000m\000u\000l\000a}{section.21.1}% 417
\BOOKMARK [2][-]{subsection.21.1.4}{\376\377\000D\000e\000r\000i\000v\000a\000t\000i\000o\000n\000\040\000o\000f\000\040\000=\000\040\0002}{section.21.1}% 418
\BOOKMARK [2][-]{subsection.21.1.5}{\376\377\000T\000h\000e\000\040\000G\000e\000o\000m\000e\000t\000r\000i\000c\000\040\000R\000a\000t\000i\000o\000\040\000L\0000\000/}{section.21.1}% 419
\BOOKMARK [2][-]{subsection.21.1.6}{\376\377\000T\000h\000e\000\040\000A\000t\000t\000e\000m\000p\000t\000\040\000F\000r\000e\000q\000u\000e\000n\000c\000y\000\040\0000}{section.21.1}% 420
\BOOKMARK [2][-]{subsection.21.1.7}{\376\377\000N\000u\000m\000e\000r\000i\000c\000a\000l\000\040\000E\000v\000a\000l\000u\000a\000t\000i\000o\000n}{section.21.1}% 421
\BOOKMARK [2][-]{subsection.21.1.8}{\376\377\000C\000o\000n\000n\000e\000c\000t\000i\000o\000n\000\040\000t\000o\000\040\000C\000h\000a\000p\000t\000e\000r\000\040\0005\000:\000\040\000T\000h\000e\000\040\000P\000r\000o\000j\000e\000c\000t\000i\000o\000n\000\040\000P\000r\000i\000n\000c\000i\000p\000l\000e}{section.21.1}% 422
\BOOKMARK [2][-]{subsection.21.1.9}{\376\377\000O\000p\000e\000n\000\040\000P\000r\000o\000b\000l\000e\000m\000s}{section.21.1}% 423
\BOOKMARK [2][-]{subsection.21.1.10}{\376\377\000C\000o\000m\000p\000a\000r\000i\000s\000o\000n\000\040\000w\000i\000t\000h\000\040\000S\000t\000a\000n\000d\000a\000r\000d\000\040\000M\000o\000d\000e\000l}{section.21.1}% 424
\BOOKMARK [2][-]{subsection.21.1.11}{\376\377\000S\000u\000m\000m\000a\000r\000y\000\040\000a\000n\000d\000\040\000V\000e\000r\000d\000i\000c\000t}{section.21.1}% 425
\BOOKMARK [2][-]{subsection.21.1.12}{\376\377\000T\000h\000e\000\040\000P\000h\000y\000s\000i\000c\000a\000l\000\040\000S\000t\000o\000r\000y}{section.21.1}% 426
\BOOKMARK [1][-]{section.21.2}{\376\377\000T\000o\000p\000o\000l\000o\000g\000i\000c\000a\000l\000\040\000M\000o\000d\000e\000l\000\040\000f\000o\000r\000\040\000N\000u\000c\000l\000e\000a\000r\000\040\000S\000t\000r\000u\000c\000t\000u\000r\000e}{chapter.21}% 427
\BOOKMARK [2][-]{subsection.21.2.1}{\376\377\000M\000o\000t\000i\000v\000a\000t\000i\000o\000n\000\040\000a\000n\000d\000\040\000O\000v\000e\000r\000v\000i\000e\000w}{section.21.2}% 428
\BOOKMARK [2][-]{subsection.21.2.2}{\376\377\000T\000h\000e\000\040\000C\000o\000o\000r\000d\000i\000n\000a\000t\000i\000o\000n\000\040\000S\000t\000r\000u\000c\000t\000u\000r\000e}{section.21.2}% 429
\BOOKMARK [2][-]{subsection.21.2.3}{\376\377\000T\000h\000e\000\040\000P\000i\000n\000n\000i\000n\000g\000\040\000H\000a\000m\000i\000l\000t\000o\000n\000i\000a\000n}{section.21.2}% 430
\BOOKMARK [2][-]{subsection.21.2.4}{\376\377\000D\000e\000r\000i\000v\000a\000t\000i\000o\000n\000\040\000o\000f\000\040\000P\000i\000n\000n\000i\000n\000g\000\040\000C\000o\000n\000s\000t\000a\000n\000t\000\040\000K\000\040\000f\000r\000o\000m\000\040\000\040\000[\000D\000c\000/\000I\000]}{section.21.2}% 431
\BOOKMARK [2][-]{subsection.21.2.5}{\376\377\000A\000p\000p\000l\000i\000c\000a\000t\000i\000o\000n\000\040\0001\000:\000\040\000N\000e\000u\000t\000r\000o\000n\000\040\000L\000i\000f\000e\000t\000i\000m\000e}{section.21.2}% 432
\BOOKMARK [2][-]{subsection.21.2.6}{\376\377\000A\000p\000p\000l\000i\000c\000a\000t\000i\000o\000n\000\040\0002\000:\000\040\000D\000e\000u\000t\000e\000r\000i\000u\000m\000\040\000B\000i\000n\000d\000i\000n\000g\000\040\000E\000n\000e\000r\000g\000y}{section.21.2}% 433
\BOOKMARK [2][-]{subsection.21.2.7}{\376\377\000A\000p\000p\000l\000i\000c\000a\000t\000i\000o\000n\000\040\0003\000:\000\040\000H\000e\000-\0004\000\040\000B\000i\000n\000d\000i\000n\000g\000\040\000E\000n\000e\000r\000g\000y}{section.21.2}% 434
\BOOKMARK [2][-]{subsection.21.2.8}{\376\377\000A\000p\000p\000l\000i\000c\000a\000t\000i\000o\000n\000\040\0004\000:\000\040\000L\000i\000-\0006\000\040\000\050\000C\000l\000u\000s\000t\000e\000r\000\040\000S\000t\000r\000u\000c\000t\000u\000r\000e\000\051}{section.21.2}% 435
\BOOKMARK [2][-]{subsection.21.2.9}{\376\377\000A\000p\000p\000l\000i\000c\000a\000t\000i\000o\000n\000\040\0005\000:\000\040\000B\000e\000-\0008\000\040\000I\000n\000s\000t\000a\000b\000i\000l\000i\000t\000y\000\040\000\050\000C\000r\000i\000t\000i\000c\000a\000l\000\040\000T\000e\000s\000t\000\051}{section.21.2}% 436
\BOOKMARK [2][-]{subsection.21.2.10}{\376\377\000S\000u\000m\000m\000a\000r\000y\000\040\000o\000f\000\040\000R\000e\000s\000u\000l\000t\000s}{section.21.2}% 437
\BOOKMARK [2][-]{subsection.21.2.11}{\376\377\000T\000o\000p\000o\000l\000o\000g\000i\000c\000a\000l\000\040\000F\000r\000u\000s\000t\000r\000a\000t\000i\000o\000n\000\040\000a\000n\000d\000\040\000N\000u\000c\000l\000e\000a\000r\000\040\000H\000a\000l\000f\000-\000L\000i\000v\000e\000s\000\040\000[\000I\000]}{section.21.2}% 438
\BOOKMARK [2][-]{subsection.21.2.12}{\376\377\000P\000h\000y\000s\000i\000c\000a\000l\000\040\000P\000i\000c\000t\000u\000r\000e}{section.21.2}% 439
\BOOKMARK [2][-]{subsection.21.2.13}{\376\377\000T\000h\000e\000\040\000T\000e\000t\000r\000a\000h\000e\000d\000r\000o\000n\000\040\000a\000s\000\040\000F\000u\000n\000d\000a\000m\000e\000n\000t\000a\000l\000\040\000U\000n\000i\000t}{section.21.2}% 440
\BOOKMARK [2][-]{subsection.21.2.14}{\376\377\000O\000p\000e\000n\000\040\000Q\000u\000e\000s\000t\000i\000o\000n\000s}{section.21.2}% 441
\BOOKMARK [2][-]{subsection.21.2.15}{\376\377\000E\000p\000i\000s\000t\000e\000m\000o\000l\000o\000g\000i\000c\000a\000l\000\040\000S\000t\000a\000t\000u\000s}{section.21.2}% 442
\BOOKMARK [2][-]{subsection.21.2.16}{\376\377\000F\000i\000n\000a\000l\000\040\000A\000s\000s\000e\000s\000s\000m\000e\000n\000t}{section.21.2}% 443
\BOOKMARK [2][-]{subsection.21.2.17}{\376\377\000M\000e\000t\000h\000o\000d\000o\000l\000o\000g\000i\000c\000a\000l\000\040\000N\000o\000t\000e\000s\000:\000\040\000H\000o\000w\000\040\000W\000e\000\040\000G\000o\000t\000\040\000H\000e\000r\000e}{section.21.2}% 444
\BOOKMARK [0][-]{chapter*.18}{\376\377\000A\000p\000p\000e\000n\000d\000i\000x\000:\000\040\000R\000e\000s\000e\000a\000r\000c\000h\000\040\000T\000a\000r\000g\000e\000t\000s}{}% 445
\BOOKMARK [0][-]{chapter*.19}{\376\377\000A\000p\000p\000e\000n\000d\000i\000x\000:\000\040\000R\000e\000s\000e\000a\000r\000c\000h\000\040\000C\000h\000r\000o\000n\000o\000l\000o\000g\000y}{}% 446
\BOOKMARK [0][-]{chapter*.20}{\376\377\000A\000p\000p\000e\000n\000d\000i\000x\000:\000\040\000N\000o\000t\000a\000t\000i\000o\000n}{}% 447
\BOOKMARK [0][-]{chapter*.21}{\376\377\000A\000p\000p\000e\000n\000d\000i\000x\000:\000\040\000D\000e\000r\000i\000v\000a\000t\000i\000o\000n\000\040\000L\000i\000b\000r\000a\000r\000y}{}% 448
\BOOKMARK [1][-]{Item.730}{\376\377\000C\000o\000r\000e\000\040\000L\000e\000m\000m\000a\000s}{chapter*.21}% 449
\BOOKMARK [1][-]{section.21.3}{\376\377\000S\000e\000t\000u\000p}{chapter*.21}% 450
\BOOKMARK [1][-]{section.21.4}{\376\377\000T\000e\000s\000t\000\040\000F\000u\000n\000c\000t\000i\000o\000n\000\040\000C\000l\000a\000s\000s\000e\000s}{chapter*.21}% 451
\BOOKMARK [2][-]{subsection.21.4.1}{\376\377\000C\000l\000a\000s\000s\000\040\000A\000:\000\040\000Z\000N\000-\000S\000y\000m\000m\000e\000t\000r\000i\000c\000\040\000F\000o\000u\000r\000i\000e\000r\000\040\000M\000o\000d\000e}{section.21.4}% 452
\BOOKMARK [2][-]{subsection.21.4.2}{\376\377\000C\000l\000a\000s\000s\000\040\000B\000:\000\040\000L\000o\000c\000a\000l\000i\000z\000e\000d\000\040\000C\000o\000r\000n\000e\000r\000\040\000B\000u\000m\000p\000s}{section.21.4}% 453
\BOOKMARK [1][-]{section.21.5}{\376\377\000M\000a\000i\000n\000\040\000C\000a\000l\000c\000u\000l\000a\000t\000i\000o\000n\000:\000\040\000C\000l\000a\000s\000s\000\040\000A}{chapter*.21}% 454
\BOOKMARK [2][-]{subsection.21.5.1}{\376\377\000D\000i\000s\000c\000r\000e\000t\000e\000\040\000A\000v\000e\000r\000a\000g\000e}{section.21.5}% 455
\BOOKMARK [2][-]{subsection.21.5.2}{\376\377\000C\000o\000n\000t\000i\000n\000u\000u\000m\000\040\000A\000v\000e\000r\000a\000g\000e}{section.21.5}% 456
\BOOKMARK [2][-]{subsection.21.5.3}{\376\377\000R\000a\000t\000i\000o}{section.21.5}% 457
\BOOKMARK [1][-]{section.21.6}{\376\377\000T\000h\000e\000\040\000N\000a\000t\000u\000r\000a\000l\000\040\000N\000o\000r\000m\000a\000l\000i\000z\000a\000t\000i\000o\000n\000:\000\040\000a\000/\000c\000\040\000=\000\040\0001\000/\000N}{chapter*.21}% 458
\BOOKMARK [2][-]{subsection.21.6.1}{\376\377\000E\000q\000u\000a\000l\000\040\000C\000o\000r\000n\000e\000r\000\040\000S\000h\000a\000r\000e\000\040\000C\000o\000n\000d\000i\000t\000i\000o\000n}{section.21.6}% 459
\BOOKMARK [2][-]{subsection.21.6.2}{\376\377\000F\000u\000n\000c\000t\000i\000o\000n\000\040\000V\000a\000l\000u\000e\000s\000\040\000U\000n\000d\000e\000r\000\040\000T\000h\000i\000s\000\040\000N\000o\000r\000m\000a\000l\000i\000z\000a\000t\000i\000o\000n}{section.21.6}% 460
\BOOKMARK [1][-]{section.21.7}{\376\377\000M\000a\000i\000n\000\040\000R\000e\000s\000u\000l\000t}{chapter*.21}% 461
\BOOKMARK [1][-]{section.21.8}{\376\377\000D\000i\000s\000c\000u\000s\000s\000i\000o\000n}{chapter*.21}% 462
\BOOKMARK [2][-]{subsection.21.8.1}{\376\377\000W\000h\000e\000n\000\040\000D\000o\000e\000s\000\040\000T\000h\000i\000s\000\040\000A\000p\000p\000l\000y\000?}{section.21.8}% 463
\BOOKMARK [2][-]{subsection.21.8.2}{\376\377\000L\000i\000m\000i\000t\000a\000t\000i\000o\000n\000s}{section.21.8}% 464
\BOOKMARK [2][-]{subsection.21.8.3}{\376\377\000A\000p\000p\000l\000i\000c\000a\000t\000i\000o\000n\000\040\000t\000o\000\040\000E\000D\000C}{section.21.8}% 465
\BOOKMARK [2][-]{subsection.21.8.4}{\376\377\000E\000p\000i\000s\000t\000e\000m\000i\000c\000\040\000S\000t\000a\000t\000u\000s}{section.21.8}% 466
\BOOKMARK [1][-]{section.21.9}{\376\377\000S\000u\000m\000m\000a\000r\000y}{chapter*.21}% 467
\BOOKMARK [1][-]{section.21.10}{\376\377\000D\000e\000f\000i\000n\000i\000t\000i\000o\000n\000s}{chapter*.21}% 468
\BOOKMARK [1][-]{section.21.11}{\376\377\000M\000a\000i\000n\000\040\000R\000e\000s\000u\000l\000t\000\040\000\050\000M\000a\000t\000h\000e\000m\000a\000t\000i\000c\000a\000l\000\051\000\040\000[\000D\000e\000r\000]}{chapter*.21}% 469
\BOOKMARK [1][-]{section.21.12}{\376\377\000N\000o\000r\000m\000a\000l\000i\000z\000a\000t\000i\000o\000n\000\040\000H\000y\000p\000o\000t\000h\000e\000s\000i\000s\000\040\000\050\000P\000h\000y\000s\000i\000c\000a\000l\000\051\000\040\000[\000D\000c\000]}{chapter*.21}% 470
\BOOKMARK [1][-]{section.21.13}{\376\377\000C\000o\000m\000b\000i\000n\000e\000d\000\040\000R\000e\000s\000u\000l\000t}{chapter*.21}% 471
\BOOKMARK [1][-]{section.21.14}{\376\377\000S\000p\000e\000c\000i\000a\000l\000i\000z\000a\000t\000i\000o\000n\000s}{chapter*.21}% 472
\BOOKMARK [1][-]{section.21.15}{\376\377\000P\000h\000y\000s\000i\000c\000a\000l\000\040\000I\000n\000t\000e\000r\000p\000r\000e\000t\000a\000t\000i\000o\000n}{chapter*.21}% 473
\BOOKMARK [1][-]{Item.742}{\376\377\000Z\000N\000\040\000/\000\040\000k\000-\000C\000h\000a\000n\000n\000e\000l\000\040\000D\000e\000r\000i\000v\000a\000t\000i\000o\000n\000s}{chapter*.21}% 474
\BOOKMARK [1][-]{section.21.16}{\376\377\000S\000e\000t\000u\000p\000:\000\040\0005\000D\000\040\000M\000e\000t\000r\000i\000c\000\040\000a\000n\000d\000\040\000B\000r\000a\000n\000e\000\040\000H\000y\000p\000e\000r\000s\000u\000r\000f\000a\000c\000e}{chapter*.21}% 475
\BOOKMARK [2][-]{subsection.21.16.1}{\376\377\000C\000o\000o\000r\000d\000i\000n\000a\000t\000e\000s\000\040\000a\000n\000d\000\040\000M\000e\000t\000r\000i\000c}{section.21.16}% 476
\BOOKMARK [2][-]{subsection.21.16.2}{\376\377\000E\000x\000t\000r\000i\000n\000s\000i\000c\000\040\000C\000u\000r\000v\000a\000t\000u\000r\000e}{section.21.16}% 477
\BOOKMARK [1][-]{section.21.17}{\376\377\000I\000s\000r\000a\000e\000l\000\040\000J\000u\000n\000c\000t\000i\000o\000n\000\040\000C\000o\000n\000d\000i\000t\000i\000o\000n\000s}{chapter*.21}% 478
\BOOKMARK [2][-]{subsection.21.17.1}{\376\377\000T\000h\000e\000\040\000J\000u\000n\000c\000t\000i\000o\000n\000\040\000E\000q\000u\000a\000t\000i\000o\000n}{section.21.17}% 479
\BOOKMARK [2][-]{subsection.21.17.2}{\376\377\000L\000o\000c\000a\000l\000i\000z\000e\000d\000\040\000S\000t\000r\000e\000s\000s\000-\000E\000n\000e\000r\000g\000y\000\040\000D\000e\000c\000o\000m\000p\000o\000s\000i\000t\000i\000o\000n}{section.21.17}% 480
\BOOKMARK [1][-]{section.21.18}{\376\377\000Z\000N\000\040\000R\000i\000n\000g\000\040\000G\000e\000o\000m\000e\000t\000r\000y\000\040\000a\000n\000d\000\040\000F\000i\000x\000e\000d\000\040\000P\000o\000i\000n\000t\000s}{chapter*.21}% 481
\BOOKMARK [2][-]{subsection.21.18.1}{\376\377\000A\000n\000g\000u\000l\000a\000r\000\040\000C\000o\000o\000r\000d\000i\000n\000a\000t\000e\000\040\000o\000n\000\040\000t\000h\000e\000\040\000B\000r\000a\000n\000e}{section.21.18}% 482
\BOOKMARK [2][-]{subsection.21.18.2}{\376\377\000L\000o\000c\000a\000l\000i\000z\000e\000d\000\040\000D\000e\000f\000e\000c\000t\000s\000\040\000a\000t\000\040\000F\000i\000x\000e\000d\000\040\000P\000o\000i\000n\000t\000s}{section.21.18}% 483
\BOOKMARK [1][-]{section.21.19}{\376\377\000T\000h\000e\000\040\000I\000d\000e\000n\000t\000i\000c\000a\000l\000\040\000A\000n\000c\000h\000o\000r\000s\000\040\000T\000h\000e\000o\000r\000e\000m}{chapter*.21}% 484
\BOOKMARK [2][-]{subsection.21.19.1}{\376\377\000Z\000N\000\040\000S\000y\000m\000m\000e\000t\000r\000y\000\040\000C\000o\000n\000s\000t\000r\000a\000i\000n\000t\000\040\000o\000n\000\040\000S\000t\000r\000e\000s\000s\000-\000E\000n\000e\000r\000g\000y}{section.21.19}% 485
\BOOKMARK [1][-]{section.21.20}{\376\377\000R\000e\000d\000u\000c\000t\000i\000o\000n\000\040\000t\000o\000\040\0001\000D\000\040\000A\000n\000g\000u\000l\000a\000r\000\040\000F\000u\000n\000c\000t\000i\000o\000n\000a\000l}{chapter*.21}% 486
\BOOKMARK [2][-]{subsection.21.20.1}{\376\377\000I\000s\000r\000a\000e\000l\000\040\000C\000o\000n\000d\000i\000t\000i\000o\000n\000\040\000w\000i\000t\000h\000\040\000L\000o\000c\000a\000l\000i\000z\000e\000d\000\040\000S\000o\000u\000r\000c\000e\000s}{section.21.20}% 487
\BOOKMARK [2][-]{subsection.21.20.2}{\376\377\000E\000n\000e\000r\000g\000y\000\040\000F\000u\000n\000c\000t\000i\000o\000n\000a\000l\000\040\000f\000r\000o\000m\000\040\000G\000H\000Y\000\040\000A\000c\000t\000i\000o\000n}{section.21.20}% 488
\BOOKMARK [1][-]{section.21.21}{\376\377\000S\000c\000a\000l\000i\000n\000g\000\040\000o\000f\000\040}{chapter*.21}% 489
\BOOKMARK [2][-]{subsection.21.21.1}{\376\377\000D\000i\000m\000e\000n\000s\000i\000o\000n\000a\000l\000\040\000A\000n\000a\000l\000y\000s\000i\000s}{section.21.21}% 490
\BOOKMARK [2][-]{subsection.21.21.2}{\376\377\000B\000o\000u\000n\000d\000s\000\040\000o\000n\000\040\000c}{section.21.21}% 491
\BOOKMARK [1][-]{section.21.22}{\376\377\000T\000h\000e\000\040\000A\000n\000c\000h\000o\000r\000\040\000P\000o\000t\000e\000n\000t\000i\000a\000l\000\040\000W\000\050\000u\000\051}{chapter*.21}% 492
\BOOKMARK [2][-]{subsection.21.22.1}{\376\377\000G\000e\000n\000e\000r\000i\000c\000\040\000F\000o\000r\000m}{section.21.22}% 493
\BOOKMARK [2][-]{subsection.21.22.2}{\376\377\000C\000o\000n\000d\000i\000t\000i\000o\000n\000s\000\040\000f\000o\000r\000\040\000B\000r\000e\000a\000k\000i\000n\000g\000\040\000I\000d\000e\000n\000t\000i\000c\000a\000l\000\040\000A\000n\000c\000h\000o\000r\000s}{section.21.22}% 494
\BOOKMARK [1][-]{section.21.23}{\376\377\000A\000n\000c\000h\000o\000r\000\040\000D\000i\000c\000t\000i\000o\000n\000a\000r\000y}{chapter*.21}% 495
\BOOKMARK [1][-]{section.21.24}{\376\377\000E\000p\000i\000s\000t\000e\000m\000i\000c\000\040\000S\000t\000a\000t\000u\000s\000\040\000S\000u\000m\000m\000a\000r\000y}{chapter*.21}% 496
\BOOKMARK [1][-]{section.21.25}{\376\377\000C\000o\000n\000d\000i\000t\000i\000o\000n\000s\000\040\000f\000o\000r\000\040\000V\000a\000l\000i\000d\000i\000t\000y}{chapter*.21}% 497
\BOOKMARK [1][-]{section.21.26}{\376\377\000C\000o\000n\000c\000l\000u\000s\000i\000o\000n}{chapter*.21}% 498
\BOOKMARK [1][-]{section.21.27}{\376\377\000O\000v\000e\000r\000v\000i\000e\000w\000:\000\040\000T\000h\000e\000\040\000M\000a\000p\000p\000i\000n\000g\000\040\000C\000h\000a\000i\000n}{chapter*.21}% 499
\BOOKMARK [2][-]{subsection.21.27.1}{\376\377\000S\000t\000a\000r\000t\000i\000n\000g\000\040\000P\000o\000i\000n\000t\000s}{section.21.27}% 500
\BOOKMARK [2][-]{subsection.21.27.2}{\376\377\000T\000h\000e\000\040\000R\000e\000d\000u\000c\000t\000i\000o\000n\000\040\000C\000h\000a\000i\000n}{section.21.27}% 501
\BOOKMARK [1][-]{section.21.28}{\376\377\000S\000t\000a\000g\000e\000\040\0001\000:\000\040\000G\000e\000o\000m\000e\000t\000r\000y\000\040\000S\000e\000t\000u\000p}{chapter*.21}% 502
\BOOKMARK [2][-]{subsection.21.28.1}{\376\377\000Z\000N\000\040\000R\000i\000n\000g\000\040\000E\000m\000b\000e\000d\000d\000i\000n\000g}{section.21.28}% 503
\BOOKMARK [2][-]{subsection.21.28.2}{\376\377\000Z\000N\000\040\000S\000y\000m\000m\000e\000t\000r\000y\000\040\000C\000o\000n\000s\000t\000r\000a\000i\000n\000t}{section.21.28}% 504
\BOOKMARK [1][-]{section.21.29}{\376\377\000S\000t\000a\000g\000e\000\040\0002\000:\000\040\000B\000r\000a\000n\000e\000\040\000A\000c\000t\000i\000o\000n\000\040\000R\000e\000d\000u\000c\000t\000i\000o\000n}{chapter*.21}% 505
\BOOKMARK [2][-]{subsection.21.29.1}{\376\377\000B\000r\000a\000n\000e\000\040\000T\000e\000n\000s\000i\000o\000n\000\040\000C\000o\000n\000t\000r\000i\000b\000u\000t\000i\000o\000n}{section.21.29}% 506
\BOOKMARK [2][-]{subsection.21.29.2}{\376\377\000G\000r\000a\000d\000i\000e\000n\000t\000\040\000E\000n\000e\000r\000g\000y\000\040\000E\000x\000t\000r\000a\000c\000t\000i\000o\000n}{section.21.29}% 507
\BOOKMARK [1][-]{section.21.30}{\376\377\000S\000t\000a\000g\000e\000\040\0003\000:\000\040\000I\000s\000r\000a\000e\000l\000\040\000J\000u\000n\000c\000t\000i\000o\000n\000\040\000C\000o\000n\000d\000i\000t\000i\000o\000n\000s\000\040\000a\000t\000\040\000Z\000N\000\040\000P\000o\000i\000n\000t\000s}{chapter*.21}% 508
\BOOKMARK [2][-]{subsection.21.30.1}{\376\377\000L\000o\000c\000a\000l\000i\000z\000e\000d\000\040\000S\000o\000u\000r\000c\000e\000s\000\040\000a\000t\000\040\000F\000i\000x\000e\000d\000\040\000P\000o\000i\000n\000t\000s}{section.21.30}% 509
\BOOKMARK [2][-]{subsection.21.30.2}{\376\377\000A\000n\000c\000h\000o\000r\000\040\000E\000n\000e\000r\000g\000y\000\040\000f\000r\000o\000m\000\040\000L\000o\000c\000a\000l\000i\000z\000e\000d\000\040\000E\000x\000t\000r\000i\000n\000s\000i\000c\000\040\000C\000u\000r\000v\000a\000t\000u\000r\000e}{section.21.30}% 510
\BOOKMARK [1][-]{section.21.31}{\376\377\000S\000t\000a\000g\000e\000\040\0004\000:\000\040\000C\000o\000m\000b\000i\000n\000e\000d\000\040\000F\000u\000n\000c\000t\000i\000o\000n\000a\000l}{chapter*.21}% 511
\BOOKMARK [1][-]{section.21.32}{\376\377\000M\000a\000p\000p\000i\000n\000g\000\040\000D\000i\000c\000t\000i\000o\000n\000a\000r\000y}{chapter*.21}% 512
\BOOKMARK [1][-]{section.21.33}{\376\377\000T\000h\000e\000\040\000C\000o\000m\000p\000l\000e\000t\000e\000\040\000C\000h\000a\000i\000n}{chapter*.21}% 513
\BOOKMARK [1][-]{section.21.34}{\376\377\000E\000p\000i\000s\000t\000e\000m\000i\000c\000\040\000S\000t\000a\000t\000u\000s\000\040\000S\000u\000m\000m\000a\000r\000y}{chapter*.21}% 514
\BOOKMARK [1][-]{section.21.35}{\376\377\000C\000o\000n\000c\000l\000u\000s\000i\000o\000n}{chapter*.21}% 515
\BOOKMARK [1][-]{section.21.36}{\376\377\000S\000e\000t\000u\000p}{chapter*.21}% 516
\BOOKMARK [1][-]{section.21.37}{\376\377\000E\000n\000e\000r\000g\000y\000\040\000F\000u\000n\000c\000t\000i\000o\000n\000a\000l}{chapter*.21}% 517
\BOOKMARK [2][-]{subsection.21.37.1}{\376\377\000C\000o\000n\000t\000i\000n\000u\000u\000m\000\040\000\050\000G\000r\000a\000d\000i\000e\000n\000t\000\051\000\040\000E\000n\000e\000r\000g\000y}{section.21.37}% 518
\BOOKMARK [2][-]{subsection.21.37.2}{\376\377\000D\000i\000s\000c\000r\000e\000t\000e\000\040\000\050\000A\000n\000c\000h\000o\000r\000\051\000\040\000E\000n\000e\000r\000g\000y}{section.21.37}% 519
\BOOKMARK [1][-]{section.21.38}{\376\377\000F\000o\000u\000r\000i\000e\000r\000\040\000E\000x\000p\000a\000n\000s\000i\000o\000n\000\040\000a\000n\000d\000\040\000Z\000N\000\040\000C\000o\000n\000s\000t\000r\000a\000i\000n\000t}{chapter*.21}% 520
\BOOKMARK [1][-]{section.21.39}{\376\377\000E\000n\000e\000r\000g\000y\000\040\000E\000v\000a\000l\000u\000a\000t\000i\000o\000n}{chapter*.21}% 521
\BOOKMARK [2][-]{subsection.21.39.1}{\376\377\000C\000o\000n\000t\000i\000n\000u\000u\000m\000\040\000E\000n\000e\000r\000g\000y}{section.21.39}% 522
\BOOKMARK [2][-]{subsection.21.39.2}{\376\377\000D\000i\000s\000c\000r\000e\000t\000e\000\040\000E\000n\000e\000r\000g\000y}{section.21.39}% 523
\BOOKMARK [1][-]{section.21.40}{\376\377\000M\000i\000n\000i\000m\000i\000z\000a\000t\000i\000o\000n}{chapter*.21}% 524
\BOOKMARK [2][-]{subsection.21.40.1}{\376\377\000L\000i\000n\000e\000a\000r\000i\000z\000a\000t\000i\000o\000n\000\040\000f\000o\000r\000\040\000S\000m\000a\000l\000l\000\040\000A\000n\000i\000s\000o\000t\000r\000o\000p\000y}{section.21.40}% 525
\BOOKMARK [2][-]{subsection.21.40.2}{\376\377\000E\000q\000u\000i\000l\000i\000b\000r\000i\000u\000m\000\040\000C\000o\000n\000d\000i\000t\000i\000o\000n}{section.21.40}% 526
\BOOKMARK [2][-]{subsection.21.40.3}{\376\377\000L\000a\000r\000g\000e\000-\000N\000\040\000o\000r\000\040\000T\000e\000n\000s\000i\000o\000n\000-\000D\000o\000m\000i\000n\000a\000t\000e\000d\000\040\000R\000e\000g\000i\000m\000e}{section.21.40}% 527
\BOOKMARK [1][-]{section.21.41}{\376\377\000T\000h\000e\000\040\000R\000a\000t\000i\000o\000\040\000a\000/\000c}{chapter*.21}% 528
\BOOKMARK [1][-]{section.21.42}{\376\377\000C\000o\000n\000n\000e\000c\000t\000i\000o\000n\000\040\000t\000o\000\040\000k\000-\000C\000h\000a\000n\000n\000e\000l\000\040\000F\000o\000r\000m\000u\000l\000a}{chapter*.21}% 529
\BOOKMARK [1][-]{section.21.43}{\376\377\000P\000h\000y\000s\000i\000c\000a\000l\000\040\000I\000n\000t\000e\000r\000p\000r\000e\000t\000a\000t\000i\000o\000n}{chapter*.21}% 530
\BOOKMARK [1][-]{section.21.44}{\376\377\000E\000p\000i\000s\000t\000e\000m\000i\000c\000\040\000S\000t\000a\000t\000u\000s}{chapter*.21}% 531
\BOOKMARK [2][-]{subsection.21.44.1}{\376\377\000W\000h\000a\000t\000\040\000W\000o\000u\000l\000d\000\040\000U\000p\000g\000r\000a\000d\000e\000\040\000[\000D\000c\000]\000\040\000\040\000[\000D\000e\000r\000]}{section.21.44}% 532
\BOOKMARK [1][-]{section.21.45}{\376\377\000S\000u\000m\000m\000a\000r\000y}{chapter*.21}% 533
\BOOKMARK [1][-]{section.21.46}{\376\377\000M\000o\000d\000e\000l\000\040\000S\000e\000t\000u\000p}{chapter*.21}% 534
\BOOKMARK [2][-]{subsection.21.46.1}{\376\377\000L\000i\000n\000e\000a\000r\000i\000z\000e\000d\000\040\000E\000n\000e\000r\000g\000y\000\040\000F\000u\000n\000c\000t\000i\000o\000n\000a\000l}{section.21.46}% 535
\BOOKMARK [2][-]{subsection.21.46.2}{\376\377\000E\000u\000l\000e\000r\000-\000L\000a\000g\000r\000a\000n\000g\000e\000\040\000E\000q\000u\000a\000t\000i\000o\000n}{section.21.46}% 536
\BOOKMARK [2][-]{subsection.21.46.3}{\376\377\000O\000p\000e\000r\000a\000t\000o\000r\000\040\000F\000o\000r\000m}{section.21.46}% 537
\BOOKMARK [1][-]{section.21.47}{\376\377\000G\000r\000o\000u\000p\000-\000T\000h\000e\000o\000r\000e\000t\000i\000c\000\040\000D\000e\000c\000o\000m\000p\000o\000s\000i\000t\000i\000o\000n}{chapter*.21}% 538
\BOOKMARK [2][-]{subsection.21.47.1}{\376\377\000Z\000N\000\040\000S\000y\000m\000m\000e\000t\000r\000y\000\040\000o\000f\000\040\000t\000h\000e\000\040\000O\000p\000e\000r\000a\000t\000o\000r}{section.21.47}% 539
\BOOKMARK [2][-]{subsection.21.47.2}{\376\377\000F\000o\000u\000r\000i\000e\000r\000\040\000B\000a\000s\000i\000s\000\040\000a\000n\000d\000\040\000Z\000N\000\040\000S\000e\000c\000t\000o\000r\000s}{section.21.47}% 540
\BOOKMARK [1][-]{section.21.48}{\376\377\000P\000i\000n\000n\000i\000n\000g\000\040\000T\000e\000r\000m\000\040\000C\000o\000u\000p\000l\000i\000n\000g\000\040\000A\000n\000a\000l\000y\000s\000i\000s}{chapter*.21}% 541
\BOOKMARK [2][-]{subsection.21.48.1}{\376\377\000P\000i\000n\000n\000i\000n\000g\000\040\000S\000t\000r\000e\000n\000g\000t\000h\000\040\000f\000o\000r\000\040\000D\000i\000f\000f\000e\000r\000e\000n\000t\000\040\000M\000o\000d\000e\000s}{section.21.48}% 542
\BOOKMARK [1][-]{section.21.49}{\376\377\000S\000e\000l\000e\000c\000t\000i\000o\000n\000\040\000L\000e\000m\000m\000a\000:\000\040\000\050\000N\000\051\000\040\000a\000s\000\040\000L\000e\000a\000d\000i\000n\000g\000\040\000M\000o\000d\000e}{chapter*.21}% 543
\BOOKMARK [2][-]{subsection.21.49.1}{\376\377\000U\000n\000p\000i\000n\000n\000e\000d\000\040\000S\000p\000e\000c\000t\000r\000u\000m}{section.21.49}% 544
\BOOKMARK [2][-]{subsection.21.49.2}{\376\377\000E\000f\000f\000e\000c\000t\000\040\000o\000f\000\040\000P\000i\000n\000n\000i\000n\000g\000:\000\040\000P\000e\000r\000t\000u\000r\000b\000a\000t\000i\000v\000e\000\040\000A\000n\000a\000l\000y\000s\000i\000s}{section.21.49}% 545
\BOOKMARK [2][-]{subsection.21.49.3}{\376\377\000T\000h\000e\000\040\000S\000e\000l\000e\000c\000t\000i\000o\000n\000\040\000L\000e\000m\000m\000a}{section.21.49}% 546
\BOOKMARK [2][-]{subsection.21.49.4}{\376\377\000P\000h\000y\000s\000i\000c\000a\000l\000\040\000I\000n\000t\000e\000r\000p\000r\000e\000t\000a\000t\000i\000o\000n}{section.21.49}% 547
\BOOKMARK [1][-]{section.21.50}{\376\377\000E\000x\000p\000l\000i\000c\000i\000t\000\040\000E\000i\000g\000e\000n\000v\000a\000l\000u\000e\000\040\000C\000a\000l\000c\000u\000l\000a\000t\000i\000o\000n}{chapter*.21}% 548
\BOOKMARK [2][-]{subsection.21.50.1}{\376\377\000A\000n\000s\000a\000t\000z\000\040\000i\000n\000\040\000Z\000N\000-\000S\000y\000m\000m\000e\000t\000r\000i\000c\000\040\000S\000e\000c\000t\000o\000r}{section.21.50}% 549
\BOOKMARK [2][-]{subsection.21.50.2}{\376\377\000C\000o\000m\000p\000a\000r\000i\000s\000o\000n\000\040\000w\000i\000t\000h\000\040\000L\000o\000w\000e\000r\000\040\000M\000o\000d\000e\000s}{section.21.50}% 550
\BOOKMARK [1][-]{section.21.51}{\376\377\000R\000e\000g\000i\000m\000e\000\040\000A\000n\000a\000l\000y\000s\000i\000s}{chapter*.21}% 551
\BOOKMARK [2][-]{subsection.21.51.1}{\376\377\000W\000e\000a\000k\000\040\000P\000i\000n\000n\000i\000n\000g\000\040\000R\000e\000g\000i\000m\000e}{section.21.51}% 552
\BOOKMARK [2][-]{subsection.21.51.2}{\376\377\000S\000t\000r\000o\000n\000g\000\040\000P\000i\000n\000n\000i\000n\000g\000\040\000R\000e\000g\000i\000m\000e}{section.21.51}% 553
\BOOKMARK [1][-]{section.21.52}{\376\377\000C\000o\000n\000c\000l\000u\000s\000i\000o\000n}{chapter*.21}% 554
\BOOKMARK [1][-]{section.21.53}{\376\377\000E\000p\000i\000s\000t\000e\000m\000i\000c\000\040\000S\000t\000a\000t\000u\000s}{chapter*.21}% 555
\BOOKMARK [1][-]{section.21.54}{\376\377\000S\000e\000t\000u\000p\000:\000\040\000G\000e\000n\000e\000r\000a\000l\000\040\000S\000m\000o\000o\000t\000h\000\040\000P\000o\000t\000e\000n\000t\000i\000a\000l}{chapter*.21}% 556
\BOOKMARK [2][-]{subsection.21.54.1}{\376\377\000E\000n\000e\000r\000g\000y\000\040\000F\000u\000n\000c\000t\000i\000o\000n\000a\000l\000\040\000w\000i\000t\000h\000\040\000G\000e\000n\000e\000r\000a\000l\000\040\000W}{section.21.54}% 557
\BOOKMARK [2][-]{subsection.21.54.2}{\376\377\000T\000a\000y\000l\000o\000r\000\040\000E\000x\000p\000a\000n\000s\000i\000o\000n\000\040\000o\000f\000\040\000W}{section.21.54}% 558
\BOOKMARK [1][-]{section.21.55}{\376\377\000S\000e\000c\000o\000n\000d\000\040\000V\000a\000r\000i\000a\000t\000i\000o\000n\000\040\000a\000n\000d\000\040\000M\000o\000d\000e\000\040\000S\000e\000l\000e\000c\000t\000i\000o\000n}{chapter*.21}% 559
\BOOKMARK [2][-]{subsection.21.55.1}{\376\377\000F\000i\000r\000s\000t\000\040\000a\000n\000d\000\040\000S\000e\000c\000o\000n\000d\000\040\000V\000a\000r\000i\000a\000t\000i\000o\000n\000s}{section.21.55}% 560
\BOOKMARK [2][-]{subsection.21.55.2}{\376\377\000T\000h\000e\000\040\000C\000e\000n\000t\000r\000a\000l\000\040\000O\000b\000s\000e\000r\000v\000a\000t\000i\000o\000n}{section.21.55}% 561
\BOOKMARK [1][-]{section.21.56}{\376\377\000N\000o\000n\000l\000i\000n\000e\000a\000r\000\040\000C\000o\000r\000r\000e\000c\000t\000i\000o\000n\000s\000:\000\040\000A\000m\000p\000l\000i\000t\000u\000d\000e\000\040\000a\000n\000d\000\040\000H\000a\000r\000m\000o\000n\000i\000c\000s}{chapter*.21}% 562
\BOOKMARK [2][-]{subsection.21.56.1}{\376\377\000L\000e\000a\000d\000i\000n\000g\000-\000O\000r\000d\000e\000r\000\040\000S\000o\000l\000u\000t\000i\000o\000n}{section.21.56}% 563
\BOOKMARK [2][-]{subsection.21.56.2}{\376\377\000C\000u\000b\000i\000c\000\040\000C\000o\000r\000r\000e\000c\000t\000i\000o\000n}{section.21.56}% 564
\BOOKMARK [2][-]{subsection.21.56.3}{\376\377\000Q\000u\000a\000r\000t\000i\000c\000\040\000C\000o\000r\000r\000e\000c\000t\000i\000o\000n}{section.21.56}% 565
\BOOKMARK [2][-]{subsection.21.56.4}{\376\377\000H\000a\000r\000m\000o\000n\000i\000c\000\040\000C\000o\000n\000t\000e\000n\000t\000\040\000T\000a\000b\000l\000e}{section.21.56}% 566
\BOOKMARK [1][-]{section.21.57}{\376\377\000R\000e\000g\000i\000m\000e\000\040\000o\000f\000\040\000V\000a\000l\000i\000d\000i\000t\000y}{chapter*.21}% 567
\BOOKMARK [2][-]{subsection.21.57.1}{\376\377\000S\000m\000a\000l\000l\000n\000e\000s\000s\000\040\000C\000o\000n\000d\000i\000t\000i\000o\000n\000s}{section.21.57}% 568
\BOOKMARK [2][-]{subsection.21.57.2}{\376\377\000P\000h\000y\000s\000i\000c\000a\000l\000\040\000I\000n\000t\000e\000r\000p\000r\000e\000t\000a\000t\000i\000o\000n}{section.21.57}% 569
\BOOKMARK [1][-]{section.21.58}{\376\377\000T\000h\000e\000\040\000R\000o\000b\000u\000s\000t\000n\000e\000s\000s\000\040\000T\000h\000e\000o\000r\000e\000m}{chapter*.21}% 570
\BOOKMARK [1][-]{section.21.59}{\376\377\000S\000u\000m\000m\000a\000r\000y\000:\000\040\000W\000h\000a\000t\000\040\000C\000h\000a\000n\000g\000e\000s\000\040\000v\000s\000\040\000W\000h\000a\000t\000\040\000D\000o\000e\000s\000n\000'\000t}{chapter*.21}% 571
\BOOKMARK [1][-]{section.21.60}{\376\377\000E\000p\000i\000s\000t\000e\000m\000i\000c\000\040\000S\000t\000a\000t\000u\000s}{chapter*.21}% 572
\BOOKMARK [1][-]{section.21.61}{\376\377\000D\000i\000m\000e\000n\000s\000i\000o\000n\000l\000e\000s\000s\000\040\000F\000o\000r\000m\000u\000l\000a\000t\000i\000o\000n}{chapter*.21}% 573
\BOOKMARK [2][-]{subsection.21.61.1}{\376\377\000T\000h\000e\000\040\000P\000i\000n\000n\000i\000n\000g\000\040\000P\000a\000r\000a\000m\000e\000t\000e\000r\000\040}{section.21.61}% 574
\BOOKMARK [2][-]{subsection.21.61.2}{\376\377\000D\000i\000m\000e\000n\000s\000i\000o\000n\000l\000e\000s\000s\000\040\000O\000p\000e\000r\000a\000t\000o\000r}{section.21.61}% 575
\BOOKMARK [2][-]{subsection.21.61.3}{\376\377\000P\000h\000y\000s\000i\000c\000a\000l\000\040\000S\000c\000a\000l\000e\000\040\000C\000o\000m\000p\000a\000r\000i\000s\000o\000n}{section.21.61}% 576
\BOOKMARK [1][-]{section.21.62}{\376\377\000R\000e\000g\000i\000m\000e\000\040\000C\000l\000a\000s\000s\000i\000f\000i\000c\000a\000t\000i\000o\000n}{chapter*.21}% 577
\BOOKMARK [1][-]{section.21.63}{\376\377\000M\000o\000d\000e\000\040\000I\000n\000d\000e\000x\000\040\000S\000t\000a\000b\000i\000l\000i\000t\000y\000:\000\040\000T\000h\000e\000\040\000S\000y\000m\000m\000e\000t\000r\000y\000\040\000A\000r\000g\000u\000m\000e\000n\000t}{chapter*.21}% 578
\BOOKMARK [2][-]{subsection.21.63.1}{\376\377\000W\000h\000y\000\040\000S\000y\000m\000m\000e\000t\000r\000y\000\040\000T\000r\000u\000m\000p\000s\000\040\000R\000e\000g\000i\000m\000e}{section.21.63}% 579
\BOOKMARK [1][-]{section.21.64}{\376\377\000W\000e\000a\000k\000\040\000P\000i\000n\000n\000i\000n\000g\000\040\000A\000s\000y\000m\000p\000t\000o\000t\000i\000c\000s\000\040\000\050\000N\0002\000\051}{chapter*.21}% 580
\BOOKMARK [2][-]{subsection.21.64.1}{\376\377\000P\000e\000r\000t\000u\000r\000b\000a\000t\000i\000v\000e\000\040\000E\000x\000p\000a\000n\000s\000i\000o\000n}{section.21.64}% 581
\BOOKMARK [2][-]{subsection.21.64.2}{\376\377\000M\000o\000d\000e\000\040\000S\000h\000a\000p\000e\000\040\000i\000n\000\040\000W\000e\000a\000k\000\040\000P\000i\000n\000n\000i\000n\000g}{section.21.64}% 582
\BOOKMARK [1][-]{section.21.65}{\376\377\000S\000t\000r\000o\000n\000g\000\040\000P\000i\000n\000n\000i\000n\000g\000\040\000A\000s\000y\000m\000p\000t\000o\000t\000i\000c\000s\000\040\000\050\000N\0002\000\051}{chapter*.21}% 583
\BOOKMARK [2][-]{subsection.21.65.1}{\376\377\000T\000h\000e\000\040\000C\000l\000a\000m\000p\000e\000d\000\040\000L\000i\000m\000i\000t}{section.21.65}% 584
\BOOKMARK [2][-]{subsection.21.65.2}{\376\377\000P\000i\000e\000c\000e\000w\000i\000s\000e\000\040\000L\000i\000n\000e\000a\000r\000\040\000S\000o\000l\000u\000t\000i\000o\000n}{section.21.65}% 585
\BOOKMARK [2][-]{subsection.21.65.3}{\376\377\000S\000t\000r\000o\000n\000g\000\040\000P\000i\000n\000n\000i\000n\000g\000\040\000E\000i\000g\000e\000n\000v\000a\000l\000u\000e}{section.21.65}% 586
\BOOKMARK [1][-]{section.21.66}{\376\377\000M\000o\000d\000e\000\040\000L\000o\000c\000a\000l\000i\000z\000a\000t\000i\000o\000n\000\040\000i\000n\000\040\000S\000t\000r\000o\000n\000g\000\040\000P\000i\000n\000n\000i\000n\000g}{chapter*.21}% 587
\BOOKMARK [2][-]{subsection.21.66.1}{\376\377\000L\000o\000c\000a\000l\000i\000z\000a\000t\000i\000o\000n\000\040\000M\000e\000t\000r\000i\000c}{section.21.66}% 588
\BOOKMARK [2][-]{subsection.21.66.2}{\376\377\000B\000o\000u\000n\000d\000a\000r\000y\000\040\000L\000a\000y\000e\000r\000\040\000A\000n\000a\000l\000y\000s\000i\000s}{section.21.66}% 589
\BOOKMARK [1][-]{section.21.67}{\376\377\000B\000o\000x\000e\000d\000\040\000R\000e\000g\000i\000m\000e\000\040\000S\000u\000m\000m\000a\000r\000y}{chapter*.21}% 590
\BOOKMARK [1][-]{section.21.68}{\376\377\000I\000n\000t\000e\000r\000p\000o\000l\000a\000t\000i\000o\000n\000\040\000F\000o\000r\000m\000u\000l\000a}{chapter*.21}% 591
\BOOKMARK [1][-]{section.21.69}{\376\377\000C\000o\000n\000c\000l\000u\000s\000i\000o\000n}{chapter*.21}% 592
\BOOKMARK [1][-]{section.21.70}{\376\377\000E\000p\000i\000s\000t\000e\000m\000i\000c\000\040\000S\000t\000a\000t\000u\000s}{chapter*.21}% 593
\BOOKMARK [1][-]{section.21.71}{\376\377\000P\000e\000r\000t\000u\000r\000b\000e\000d\000\040\000O\000p\000e\000r\000a\000t\000o\000r}{chapter*.21}% 594
\BOOKMARK [2][-]{subsection.21.71.1}{\376\377\000S\000e\000t\000u\000p}{section.21.71}% 595
\BOOKMARK [2][-]{subsection.21.71.2}{\376\377\000P\000h\000y\000s\000i\000c\000a\000l\000\040\000I\000n\000t\000e\000r\000p\000r\000e\000t\000a\000t\000i\000o\000n}{section.21.71}% 596
\BOOKMARK [1][-]{section.21.72}{\376\377\000U\000n\000p\000e\000r\000t\000u\000r\000b\000e\000d\000\040\000E\000i\000g\000e\000n\000m\000o\000d\000e\000s}{chapter*.21}% 597
\BOOKMARK [2][-]{subsection.21.72.1}{\376\377\000M\000o\000d\000e\000\040\000S\000t\000r\000u\000c\000t\000u\000r\000e\000\040\000R\000e\000c\000a\000p}{section.21.72}% 598
\BOOKMARK [1][-]{section.21.73}{\376\377\000P\000e\000r\000t\000u\000r\000b\000a\000t\000i\000o\000n\000\040\000T\000h\000e\000o\000r\000y}{chapter*.21}% 599
\BOOKMARK [2][-]{subsection.21.73.1}{\376\377\000F\000i\000r\000s\000t\000-\000O\000r\000d\000e\000r\000\040\000W\000a\000v\000e\000f\000u\000n\000c\000t\000i\000o\000n\000\040\000C\000o\000r\000r\000e\000c\000t\000i\000o\000n}{section.21.73}% 600
\BOOKMARK [2][-]{subsection.21.73.2}{\376\377\000M\000a\000t\000r\000i\000x\000\040\000E\000l\000e\000m\000e\000n\000t\000s}{section.21.73}% 601
\BOOKMARK [2][-]{subsection.21.73.3}{\376\377\000M\000i\000x\000i\000n\000g\000\040\000C\000o\000e\000f\000f\000i\000c\000i\000e\000n\000t\000s}{section.21.73}% 602
\BOOKMARK [1][-]{section.21.74}{\376\377\000O\000v\000e\000r\000l\000a\000p\000\040\000L\000o\000s\000s}{chapter*.21}% 603
\BOOKMARK [2][-]{subsection.21.74.1}{\376\377\000Q\000u\000a\000d\000r\000a\000t\000i\000c\000\040\000S\000c\000a\000l\000i\000n\000g}{section.21.74}% 604
\BOOKMARK [2][-]{subsection.21.74.2}{\376\377\000S\000u\000m\000\040\000O\000v\000e\000r\000\040\000M\000o\000d\000e\000s}{section.21.74}% 605
\BOOKMARK [1][-]{section.21.75}{\376\377\000T\000o\000l\000e\000r\000a\000n\000c\000e\000\040\000T\000h\000e\000o\000r\000e\000m}{chapter*.21}% 606
\BOOKMARK [1][-]{section.21.76}{\376\377\000W\000h\000i\000c\000h\000\040\000H\000a\000r\000m\000o\000n\000i\000c\000s\000\040\000G\000e\000t\000\040\000C\000o\000n\000t\000a\000m\000i\000n\000a\000t\000e\000d\000?}{chapter*.21}% 607
\BOOKMARK [2][-]{subsection.21.76.1}{\376\377\000D\000e\000f\000e\000c\000t\000-\000I\000n\000d\000u\000c\000e\000d\000\040\000C\000o\000u\000p\000l\000i\000n\000g}{section.21.76}% 608
\BOOKMARK [2][-]{subsection.21.76.2}{\376\377\000D\000e\000f\000e\000c\000t\000\040\000P\000o\000s\000i\000t\000i\000o\000n\000\040\000D\000e\000p\000e\000n\000d\000e\000n\000c\000e}{section.21.76}% 609
\BOOKMARK [1][-]{section.21.77}{\376\377\000F\000a\000i\000l\000u\000r\000e\000\040\000M\000o\000d\000e\000:\000\040\000L\000a\000r\000g\000e\000\040}{chapter*.21}% 610
\BOOKMARK [2][-]{subsection.21.77.1}{\376\377\000W\000h\000e\000n\000\040\000P\000e\000r\000t\000u\000r\000b\000a\000t\000i\000o\000n\000\040\000T\000h\000e\000o\000r\000y\000\040\000B\000r\000e\000a\000k\000s\000\040\000D\000o\000w\000n}{section.21.77}% 611
\BOOKMARK [2][-]{subsection.21.77.2}{\376\377\000S\000t\000r\000o\000n\000g\000\040\000B\000r\000e\000a\000k\000i\000n\000g\000\040\000R\000e\000g\000i\000m\000e}{section.21.77}% 612
\BOOKMARK [1][-]{section.21.78}{\376\377\000S\000u\000m\000m\000a\000r\000y}{chapter*.21}% 613
\BOOKMARK [1][-]{section.21.79}{\376\377\000E\000p\000i\000s\000t\000e\000m\000i\000c\000\040\000S\000t\000a\000t\000u\000s}{chapter*.21}% 614
\BOOKMARK [1][-]{section.21.79}{\376\377\000B\000V\000P\000\040\000P\000h\000y\000s\000i\000c\000a\000l\000\040\000P\000a\000r\000a\000m\000e\000t\000e\000r\000s}{chapter*.21}% 615
\BOOKMARK [1][-]{section.21.80}{\376\377\000D\000e\000f\000i\000n\000i\000t\000i\000o\000n\000s\000\040\000a\000n\000d\000\040\000S\000e\000t\000u\000p}{chapter*.21}% 616
\BOOKMARK [2][-]{subsection.21.80.1}{\376\377\000W\000h\000a\000t\000\040\000\040\000M\000e\000a\000n\000s\000\040\000G\000e\000o\000m\000e\000t\000r\000i\000c\000a\000l\000l\000y}{section.21.80}% 617
\BOOKMARK [2][-]{subsection.21.80.2}{\376\377\000U\000n\000i\000t\000\040\000C\000o\000n\000v\000e\000n\000t\000i\000o\000n\000s}{section.21.80}% 618
\BOOKMARK [1][-]{section.21.81}{\376\377\000T\000h\000e\000\040\0005\000D\000\040\000A\000c\000t\000i\000o\000n}{chapter*.21}% 619
\BOOKMARK [2][-]{subsection.21.81.1}{\376\377\000B\000u\000l\000k\000\040\000+\000\040\000B\000r\000a\000n\000e\000\040\000D\000e\000c\000o\000m\000p\000o\000s\000i\000t\000i\000o\000n}{section.21.81}% 620
\BOOKMARK [2][-]{subsection.21.81.2}{\376\377\000W\000h\000i\000c\000h\000\040\000T\000e\000r\000m\000s\000\040\000S\000e\000t\000\040\000W\000h\000i\000c\000h\000\040\000S\000c\000a\000l\000e\000s}{section.21.81}% 621
\BOOKMARK [1][-]{section.21.82}{\376\377\000E\000f\000f\000e\000c\000t\000i\000v\000e\000\040\0001\000D\000\040\000S\000c\000h\000r\000\366\000d\000i\000n\000g\000e\000r\000\040\000P\000r\000o\000b\000l\000e\000m}{chapter*.21}% 622
\BOOKMARK [2][-]{subsection.21.82.1}{\376\377\000D\000i\000m\000e\000n\000s\000i\000o\000n\000a\000l\000\040\000R\000e\000d\000u\000c\000t\000i\000o\000n}{section.21.82}% 623
\BOOKMARK [2][-]{subsection.21.82.2}{\376\377\000P\000o\000t\000e\000n\000t\000i\000a\000l\000\040\000S\000t\000r\000u\000c\000t\000u\000r\000e}{section.21.82}% 624
\BOOKMARK [1][-]{section.21.83}{\376\377\000T\000h\000e\000\040\000P\000r\000o\000t\000o\000n\000\040\000a\000s\000\040\000B\000o\000u\000n\000d\000\040\000S\000t\000a\000t\000e}{chapter*.21}% 625
\BOOKMARK [2][-]{subsection.21.83.1}{\376\377\000B\000o\000u\000n\000d\000\040\000S\000t\000a\000t\000e\000\040\000E\000n\000e\000r\000g\000y}{section.21.83}% 626
\BOOKMARK [2][-]{subsection.21.83.2}{\376\377\000M\000a\000t\000c\000h\000i\000n\000g\000\040\000t\000o\000\040\000P\000r\000o\000t\000o\000n\000\040\000M\000a\000s\000s}{section.21.83}% 627
\BOOKMARK [2][-]{subsection.21.83.3}{\376\377\000D\000e\000t\000e\000r\000m\000i\000n\000i\000n\000g\000\040\000t\000h\000e\000\040\000C\000o\000e\000f\000f\000i\000c\000i\000e\000n\000t}{section.21.83}% 628
\BOOKMARK [1][-]{section.21.84}{\376\377\000C\000o\000n\000s\000i\000s\000t\000e\000n\000c\000y\000\040\000C\000h\000e\000c\000k\000s}{chapter*.21}% 629
\BOOKMARK [2][-]{subsection.21.84.1}{\376\377\000N\000u\000m\000e\000r\000i\000c\000a\000l\000\040\000V\000e\000r\000i\000f\000i\000c\000a\000t\000i\000o\000n}{section.21.84}% 630
\BOOKMARK [2][-]{subsection.21.84.2}{\376\377\000C\000o\000m\000p\000a\000r\000i\000s\000o\000n\000\040\000w\000i\000t\000h\000\040\000O\000t\000h\000e\000r\000\040\000S\000c\000a\000l\000e\000s}{section.21.84}% 631
\BOOKMARK [1][-]{section.21.85}{\376\377\000A\000s\000s\000u\000m\000p\000t\000i\000o\000n\000s\000\040\000a\000n\000d\000\040\000L\000i\000m\000i\000t\000a\000t\000i\000o\000n\000s}{chapter*.21}% 632
\BOOKMARK [2][-]{subsection.21.85.1}{\376\377\000E\000x\000p\000l\000i\000c\000i\000t\000\040\000A\000s\000s\000u\000m\000p\000t\000i\000o\000n\000s}{section.21.85}% 633
\BOOKMARK [2][-]{subsection.21.85.2}{\376\377\000W\000h\000a\000t\000\040\000I\000s\000\040\000N\000O\000T\000\040\000D\000e\000r\000i\000v\000e\000d}{section.21.85}% 634
\BOOKMARK [1][-]{section.21.86}{\376\377\000S\000t\000o\000p\000l\000i\000g\000h\000t\000\040\000V\000e\000r\000d\000i\000c\000t}{chapter*.21}% 635
\BOOKMARK [1][-]{section.21.87}{\376\377\000C\000o\000n\000c\000l\000u\000s\000i\000o\000n}{chapter*.21}% 636
\BOOKMARK [1][-]{section.21.88}{\376\377\000T\000h\000e\000\040\0005\000D\000\040\000D\000i\000r\000a\000c\000\040\000E\000q\000u\000a\000t\000i\000o\000n}{chapter*.21}% 637
\BOOKMARK [2][-]{subsection.21.88.1}{\376\377\000S\000e\000t\000u\000p}{section.21.88}% 638
\BOOKMARK [2][-]{subsection.21.88.2}{\376\377\000C\000h\000i\000r\000a\000l\000\040\000D\000e\000c\000o\000m\000p\000o\000s\000i\000t\000i\000o\000n}{section.21.88}% 639
\BOOKMARK [1][-]{section.21.89}{\376\377\000S\000i\000n\000g\000l\000e\000\040\000D\000o\000m\000a\000i\000n\000\040\000W\000a\000l\000l\000:\000\040\000d\000L\000R\000\040\000=\000\040\0000}{chapter*.21}% 640
\BOOKMARK [2][-]{subsection.21.89.1}{\376\377\000T\000h\000e\000\040\000T\000a\000n\000h\000\040\000P\000r\000o\000f\000i\000l\000e}{section.21.89}% 641
\BOOKMARK [2][-]{subsection.21.89.2}{\376\377\000Z\000e\000r\000o\000\040\000M\000o\000d\000e\000\040\000S\000o\000l\000u\000t\000i\000o\000n\000s}{section.21.89}% 642
\BOOKMARK [2][-]{subsection.21.89.3}{\376\377\000P\000e\000a\000k\000\040\000P\000o\000s\000i\000t\000i\000o\000n\000\040\000A\000n\000a\000l\000y\000s\000i\000s}{section.21.89}% 643
\BOOKMARK [1][-]{section.21.90}{\376\377\000M\000e\000c\000h\000a\000n\000i\000s\000m\000s\000\040\000f\000o\000r\000\040\000d\000L\000R\000\040\000>\000\040\0000}{chapter*.21}% 644
\BOOKMARK [2][-]{subsection.21.90.1}{\376\377\000M\000e\000c\000h\000a\000n\000i\000s\000m\000\040\000A\000:\000\040\000T\000w\000o\000\040\000D\000o\000m\000a\000i\000n\000\040\000W\000a\000l\000l\000s}{section.21.90}% 645
\BOOKMARK [2][-]{subsection.21.90.2}{\376\377\000M\000e\000c\000h\000a\000n\000i\000s\000m\000\040\000B\000:\000\040\000Y\000u\000k\000a\000w\000a\000\040\000C\000o\000u\000p\000l\000i\000n\000g\000\040\000t\000o\000\040\000H\000i\000g\000g\000s\000\040\000P\000r\000o\000f\000i\000l\000e}{section.21.90}% 646
\BOOKMARK [2][-]{subsection.21.90.3}{\376\377\000M\000e\000c\000h\000a\000n\000i\000s\000m\000\040\000C\000:\000\040\000E\000D\000C\000\040\000J\000u\000n\000c\000t\000i\000o\000n\000\040\000G\000e\000o\000m\000e\000t\000r\000y}{section.21.90}% 647
\BOOKMARK [1][-]{section.21.91}{\376\377\000C\000o\000n\000s\000t\000r\000a\000i\000n\000t\000\040\000f\000r\000o\000m\000\040\000O\000P\000R\000-\0002\0001\000\040\000G\000a\000t\000e\000s}{chapter*.21}% 648
\BOOKMARK [2][-]{subsection.21.91.1}{\376\377\000T\000h\000e\000\040\000I\0004\000\040\000G\000a\000t\000e}{section.21.91}% 649
\BOOKMARK [2][-]{subsection.21.91.2}{\376\377\000G\000a\000t\000e\000\040\0001\000\040\000C\000o\000n\000s\000t\000r\000a\000i\000n\000t}{section.21.91}% 650
\BOOKMARK [2][-]{subsection.21.91.3}{\376\377\000W\000h\000y\000\040\0008\000\040\000S\000p\000e\000c\000i\000f\000i\000c\000a\000l\000l\000y\000?}{section.21.91}% 651
\BOOKMARK [1][-]{section.21.92}{\376\377\000T\000h\000e\000\040\000r\000p\000\040\000C\000o\000i\000n\000c\000i\000d\000e\000n\000c\000e}{chapter*.21}% 652
\BOOKMARK [2][-]{subsection.21.92.1}{\376\377\000N\000u\000m\000e\000r\000i\000c\000a\000l\000\040\000M\000a\000t\000c\000h}{section.21.92}% 653
\BOOKMARK [2][-]{subsection.21.92.2}{\376\377\000P\000o\000s\000s\000i\000b\000l\000e\000\040\000I\000n\000t\000e\000r\000p\000r\000e\000t\000a\000t\000i\000o\000n\000s}{section.21.92}% 654
\BOOKMARK [1][-]{section.21.93}{\376\377\000D\000e\000r\000i\000v\000a\000t\000i\000o\000n\000\040\000S\000u\000m\000m\000a\000r\000y}{chapter*.21}% 655
\BOOKMARK [1][-]{section.21.94}{\376\377\000S\000t\000o\000p\000l\000i\000g\000h\000t\000\040\000V\000e\000r\000d\000i\000c\000t}{chapter*.21}% 656
\BOOKMARK [1][-]{section.21.95}{\376\377\000C\000o\000n\000c\000l\000u\000s\000i\000o\000n}{chapter*.21}% 657
\BOOKMARK [1][-]{section.21.96}{\376\377\000D\000e\000f\000i\000n\000i\000t\000i\000o\000n\000\040\000o\000f\000\040\000F\000e\000r\000m\000i\000o\000n\000\040\000W\000i\000d\000t\000h}{chapter*.21}% 658
\BOOKMARK [2][-]{subsection.21.96.1}{\376\377\000I\000n\000\040\000t\000h\000e\000\040\000B\000V\000P\000\040\000F\000r\000a\000m\000e\000w\000o\000r\000k}{section.21.96}% 659
\BOOKMARK [1][-]{section.21.97}{\376\377\000C\000o\000n\000s\000t\000r\000a\000i\000n\000t\000\040\0001\000:\000\040\000N\000o\000r\000m\000a\000l\000i\000z\000a\000b\000i\000l\000i\000t\000y}{chapter*.21}% 660
\BOOKMARK [2][-]{subsection.21.97.1}{\376\377\000B\000o\000u\000n\000d\000-\000S\000t\000a\000t\000e\000\040\000E\000x\000i\000s\000t\000e\000n\000c\000e}{section.21.97}% 661
\BOOKMARK [1][-]{section.21.98}{\376\377\000C\000o\000n\000s\000t\000r\000a\000i\000n\000t\000\040\0002\000:\000\040\000C\000o\000n\000f\000i\000n\000e\000m\000e\000n\000t\000\040\000t\000o\000\040\000B\000r\000a\000n\000e}{chapter*.21}% 662
\BOOKMARK [2][-]{subsection.21.98.1}{\376\377\000P\000h\000y\000s\000i\000c\000a\000l\000\040\000R\000e\000q\000u\000i\000r\000e\000m\000e\000n\000t}{section.21.98}% 663
\BOOKMARK [1][-]{section.21.99}{\376\377\000C\000o\000n\000s\000t\000r\000a\000i\000n\000t\000\040\0003\000:\000\040\000G\000r\000o\000u\000n\000d\000-\000S\000t\000a\000t\000e\000\040\000D\000o\000m\000i\000n\000a\000n\000c\000e}{chapter*.21}% 664
\BOOKMARK [2][-]{subsection.21.99.1}{\376\377\000S\000p\000e\000c\000t\000r\000a\000l\000\040\000G\000a\000p}{section.21.99}% 665
\BOOKMARK [1][-]{section.21.100}{\376\377\000C\000o\000n\000s\000t\000r\000a\000i\000n\000t\000\040\0004\000:\000\040\000V\000a\000r\000i\000a\000t\000i\000o\000n\000a\000l\000\040\000P\000r\000i\000n\000c\000i\000p\000l\000e}{chapter*.21}% 666
\BOOKMARK [2][-]{subsection.21.100.1}{\376\377\000E\000n\000e\000r\000g\000y\000\040\000F\000u\000n\000c\000t\000i\000o\000n\000a\000l}{section.21.100}% 667
\BOOKMARK [2][-]{subsection.21.100.2}{\376\377\000O\000p\000t\000i\000m\000a\000l\000\040\000W\000i\000d\000t\000h}{section.21.100}% 668
\BOOKMARK [1][-]{section.21.101}{\376\377\000C\000o\000m\000b\000i\000n\000e\000d\000\040\000C\000o\000n\000s\000t\000r\000a\000i\000n\000t\000s}{chapter*.21}% 669
\BOOKMARK [2][-]{subsection.21.101.1}{\376\377\000T\000h\000e\000\040\000A\000l\000l\000o\000w\000e\000d\000\040\000W\000i\000n\000d\000o\000w}{section.21.101}% 670
\BOOKMARK [2][-]{subsection.21.101.2}{\376\377\000W\000h\000y\000\040\000L\000a\000r\000g\000e\000r\000\040\000f\000w\000\040\000A\000f\000f\000e\000c\000t\000s\000\040\000O\000v\000e\000r\000l\000a\000p}{section.21.101}% 671
\BOOKMARK [1][-]{section.21.102}{\376\377\000W\000h\000a\000t\000\040\000I\000s\000\040\000N\000O\000T\000\040\000D\000e\000r\000i\000v\000e\000d}{chapter*.21}% 672
\BOOKMARK [2][-]{subsection.21.102.1}{\376\377\000W\000h\000y\000\040\000S\000p\000e\000c\000i\000f\000i\000c\000a\000l\000l\000y\000\040\0000\000.\0008\000?}{section.21.102}% 673
\BOOKMARK [2][-]{subsection.21.102.2}{\376\377\000W\000h\000a\000t\000\040\000W\000o\000u\000l\000d\000\040\000U\000p\000g\000r\000a\000d\000e\000\040\000t\000o\000\040\000[\000D\000e\000r\000]}{section.21.102}% 674
\BOOKMARK [1][-]{section.21.103}{\376\377\000S\000t\000o\000p\000l\000i\000g\000h\000t\000\040\000V\000e\000r\000d\000i\000c\000t}{chapter*.21}% 675
\BOOKMARK [1][-]{section.21.104}{\376\377\000C\000o\000n\000c\000l\000u\000s\000i\000o\000n}{chapter*.21}% 676
\BOOKMARK [1][-]{Item.829}{\376\377\000G\000F\000\040\000N\000o\000n\000-\000C\000i\000r\000c\000u\000l\000a\000r\000\040\000C\000h\000a\000i\000n}{chapter*.21}% 677
\BOOKMARK [1][-]{section.21.105}{\376\377\000S\000t\000e\000p\000\040\0000\000:\000\040\000C\000i\000r\000c\000u\000l\000a\000r\000i\000t\000y\000\040\000A\000u\000d\000i\000t}{chapter*.21}% 678
\BOOKMARK [2][-]{subsection.21.105.1}{\376\377\000T\000h\000e\000\040\000C\000i\000r\000c\000u\000l\000a\000r\000\040\000D\000e\000p\000e\000n\000d\000e\000n\000c\000y}{section.21.105}% 679
\BOOKMARK [2][-]{subsection.21.105.2}{\376\377\000W\000h\000e\000r\000e\000\040\000C\000i\000r\000c\000u\000l\000a\000r\000i\000t\000y\000\040\000O\000c\000c\000u\000r\000s\000\040\000\050\000F\000i\000l\000e\000\040\000R\000e\000f\000e\000r\000e\000n\000c\000e\000s\000\051}{section.21.105}% 680
\BOOKMARK [2][-]{subsection.21.105.3}{\376\377\000W\000h\000a\000t\000\040\000I\000S\000\040\000I\000n\000d\000e\000p\000e\000n\000d\000e\000n\000t}{section.21.105}% 681
\BOOKMARK [1][-]{section.21.106}{\376\377\000S\000t\000e\000p\000\040\0001\000:\000\040\000N\000o\000n\000-\000C\000i\000r\000c\000u\000l\000a\000r\000\040\000C\000h\000a\000i\000n\000\040\000D\000e\000f\000i\000n\000i\000t\000i\000o\000n\000s}{chapter*.21}% 682
\BOOKMARK [2][-]{subsection.21.106.1}{\376\377\000T\000h\000e\000\040\000F\000o\000r\000w\000a\000r\000d\000\040\000C\000h\000a\000i\000n\000\040\000\050\000N\000o\000\040\000v\000\040\000A\000l\000l\000o\000w\000e\000d\000\051}{section.21.106}% 683
\BOOKMARK [2][-]{subsection.21.106.2}{\376\377\000D\000e\000f\000i\000n\000i\000t\000i\000o\000n\000s}{section.21.106}% 684
\BOOKMARK [1][-]{section.21.107}{\376\377\000S\000t\000e\000p\000\040\0002\000A\000:\000\040\000D\000e\000r\000i\000v\000a\000b\000l\000e\000\040\000S\000k\000e\000l\000e\000t\000o\000n\000\040\000\050\000N\000o\000\040\000B\000V\000P\000\040\000N\000e\000e\000d\000e\000d\000\051}{chapter*.21}% 685
\BOOKMARK [2][-]{subsection.21.107.1}{\376\377\000D\000i\000m\000e\000n\000s\000i\000o\000n\000a\000l\000\040\000S\000k\000e\000l\000e\000t\000o\000n\000\040\000[\000D\000e\000r\000]}{section.21.107}% 686
\BOOKMARK [2][-]{subsection.21.107.2}{\376\377\000D\000i\000m\000e\000n\000s\000i\000o\000n\000l\000e\000s\000s\000\040\000F\000o\000r\000m\000\040\000[\000D\000e\000r\000]}{section.21.107}% 687
\BOOKMARK [2][-]{subsection.21.107.3}{\376\377\000R\000e\000d\000u\000c\000t\000i\000o\000n\000\040\000U\000s\000i\000n\000g\000\040\000E\000D\000C\000\040\000S\000c\000a\000l\000e\000s\000\040\000[\000D\000c\000]}{section.21.107}% 688
\BOOKMARK [1][-]{section.21.108}{\376\377\000S\000t\000e\000p\000\040\0002\000B\000:\000\040\000B\000V\000P\000-\000D\000e\000p\000e\000n\000d\000e\000n\000t\000\040\000L\000a\000y\000e\000r\000\040\000\050\000F\000a\000l\000s\000i\000f\000i\000c\000a\000t\000i\000o\000n\000\040\000G\000a\000t\000e\000s\000\051}{chapter*.21}% 689
\BOOKMARK [2][-]{subsection.21.108.1}{\376\377\000W\000h\000a\000t\000\040\000B\000V\000P\000\040\000M\000u\000s\000t\000\040\000O\000u\000t\000p\000u\000t}{section.21.108}% 690
\BOOKMARK [2][-]{subsection.21.108.2}{\376\377\000F\000a\000l\000s\000i\000f\000i\000c\000a\000t\000i\000o\000n\000\040\000G\000a\000t\000e\000s}{section.21.108}% 691
\BOOKMARK [2][-]{subsection.21.108.3}{\376\377\000S\000u\000c\000c\000e\000s\000s\000\040\000C\000r\000i\000t\000e\000r\000i\000a}{section.21.108}% 692
\BOOKMARK [1][-]{section.21.109}{\376\377\000S\000t\000e\000p\000\040\0003\000:\000\040\000T\000o\000y\000\040\000M\000o\000d\000e\000l\000\040\000B\000o\000u\000n\000d\000s\000\040\000\050\000F\000e\000a\000s\000i\000b\000i\000l\000i\000t\000y\000\040\000W\000i\000n\000d\000o\000w\000\051}{chapter*.21}% 693
\BOOKMARK [2][-]{subsection.21.109.1}{\376\377\000S\000i\000m\000p\000l\000i\000f\000i\000e\000d\000\040\000A\000n\000s\000a\000t\000z}{section.21.109}% 694
\BOOKMARK [2][-]{subsection.21.109.2}{\376\377\000C\000h\000i\000r\000a\000l\000i\000t\000y\000\040\000S\000u\000p\000p\000r\000e\000s\000s\000i\000o\000n\000\040\000F\000a\000c\000t\000o\000r}{section.21.109}% 695
\BOOKMARK [2][-]{subsection.21.109.3}{\376\377\000O\000v\000e\000r\000l\000a\000p\000\040\000I\000n\000t\000e\000g\000r\000a\000l\000\040\000E\000s\000t\000i\000m\000a\000t\000e}{section.21.109}% 696
\BOOKMARK [2][-]{subsection.21.109.4}{\376\377\000R\000e\000q\000u\000i\000r\000e\000d\000\040\000\040\000f\000o\000r\000\040\000T\000a\000r\000g\000e\000t\000\040\000W\000i\000n\000d\000o\000w}{section.21.109}% 697
\BOOKMARK [2][-]{subsection.21.109.5}{\376\377\000T\000o\000y\000\040\000W\000i\000n\000d\000o\000w\000\040\000S\000u\000m\000m\000a\000r\000y}{section.21.109}% 698
\BOOKMARK [1][-]{section.21.110}{\376\377\000S\000u\000m\000m\000a\000r\000y}{chapter*.21}% 699
\BOOKMARK [2][-]{subsection.21.110.1}{\376\377\000E\000p\000i\000s\000t\000e\000m\000i\000c\000\040\000A\000s\000s\000e\000s\000s\000m\000e\000n\000t}{section.21.110}% 700
\BOOKMARK [1][-]{section.21.111}{\376\377\000S\000e\000t\000u\000p\000:\000\040\0005\000D\000\040\000A\000c\000t\000i\000o\000n\000\040\000a\000n\000d\000\040\000M\000o\000d\000e\000\040\000E\000q\000u\000a\000t\000i\000o\000n}{chapter*.21}% 701
\BOOKMARK [2][-]{subsection.21.111.1}{\376\377\000T\000h\000e\000\040\0005\000D\000\040\000F\000e\000r\000m\000i\000o\000n\000\040\000A\000c\000t\000i\000o\000n}{section.21.111}% 702
\BOOKMARK [2][-]{subsection.21.111.2}{\376\377\000K\000K\000\040\000D\000e\000c\000o\000m\000p\000o\000s\000i\000t\000i\000o\000n}{section.21.111}% 703
\BOOKMARK [2][-]{subsection.21.111.3}{\376\377\000M\000o\000d\000e\000\040\000E\000q\000u\000a\000t\000i\000o\000n\000s}{section.21.111}% 704
\BOOKMARK [1][-]{section.21.112}{\376\377\000B\000a\000c\000k\000g\000r\000o\000u\000n\000d\000\040\000T\000y\000p\000e\000\040\0001\000:\000\040\000G\000a\000u\000s\000s\000i\000a\000n\000\040\000W\000a\000l\000l}{chapter*.21}% 705
\BOOKMARK [2][-]{subsection.21.112.1}{\376\377\000P\000h\000y\000s\000i\000c\000a\000l\000\040\000M\000o\000t\000i\000v\000a\000t\000i\000o\000n}{section.21.112}% 706
\BOOKMARK [2][-]{subsection.21.112.2}{\376\377\000D\000e\000r\000i\000v\000e\000d\000\040\000P\000o\000t\000e\000n\000t\000i\000a\000l}{section.21.112}% 707
\BOOKMARK [2][-]{subsection.21.112.3}{\376\377\000S\000c\000a\000l\000i\000n\000g\000\040\000A\000n\000a\000l\000y\000s\000i\000s}{section.21.112}% 708
\BOOKMARK [1][-]{section.21.113}{\376\377\000B\000a\000c\000k\000g\000r\000o\000u\000n\000d\000\040\000T\000y\000p\000e\000\040\0002\000:\000\040\000R\000a\000n\000d\000a\000l\000l\000-\000S\000u\000n\000d\000r\000u\000m\000-\000l\000i\000k\000e}{chapter*.21}% 709
\BOOKMARK [2][-]{subsection.21.113.1}{\376\377\000P\000h\000y\000s\000i\000c\000a\000l\000\040\000M\000o\000t\000i\000v\000a\000t\000i\000o\000n}{section.21.113}% 710
\BOOKMARK [2][-]{subsection.21.113.2}{\376\377\000E\000f\000f\000e\000c\000t\000i\000v\000e\000\040\000P\000o\000t\000e\000n\000t\000i\000a\000l}{section.21.113}% 711
\BOOKMARK [2][-]{subsection.21.113.3}{\376\377\000S\000m\000o\000o\000t\000h\000e\000d\000\040\000V\000e\000r\000s\000i\000o\000n}{section.21.113}% 712
\BOOKMARK [1][-]{section.21.114}{\376\377\000B\000a\000c\000k\000g\000r\000o\000u\000n\000d\000\040\000T\000y\000p\000e\000\040\0003\000:\000\040\000D\000o\000m\000a\000i\000n\000\040\000W\000a\000l\000l\000\040\000\050\000T\000a\000n\000h\000\051}{chapter*.21}% 713
\BOOKMARK [2][-]{subsection.21.114.1}{\376\377\000P\000h\000y\000s\000i\000c\000a\000l\000\040\000M\000o\000t\000i\000v\000a\000t\000i\000o\000n}{section.21.114}% 714
\BOOKMARK [2][-]{subsection.21.114.2}{\376\377\000L\000e\000f\000t\000\040\000a\000n\000d\000\040\000R\000i\000g\000h\000t\000\040\000P\000o\000t\000e\000n\000t\000i\000a\000l\000s}{section.21.114}% 715
\BOOKMARK [2][-]{subsection.21.114.3}{\376\377\000C\000h\000i\000r\000a\000l\000i\000t\000y\000\040\000S\000e\000p\000a\000r\000a\000t\000i\000o\000n}{section.21.114}% 716
\BOOKMARK [1][-]{section.21.115}{\376\377\000C\000o\000m\000p\000a\000r\000i\000s\000o\000n\000\040\000o\000f\000\040\000B\000a\000c\000k\000g\000r\000o\000u\000n\000d\000\040\000T\000y\000p\000e\000s}{chapter*.21}% 717
\BOOKMARK [1][-]{section.21.116}{\376\377\000B\000V\000P\000\040\000I\000m\000p\000l\000e\000m\000e\000n\000t\000a\000t\000i\000o\000n}{chapter*.21}% 718
\BOOKMARK [2][-]{subsection.21.116.1}{\376\377\000T\000h\000e\000\040\000G\000a\000u\000s\000s\000i\000a\000n\000\040\000W\000a\000l\000l\000\040\000C\000h\000o\000i\000c\000e}{section.21.116}% 719
\BOOKMARK [2][-]{subsection.21.116.2}{\376\377\000P\000o\000t\000e\000n\000t\000i\000a\000l\000\040\000P\000a\000r\000a\000m\000e\000t\000e\000r\000s}{section.21.116}% 720
\BOOKMARK [2][-]{subsection.21.116.3}{\376\377\000F\000e\000r\000m\000i\000o\000n\000\040\000L\000o\000c\000a\000l\000i\000z\000a\000t\000i\000o\000n}{section.21.116}% 721
\BOOKMARK [1][-]{section.21.117}{\376\377\000E\000p\000i\000s\000t\000e\000m\000i\000c\000\040\000S\000t\000a\000t\000u\000s\000\040\000S\000u\000m\000m\000a\000r\000y}{chapter*.21}% 722
\BOOKMARK [1][-]{section.21.118}{\376\377\000W\000h\000a\000t\000\040\000R\000e\000m\000a\000i\000n\000s\000\040\000O\000p\000e\000n}{chapter*.21}% 723
\BOOKMARK [1][-]{section.21.119}{\376\377\000C\000o\000n\000c\000l\000u\000s\000i\000o\000n}{chapter*.21}% 724
\BOOKMARK [1][-]{section.21.120}{\376\377\000T\000h\000e\000\040\000P\000r\000e\000f\000a\000c\000t\000o\000r\000\040\000P\000r\000o\000b\000l\000e\000m}{chapter*.21}% 725
\BOOKMARK [1][-]{section.21.121}{\376\377\000S\000e\000m\000i\000c\000l\000a\000s\000s\000i\000c\000a\000l\000\040\000F\000r\000a\000m\000e\000w\000o\000r\000k}{chapter*.21}% 726
\BOOKMARK [2][-]{subsection.21.121.1}{\376\377\000S\000t\000a\000n\000d\000a\000r\000d\000\040\0001\000D\000\040\000T\000u\000n\000n\000e\000l\000i\000n\000g\000\040\000R\000e\000s\000u\000l\000t\000\040\000[\000M\000]}{section.21.121}% 727
\BOOKMARK [2][-]{subsection.21.121.2}{\376\377\000L\000i\000f\000e\000t\000i\000m\000e\000\040\000F\000o\000r\000m\000u\000l\000a}{section.21.121}% 728
\BOOKMARK [1][-]{section.21.122}{\376\377\000E\000x\000t\000r\000a\000c\000t\000i\000o\000n\000\040\000o\000f\000\040\000P\000r\000e\000f\000a\000c\000t\000o\000r\000\040\000A}{chapter*.21}% 729
\BOOKMARK [2][-]{subsection.21.122.1}{\376\377\000M\000a\000t\000c\000h\000i\000n\000g\000\040\000t\000o\000\040\000E\000D\000C\000\040\000F\000o\000r\000m\000u\000l\000a}{section.21.122}% 730
\BOOKMARK [2][-]{subsection.21.122.2}{\376\377\000C\000l\000o\000s\000e\000d\000-\000F\000o\000r\000m\000\040\000E\000x\000p\000r\000e\000s\000s\000i\000o\000n\000\040\000[\000D\000e\000r\000]}{section.21.122}% 731
\BOOKMARK [2][-]{subsection.21.122.3}{\376\377\000N\000u\000m\000e\000r\000i\000c\000a\000l\000\040\000E\000v\000a\000l\000u\000a\000t\000i\000o\000n}{section.21.122}% 732
\BOOKMARK [2][-]{subsection.21.122.4}{\376\377\000P\000h\000y\000s\000i\000c\000a\000l\000\040\000I\000n\000t\000e\000r\000p\000r\000e\000t\000a\000t\000i\000o\000n}{section.21.122}% 733
\BOOKMARK [1][-]{section.21.123}{\376\377\000B\000a\000r\000r\000i\000e\000r\000\040\000F\000r\000e\000q\000u\000e\000n\000c\000y\000\040\000E\000s\000t\000i\000m\000a\000t\000i\000o\000n}{chapter*.21}% 734
\BOOKMARK [2][-]{subsection.21.123.1}{\376\377\000F\000r\000o\000m\000\040\000P\000o\000t\000e\000n\000t\000i\000a\000l\000\040\000C\000u\000r\000v\000a\000t\000u\000r\000e}{section.21.123}% 735
\BOOKMARK [2][-]{subsection.21.123.2}{\376\377\000F\000r\000o\000m\000\040\000E\000x\000i\000s\000t\000i\000n\000g\000\040\000C\000o\000d\000e}{section.21.123}% 736
\BOOKMARK [1][-]{section.21.124}{\376\377\000S\000u\000m\000m\000a\000r\000y\000\040\000o\000f\000\040\000D\000e\000r\000i\000v\000e\000d\000\040\000F\000o\000r\000m\000u\000l\000a}{chapter*.21}% 737
\BOOKMARK [1][-]{section.21.125}{\376\377\000E\000p\000i\000s\000t\000e\000m\000i\000c\000\040\000A\000s\000s\000e\000s\000s\000m\000e\000n\000t}{chapter*.21}% 738
\BOOKMARK [2][-]{subsection.21.125.1}{\376\377\000W\000h\000a\000t\000\040\000i\000s\000\040\000D\000e\000r\000i\000v\000e\000d}{section.21.125}% 739
\BOOKMARK [2][-]{subsection.21.125.2}{\376\377\000W\000h\000a\000t\000\040\000R\000e\000m\000a\000i\000n\000s\000\040\000C\000o\000n\000d\000i\000t\000i\000o\000n\000a\000l}{section.21.125}% 740
\BOOKMARK [1][-]{section.21.126}{\376\377\000C\000o\000m\000p\000a\000r\000i\000s\000o\000n\000\040\000w\000i\000t\000h\000\040\000P\000r\000e\000v\000i\000o\000u\000s\000\040\000W\000o\000r\000k}{chapter*.21}% 741
\BOOKMARK [2][-]{subsection.21.126.1}{\376\377\000P\000r\000e\000v\000i\000o\000u\000s\000\040\000S\000t\000a\000t\000u\000s}{section.21.126}% 742
\BOOKMARK [2][-]{subsection.21.126.2}{\376\377\000C\000u\000r\000r\000e\000n\000t\000\040\000S\000t\000a\000t\000u\000s}{section.21.126}% 743
\BOOKMARK [1][-]{section.21.127}{\376\377\000C\000o\000n\000c\000l\000u\000s\000i\000o\000n}{chapter*.21}% 744
\BOOKMARK [1][-]{equation.21.406}{\376\377\000V\000o\000r\000t\000e\000x\000\040\000I\000n\000t\000e\000r\000a\000c\000t\000i\000o\000n\000\040\000A\000n\000a\000l\000y\000s\000i\000s}{chapter*.21}% 745
\BOOKMARK [1][-]{equation.21.409}{\376\377\000O\000p\000e\000n\000\040\000P\000r\000o\000b\000l\000e\000m\000\040\000R\000e\000g\000i\000s\000t\000r\000y}{chapter*.21}% 746
\BOOKMARK [1][-]{equation.21.409}{\376\377\000S\000u\000m\000m\000a\000r\000y\000\040\000B\000o\000x\000e\000s}{chapter*.21}% 747
\BOOKMARK [0][-]{chapter*.22}{\376\377\000M\000e\000t\000a\000\040\000D\000o\000c\000u\000m\000e\000n\000t\000a\000t\000i\000o\000n}{}% 748
\BOOKMARK [0][-]{chapter*.23}{\376\377\000R\000e\000f\000e\000r\000e\000n\000c\000e\000s}{}% 749
