pillar,pattern,file,line,context
P1_proton,Y-junction|Y junction|Yjunction,/Users/igor/ClaudeAI/EDC_Project/elastic-diffusive-cosmology_repo/edc_book_2/src/Z6_content_full.tex,70,\item Proton modeled as Y-junction (Steiner point)
P1_proton,Y-junction|Y junction|Yjunction,/Users/igor/ClaudeAI/EDC_Project/elastic-diffusive-cosmology_repo/edc_book_2/src/Z6_content_full.tex,75,\item Why tensions of Y-junction arms are equal
P1_proton,Y-junction|Y junction|Yjunction,/Users/igor/ClaudeAI/EDC_Project/elastic-diffusive-cosmology_repo/edc_book_2/src/Z6_content_full.tex,172,of defect lines (Y-junction arms) oriented along $\mathbb{Z}_3 \subset \mathbb{Z}_6$
P1_proton,Y-junction|Y junction|Yjunction,/Users/igor/ClaudeAI/EDC_Project/elastic-diffusive-cosmology_repo/edc_book_2/src/Z6_content_full.tex,193,Y-junction with arms along $\mathbb{Z}_3$ directions has $120°$ angles.
P1_proton,Y-junction|Y junction|Yjunction,/Users/igor/ClaudeAI/EDC_Project/elastic-diffusive-cosmology_repo/edc_book_2/src/Z6_content_full.tex,364,\textbf{Goal:} Show that the proton (Y-junction at Steiner point) is a
P1_proton,Y-junction|Y junction|Yjunction,/Users/igor/ClaudeAI/EDC_Project/elastic-diffusive-cosmology_repo/edc_book_2/src/Z6_content_full.tex,372,"title={Bridge: From Hexagonal Lattice to Proton as Y-Junction}, breakable]"
P1_proton,Y-junction|Y junction|Yjunction,/Users/igor/ClaudeAI/EDC_Project/elastic-diffusive-cosmology_repo/edc_book_2/src/Z6_content_full.tex,375,Step 4 claims the proton is a Y-junction. How are these connected?
P1_proton,Y-junction|Y junction|Yjunction,/Users/igor/ClaudeAI/EDC_Project/elastic-diffusive-cosmology_repo/edc_book_2/src/Z6_content_full.tex,382,\item \textbf{Nodes} (vertices) are where three flux tubes meet---these are Y-junctions!
P1_proton,Y-junction|Y junction|Yjunction,/Users/igor/ClaudeAI/EDC_Project/elastic-diffusive-cosmology_repo/edc_book_2/src/Z6_content_full.tex,385,Every node in a hexagonal lattice is automatically a Y-junction with $120°$ angles.
P1_proton,Y-junction|Y junction|Yjunction,/Users/igor/ClaudeAI/EDC_Project/elastic-diffusive-cosmology_repo/edc_book_2/src/Z6_content_full.tex,386,The lattice and the Y-junction are not separate structures---the Y-junction IS
P1_proton,Y-junction|Y junction|Yjunction,/Users/igor/ClaudeAI/EDC_Project/elastic-diffusive-cosmology_repo/edc_book_2/src/Z6_content_full.tex,401,Could a proton be something other than a Y-junction? Consider the alternatives:
P1_proton,Y-junction|Y junction|Yjunction,/Users/igor/ClaudeAI/EDC_Project/elastic-diffusive-cosmology_repo/edc_book_2/src/Z6_content_full.tex,405,\item \textbf{X-junction (4 arms):} Not a minimum (would split into two Y-junctions)
P1_proton,Y-junction|Y junction|Yjunction,/Users/igor/ClaudeAI/EDC_Project/elastic-diffusive-cosmology_repo/edc_book_2/src/Z6_content_full.tex,406,\item \textbf{Y-junction (3 arms):} Unique minimum with $\mathbb{Z}_3$ color structure---this is the proton!
P1_proton,Y-junction|Y junction|Yjunction,/Users/igor/ClaudeAI/EDC_Project/elastic-diffusive-cosmology_repo/edc_book_2/src/Z6_content_full.tex,418,The \emph{only} possibility is a Y-junction. The proton identification is not a choice---it
P1_proton,Y-junction|Y junction|Yjunction,/Users/igor/ClaudeAI/EDC_Project/elastic-diffusive-cosmology_repo/edc_book_2/src/Z6_content_full.tex,431,\begin{definition}[Y-Junction Configuration]
P1_proton,Y-junction|Y junction|Yjunction,/Users/igor/ClaudeAI/EDC_Project/elastic-diffusive-cosmology_repo/edc_book_2/src/Z6_content_full.tex,433,"A Y-junction is a configuration where three defect lines meet at a single point,"
P1_proton,Y-junction|Y junction|Yjunction,/Users/igor/ClaudeAI/EDC_Project/elastic-diffusive-cosmology_repo/edc_book_2/src/Z6_content_full.tex,451,"The proton Y-junction with arms at $(0°, 120°, 240°)$ is a fixed point of"
P1_proton,Y-junction|Y junction|Yjunction,/Users/igor/ClaudeAI/EDC_Project/elastic-diffusive-cosmology_repo/edc_book_2/src/Z6_content_full.tex,471,Energy functional for Y-junction:
P1_proton,Y-junction|Y junction|Yjunction,/Users/igor/ClaudeAI/EDC_Project/elastic-diffusive-cosmology_repo/edc_book_2/src/Z6_content_full.tex,550,bulk (Y-junction forced by $\mathbb{Z}_3$ symmetry). The same logic applies to the
P1_proton,Y-junction|Y junction|Yjunction,/Users/igor/ClaudeAI/EDC_Project/elastic-diffusive-cosmology_repo/edc_book_2/src/Z6_content_full.tex,577,"The Z6~Program already forced unique minima in the bulk (proton = Y-junction,"
P1_proton,Y-junction|Y junction|Yjunction,/Users/igor/ClaudeAI/EDC_Project/elastic-diffusive-cosmology_repo/edc_book_2/src/Z6_content_full.tex,645,The neutron is a Y-junction configuration with a non-zero net Burgers vector:
P1_proton,Y-junction|Y junction|Yjunction,/Users/igor/ClaudeAI/EDC_Project/elastic-diffusive-cosmology_repo/edc_book_2/src/Z6_content_full.tex,777,\item \textbf{Proton:} Perfect Y-junction with zero dislocation $\Rightarrow$ lower energy
P1_proton,Y-junction|Y junction|Yjunction,/Users/igor/ClaudeAI/EDC_Project/elastic-diffusive-cosmology_repo/edc_book_2/src/Z6_content_full.tex,778,\item \textbf{Neutron:} Y-junction + edge dislocation $\Rightarrow$ higher energy
P1_proton,Y-junction|Y junction|Yjunction,/Users/igor/ClaudeAI/EDC_Project/elastic-diffusive-cosmology_repo/edc_book_2/src/Z6_content_full.tex,935,"integral part of the Y-junction structure. To annihilate the dislocation, the"
P1_proton,Y-junction|Y junction|Yjunction,/Users/igor/ClaudeAI/EDC_Project/elastic-diffusive-cosmology_repo/edc_book_2/src/Z6_content_full.tex,992,for the Y-junction topology to transform from neutron ($udd$) to proton ($uud$)
P1_proton,Y-junction|Y junction|Yjunction,/Users/igor/ClaudeAI/EDC_Project/elastic-diffusive-cosmology_repo/edc_book_2/src/Z6_content_full.tex,1145,\item \textbf{Core transformation:} The Y-junction changes from $udd$ to $uud$
P1_proton,Y-junction|Y junction|Yjunction,/Users/igor/ClaudeAI/EDC_Project/elastic-diffusive-cosmology_repo/edc_book_2/src/Z6_content_full.tex,1457,Let $\Lambda$ be the hexagonal lattice with vertices (Y-junctions) and links
P1_proton,Y-junction|Y junction|Yjunction,/Users/igor/ClaudeAI/EDC_Project/elastic-diffusive-cosmology_repo/edc_book_2/src/Z6_content_full.tex,1465,The constraint at each Y-junction is:
P1_proton,Y-junction|Y junction|Yjunction,/Users/igor/ClaudeAI/EDC_Project/elastic-diffusive-cosmology_repo/edc_book_2/src/CH3_electroweak_parameters.tex,471,The dislocation is not a ``small wiggle''---it is integral to the Y-junction structure.
P1_proton,Y-junction|Y junction|Yjunction,/Users/igor/ClaudeAI/EDC_Project/elastic-diffusive-cosmology_repo/edc_book_2/src/figures/fig_master_weak_pipeline.tex,27,{Pion\\{\tiny junction-pair}};
P1_proton,Y-junction|Y junction|Yjunction,/Users/igor/ClaudeAI/EDC_Project/elastic-diffusive-cosmology_repo/edc_book_2/src/EDC_Part_II_Weak_Sector_rebuild.tex,782,defect (Y-junction dislocation) in the flux tube lattice.
P1_proton,Y-junction|Y junction|Yjunction,/Users/igor/ClaudeAI/EDC_Project/elastic-diffusive-cosmology_repo/edc_book_2/src/EDC_Part_II_Weak_Sector_rebuild.tex,808,2026 Jan (Week 2) & Neutron as Y-junction dislocation & \checkmark \\
P1_proton,Y-junction|Y junction|Yjunction,/Users/igor/ClaudeAI/EDC_Project/elastic-diffusive-cosmology_repo/edc_book_2/src/sections/13_summary.tex,121,\item \textbf{Why is the proton stable?} Chapter~2 proves that the proton Y-junction
P1_proton,Y-junction|Y junction|Yjunction,/Users/igor/ClaudeAI/EDC_Project/elastic-diffusive-cosmology_repo/edc_book_2/src/sections/02_geometry_interface.tex,52,The proton configuration (modeled as a Y-junction in the brane layer)
P1_proton,Y-junction|Y junction|Yjunction,/Users/igor/ClaudeAI/EDC_Project/elastic-diffusive-cosmology_repo/edc_book_2/src/sections/02_geometry_interface.tex,73,Our universe is stable because the proton Y-junction configuration represents a
P1_proton,Y-junction|Y junction|Yjunction,/Users/igor/ClaudeAI/EDC_Project/elastic-diffusive-cosmology_repo/edc_book_2/src/sections/02_frozen_regime_foundations.tex,39,\item \textbf{Proton structure:} The proton is a frozen Y-junction with configuration space
P1_proton,Y-junction|Y junction|Yjunction,/Users/igor/ClaudeAI/EDC_Project/elastic-diffusive-cosmology_repo/edc_book_2/src/sections/02_frozen_regime_foundations.tex,549,% 2.7 PROTON AS FROZEN Y-JUNCTION
P1_proton,Y-junction|Y junction|Yjunction,/Users/igor/ClaudeAI/EDC_Project/elastic-diffusive-cosmology_repo/edc_book_2/src/sections/02_frozen_regime_foundations.tex,551,\section{Proton as Frozen Y-Junction}
P1_proton,Y-junction|Y junction|Yjunction,/Users/igor/ClaudeAI/EDC_Project/elastic-diffusive-cosmology_repo/edc_book_2/src/sections/02_frozen_regime_foundations.tex,556,\textbf{5D cause:} Three flux tubes meeting at Y-junction in 5D bulk.\\
P1_proton,Y-junction|Y junction|Yjunction,/Users/igor/ClaudeAI/EDC_Project/elastic-diffusive-cosmology_repo/edc_book_2/src/sections/02_frozen_regime_foundations.tex,636,\subsection{The Steiner Problem: Optimal Y-Junction}
P1_proton,Y-junction|Y junction|Yjunction,/Users/igor/ClaudeAI/EDC_Project/elastic-diffusive-cosmology_repo/edc_book_2/src/sections/02_frozen_regime_foundations.tex,644,"For three points with equal connecting tensions, the minimal-length network is a Y-junction"
P1_proton,Y-junction|Y junction|Yjunction,/Users/igor/ClaudeAI/EDC_Project/elastic-diffusive-cosmology_repo/edc_book_2/src/sections/02_frozen_regime_foundations.tex,724,\textbf{5D cause:} Different topological structures (sphere vs.\ Y-junction).\\
P1_proton,Y-junction|Y junction|Yjunction,/Users/igor/ClaudeAI/EDC_Project/elastic-diffusive-cosmology_repo/edc_book_2/src/sections/02_frozen_regime_foundations.tex,960,\item Y-junction structure → proves proton is topological minimum
P1_proton,Y-junction|Y junction|Yjunction,/Users/igor/ClaudeAI/EDC_Project/elastic-diffusive-cosmology_repo/edc_book_2/src/sections/02_frozen_regime_foundations.tex,988,\item \textbf{Proton stability:} Z6 proves Y-junction is unique topological minimum
P1_proton,Y-junction|Y junction|Yjunction,/Users/igor/ClaudeAI/EDC_Project/elastic-diffusive-cosmology_repo/edc_book_2/src/sections/04b_proton_anchor.tex,11,\textbf{Postulate.} Our universe is stable because the proton Y-junction configuration represents
P1_proton,Y-junction|Y junction|Yjunction,/Users/igor/ClaudeAI/EDC_Project/elastic-diffusive-cosmology_repo/edc_book_2/src/sections/04b_proton_anchor.tex,36,The proton occupies a sector $\mathcal{C}_Y$ (Y-junction configurations) that is separated
P1_proton,Y-junction|Y junction|Yjunction,/Users/igor/ClaudeAI/EDC_Project/elastic-diffusive-cosmology_repo/edc_book_2/src/sections/04b_proton_anchor.tex,41,\begin{edcPropositionBox}{Proton as a locally minimizing Y-junction}{[P] $\to$ [Dc] in Ch2}
P1_proton,Y-junction|Y junction|Yjunction,/Users/igor/ClaudeAI/EDC_Project/elastic-diffusive-cosmology_repo/edc_book_2/src/sections/04b_proton_anchor.tex,42,The proton Y-junction configuration $\Psi_p$ is a \emph{local minimum} of $\mathcal{E}$
P1_proton,Y-junction|Y junction|Yjunction,/Users/igor/ClaudeAI/EDC_Project/elastic-diffusive-cosmology_repo/edc_book_2/src/sections/04b_proton_anchor.tex,60,\item The proton Y-junction emerges as a $\mathbb{Z}_3$ fixed point of the hexagonal lattice symmetry
P1_proton,Y-junction|Y junction|Yjunction,/Users/igor/ClaudeAI/EDC_Project/elastic-diffusive-cosmology_repo/edc_book_2/src/sections/04b_proton_anchor.tex,74,topological anchor plus ledger closure yield observer-robust worlds. The proton Y-junction is one
P1_proton,Y-junction|Y junction|Yjunction,/Users/igor/ClaudeAI/EDC_Project/elastic-diffusive-cosmology_repo/edc_book_2/src/sections/04b_proton_anchor.tex,93,"Proton is Y-junction minimum & [Dc] & Ch2, Thm 5.1 \\"
P1_proton,Y-junction|Y junction|Yjunction,/Users/igor/ClaudeAI/EDC_Project/elastic-diffusive-cosmology_repo/edc_book_2/src/sections/04b_proton_anchor.tex,114,\item If the Y-junction configuration cannot be realized as a stationary point of any reasonable
P1_proton,Y-junction|Y junction|Yjunction,/Users/igor/ClaudeAI/EDC_Project/elastic-diffusive-cosmology_repo/edc_book_2/src/sections/05_case_neutron.tex,19,"Neutron = excited Y-junction (same topology as proton, displaced from Steiner minimum)\\"
P1_proton,Y-junction|Y junction|Yjunction,/Users/igor/ClaudeAI/EDC_Project/elastic-diffusive-cosmology_repo/edc_book_2/src/sections/05_case_neutron.tex,26,"Y-junction in an excited state. Decay is geometric relaxation, not a point-particle"
P1_proton,Y-junction|Y junction|Yjunction,/Users/igor/ClaudeAI/EDC_Project/elastic-diffusive-cosmology_repo/edc_book_2/src/sections/05_case_neutron.tex,84,\item \textbf{Bulk-core:} The Y-junction with three flux-tube arms in the 5D bulk.
P1_proton,Y-junction|Y junction|Yjunction,/Users/igor/ClaudeAI/EDC_Project/elastic-diffusive-cosmology_repo/edc_book_2/src/sections/05_case_neutron.tex,141,Topology & Y-junction (3 arms) & Y-junction (3 arms) \\
P1_proton,Y-junction|Y junction|Yjunction,/Users/igor/ClaudeAI/EDC_Project/elastic-diffusive-cosmology_repo/edc_book_2/src/sections/05_case_neutron.tex,323,\paragraph{Stage A: Absorption (brane charging by junction relaxation).}
P1_proton,Y-junction|Y junction|Yjunction,/Users/igor/ClaudeAI/EDC_Project/elastic-diffusive-cosmology_repo/edc_book_2/src/sections/05_case_neutron.tex,607,its ledger: the energy deposited by junction relaxation must appear as observable
P1_proton,Y-junction|Y junction|Yjunction,/Users/igor/ClaudeAI/EDC_Project/elastic-diffusive-cosmology_repo/edc_book_2/src/sections/05_neutron_story.tex,27,"topological family as the anchored Y-junction, but displaced in the bulk-facing degrees of freedom."
P1_proton,Y-junction|Y junction|Yjunction,/Users/igor/ClaudeAI/EDC_Project/elastic-diffusive-cosmology_repo/edc_book_2/src/sections/ch11_opr20_attemptH1_mediator_identity.tex,257,\item Mass set by junction/BKT physics
P1_proton,Y-junction|Y junction|Yjunction,/Users/igor/ClaudeAI/EDC_Project/elastic-diffusive-cosmology_repo/edc_book_2/src/sections/06_case_muon.tex,62,"The neutron's complexity (three-arm Y-junction, baryonic topology, quark"
P1_proton,proton.*5D|5D.*proton,/Users/igor/ClaudeAI/EDC_Project/elastic-diffusive-cosmology_repo/edc_book_2/src/Z6_content_full.tex,17,"\emph{``Možeš li matematički dokazati (matematika 5D EDC), da je proton"
P1_proton,proton.*5D|5D.*proton,/Users/igor/ClaudeAI/EDC_Project/elastic-diffusive-cosmology_repo/edc_book_2/src/Z6_content_full.tex,25,\emph{``Can you \textbf{mathematically prove} (using 5D EDC mathematics) that the proton
P1_proton,proton.*5D|5D.*proton,/Users/igor/ClaudeAI/EDC_Project/elastic-diffusive-cosmology_repo/edc_book_2/src/Z6_content_full.tex,426,"\item The three flux tubes extend into the bulk (5D), anchoring the proton to the brane"
P1_proton,proton.*5D|5D.*proton,/Users/igor/ClaudeAI/EDC_Project/elastic-diffusive-cosmology_repo/edc_book_2/src/Z6_content_full.tex,490,% --- Visual: Proton as Perfect 5D Flux Tube Lattice ---
P1_proton,proton.*5D|5D.*proton,/Users/igor/ClaudeAI/EDC_Project/elastic-diffusive-cosmology_repo/edc_book_2/src/Z6_content_full.tex,494,"\node[font=\bfseries] at (0,3) {Proton: Perfect 5D Flux Tube Lattice};"
P1_proton,proton.*5D|5D.*proton,/Users/igor/ClaudeAI/EDC_Project/elastic-diffusive-cosmology_repo/edc_book_2/src/Z6_content_full.tex,653,% --- Visual: Proton vs Neutron in 5D Flux Tube Lattice ---
P1_proton,proton.*5D|5D.*proton,/Users/igor/ClaudeAI/EDC_Project/elastic-diffusive-cosmology_repo/edc_book_2/src/sections/02_geometry_interface.tex,74,local minimum of the 5D energy functional. The proton is not just ``the lightest
P1_proton,proton.*5D|5D.*proton,/Users/igor/ClaudeAI/EDC_Project/elastic-diffusive-cosmology_repo/edc_book_2/src/sections/12_epistemic_map.tex,248,"Bulk-core particles & Neutron, proton have 5D bulk structure \\"
P1_proton,proton.*5D|5D.*proton,/Users/igor/ClaudeAI/EDC_Project/elastic-diffusive-cosmology_repo/edc_book_2/src/sections/05_case_neutron.tex,25,The neutron is not a ``different particle'' from the proton---it is the same 5D
P1_proton,proton.*5D|5D.*proton,/Users/igor/ClaudeAI/EDC_Project/elastic-diffusive-cosmology_repo/edc_book_2/src/sections/02_frozen_regime_foundations.tex,81,"entities (electrons, protons, gauge fields) are \textbf{3D shadows} of this 5D geometry."
P1_proton,Steiner,/Users/igor/ClaudeAI/EDC_Project/elastic-diffusive-cosmology_repo/edc_book_2/src/EDC_Part_II_Weak_Sector_rebuild.tex,369,"3 & The $\mathbb{Z}_6$ Program & Proofs, Steiner angles, proton stability \\"
P1_proton,Steiner,/Users/igor/ClaudeAI/EDC_Project/elastic-diffusive-cosmology_repo/edc_book_2/src/EDC_Part_II_Weak_Sector_rebuild.tex,437,"\textit{Mathematical proofs for claims in Chapters~1--2: proton stability, Steiner angles,"
P1_proton,Steiner,/Users/igor/ClaudeAI/EDC_Project/elastic-diffusive-cosmology_repo/edc_book_2/src/EDC_Part_II_Weak_Sector_rebuild.tex,777,provides both stability (120° Steiner angles) and symmetry ($\mathbb{Z}_2 \times \mathbb{Z}_3$).
P1_proton,Steiner,/Users/igor/ClaudeAI/EDC_Project/elastic-diffusive-cosmology_repo/edc_book_2/src/EDC_Part_II_Weak_Sector_rebuild.tex,807,2026 Jan (Week 1) & Steiner angles derived (120°) & \checkmark \\
P1_proton,Steiner,/Users/igor/ClaudeAI/EDC_Project/elastic-diffusive-cosmology_repo/edc_book_2/src/bib/part2_backbone.bib,11,"% G) Geometric/variational (isoperimetric, Steiner)"
P1_proton,Steiner,/Users/igor/ClaudeAI/EDC_Project/elastic-diffusive-cosmology_repo/edc_book_2/src/bib/part2_backbone.bib,228,"% G) GEOMETRIC / VARIATIONAL (Isoperimetric, Steiner)"
P1_proton,Steiner,/Users/igor/ClaudeAI/EDC_Project/elastic-diffusive-cosmology_repo/edc_book_2/src/bib/part2_backbone.bib,244,"title     = {The Steiner Tree Problem},"
P1_proton,Steiner,/Users/igor/ClaudeAI/EDC_Project/elastic-diffusive-cosmology_repo/edc_book_2/src/Z6_content_full.tex,7,"the mysterious 120° Steiner angles were not accidents, but \emph{geometrically"
P1_proton,Steiner,/Users/igor/ClaudeAI/EDC_Project/elastic-diffusive-cosmology_repo/edc_book_2/src/Z6_content_full.tex,18,topološki energetski minimum i da je Steiner 120° geometrijski uvjetovano
P1_proton,Steiner,/Users/igor/ClaudeAI/EDC_Project/elastic-diffusive-cosmology_repo/edc_book_2/src/Z6_content_full.tex,26,"is a \textbf{topological energy minimum}, and that the Steiner 120° geometry is"
P1_proton,Steiner,/Users/igor/ClaudeAI/EDC_Project/elastic-diffusive-cosmology_repo/edc_book_2/src/Z6_content_full.tex,50,\item Does the \textbf{Steiner 120° angle} follow from $\mathcal{M}^5$ topology and
P1_proton,Steiner,/Users/igor/ClaudeAI/EDC_Project/elastic-diffusive-cosmology_repo/edc_book_2/src/Z6_content_full.tex,70,\item Proton modeled as Y-junction (Steiner point)
P1_proton,Steiner,/Users/igor/ClaudeAI/EDC_Project/elastic-diffusive-cosmology_repo/edc_book_2/src/Z6_content_full.tex,76,\item Why 120° specifically (beyond appeal to Steiner's theorem)
P1_proton,Steiner,/Users/igor/ClaudeAI/EDC_Project/elastic-diffusive-cosmology_repo/edc_book_2/src/Z6_content_full.tex,82,\section{Step 1: Classical Steiner Problem}
P1_proton,Steiner,/Users/igor/ClaudeAI/EDC_Project/elastic-diffusive-cosmology_repo/edc_book_2/src/Z6_content_full.tex,86,\begin{stepbox}{1}{The Classical Steiner Minimum}
P1_proton,Steiner,/Users/igor/ClaudeAI/EDC_Project/elastic-diffusive-cosmology_repo/edc_book_2/src/Z6_content_full.tex,94,"\begin{theorem}[Steiner, 1834] \tagM{}"
P1_proton,Steiner,/Users/igor/ClaudeAI/EDC_Project/elastic-diffusive-cosmology_repo/edc_book_2/src/Z6_content_full.tex,95,\label{thm:steiner}
P1_proton,Steiner,/Users/igor/ClaudeAI/EDC_Project/elastic-diffusive-cosmology_repo/edc_book_2/src/Z6_content_full.tex,97,connecting them consists of segments meeting at a point $S$ (Steiner point)
P1_proton,Steiner,/Users/igor/ClaudeAI/EDC_Project/elastic-diffusive-cosmology_repo/edc_book_2/src/Z6_content_full.tex,117,\label{eq:steiner_equilibrium}
P1_proton,Steiner,/Users/igor/ClaudeAI/EDC_Project/elastic-diffusive-cosmology_repo/edc_book_2/src/Z6_content_full.tex,124,Theorem \ref{thm:steiner} assumes all three segments have \textbf{equal weight}
P1_proton,Steiner,/Users/igor/ClaudeAI/EDC_Project/elastic-diffusive-cosmology_repo/edc_book_2/src/Z6_content_full.tex,189,\begin{corollary}[Steiner Angles from $\mathbb{Z}_6$]
P1_proton,Steiner,/Users/igor/ClaudeAI/EDC_Project/elastic-diffusive-cosmology_repo/edc_book_2/src/Z6_content_full.tex,190,\label{cor:steiner_z6}
P1_proton,Steiner,/Users/igor/ClaudeAI/EDC_Project/elastic-diffusive-cosmology_repo/edc_book_2/src/Z6_content_full.tex,199,"By Theorem \ref{thm:steiner}, equilibrium requires $120°$ angles."
P1_proton,Steiner,/Users/igor/ClaudeAI/EDC_Project/elastic-diffusive-cosmology_repo/edc_book_2/src/Z6_content_full.tex,351,\item \tagDc{} Steiner 120° angles (Corollary \ref{cor:steiner_z6})
P1_proton,Steiner,/Users/igor/ClaudeAI/EDC_Project/elastic-diffusive-cosmology_repo/edc_book_2/src/Z6_content_full.tex,364,\textbf{Goal:} Show that the proton (Y-junction at Steiner point) is a
P1_proton,Steiner,/Users/igor/ClaudeAI/EDC_Project/elastic-diffusive-cosmology_repo/edc_book_2/src/Z6_content_full.tex,415,\item Energy is minimized (Steiner configuration)
P1_proton,Steiner,/Users/igor/ClaudeAI/EDC_Project/elastic-diffusive-cosmology_repo/edc_book_2/src/Z6_content_full.tex,476,"At the Steiner configuration $(\theta_1, \theta_2, \theta_3) = (0°, 120°, 240°)$:"
P1_proton,Steiner,/Users/igor/ClaudeAI/EDC_Project/elastic-diffusive-cosmology_repo/edc_book_2/src/Z6_content_full.tex,478,"\textbf{First variation:} $\delta E = 0$ (equilibrium, by Steiner's theorem)"
P1_proton,Steiner,/Users/igor/ClaudeAI/EDC_Project/elastic-diffusive-cosmology_repo/edc_book_2/src/Z6_content_full.tex,487,"Hessian is positive-definite, so Steiner configuration is a local minimum."
P1_proton,Steiner,/Users/igor/ClaudeAI/EDC_Project/elastic-diffusive-cosmology_repo/edc_book_2/src/Z6_content_full.tex,521,All angles $= 120^\circ$ (Steiner minimum)\\
P1_proton,Steiner,/Users/igor/ClaudeAI/EDC_Project/elastic-diffusive-cosmology_repo/edc_book_2/src/Z6_content_full.tex,537,\item \tagDc{} Steiner equilibrium (Corollary \ref{cor:steiner_z6})
P1_proton,Steiner,/Users/igor/ClaudeAI/EDC_Project/elastic-diffusive-cosmology_repo/edc_book_2/src/Z6_content_full.tex,936,entire Steiner node must reorganize:
P1_proton,Steiner,/Users/igor/ClaudeAI/EDC_Project/elastic-diffusive-cosmology_repo/edc_book_2/src/Z6_content_full.tex,1399,the Steiner angles!
P1_proton,Steiner,/Users/igor/ClaudeAI/EDC_Project/elastic-diffusive-cosmology_repo/edc_book_2/src/Z6_content_full.tex,1864,"\node[box, fill=purple!20] (steiner) at (0,-7.5) {[Dc] Steiner 120°};"
P1_proton,Steiner,/Users/igor/ClaudeAI/EDC_Project/elastic-diffusive-cosmology_repo/edc_book_2/src/Z6_content_full.tex,1882,\draw[arrow] (equal) -- (steiner);
P1_proton,Steiner,/Users/igor/ClaudeAI/EDC_Project/elastic-diffusive-cosmology_repo/edc_book_2/src/Z6_content_full.tex,1884,\draw[arrow] (steiner) -- (proton);
P1_proton,Steiner,/Users/igor/ClaudeAI/EDC_Project/elastic-diffusive-cosmology_repo/edc_book_2/src/Z6_content_full.tex,1885,\draw[arrow] (steiner) -- (neutron);
P1_proton,Steiner,/Users/igor/ClaudeAI/EDC_Project/elastic-diffusive-cosmology_repo/edc_book_2/src/Z6_content_full.tex,1905,Steiner theorem (equal weights $\to$ 120°) & \tagM{} & Classical geometry \\
P1_proton,Steiner,/Users/igor/ClaudeAI/EDC_Project/elastic-diffusive-cosmology_repo/edc_book_2/src/Z6_content_full.tex,1918,Steiner angles & \tagDc{} & From equal tensions + [M] \\
P1_proton,Steiner,/Users/igor/ClaudeAI/EDC_Project/elastic-diffusive-cosmology_repo/edc_book_2/src/Z6_content_full.tex,1954,\item \textbf{Q2: Does Steiner 120° follow from $\mathcal{M}^5$ topology and BC?}
P1_proton,Steiner,/Users/igor/ClaudeAI/EDC_Project/elastic-diffusive-cosmology_repo/edc_book_2/src/Z6_content_full.tex,1960,\item Equal tensions $\to$ Steiner equilibrium at 120°
P1_proton,Steiner,/Users/igor/ClaudeAI/EDC_Project/elastic-diffusive-cosmology_repo/edc_book_2/src/Z6_content_full.tex,2092,"Steiner problems to Standard Model symmetries, and crystal dislocations to"
P1_proton,Steiner,/Users/igor/ClaudeAI/EDC_Project/elastic-diffusive-cosmology_repo/edc_book_2/src/CH3_electroweak_parameters.tex,472,"To annihilate the dislocation, the entire Steiner node must reorganize:"
P1_proton,Steiner,/Users/igor/ClaudeAI/EDC_Project/elastic-diffusive-cosmology_repo/edc_book_2/src/sections/05_neutron_story.tex,100,"Here $q\approx 0$ denotes proximity to the anchored junction geometry (Steiner-like closure),"
P1_proton,Steiner,/Users/igor/ClaudeAI/EDC_Project/elastic-diffusive-cosmology_repo/edc_book_2/src/sections/13_summary.tex,124,\item \textbf{Why 120° Steiner angles?} The Steiner geometry is not assumed but
P1_proton,Steiner,/Users/igor/ClaudeAI/EDC_Project/elastic-diffusive-cosmology_repo/edc_book_2/src/sections/09_case_electron.tex,187,"the proton ground state (Steiner $120^\circ$, $q = 0$). This releases"
P1_proton,Steiner,/Users/igor/ClaudeAI/EDC_Project/elastic-diffusive-cosmology_repo/edc_book_2/src/sections/02_frozen_regime_foundations.tex,22,"\item \textbf{Brane process:} Step-function profiles, energy minimization, isoperimetric/Steiner constraints"
P1_proton,Steiner,/Users/igor/ClaudeAI/EDC_Project/elastic-diffusive-cosmology_repo/edc_book_2/src/sections/02_frozen_regime_foundations.tex,40,"volume $\text{Area}(S^3)^3 = (2\pi^2)^3$, derived from Steiner equilibrium \tagM{}."
P1_proton,Steiner,/Users/igor/ClaudeAI/EDC_Project/elastic-diffusive-cosmology_repo/edc_book_2/src/sections/02_frozen_regime_foundations.tex,442,"\item By Steiner symmetrization, the surface area decreases (or stays same) when the"
P1_proton,Steiner,/Users/igor/ClaudeAI/EDC_Project/elastic-diffusive-cosmology_repo/edc_book_2/src/sections/02_frozen_regime_foundations.tex,557,\textbf{Brane process:} Steiner equilibrium + 4D angular integration.\\
P1_proton,Steiner,/Users/igor/ClaudeAI/EDC_Project/elastic-diffusive-cosmology_repo/edc_book_2/src/sections/02_frozen_regime_foundations.tex,636,\subsection{The Steiner Problem: Optimal Y-Junction}
P1_proton,Steiner,/Users/igor/ClaudeAI/EDC_Project/elastic-diffusive-cosmology_repo/edc_book_2/src/sections/02_frozen_regime_foundations.tex,638,The Steiner tree problem~\cite{HwangRichardsWinter1992} asks for the minimal-length network
P1_proton,Steiner,/Users/igor/ClaudeAI/EDC_Project/elastic-diffusive-cosmology_repo/edc_book_2/src/sections/02_frozen_regime_foundations.tex,641,\begin{theorem}[Steiner Equilibrium]
P1_proton,Steiner,/Users/igor/ClaudeAI/EDC_Project/elastic-diffusive-cosmology_repo/edc_book_2/src/sections/02_frozen_regime_foundations.tex,642,\label{thm:ch2_steiner}
P1_proton,Steiner,/Users/igor/ClaudeAI/EDC_Project/elastic-diffusive-cosmology_repo/edc_book_2/src/sections/02_frozen_regime_foundations.tex,653,\label{eq:ch2_steiner_length}
P1_proton,Steiner,/Users/igor/ClaudeAI/EDC_Project/elastic-diffusive-cosmology_repo/edc_book_2/src/sections/02_frozen_regime_foundations.tex,659,\label{eq:ch2_steiner_condition}
P1_proton,Steiner,/Users/igor/ClaudeAI/EDC_Project/elastic-diffusive-cosmology_repo/edc_book_2/src/sections/02_frozen_regime_foundations.tex,952,\item Proton: Area$(S^3)^3 = (2\pi^2)^3$ from Steiner + 4D integration
P1_proton,Steiner,/Users/igor/ClaudeAI/EDC_Project/elastic-diffusive-cosmology_repo/edc_book_2/src/sections/04b_proton_anchor.tex,50,"symmetry with geometrically inevitable 120° Steiner angles. Here in Chapter~1, we take this"
P1_proton,Steiner,/Users/igor/ClaudeAI/EDC_Project/elastic-diffusive-cosmology_repo/edc_book_2/src/sections/04b_proton_anchor.tex,61,\item The 120° Steiner angles are geometrically \emph{inevitable} from $\mathbb{Z}_6$-invariant boundary conditions
P1_proton,Steiner,/Users/igor/ClaudeAI/EDC_Project/elastic-diffusive-cosmology_repo/edc_book_2/src/sections/04b_proton_anchor.tex,94,"120° Steiner angles & [Dc] & Ch2, Cor 3.1 \\"
P1_proton,Steiner,/Users/igor/ClaudeAI/EDC_Project/elastic-diffusive-cosmology_repo/edc_book_2/src/sections/05_case_neutron.tex,19,"Neutron = excited Y-junction (same topology as proton, displaced from Steiner minimum)\\"
P1_proton,Steiner,/Users/igor/ClaudeAI/EDC_Project/elastic-diffusive-cosmology_repo/edc_book_2/src/sections/05_case_neutron.tex,86,$q = 0$ = proton (Steiner minimum); $q > 0$ = neutron (excited).
P1_proton,Steiner,/Users/igor/ClaudeAI/EDC_Project/elastic-diffusive-cosmology_repo/edc_book_2/src/sections/05_case_neutron.tex,128,from the Steiner minimum.
P1_proton,Steiner,/Users/igor/ClaudeAI/EDC_Project/elastic-diffusive-cosmology_repo/edc_book_2/src/sections/05_case_neutron.tex,131,"5D object} in an excited state, destined to relax toward the Steiner minimum."
P1_proton,Steiner,/Users/igor/ClaudeAI/EDC_Project/elastic-diffusive-cosmology_repo/edc_book_2/src/sections/05_case_neutron.tex,142,Arm angles & $120\degree$ (Steiner) & $\neq 120\degree$ (excited) \\
P1_proton,Steiner,/Users/igor/ClaudeAI/EDC_Project/elastic-diffusive-cosmology_repo/edc_book_2/src/sections/05_case_neutron.tex,153,collective coordinate measuring departure from Steiner symmetry is:
P1_proton,Steiner,/Users/igor/ClaudeAI/EDC_Project/elastic-diffusive-cosmology_repo/edc_book_2/src/sections/05_case_neutron.tex,161,\item $q = 0$: Steiner configuration ($\hat{e}_1 + \hat{e}_2 + \hat{e}_3 = 0$)
P1_proton,Steiner,/Users/igor/ClaudeAI/EDC_Project/elastic-diffusive-cosmology_repo/edc_book_2/src/sections/05_case_neutron.tex,168,$q_n \approx 1/3$ (half-Steiner displacement) \tagI{}.
P1_proton,Steiner,/Users/igor/ClaudeAI/EDC_Project/elastic-diffusive-cosmology_repo/edc_book_2/src/sections/05_case_neutron.tex,171,Any displacement from the Steiner minimum ($q = 0$) carries positive geometric energy:
P1_proton,Steiner,/Users/igor/ClaudeAI/EDC_Project/elastic-diffusive-cosmology_repo/edc_book_2/src/sections/05_case_neutron.tex,177,"Since the Steiner point is a local minimum of the total weighted length, the energy"
P1_proton,Steiner,/Users/igor/ClaudeAI/EDC_Project/elastic-diffusive-cosmology_repo/edc_book_2/src/sections/05_case_neutron.tex,181,proton ($q = 0$). This energy difference drives relaxation toward the Steiner minimum.
P1_proton,Steiner,/Users/igor/ClaudeAI/EDC_Project/elastic-diffusive-cosmology_repo/edc_book_2/src/sections/05_case_neutron.tex,217,sits at $q=0$ (Steiner minimum); the neutron at $q_n > 0$ (metastable excited state).
P1_proton,Steiner,/Users/igor/ClaudeAI/EDC_Project/elastic-diffusive-cosmology_repo/edc_book_2/src/sections/05_case_neutron.tex,265,The collective coordinate $q$ measures overall departure from Steiner; the
P1_proton,Steiner,/Users/igor/ClaudeAI/EDC_Project/elastic-diffusive-cosmology_repo/edc_book_2/src/sections/05_case_neutron.tex,298,$q(t)$ (junction displacement from Steiner) releases geometric energy
P1_proton,Steiner,/Users/igor/ClaudeAI/EDC_Project/elastic-diffusive-cosmology_repo/edc_book_2/src/sections/05_case_neutron.tex,769,$q_n \approx 1/3$ & identified & \tagI{} & Half-Steiner (OPR-24) \\
P1_proton,Steiner,/Users/igor/ClaudeAI/EDC_Project/elastic-diffusive-cosmology_repo/edc_book_2/src/sections/06_case_muon.tex,117,"Steiner minimum), the muon is a \emph{brane-layer eigenmode} that"
P1_proton,topolog.*proton|proton.*topolog,/Users/igor/ClaudeAI/EDC_Project/elastic-diffusive-cosmology_repo/edc_book_2/src/Z6_content_full.tex,49,\item Is the proton a \textbf{topological energy minimum}?
P1_proton,topolog.*proton|proton.*topolog,/Users/igor/ClaudeAI/EDC_Project/elastic-diffusive-cosmology_repo/edc_book_2/src/Z6_content_full.tex,358,\section{Step 4: Proton as Topological Energy Minimum}
P1_proton,topolog.*proton|proton.*topolog,/Users/igor/ClaudeAI/EDC_Project/elastic-diffusive-cosmology_repo/edc_book_2/src/Z6_content_full.tex,529,\textbf{Question Q1:} Is the proton a topological energy minimum?
P1_proton,topolog.*proton|proton.*topolog,/Users/igor/ClaudeAI/EDC_Project/elastic-diffusive-cosmology_repo/edc_book_2/src/Z6_content_full.tex,549,Step~4 established that the \textbf{proton} is a topological energy minimum in the
P1_proton,topolog.*proton|proton.*topolog,/Users/igor/ClaudeAI/EDC_Project/elastic-diffusive-cosmology_repo/edc_book_2/src/Z6_content_full.tex,992,for the Y-junction topology to transform from neutron ($udd$) to proton ($uud$)
P1_proton,topolog.*proton|proton.*topolog,/Users/igor/ClaudeAI/EDC_Project/elastic-diffusive-cosmology_repo/edc_book_2/src/Z6_content_full.tex,1945,\item \textbf{Q1: Is the proton a topological energy minimum?}
P1_proton,topolog.*proton|proton.*topolog,/Users/igor/ClaudeAI/EDC_Project/elastic-diffusive-cosmology_repo/edc_book_2/src/sections/05_case_neutron.tex,19,"Neutron = excited Y-junction (same topology as proton, displaced from Steiner minimum)\\"
P1_proton,topolog.*proton|proton.*topolog,/Users/igor/ClaudeAI/EDC_Project/elastic-diffusive-cosmology_repo/edc_book_2/src/sections/05_case_neutron.tex,127,"topological structure} as the proton, but in an \textbf{excited state}---displaced"
P1_proton,topolog.*proton|proton.*topolog,/Users/igor/ClaudeAI/EDC_Project/elastic-diffusive-cosmology_repo/edc_book_2/src/sections/02_frozen_regime_foundations.tex,960,\item Y-junction structure → proves proton is topological minimum
P1_proton,topolog.*proton|proton.*topolog,/Users/igor/ClaudeAI/EDC_Project/elastic-diffusive-cosmology_repo/edc_book_2/src/sections/02_frozen_regime_foundations.tex,988,\item \textbf{Proton stability:} Z6 proves Y-junction is unique topological minimum
P1_proton,topolog.*proton|proton.*topolog,/Users/igor/ClaudeAI/EDC_Project/elastic-diffusive-cosmology_repo/edc_book_2/src/sections/04b_proton_anchor.tex,2,% Section: Proton as a Topological Anchor of the Brane--Observer Interface
P1_proton,topolog.*proton|proton.*topolog,/Users/igor/ClaudeAI/EDC_Project/elastic-diffusive-cosmology_repo/edc_book_2/src/sections/04b_proton_anchor.tex,5,\subsection{Proton as a Topological Anchor of the Brane--Observer Interface}
P1_proton,topolog.*proton|proton.*topolog,/Users/igor/ClaudeAI/EDC_Project/elastic-diffusive-cosmology_repo/edc_book_2/src/sections/04b_proton_anchor.tex,13,"In EDC, the proton is not merely ``the lightest baryon''; it is a \emph{topological anchor} that stabilizes"
P1_proton,topolog.*proton|proton.*topolog,/Users/igor/ClaudeAI/EDC_Project/elastic-diffusive-cosmology_repo/edc_book_2/src/sections/04b_proton_anchor.tex,74,topological anchor plus ledger closure yield observer-robust worlds. The proton Y-junction is one
P1_proton,topolog.*proton|proton.*topolog,/Users/igor/ClaudeAI/EDC_Project/elastic-diffusive-cosmology_repo/edc_book_2/src/sections/04b_proton_anchor.tex,112,"\item If proton decay is observed at rates inconsistent with a topologically protected minimum, the"
P1_proton,flux.*tube,/Users/igor/ClaudeAI/EDC_Project/elastic-diffusive-cosmology_repo/edc_book_2/src/EDC_Part_II_Weak_Sector_rebuild.tex,776,\textbf{Key insight \#1:} The $\mathbb{Z}_6$ hexagonal lattice structure of flux tubes
P1_proton,flux.*tube,/Users/igor/ClaudeAI/EDC_Project/elastic-diffusive-cosmology_repo/edc_book_2/src/EDC_Part_II_Weak_Sector_rebuild.tex,782,defect (Y-junction dislocation) in the flux tube lattice.
P1_proton,flux.*tube,/Users/igor/ClaudeAI/EDC_Project/elastic-diffusive-cosmology_repo/edc_book_2/src/CH3_electroweak_parameters.tex,45,it as a hexagonal lattice of flux tubes threading the brane. This geometry is
P1_proton,flux.*tube,/Users/igor/ClaudeAI/EDC_Project/elastic-diffusive-cosmology_repo/edc_book_2/src/Z6_content_full.tex,239,\begin{postulate}[Flux Tube Interactions]
P1_proton,flux.*tube,/Users/igor/ClaudeAI/EDC_Project/elastic-diffusive-cosmology_repo/edc_book_2/src/Z6_content_full.tex,242,Flux tubes (defect lines) in the thick-brane have:
P1_proton,flux.*tube,/Users/igor/ClaudeAI/EDC_Project/elastic-diffusive-cosmology_repo/edc_book_2/src/Z6_content_full.tex,256,"title={Physical Justification: Why Flux Tubes Repel and Attract}, breakable]"
P1_proton,flux.*tube,/Users/igor/ClaudeAI/EDC_Project/elastic-diffusive-cosmology_repo/edc_book_2/src/Z6_content_full.tex,265,A flux tube is a topological defect where the brane field $\Phi(z)$ winds around
P1_proton,flux.*tube,/Users/igor/ClaudeAI/EDC_Project/elastic-diffusive-cosmology_repo/edc_book_2/src/Z6_content_full.tex,269,\item Two flux tubes cannot overlap without their cores interfering
P1_proton,flux.*tube,/Users/igor/ClaudeAI/EDC_Project/elastic-diffusive-cosmology_repo/edc_book_2/src/Z6_content_full.tex,279,Flux tubes are ``punctures'' where bulk energy leaks into the brane:
P1_proton,flux.*tube,/Users/igor/ClaudeAI/EDC_Project/elastic-diffusive-cosmology_repo/edc_book_2/src/Z6_content_full.tex,281,\item Isolated flux tube: energy cost $\sim \sigma \cdot L$ (linear in length $L$)
P1_proton,flux.*tube,/Users/igor/ClaudeAI/EDC_Project/elastic-diffusive-cosmology_repo/edc_book_2/src/Z6_content_full.tex,282,\item Two flux tubes separated by distance $r$: bulk field must span the gap
P1_proton,flux.*tube,/Users/igor/ClaudeAI/EDC_Project/elastic-diffusive-cosmology_repo/edc_book_2/src/Z6_content_full.tex,286,This is analogous to QCD confinement: quarks are connected by color flux tubes
P1_proton,flux.*tube,/Users/igor/ClaudeAI/EDC_Project/elastic-diffusive-cosmology_repo/edc_book_2/src/Z6_content_full.tex,293,"mechanism: Plenum inflow creates pressure that pushes flux tubes together,"
P1_proton,flux.*tube,/Users/igor/ClaudeAI/EDC_Project/elastic-diffusive-cosmology_repo/edc_book_2/src/Z6_content_full.tex,306,Lattice QCD simulations show exactly this behavior: color flux tubes crystallize
P1_proton,flux.*tube,/Users/igor/ClaudeAI/EDC_Project/elastic-diffusive-cosmology_repo/edc_book_2/src/Z6_content_full.tex,339,"Therefore, if flux tubes crystallize into a hexagonal lattice on the thick-brane,"
P1_proton,flux.*tube,/Users/igor/ClaudeAI/EDC_Project/elastic-diffusive-cosmology_repo/edc_book_2/src/Z6_content_full.tex,346,\item \tagP{} Flux tubes exist with repulsion + attraction
P1_proton,flux.*tube,/Users/igor/ClaudeAI/EDC_Project/elastic-diffusive-cosmology_repo/edc_book_2/src/Z6_content_full.tex,348,\item \tagDc{} Flux tubes crystallize into hexagonal lattice
P1_proton,flux.*tube,/Users/igor/ClaudeAI/EDC_Project/elastic-diffusive-cosmology_repo/edc_book_2/src/Z6_content_full.tex,374,\textbf{The conceptual gap:} Step 3 established that flux tubes form a hexagonal lattice.
P1_proton,flux.*tube,/Users/igor/ClaudeAI/EDC_Project/elastic-diffusive-cosmology_repo/edc_book_2/src/Z6_content_full.tex,381,\item \textbf{Bonds} (edges) are flux tubes carrying color charge
P1_proton,flux.*tube,/Users/igor/ClaudeAI/EDC_Project/elastic-diffusive-cosmology_repo/edc_book_2/src/Z6_content_full.tex,382,\item \textbf{Nodes} (vertices) are where three flux tubes meet---these are Y-junctions!
P1_proton,flux.*tube,/Users/igor/ClaudeAI/EDC_Project/elastic-diffusive-cosmology_repo/edc_book_2/src/Z6_content_full.tex,394,\item A \textbf{proton} is a \emph{perfect} node---three flux tubes meeting at $120°$ angles
P1_proton,flux.*tube,/Users/igor/ClaudeAI/EDC_Project/elastic-diffusive-cosmology_repo/edc_book_2/src/Z6_content_full.tex,414,\item Color flux is conserved (flux tubes cannot end)
P1_proton,flux.*tube,/Users/igor/ClaudeAI/EDC_Project/elastic-diffusive-cosmology_repo/edc_book_2/src/Z6_content_full.tex,426,"\item The three flux tubes extend into the bulk (5D), anchoring the proton to the brane"
P1_proton,flux.*tube,/Users/igor/ClaudeAI/EDC_Project/elastic-diffusive-cosmology_repo/edc_book_2/src/Z6_content_full.tex,490,% --- Visual: Proton as Perfect 5D Flux Tube Lattice ---
P1_proton,flux.*tube,/Users/igor/ClaudeAI/EDC_Project/elastic-diffusive-cosmology_repo/edc_book_2/src/Z6_content_full.tex,494,"\node[font=\bfseries] at (0,3) {Proton: Perfect 5D Flux Tube Lattice};"
P1_proton,flux.*tube,/Users/igor/ClaudeAI/EDC_Project/elastic-diffusive-cosmology_repo/edc_book_2/src/Z6_content_full.tex,510,% Draw hex bonds (flux tubes)
P1_proton,flux.*tube,/Users/igor/ClaudeAI/EDC_Project/elastic-diffusive-cosmology_repo/edc_book_2/src/Z6_content_full.tex,533,\item \tagP{} Flux tube interactions (Postulate \ref{post:flux_interactions})
P1_proton,flux.*tube,/Users/igor/ClaudeAI/EDC_Project/elastic-diffusive-cosmology_repo/edc_book_2/src/Z6_content_full.tex,636,Six minimal Burgers vectors in the 5D flux tube lattice\\
P1_proton,flux.*tube,/Users/igor/ClaudeAI/EDC_Project/elastic-diffusive-cosmology_repo/edc_book_2/src/Z6_content_full.tex,653,% --- Visual: Proton vs Neutron in 5D Flux Tube Lattice ---
P1_proton,flux.*tube,/Users/igor/ClaudeAI/EDC_Project/elastic-diffusive-cosmology_repo/edc_book_2/src/Z6_content_full.tex,987,\item The path involves both radial and angular rearrangements of flux tubes
P1_proton,flux.*tube,/Users/igor/ClaudeAI/EDC_Project/elastic-diffusive-cosmology_repo/edc_book_2/src/Z6_content_full.tex,1094,\item $a = r_e$ is the \textbf{only natural scale} for flux tube lattice spacing
P1_proton,flux.*tube,/Users/igor/ClaudeAI/EDC_Project/elastic-diffusive-cosmology_repo/edc_book_2/src/Z6_content_full.tex,1146,topology. This requires rearranging $\sim 3$ flux tubes.
P1_proton,flux.*tube,/Users/igor/ClaudeAI/EDC_Project/elastic-diffusive-cosmology_repo/edc_book_2/src/Z6_content_full.tex,1174,"configuration space of the flux tube lattice, with 64 elementary steps along"
P1_proton,flux.*tube,/Users/igor/ClaudeAI/EDC_Project/elastic-diffusive-cosmology_repo/edc_book_2/src/Z6_content_full.tex,1458,"(flux tubes). For each oriented link $\ell$, define the $\mathbb{Z}_3$ connection:"
P1_proton,flux.*tube,/Users/igor/ClaudeAI/EDC_Project/elastic-diffusive-cosmology_repo/edc_book_2/src/Z6_content_full.tex,1462,"where $m_\ell \in \{0, 1, 2\}$ is the color charge carried by the flux tube,"
P1_proton,flux.*tube,/Users/igor/ClaudeAI/EDC_Project/elastic-diffusive-cosmology_repo/edc_book_2/src/Z6_content_full.tex,1847,"\node[box, fill=orange!20] (post1) at (0,0) {[P1] Flux tubes exist};"
P1_proton,flux.*tube,/Users/igor/ClaudeAI/EDC_Project/elastic-diffusive-cosmology_repo/edc_book_2/src/Z6_content_full.tex,1910,Flux tubes exist in thick-brane & \tagP{} & EDC postulate \\
P1_proton,flux.*tube,/Users/igor/ClaudeAI/EDC_Project/elastic-diffusive-cosmology_repo/edc_book_2/src/Z6_content_full.tex,1911,Flux tubes have repulsion + attraction & \tagP{} & Physical assumption \\
P1_proton,flux.*tube,/Users/igor/ClaudeAI/EDC_Project/elastic-diffusive-cosmology_repo/edc_book_2/src/Z6_content_full.tex,1947,"\textbf{YES.} Given Postulate \ref{post:flux_interactions} (flux tube interactions),"
P1_proton,flux.*tube,/Users/igor/ClaudeAI/EDC_Project/elastic-diffusive-cosmology_repo/edc_book_2/src/Z6_content_full.tex,2055,minimal assumptions (flux tube interactions). Whether it constitutes a
P1_proton,flux.*tube,/Users/igor/ClaudeAI/EDC_Project/elastic-diffusive-cosmology_repo/edc_book_2/src/figures/fig_three_channel_localization.tex,24,% Hexagonal flux tube hints
P1_proton,flux.*tube,/Users/igor/ClaudeAI/EDC_Project/elastic-diffusive-cosmology_repo/edc_book_2/src/sections/05_three_generations.tex,63,\textbf{Step 2: Flux tubes arrange hexagonally.}
P1_proton,flux.*tube,/Users/igor/ClaudeAI/EDC_Project/elastic-diffusive-cosmology_repo/edc_book_2/src/sections/05_three_generations.tex,64,Energy minimization forces the flux tubes threading
P1_proton,flux.*tube,/Users/igor/ClaudeAI/EDC_Project/elastic-diffusive-cosmology_repo/edc_book_2/src/sections/05_three_generations.tex,207,The EDC thick brane supports a hexagonal lattice of flux tubes (see \S\ref{sec:step3}).
P1_proton,flux.*tube,/Users/igor/ClaudeAI/EDC_Project/elastic-diffusive-cosmology_repo/edc_book_2/src/sections/05_case_neutron.tex,84,\item \textbf{Bulk-core:} The Y-junction with three flux-tube arms in the 5D bulk.
P1_proton,flux.*tube,/Users/igor/ClaudeAI/EDC_Project/elastic-diffusive-cosmology_repo/edc_book_2/src/sections/05_case_neutron.tex,126,"In 5D EDC, the neutron is a three-arm flux-tube junction with the \textbf{same"
P1_proton,flux.*tube,/Users/igor/ClaudeAI/EDC_Project/elastic-diffusive-cosmology_repo/edc_book_2/src/sections/05_case_neutron.tex,245,constant $k$. The springs represent flux-tube tensions; the ring represents a
P1_proton,flux.*tube,/Users/igor/ClaudeAI/EDC_Project/elastic-diffusive-cosmology_repo/edc_book_2/src/sections/02_frozen_regime_foundations.tex,556,\textbf{5D cause:} Three flux tubes meeting at Y-junction in 5D bulk.\\
P1_proton,flux.*tube,/Users/igor/ClaudeAI/EDC_Project/elastic-diffusive-cosmology_repo/edc_book_2/src/sections/02_frozen_regime_foundations.tex,571,\item Confinement is geometric necessity (5D flux tube structure)
P1_proton,flux.*tube,/Users/igor/ClaudeAI/EDC_Project/elastic-diffusive-cosmology_repo/edc_book_2/src/sections/02_frozen_regime_foundations.tex,585,Flux tubes & Lattice QCD result & \textbf{5D string theory} \\
P1_proton,flux.*tube,/Users/igor/ClaudeAI/EDC_Project/elastic-diffusive-cosmology_repo/edc_book_2/src/sections/02_frozen_regime_foundations.tex,633,flux tubes (gluon strings) that extend into the 5D bulk. These tubes meet at a central
P1_proton,flux.*tube,/Users/igor/ClaudeAI/EDC_Project/elastic-diffusive-cosmology_repo/edc_book_2/src/sections/02_frozen_regime_foundations.tex,667,Each flux tube extends into the 4D bulk (3 spatial + 1 extra dimension). The angular
P1_proton,flux.*tube,/Users/igor/ClaudeAI/EDC_Project/elastic-diffusive-cosmology_repo/edc_book_2/src/sections/02_frozen_regime_foundations.tex,699,"For three independent flux tubes, the configuration space volume factorizes:"
P1_proton,flux.*tube,/Users/igor/ClaudeAI/EDC_Project/elastic-diffusive-cosmology_repo/edc_book_2/src/sections/02_frozen_regime_foundations.tex,989,\item \textbf{Color confinement:} Z6 proves flux tubes cannot separate
P2_Z6,\\mathbb\{Z\}_6|Z_6|Z6,/Users/igor/ClaudeAI/EDC_Project/elastic-diffusive-cosmology_repo/edc_book_2/src/meta_part2/01_claim_ledger.tex,16,$\sin^2\theta_W = 1/4$ (bare) from $|Z_2|/|Z_6| = 2/6$%
P2_Z6,\\mathbb\{Z\}_6|Z_6|Z6,/Users/igor/ClaudeAI/EDC_Project/elastic-diffusive-cosmology_repo/edc_book_2/src/meta_part2/01_claim_ledger.tex,35,$N_g = |Z_3| = 3$ generations from $Z_6/Z_2$ quotient%
P2_Z6,\\mathbb\{Z\}_6|Z_6|Z6,/Users/igor/ClaudeAI/EDC_Project/elastic-diffusive-cosmology_repo/edc_book_2/src/EDC_Part_II_Weak_Sector_rebuild.tex,369,"3 & The $\mathbb{Z}_6$ Program & Proofs, Steiner angles, proton stability \\"
P2_Z6,\\mathbb\{Z\}_6|Z_6|Z6,/Users/igor/ClaudeAI/EDC_Project/elastic-diffusive-cosmology_repo/edc_book_2/src/EDC_Part_II_Weak_Sector_rebuild.tex,425,This chapter establishes the ``frozen regime'' foundations that the Z6 Program (Chapter~3) assumes.}
P2_Z6,\\mathbb\{Z\}_6|Z_6|Z6,/Users/igor/ClaudeAI/EDC_Project/elastic-diffusive-cosmology_repo/edc_book_2/src/EDC_Part_II_Weak_Sector_rebuild.tex,433,\chapter{The $\mathbb{Z}_6$ Program}
P2_Z6,\\mathbb\{Z\}_6|Z_6|Z6,/Users/igor/ClaudeAI/EDC_Project/elastic-diffusive-cosmology_repo/edc_book_2/src/EDC_Part_II_Weak_Sector_rebuild.tex,434,\label{ch:z6_program}
P2_Z6,\\mathbb\{Z\}_6|Z_6|Z6,/Users/igor/ClaudeAI/EDC_Project/elastic-diffusive-cosmology_repo/edc_book_2/src/EDC_Part_II_Weak_Sector_rebuild.tex,441,\input{Z6_content_full}
P2_Z6,\\mathbb\{Z\}_6|Z_6|Z6,/Users/igor/ClaudeAI/EDC_Project/elastic-diffusive-cosmology_repo/edc_book_2/src/EDC_Part_II_Weak_Sector_rebuild.tex,668,Electroweak breaking & Higgs mechanism (scalar field) & Brane tension + $\mathbb{Z}_6$ geometry \\
P2_Z6,\\mathbb\{Z\}_6|Z_6|Z6,/Users/igor/ClaudeAI/EDC_Project/elastic-diffusive-cosmology_repo/edc_book_2/src/EDC_Part_II_Weak_Sector_rebuild.tex,776,\textbf{Key insight \#1:} The $\mathbb{Z}_6$ hexagonal lattice structure of flux tubes
P2_Z6,\\mathbb\{Z\}_6|Z_6|Z6,/Users/igor/ClaudeAI/EDC_Project/elastic-diffusive-cosmology_repo/edc_book_2/src/EDC_Part_II_Weak_Sector_rebuild.tex,806,2026 Jan (Week 1) & $\mathbb{Z}_6$ lattice structure identified & \checkmark \\
P2_Z6,\\mathbb\{Z\}_6|Z_6|Z6,/Users/igor/ClaudeAI/EDC_Project/elastic-diffusive-cosmology_repo/edc_book_2/src/sections/ch7_attempt3_cp_phase.tex,29,$\mathbb{Z}_6 = \mathbb{Z}_2 \times \mathbb{Z}_3$ provides the necessary
P2_Z6,\\mathbb\{Z\}_6|Z_6|Z6,/Users/igor/ClaudeAI/EDC_Project/elastic-diffusive-cosmology_repo/edc_book_2/src/sections/ch7_attempt3_cp_phase.tex,72,Use only quantities already fixed in Part~II: $\mathbb{Z}_6/\mathbb{Z}_3$
P2_Z6,\\mathbb\{Z\}_6|Z_6|Z6,/Users/igor/ClaudeAI/EDC_Project/elastic-diffusive-cosmology_repo/edc_book_2/src/sections/ch7_attempt3_cp_phase.tex,90,\item[\textbf{O4:}] $\mathbb{Z}_6 = \mathbb{Z}_2 \times \mathbb{Z}_3$ discrete phases
P2_Z6,\\mathbb\{Z\}_6|Z_6|Z6,/Users/igor/ClaudeAI/EDC_Project/elastic-diffusive-cosmology_repo/edc_book_2/src/sections/ch7_attempt3_cp_phase.tex,216,\item $\mathbb{Z}_6 = \mathbb{Z}_2 \times \mathbb{Z}_3$ selection: the $\mathbb{Z}_2$
P2_Z6,\\mathbb\{Z\}_6|Z_6|Z6,/Users/igor/ClaudeAI/EDC_Project/elastic-diffusive-cosmology_repo/edc_book_2/src/sections/ch7_attempt3_cp_phase.tex,243,Attempt~4 identifies the $\mathbb{Z}_2$ factor in $\mathbb{Z}_6$ as the
P2_Z6,\\mathbb\{Z\}_6|Z_6|Z6,/Users/igor/ClaudeAI/EDC_Project/elastic-diffusive-cosmology_repo/edc_book_2/src/sections/ch7_attempt3_cp_phase.tex,286,effective phase by factor $\sim 2$ (Z6 structure? Z2 selection?).
P2_Z6,\\mathbb\{Z\}_6|Z_6|Z6,/Users/igor/ClaudeAI/EDC_Project/elastic-diffusive-cosmology_repo/edc_book_2/src/sections/ch7_attempt3_cp_phase.tex,296,\item \textbf{Z6 refinement:}
P2_Z6,\\mathbb\{Z\}_6|Z_6|Z6,/Users/igor/ClaudeAI/EDC_Project/elastic-diffusive-cosmology_repo/edc_book_2/src/sections/ch7_attempt3_cp_phase.tex,297,Full $\mathbb{Z}_6 = \mathbb{Z}_2 \times \mathbb{Z}_3$ analysis may
P2_Z6,\\mathbb\{Z\}_6|Z_6|Z6,/Users/igor/ClaudeAI/EDC_Project/elastic-diffusive-cosmology_repo/edc_book_2/src/sections/ch7_attempt3_cp_phase.tex,316,\item The $\mathbb{Z}_2$ factor in $\mathbb{Z}_6 = \mathbb{Z}_2 \times \mathbb{Z}_3$
P2_Z6,\\mathbb\{Z\}_6|Z_6|Z6,/Users/igor/ClaudeAI/EDC_Project/elastic-diffusive-cosmology_repo/edc_book_2/src/meta_part2/04_evidence_map.tex,21,"$N_g = 3$ derivation, $\sin^2\theta_W = 1/4$, $Z_6$ subgroup \\[0.5em]"
P2_Z6,\\mathbb\{Z\}_6|Z_6|Z6,/Users/igor/ClaudeAI/EDC_Project/elastic-diffusive-cosmology_repo/edc_book_2/src/meta_part2/04_evidence_map.tex,50,\texttt{eq:ch3\_sin2\_bare} & 3 & $\sin^2\theta_W = |Z_2|/|Z_6| = 1/4$ \\
P2_Z6,\\mathbb\{Z\}_6|Z_6|Z6,/Users/igor/ClaudeAI/EDC_Project/elastic-diffusive-cosmology_repo/edc_book_2/src/meta_part2/04_evidence_map.tex,51,\texttt{eq:ch5\_Ng\_3} & 5 & $N_g = |Z_6/Z_2| = 3$ \\
P2_Z6,\\mathbb\{Z\}_6|Z_6|Z6,/Users/igor/ClaudeAI/EDC_Project/elastic-diffusive-cosmology_repo/edc_book_2/src/Z6_content_full.tex,140,\section{Step 2: The $\mathbb{Z}_6$ Symmetry Hypothesis}
P2_Z6,\\mathbb\{Z\}_6|Z_6|Z6,/Users/igor/ClaudeAI/EDC_Project/elastic-diffusive-cosmology_repo/edc_book_2/src/Z6_content_full.tex,155,\begin{postulate}[$\mathbb{Z}_6$-Invariant Boundary Conditions]
P2_Z6,\\mathbb\{Z\}_6|Z_6|Z6,/Users/igor/ClaudeAI/EDC_Project/elastic-diffusive-cosmology_repo/edc_book_2/src/Z6_content_full.tex,156,\label{post:z6bc}
P2_Z6,\\mathbb\{Z\}_6|Z_6|Z6,/Users/igor/ClaudeAI/EDC_Project/elastic-diffusive-cosmology_repo/edc_book_2/src/Z6_content_full.tex,158,The boundary conditions on the thick-brane preserve $\mathbb{Z}_6$ rotational
P2_Z6,\\mathbb\{Z\}_6|Z_6|Z6,/Users/igor/ClaudeAI/EDC_Project/elastic-diffusive-cosmology_repo/edc_book_2/src/Z6_content_full.tex,168,\begin{lemma}[Equal Tensions from $\mathbb{Z}_6$]
P2_Z6,\\mathbb\{Z\}_6|Z_6|Z6,/Users/igor/ClaudeAI/EDC_Project/elastic-diffusive-cosmology_repo/edc_book_2/src/Z6_content_full.tex,171,"If boundary conditions satisfy Postulate \ref{post:z6bc}, then the tensions"
P2_Z6,\\mathbb\{Z\}_6|Z_6|Z6,/Users/igor/ClaudeAI/EDC_Project/elastic-diffusive-cosmology_repo/edc_book_2/src/Z6_content_full.tex,172,of defect lines (Y-junction arms) oriented along $\mathbb{Z}_3 \subset \mathbb{Z}_6$
P2_Z6,\\mathbb\{Z\}_6|Z_6|Z6,/Users/igor/ClaudeAI/EDC_Project/elastic-diffusive-cosmology_repo/edc_book_2/src/Z6_content_full.tex,179,By $\mathbb{Z}_6$ invariance: $\tau(\theta) = \tau(\theta + 60°)$
P2_Z6,\\mathbb\{Z\}_6|Z_6|Z6,/Users/igor/ClaudeAI/EDC_Project/elastic-diffusive-cosmology_repo/edc_book_2/src/Z6_content_full.tex,189,\begin{corollary}[Steiner Angles from $\mathbb{Z}_6$]
P2_Z6,\\mathbb\{Z\}_6|Z_6|Z6,/Users/igor/ClaudeAI/EDC_Project/elastic-diffusive-cosmology_repo/edc_book_2/src/Z6_content_full.tex,190,\label{cor:steiner_z6}
P2_Z6,\\mathbb\{Z\}_6|Z_6|Z6,/Users/igor/ClaudeAI/EDC_Project/elastic-diffusive-cosmology_repo/edc_book_2/src/Z6_content_full.tex,202,\begin{gapbox}{Origin of $\mathbb{Z}_6$}
P2_Z6,\\mathbb\{Z\}_6|Z_6|Z6,/Users/igor/ClaudeAI/EDC_Project/elastic-diffusive-cosmology_repo/edc_book_2/src/Z6_content_full.tex,203,"Postulate \ref{post:z6bc} introduces $\mathbb{Z}_6$ symmetry, but does not"
P2_Z6,\\mathbb\{Z\}_6|Z_6|Z6,/Users/igor/ClaudeAI/EDC_Project/elastic-diffusive-cosmology_repo/edc_book_2/src/Z6_content_full.tex,206,\textbf{Question:} Can $\mathbb{Z}_6$ be derived from more fundamental principles?
P2_Z6,\\mathbb\{Z\}_6|Z_6|Z6,/Users/igor/ClaudeAI/EDC_Project/elastic-diffusive-cosmology_repo/edc_book_2/src/Z6_content_full.tex,210,\section{Step 3: Hexagonal Packing and $\mathbb{Z}_6$ Emergence}
P2_Z6,\\mathbb\{Z\}_6|Z_6|Z6,/Users/igor/ClaudeAI/EDC_Project/elastic-diffusive-cosmology_repo/edc_book_2/src/Z6_content_full.tex,214,\begin{stepbox}{3}{Deriving $\mathbb{Z}_6$ from Energy Minimization}
P2_Z6,\\mathbb\{Z\}_6|Z_6|Z6,/Users/igor/ClaudeAI/EDC_Project/elastic-diffusive-cosmology_repo/edc_book_2/src/Z6_content_full.tex,216,\textbf{Goal:} Show that $\mathbb{Z}_6$ emerges naturally from the principle
P2_Z6,\\mathbb\{Z\}_6|Z_6|Z6,/Users/igor/ClaudeAI/EDC_Project/elastic-diffusive-cosmology_repo/edc_book_2/src/Z6_content_full.tex,334,\begin{corollary}[$\mathbb{Z}_6$ Emergence]
P2_Z6,\\mathbb\{Z\}_6|Z_6|Z6,/Users/igor/ClaudeAI/EDC_Project/elastic-diffusive-cosmology_repo/edc_book_2/src/Z6_content_full.tex,335,\label{cor:z6_emergence}
P2_Z6,\\mathbb\{Z\}_6|Z_6|Z6,/Users/igor/ClaudeAI/EDC_Project/elastic-diffusive-cosmology_repo/edc_book_2/src/Z6_content_full.tex,337,The hexagonal lattice has $\mathbb{Z}_6$ rotational symmetry.
P2_Z6,\\mathbb\{Z\}_6|Z_6|Z6,/Users/igor/ClaudeAI/EDC_Project/elastic-diffusive-cosmology_repo/edc_book_2/src/Z6_content_full.tex,340,the boundary conditions automatically inherit $\mathbb{Z}_6$ symmetry.
P2_Z6,\\mathbb\{Z\}_6|Z_6|Z6,/Users/igor/ClaudeAI/EDC_Project/elastic-diffusive-cosmology_repo/edc_book_2/src/Z6_content_full.tex,343,\begin{resolutionbox}{$\mathbb{Z}_6$ is NOT ad-hoc}
P2_Z6,\\mathbb\{Z\}_6|Z_6|Z6,/Users/igor/ClaudeAI/EDC_Project/elastic-diffusive-cosmology_repo/edc_book_2/src/Z6_content_full.tex,349,\item \tagDc{} Boundary conditions have $\mathbb{Z}_6$ symmetry
P2_Z6,\\mathbb\{Z\}_6|Z_6|Z6,/Users/igor/ClaudeAI/EDC_Project/elastic-diffusive-cosmology_repo/edc_book_2/src/Z6_content_full.tex,351,\item \tagDc{} Steiner 120° angles (Corollary \ref{cor:steiner_z6})
P2_Z6,\\mathbb\{Z\}_6|Z_6|Z6,/Users/igor/ClaudeAI/EDC_Project/elastic-diffusive-cosmology_repo/edc_book_2/src/Z6_content_full.tex,354,"$\mathbb{Z}_6$ is a \textbf{derived consequence} of energy minimization, not a postulate."
P2_Z6,\\mathbb\{Z\}_6|Z_6|Z6,/Users/igor/ClaudeAI/EDC_Project/elastic-diffusive-cosmology_repo/edc_book_2/src/Z6_content_full.tex,437,\begin{definition}[$\mathbb{Z}_6$ Potential]
P2_Z6,\\mathbb\{Z\}_6|Z_6|Z6,/Users/igor/ClaudeAI/EDC_Project/elastic-diffusive-cosmology_repo/edc_book_2/src/Z6_content_full.tex,438,\label{def:z6_potential}
P2_Z6,\\mathbb\{Z\}_6|Z_6|Z6,/Users/igor/ClaudeAI/EDC_Project/elastic-diffusive-cosmology_repo/edc_book_2/src/Z6_content_full.tex,440,The effective angular potential for a defect line is $\mathbb{Z}_6$-symmetric:
P2_Z6,\\mathbb\{Z\}_6|Z_6|Z6,/Users/igor/ClaudeAI/EDC_Project/elastic-diffusive-cosmology_repo/edc_book_2/src/Z6_content_full.tex,452,the $\mathbb{Z}_3 \subset \mathbb{Z}_6$ subgroup.
P2_Z6,\\mathbb\{Z\}_6|Z_6|Z6,/Users/igor/ClaudeAI/EDC_Project/elastic-diffusive-cosmology_repo/edc_book_2/src/Z6_content_full.tex,535,\item \tagDc{} $\mathbb{Z}_6$ symmetry (Corollary \ref{cor:z6_emergence})
P2_Z6,\\mathbb\{Z\}_6|Z_6|Z6,/Users/igor/ClaudeAI/EDC_Project/elastic-diffusive-cosmology_repo/edc_book_2/src/Z6_content_full.tex,537,\item \tagDc{} Steiner equilibrium (Corollary \ref{cor:steiner_z6})
P2_Z6,\\mathbb\{Z\}_6|Z_6|Z6,/Users/igor/ClaudeAI/EDC_Project/elastic-diffusive-cosmology_repo/edc_book_2/src/Z6_content_full.tex,541,The proton is a \textbf{local energy minimum} protected by $\mathbb{Z}_3 \subset \mathbb{Z}_6$ symmetry.
P2_Z6,\\mathbb\{Z\}_6|Z_6|Z6,/Users/igor/ClaudeAI/EDC_Project/elastic-diffusive-cosmology_repo/edc_book_2/src/Z6_content_full.tex,546,\label{sec:z6_charged_sector}
P2_Z6,\\mathbb\{Z\}_6|Z_6|Z6,/Users/igor/ClaudeAI/EDC_Project/elastic-diffusive-cosmology_repo/edc_book_2/src/Z6_content_full.tex,577,"The Z6~Program already forced unique minima in the bulk (proton = Y-junction,"
P2_Z6,\\mathbb\{Z\}_6|Z_6|Z6,/Users/igor/ClaudeAI/EDC_Project/elastic-diffusive-cosmology_repo/edc_book_2/src/Z6_content_full.tex,591,"$\mathbb{Z}_6$ lattice, explaining its instability."
P2_Z6,\\mathbb\{Z\}_6|Z_6|Z6,/Users/igor/ClaudeAI/EDC_Project/elastic-diffusive-cosmology_repo/edc_book_2/src/Z6_content_full.tex,613,and their negatives. Total: 6 minimal Burgers vectors ($\mathbb{Z}_6$ symmetry).
P2_Z6,\\mathbb\{Z\}_6|Z_6|Z6,/Users/igor/ClaudeAI/EDC_Project/elastic-diffusive-cosmology_repo/edc_book_2/src/Z6_content_full.tex,637,$\Rightarrow$ $\mathbb{Z}_6$ rotational symmetry
P2_Z6,\\mathbb\{Z\}_6|Z_6|Z6,/Users/igor/ClaudeAI/EDC_Project/elastic-diffusive-cosmology_repo/edc_book_2/src/Z6_content_full.tex,947,"this chapter, $\mathbb{Z}_6$ geometry). Therefore:"
P2_Z6,\\mathbb\{Z\}_6|Z_6|Z6,/Users/igor/ClaudeAI/EDC_Project/elastic-diffusive-cosmology_repo/edc_book_2/src/Z6_content_full.tex,1036,to weak interaction data---it is a geometric consequence of the $\mathbb{Z}_6$ lattice.
P2_Z6,\\mathbb\{Z\}_6|Z_6|Z6,/Users/igor/ClaudeAI/EDC_Project/elastic-diffusive-cosmology_repo/edc_book_2/src/Z6_content_full.tex,1096,\item $V_0 = N_{\text{cell}} \sigma r_e^2$ is \textbf{derived} from $\mathbb{Z}_6$ geometry
P2_Z6,\\mathbb\{Z\}_6|Z_6|Z6,/Users/igor/ClaudeAI/EDC_Project/elastic-diffusive-cosmology_repo/edc_book_2/src/Z6_content_full.tex,1161,\textbf{Speculative connection to $\mathbb{Z}_6$ symmetry:}
P2_Z6,\\mathbb\{Z\}_6|Z_6|Z6,/Users/igor/ClaudeAI/EDC_Project/elastic-diffusive-cosmology_repo/edc_book_2/src/Z6_content_full.tex,1181,derive $n$ from the topology of the $\mathbb{Z}_6$ lattice rearrangement.
P2_Z6,\\mathbb\{Z\}_6|Z_6|Z6,/Users/igor/ClaudeAI/EDC_Project/elastic-diffusive-cosmology_repo/edc_book_2/src/Z6_content_full.tex,1306,\item $\sigma r_e^2 = 5.86$ MeV (hexagonal cell energy from $\mathbb{Z}_6$ geometry)
P2_Z6,\\mathbb\{Z\}_6|Z_6|Z6,/Users/igor/ClaudeAI/EDC_Project/elastic-diffusive-cosmology_repo/edc_book_2/src/Z6_content_full.tex,1318,\begin{theorem}[Weinberg Angle from $\mathbb{Z}_6$ Partition]
P2_Z6,\\mathbb\{Z\}_6|Z_6|Z6,/Users/igor/ClaudeAI/EDC_Project/elastic-diffusive-cosmology_repo/edc_book_2/src/Z6_content_full.tex,1321,The weak mixing angle emerges from the subgroup structure of $\mathbb{Z}_6$:
P2_Z6,\\mathbb\{Z\}_6|Z_6|Z6,/Users/igor/ClaudeAI/EDC_Project/elastic-diffusive-cosmology_repo/edc_book_2/src/Z6_content_full.tex,1323,\boxed{\sin^2\theta_W = \frac{|\mathbb{Z}_2|}{|\mathbb{Z}_2| + |\mathbb{Z}_6|} = \frac{2}{2+6} = \frac{1}{4} = 0.25}
P2_Z6,\\mathbb\{Z\}_6|Z_6|Z6,/Users/igor/ClaudeAI/EDC_Project/elastic-diffusive-cosmology_repo/edc_book_2/src/Z6_content_full.tex,1327,$\mathbb{Z}_2$ (weak sector) within the full $\mathbb{Z}_6$ symmetry:
P2_Z6,\\mathbb\{Z\}_6|Z_6|Z6,/Users/igor/ClaudeAI/EDC_Project/elastic-diffusive-cosmology_repo/edc_book_2/src/Z6_content_full.tex,1329,\frac{g'^2}{g^2} = \frac{|\mathbb{Z}_2|}{|\mathbb{Z}_6|} = \frac{2}{6} = \frac{1}{3}
P2_Z6,\\mathbb\{Z\}_6|Z_6|Z6,/Users/igor/ClaudeAI/EDC_Project/elastic-diffusive-cosmology_repo/edc_book_2/src/Z6_content_full.tex,1378,the discrete $\mathbb{Z}_3 \subset \mathbb{Z}_6$ symmetry.
P2_Z6,\\mathbb\{Z\}_6|Z_6|Z6,/Users/igor/ClaudeAI/EDC_Project/elastic-diffusive-cosmology_repo/edc_book_2/src/Z6_content_full.tex,1394,\begin{observation}[$\mathbb{Z}_3 \subset \mathbb{Z}_6$]
P2_Z6,\\mathbb\{Z\}_6|Z_6|Z6,/Users/igor/ClaudeAI/EDC_Project/elastic-diffusive-cosmology_repo/edc_book_2/src/Z6_content_full.tex,1396,"$\mathbb{Z}_3 = \{e, r^2, r^4\}$ is a subgroup of $\mathbb{Z}_6 = \{e, r, r^2, r^3, r^4, r^5\}$."
P2_Z6,\\mathbb\{Z\}_6|Z_6|Z6,/Users/igor/ClaudeAI/EDC_Project/elastic-diffusive-cosmology_repo/edc_book_2/src/Z6_content_full.tex,1581,\textbf{Goal:} Explore whether $\mathbb{Z}_6 = \mathbb{Z}_2 \times \mathbb{Z}_3$
P2_Z6,\\mathbb\{Z\}_6|Z_6|Z6,/Users/igor/ClaudeAI/EDC_Project/elastic-diffusive-cosmology_repo/edc_book_2/src/Z6_content_full.tex,1588,\begin{observation}[Factorization of $\mathbb{Z}_6$]
P2_Z6,\\mathbb\{Z\}_6|Z_6|Z6,/Users/igor/ClaudeAI/EDC_Project/elastic-diffusive-cosmology_repo/edc_book_2/src/Z6_content_full.tex,1591,\mathbb{Z}_6 \cong \mathbb{Z}_2 \times \mathbb{Z}_3
P2_Z6,\\mathbb\{Z\}_6|Z_6|Z6,/Users/igor/ClaudeAI/EDC_Project/elastic-diffusive-cosmology_repo/edc_book_2/src/Z6_content_full.tex,1598,The two factors of $\mathbb{Z}_6$ correspond to different sectors of the
P2_Z6,\\mathbb\{Z\}_6|Z_6|Z6,/Users/igor/ClaudeAI/EDC_Project/elastic-diffusive-cosmology_repo/edc_book_2/src/Z6_content_full.tex,1695,\label{eq:koide_z6_appendix}
P2_Z6,\\mathbb\{Z\}_6|Z_6|Z6,/Users/igor/ClaudeAI/EDC_Project/elastic-diffusive-cosmology_repo/edc_book_2/src/Z6_content_full.tex,1857,"\node[box, fill=purple!20] (z6) at (2.5,-4.5) {[Dc] $\mathbb{Z}_6$ symmetry};"
P2_Z6,\\mathbb\{Z\}_6|Z_6|Z6,/Users/igor/ClaudeAI/EDC_Project/elastic-diffusive-cosmology_repo/edc_book_2/src/Z6_content_full.tex,1861,"\node[box, fill=purple!20] (z3) at (5,-6) {[Dc] $\mathbb{Z}_3 \subset \mathbb{Z}_6$};"
P2_Z6,\\mathbb\{Z\}_6|Z_6|Z6,/Users/igor/ClaudeAI/EDC_Project/elastic-diffusive-cosmology_repo/edc_book_2/src/Z6_content_full.tex,1879,\draw[arrow] (hex) -- (z6);
P2_Z6,\\mathbb\{Z\}_6|Z_6|Z6,/Users/igor/ClaudeAI/EDC_Project/elastic-diffusive-cosmology_repo/edc_book_2/src/Z6_content_full.tex,1880,\draw[arrow] (z6) -- (equal);
P2_Z6,\\mathbb\{Z\}_6|Z_6|Z6,/Users/igor/ClaudeAI/EDC_Project/elastic-diffusive-cosmology_repo/edc_book_2/src/Z6_content_full.tex,1881,\draw[arrow] (z6) -- (z3);
P2_Z6,\\mathbb\{Z\}_6|Z_6|Z6,/Users/igor/ClaudeAI/EDC_Project/elastic-diffusive-cosmology_repo/edc_book_2/src/Z6_content_full.tex,1908,$\mathbb{Z}_6 = \mathbb{Z}_2 \times \mathbb{Z}_3$ & \tagM{} & Group theory \\
P2_Z6,\\mathbb\{Z\}_6|Z_6|Z6,/Users/igor/ClaudeAI/EDC_Project/elastic-diffusive-cosmology_repo/edc_book_2/src/Z6_content_full.tex,1916,$\mathbb{Z}_6$ BC symmetry & \tagDc{} & From crystallization \\
P2_Z6,\\mathbb\{Z\}_6|Z_6|Z6,/Users/igor/ClaudeAI/EDC_Project/elastic-diffusive-cosmology_repo/edc_book_2/src/Z6_content_full.tex,1917,Equal tensions & \tagDc{} & From $\mathbb{Z}_6$ \\
P2_Z6,\\mathbb\{Z\}_6|Z_6|Z6,/Users/igor/ClaudeAI/EDC_Project/elastic-diffusive-cosmology_repo/edc_book_2/src/Z6_content_full.tex,1948,the proton is a local energy minimum protected by $\mathbb{Z}_3 \subset \mathbb{Z}_6$
P2_Z6,\\mathbb\{Z\}_6|Z_6|Z6,/Users/igor/ClaudeAI/EDC_Project/elastic-diffusive-cosmology_repo/edc_book_2/src/Z6_content_full.tex,1958,\item Hexagonal packing (energy minimization) $\to$ $\mathbb{Z}_6$ symmetry
P2_Z6,\\mathbb\{Z\}_6|Z_6|Z6,/Users/igor/ClaudeAI/EDC_Project/elastic-diffusive-cosmology_repo/edc_book_2/src/Z6_content_full.tex,1959,\item $\mathbb{Z}_6$ symmetry $\to$ equal tensions
P2_Z6,\\mathbb\{Z\}_6|Z_6|Z6,/Users/igor/ClaudeAI/EDC_Project/elastic-diffusive-cosmology_repo/edc_book_2/src/Z6_content_full.tex,1969,\item \textbf{Neutron instability:} Explained as dislocation in $\mathbb{Z}_6$ lattice
P2_Z6,\\mathbb\{Z\}_6|Z_6|Z6,/Users/igor/ClaudeAI/EDC_Project/elastic-diffusive-cosmology_repo/edc_book_2/src/Z6_content_full.tex,1976,\item \textbf{Weinberg angle:} Derived from $\mathbb{Z}_6$ subgroup structure
P2_Z6,\\mathbb\{Z\}_6|Z_6|Z6,/Users/igor/ClaudeAI/EDC_Project/elastic-diffusive-cosmology_repo/edc_book_2/src/Z6_content_full.tex,1982,\item \textbf{Unification realized:} $\mathbb{Z}_6 = \mathbb{Z}_2 \times \mathbb{Z}_3$ unifies
P2_Z6,\\mathbb\{Z\}_6|Z_6|Z6,/Users/igor/ClaudeAI/EDC_Project/elastic-diffusive-cosmology_repo/edc_book_2/src/Z6_content_full.tex,1995,\item[\ding{51}] \textbf{[RESOLVED]} Weinberg angle from $\mathbb{Z}_6$ geometry
P2_Z6,\\mathbb\{Z\}_6|Z_6|Z6,/Users/igor/ClaudeAI/EDC_Project/elastic-diffusive-cosmology_repo/edc_book_2/src/Z6_content_full.tex,2005,"$\mathbb{Z}_6$ geometry, the weak decays of lighter excitations (muon, tau, pion)"
P2_Z6,\\mathbb\{Z\}_6|Z_6|Z6,/Users/igor/ClaudeAI/EDC_Project/elastic-diffusive-cosmology_repo/edc_book_2/src/Z6_content_full.tex,2027,V$-$A structure & $\mathbb{Z}_2 \subset \mathbb{Z}_6$ (open) & Boundary projection [P] (open) \\
P2_Z6,\\mathbb\{Z\}_6|Z_6|Z6,/Users/igor/ClaudeAI/EDC_Project/elastic-diffusive-cosmology_repo/edc_book_2/src/CH4_lepton_mass_candidates.tex,84,in $\mathbb{Z}_6 \simeq \mathbb{Z}_2 \times \mathbb{Z}_3$.
P2_Z6,\\mathbb\{Z\}_6|Z_6|Z6,/Users/igor/ClaudeAI/EDC_Project/elastic-diffusive-cosmology_repo/edc_book_2/src/CH4_lepton_mass_candidates.tex,153,\paragraph{Tentative $\mathbb{Z}_6$ identification.}
P2_Z6,\\mathbb\{Z\}_6|Z_6|Z6,/Users/igor/ClaudeAI/EDC_Project/elastic-diffusive-cosmology_repo/edc_book_2/src/CH4_lepton_mass_candidates.tex,157,\quad \text{within } \mathbb{Z}_6 \simeq \mathbb{Z}_2 \times \mathbb{Z}_3
P2_Z6,\\mathbb\{Z\}_6|Z_6|Z6,/Users/igor/ClaudeAI/EDC_Project/elastic-diffusive-cosmology_repo/edc_book_2/src/CH4_lepton_mass_candidates.tex,158,\label{eq:koide_z6}
P2_Z6,\\mathbb\{Z\}_6|Z_6|Z6,/Users/igor/ClaudeAI/EDC_Project/elastic-diffusive-cosmology_repo/edc_book_2/src/CH4_lepton_mass_candidates.tex,209,in the muon/electron formula emerges from $\mathbb{Z}_6$ mode spectrum
P2_Z6,\\mathbb\{Z\}_6|Z_6|Z6,/Users/igor/ClaudeAI/EDC_Project/elastic-diffusive-cosmology_repo/edc_book_2/src/CH4_lepton_mass_candidates.tex,213,"from $\mathbb{Z}_6$ energetics (e.g., mode degeneracy, minimal energy"
P2_Z6,\\mathbb\{Z\}_6|Z_6|Z6,/Users/igor/ClaudeAI/EDC_Project/elastic-diffusive-cosmology_repo/edc_book_2/src/CH4_lepton_mass_candidates.tex,220,generations from $\mathbb{Z}_6$ structure (tentatively: $|Z_3| = 3$).
P2_Z6,\\mathbb\{Z\}_6|Z_6|Z6,/Users/igor/ClaudeAI/EDC_Project/elastic-diffusive-cosmology_repo/edc_book_2/src/CH4_lepton_mass_candidates.tex,262,"$\mathbb{Z}_6$ parametrization gives $Q = 2/3$ automatically,"
P2_Z6,\\mathbb\{Z\}_6|Z_6|Z6,/Users/igor/ClaudeAI/EDC_Project/elastic-diffusive-cosmology_repo/edc_book_2/src/CH4_lepton_mass_candidates.tex,282,\item \textbf{$Q = 2/3$ energetics:} Prove that $\mathbb{Z}_6$ energy
P2_Z6,\\mathbb\{Z\}_6|Z_6|Z6,/Users/igor/ClaudeAI/EDC_Project/elastic-diffusive-cosmology_repo/edc_book_2/src/CH4_lepton_mass_candidates.tex,345,from oscillator physics or $\mathbb{Z}_6$ structure.
P2_Z6,\\mathbb\{Z\}_6|Z_6|Z6,/Users/igor/ClaudeAI/EDC_Project/elastic-diffusive-cosmology_repo/edc_book_2/src/CH3_electroweak_parameters.tex,11,This chapter obtains electroweak parameters from $\mathbb{Z}_6$ geometry via a
P2_Z6,\\mathbb\{Z\}_6|Z_6|Z6,/Users/igor/ClaudeAI/EDC_Project/elastic-diffusive-cosmology_repo/edc_book_2/src/CH3_electroweak_parameters.tex,15,$g'^2/g^2 = |\mathbb{Z}_2|/|\mathbb{Z}_6|$ (subgroup counting $\to$ coupling ratio).
P2_Z6,\\mathbb\{Z\}_6|Z_6|Z6,/Users/igor/ClaudeAI/EDC_Project/elastic-diffusive-cosmology_repo/edc_book_2/src/CH3_electroweak_parameters.tex,44,"In EDC, the 3D membrane has an underlying $\mathbb{Z}_6$ discrete symmetry---think of"
P2_Z6,\\mathbb\{Z\}_6|Z_6|Z6,/Users/igor/ClaudeAI/EDC_Project/elastic-diffusive-cosmology_repo/edc_book_2/src/CH3_electroweak_parameters.tex,48,\textbf{Step 2: $\mathbb{Z}_6$ factors into two pieces.}
P2_Z6,\\mathbb\{Z\}_6|Z_6|Z6,/Users/igor/ClaudeAI/EDC_Project/elastic-diffusive-cosmology_repo/edc_book_2/src/CH3_electroweak_parameters.tex,49,Group theory: $\mathbb{Z}_6 = \mathbb{Z}_2 \times \mathbb{Z}_3$. The $\mathbb{Z}_3$
P2_Z6,\\mathbb\{Z\}_6|Z_6|Z6,/Users/igor/ClaudeAI/EDC_Project/elastic-diffusive-cosmology_repo/edc_book_2/src/CH3_electroweak_parameters.tex,54,The $SU(2)_L$ weak interaction ``sees'' all 6 elements of $\mathbb{Z}_6$.
P2_Z6,\\mathbb\{Z\}_6|Z_6|Z6,/Users/igor/ClaudeAI/EDC_Project/elastic-diffusive-cosmology_repo/edc_book_2/src/CH3_electroweak_parameters.tex,88,\item Why $\mathbb{Z}_6$ rather than some other symmetry from first principles
P2_Z6,\\mathbb\{Z\}_6|Z_6|Z6,/Users/igor/ClaudeAI/EDC_Project/elastic-diffusive-cosmology_repo/edc_book_2/src/CH3_electroweak_parameters.tex,100,"Building on the $\mathbb{Z}_6$ geometric foundation established in Chapter~3, we derive"
P2_Z6,\\mathbb\{Z\}_6|Z_6|Z6,/Users/igor/ClaudeAI/EDC_Project/elastic-diffusive-cosmology_repo/edc_book_2/src/CH3_electroweak_parameters.tex,115,The electroweak \emph{mixing structure} follows from one geometric input: $\sin^2\theta_W = 1/4$ from $\mathbb{Z}_6 = \mathbb{Z}_2 \times \mathbb{Z}_3$.
P2_Z6,\\mathbb\{Z\}_6|Z_6|Z6,/Users/igor/ClaudeAI/EDC_Project/elastic-diffusive-cosmology_repo/edc_book_2/src/CH3_electroweak_parameters.tex,123,Chapter~3 derived the strong sector ($SU(3)$ from $\mathbb{Z}_3 \subset \mathbb{Z}_6$).
P2_Z6,\\mathbb\{Z\}_6|Z_6|Z6,/Users/igor/ClaudeAI/EDC_Project/elastic-diffusive-cosmology_repo/edc_book_2/src/CH3_electroweak_parameters.tex,139,\textbf{Goal:} Derive these from the $\mathbb{Z}_6$ geometry and membrane tension $\sigma$.
P2_Z6,\\mathbb\{Z\}_6|Z_6|Z6,/Users/igor/ClaudeAI/EDC_Project/elastic-diffusive-cosmology_repo/edc_book_2/src/CH3_electroweak_parameters.tex,198,\section{Weinberg Angle from $\mathbb{Z}_6$ Partition}
P2_Z6,\\mathbb\{Z\}_6|Z_6|Z6,/Users/igor/ClaudeAI/EDC_Project/elastic-diffusive-cosmology_repo/edc_book_2/src/CH3_electroweak_parameters.tex,207,The weak mixing angle emerges from the subgroup structure of $\mathbb{Z}_6$:
P2_Z6,\\mathbb\{Z\}_6|Z_6|Z6,/Users/igor/ClaudeAI/EDC_Project/elastic-diffusive-cosmology_repo/edc_book_2/src/CH3_electroweak_parameters.tex,209,\boxed{\sin^2\theta_W = \frac{|\mathbb{Z}_2|}{|\mathbb{Z}_2| + |\mathbb{Z}_6|} = \frac{2}{2+6} = \frac{1}{4} = 0.25}
P2_Z6,\\mathbb\{Z\}_6|Z_6|Z6,/Users/igor/ClaudeAI/EDC_Project/elastic-diffusive-cosmology_repo/edc_book_2/src/CH3_electroweak_parameters.tex,212,\noindent{\footnotesize $^\dagger$Conditional on the coupling normalization map $g'^2/g^2 = \lvert\mathbb{Z}_2\rvert/\lvert\mathbb{Z}_6\rvert$ \tagP{}.}
P2_Z6,\\mathbb\{Z\}_6|Z_6|Z6,/Users/igor/ClaudeAI/EDC_Project/elastic-diffusive-cosmology_repo/edc_book_2/src/CH3_electroweak_parameters.tex,220,\mathbb{Z}_6 = \mathbb{Z}_2 \times \mathbb{Z}_3
P2_Z6,\\mathbb\{Z\}_6|Z_6|Z6,/Users/igor/ClaudeAI/EDC_Project/elastic-diffusive-cosmology_repo/edc_book_2/src/CH3_electroweak_parameters.tex,222,"with orders $|\mathbb{Z}_6| = 6$, $|\mathbb{Z}_2| = 2$, $|\mathbb{Z}_3| = 3$."
P2_Z6,\\mathbb\{Z\}_6|Z_6|Z6,/Users/igor/ClaudeAI/EDC_Project/elastic-diffusive-cosmology_repo/edc_book_2/src/CH3_electroweak_parameters.tex,227,determined by the relative ``weight'' of $\mathbb{Z}_2$ within $\mathbb{Z}_6$:
P2_Z6,\\mathbb\{Z\}_6|Z_6|Z6,/Users/igor/ClaudeAI/EDC_Project/elastic-diffusive-cosmology_repo/edc_book_2/src/CH3_electroweak_parameters.tex,229,\frac{g'^2}{g^2} = \frac{|\mathbb{Z}_2|}{|\mathbb{Z}_6|} = \frac{2}{6} = \frac{1}{3}
P2_Z6,\\mathbb\{Z\}_6|Z_6|Z6,/Users/igor/ClaudeAI/EDC_Project/elastic-diffusive-cosmology_repo/edc_book_2/src/CH3_electroweak_parameters.tex,245,\textbf{The question:} Step 2 claims $g'^2/g^2 = |\mathbb{Z}_2|/|\mathbb{Z}_6|$.
P2_Z6,\\mathbb\{Z\}_6|Z_6|Z6,/Users/igor/ClaudeAI/EDC_Project/elastic-diffusive-cosmology_repo/edc_book_2/src/CH3_electroweak_parameters.tex,254,Consider the $\mathbb{Z}_6$ hexagonal lattice:
P2_Z6,\\mathbb\{Z\}_6|Z_6|Z6,/Users/igor/ClaudeAI/EDC_Project/elastic-diffusive-cosmology_repo/edc_book_2/src/CH3_electroweak_parameters.tex,256,"\item The \emph{full} symmetry group $\mathbb{Z}_6$ has 6 elements (rotations by $0°, 60°, 120°, 180°, 240°, 300°$)"
P2_Z6,\\mathbb\{Z\}_6|Z_6|Z6,/Users/igor/ClaudeAI/EDC_Project/elastic-diffusive-cosmology_repo/edc_book_2/src/CH3_electroweak_parameters.tex,267,\item The $SU(2)_L$ weak interaction couples to the full $\mathbb{Z}_6$---it ``sees'' all 6 elements
P2_Z6,\\mathbb\{Z\}_6|Z_6|Z6,/Users/igor/ClaudeAI/EDC_Project/elastic-diffusive-cosmology_repo/edc_book_2/src/CH3_electroweak_parameters.tex,280,\mathbb{Z}_6 = \mathbb{Z}_2 \times \mathbb{Z}_3 \quad \xrightarrow{\text{map [P]}} \quad
P2_Z6,\\mathbb\{Z\}_6|Z_6|Z6,/Users/igor/ClaudeAI/EDC_Project/elastic-diffusive-cosmology_repo/edc_book_2/src/CH3_electroweak_parameters.tex,281,\frac{g'^2}{g^2} = \frac{|\mathbb{Z}_2|}{|\mathbb{Z}_6|} = \frac{1}{3}
P2_Z6,\\mathbb\{Z\}_6|Z_6|Z6,/Users/igor/ClaudeAI/EDC_Project/elastic-diffusive-cosmology_repo/edc_book_2/src/CH3_electroweak_parameters.tex,295,the symmetry is discrete ($\mathbb{Z}_6$) rather than continuous ($SU(5)$).
P2_Z6,\\mathbb\{Z\}_6|Z_6|Z6,/Users/igor/ClaudeAI/EDC_Project/elastic-diffusive-cosmology_repo/edc_book_2/src/CH3_electroweak_parameters.tex,337,\sin^2\theta_W = \frac{|\mathbb{Z}_2|}{|\mathbb{Z}_2| + |\mathbb{Z}_6|} = \frac{1}{4}
P2_Z6,\\mathbb\{Z\}_6|Z_6|Z6,/Users/igor/ClaudeAI/EDC_Project/elastic-diffusive-cosmology_repo/edc_book_2/src/CH3_electroweak_parameters.tex,356,\item[$\times$] Why $\mathbb{Z}_6$ geometry implies the specific $g'/g$ ratio
P2_Z6,\\mathbb\{Z\}_6|Z_6|Z6,/Users/igor/ClaudeAI/EDC_Project/elastic-diffusive-cosmology_repo/edc_book_2/src/CH3_electroweak_parameters.tex,364,"That requires the $\mathbb{Z}_6$ identification, which is \tagI{}, not \tagDc{}."
P2_Z6,\\mathbb\{Z\}_6|Z_6|Z6,/Users/igor/ClaudeAI/EDC_Project/elastic-diffusive-cosmology_repo/edc_book_2/src/CH3_electroweak_parameters.tex,387,\item Layered structure: 5D Bulk $\to$ Brane ($\mathbb{Z}_6$ lattice) $\to$ 4D observer
P2_Z6,\\mathbb\{Z\}_6|Z_6|Z6,/Users/igor/ClaudeAI/EDC_Project/elastic-diffusive-cosmology_repo/edc_book_2/src/CH3_electroweak_parameters.tex,388,\item $\mathbb{Z}_6$ hexagon with $\mathbb{Z}_2$ and $\mathbb{Z}_3$ subgroups highlighted
P2_Z6,\\mathbb\{Z\}_6|Z_6|Z6,/Users/igor/ClaudeAI/EDC_Project/elastic-diffusive-cosmology_repo/edc_book_2/src/CH3_electroweak_parameters.tex,389,"\item Arrows showing: $\mathbb{Z}_2 \to U(1)_Y$ weight, $\mathbb{Z}_6 \to SU(2)_L$ weight"
P2_Z6,\\mathbb\{Z\}_6|Z_6|Z6,/Users/igor/ClaudeAI/EDC_Project/elastic-diffusive-cosmology_repo/edc_book_2/src/CH3_electroweak_parameters.tex,411,"The actual identification is $g'^2/g^2 = |\mathbb{Z}_2|/|\mathbb{Z}_6| = 1/3$,"
P2_Z6,\\mathbb\{Z\}_6|Z_6|Z6,/Users/igor/ClaudeAI/EDC_Project/elastic-diffusive-cosmology_repo/edc_book_2/src/CH3_electroweak_parameters.tex,420,The value $\sin^2\theta_W = 1/4$ is the ``bare'' value at the $\mathbb{Z}_6$ lattice scale
P2_Z6,\\mathbb\{Z\}_6|Z_6|Z6,/Users/igor/ClaudeAI/EDC_Project/elastic-diffusive-cosmology_repo/edc_book_2/src/CH3_electroweak_parameters.tex,442,\item \textbf{Fixed} at the lattice scale by the $\mathbb{Z}_6$ identification \tagI{}: $\sin^2\theta_W = 1/4$
P2_Z6,\\mathbb\{Z\}_6|Z_6|Z6,/Users/igor/ClaudeAI/EDC_Project/elastic-diffusive-cosmology_repo/edc_book_2/src/CH3_electroweak_parameters.tex,595,\sin^2\theta_W(\mu_{\text{lattice}}) = \frac{1}{4} \quad \text{from } \mathbb{Z}_6 \text{ symmetry}
P2_Z6,\\mathbb\{Z\}_6|Z_6|Z6,/Users/igor/ClaudeAI/EDC_Project/elastic-diffusive-cosmology_repo/edc_book_2/src/CH3_electroweak_parameters.tex,738,"from electroweak relations + $\sin^2\theta_W = 1/4$ (Chapter~\ref{ch:z6_program}), not"
P2_Z6,\\mathbb\{Z\}_6|Z_6|Z6,/Users/igor/ClaudeAI/EDC_Project/elastic-diffusive-cosmology_repo/edc_book_2/src/CH3_electroweak_parameters.tex,904,"The geometric derivation $\sin^2\theta_W = 1/4$ from $\mathbb{Z}_6$ symmetry was elegant,"
P2_Z6,\\mathbb\{Z\}_6|Z_6|Z6,/Users/igor/ClaudeAI/EDC_Project/elastic-diffusive-cosmology_repo/edc_book_2/src/CH3_electroweak_parameters.tex,969,is where the $\mathbb{Z}_6$ hexagonal geometry ``lives.'' This is the hadronic scale---where
P2_Z6,\\mathbb\{Z\}_6|Z_6|Z6,/Users/igor/ClaudeAI/EDC_Project/elastic-diffusive-cosmology_repo/edc_book_2/src/CH3_electroweak_parameters.tex,1012,physics. This is where the $\mathbb{Z}_6$ hexagonal structure lives.
P2_Z6,\\mathbb\{Z\}_6|Z_6|Z6,/Users/igor/ClaudeAI/EDC_Project/elastic-diffusive-cosmology_repo/edc_book_2/src/CH3_electroweak_parameters.tex,1048,\boxed{\sin^2\theta_W = \frac{1}{4} \quad \text{from } \mathbb{Z}_6 = \mathbb{Z}_2 \times \mathbb{Z}_3 \text{ symmetry}}
P2_Z6,\\mathbb\{Z\}_6|Z_6|Z6,/Users/igor/ClaudeAI/EDC_Project/elastic-diffusive-cosmology_repo/edc_book_2/src/CH3_electroweak_parameters.tex,1091,\item $\sin^2\theta_W = 1/4$ at the lattice scale (from $\mathbb{Z}_6$ identification) \tagI{}
P2_Z6,\\mathbb\{Z\}_6|Z_6|Z6,/Users/igor/ClaudeAI/EDC_Project/elastic-diffusive-cosmology_repo/edc_book_2/src/CH3_electroweak_parameters.tex,1101,\textbf{ALLOWED:} Using $\mathbb{Z}_6 \to \sin^2\theta_W = 1/4$ as a geometric boundary condition.\\
P2_Z6,\\mathbb\{Z\}_6|Z_6|Z6,/Users/igor/ClaudeAI/EDC_Project/elastic-diffusive-cosmology_repo/edc_book_2/src/CH3_electroweak_parameters.tex,1114,\item Ch.~2 (assumed): $\mathbb{Z}_6 = \mathbb{Z}_2 \times \mathbb{Z}_3$ hexagonal symmetry
P2_Z6,\\mathbb\{Z\}_6|Z_6|Z6,/Users/igor/ClaudeAI/EDC_Project/elastic-diffusive-cosmology_repo/edc_book_2/src/CH3_electroweak_parameters.tex,1121,\item \textbf{IF} $\mathbb{Z}_6$ factors as $\mathbb{Z}_2 \times \mathbb{Z}_3$ \textbf{AND}
P2_Z6,\\mathbb\{Z\}_6|Z_6|Z6,/Users/igor/ClaudeAI/EDC_Project/elastic-diffusive-cosmology_repo/edc_book_2/src/CH3_electroweak_parameters.tex,1133,\textbf{OPEN:} Derive the $\mathbb{Z}_6 \to$ coupling weight map from a 5D gauge action
P2_Z6,\\mathbb\{Z\}_6|Z_6|Z6,/Users/igor/ClaudeAI/EDC_Project/elastic-diffusive-cosmology_repo/edc_book_2/src/CH3_electroweak_parameters.tex,1149,the $\mathbb{Z}_6$ identification fails.
P2_Z6,\\mathbb\{Z\}_6|Z_6|Z6,/Users/igor/ClaudeAI/EDC_Project/elastic-diffusive-cosmology_repo/edc_book_2/src/CH3_electroweak_parameters.tex,1162,\item[FM-4: $\mathbb{Z}_6$ not the correct symmetry.]
P2_Z6,\\mathbb\{Z\}_6|Z_6|Z6,/Users/igor/ClaudeAI/EDC_Project/elastic-diffusive-cosmology_repo/edc_book_2/src/CH3_electroweak_parameters.tex,1169,"inconsistent with $\mathbb{Z}_6$ counting, the identification is wrong."
P2_Z6,\\mathbb\{Z\}_6|Z_6|Z6,/Users/igor/ClaudeAI/EDC_Project/elastic-diffusive-cosmology_repo/edc_book_2/src/CH3_electroweak_parameters.tex,1189,\item[\checkmark] \textbf{$\sin^2\theta_W$:} Derived from $\mathbb{Z}_6$ geometry + RG running.
P2_Z6,\\mathbb\{Z\}_6|Z_6|Z6,/Users/igor/ClaudeAI/EDC_Project/elastic-diffusive-cosmology_repo/edc_book_2/src/sections/ch7_attempt4_cp_refinement.tex,2,"% Chapter 7, Attempt 4: CP Phase Refinement via Z6 Structure"
P2_Z6,\\mathbb\{Z\}_6|Z_6|Z6,/Users/igor/ClaudeAI/EDC_Project/elastic-diffusive-cosmology_repo/edc_book_2/src/sections/ch7_attempt4_cp_refinement.tex,10,with $\delta = 120°$. Attempt~4 investigates whether the $\mathbb{Z}_6 = \mathbb{Z}_2 \times \mathbb{Z}_3$
P2_Z6,\\mathbb\{Z\}_6|Z_6|Z6,/Users/igor/ClaudeAI/EDC_Project/elastic-diffusive-cosmology_repo/edc_book_2/src/sections/ch7_attempt4_cp_refinement.tex,60,\item[\textbf{M1:} $\mathbb{Z}_6$ half-phase selection]
P2_Z6,\\mathbb\{Z\}_6|Z_6|Z6,/Users/igor/ClaudeAI/EDC_Project/elastic-diffusive-cosmology_repo/edc_book_2/src/sections/ch7_attempt4_cp_refinement.tex,61,Use $\mathbb{Z}_6$ phases $\omega_6 = e^{i\pi/3}$ instead of $\mathbb{Z}_3$.
P2_Z6,\\mathbb\{Z\}_6|Z_6|Z6,/Users/igor/ClaudeAI/EDC_Project/elastic-diffusive-cosmology_repo/edc_book_2/src/sections/ch7_attempt4_cp_refinement.tex,69,The $\mathbb{Z}_2$ factor in $\mathbb{Z}_6 = \mathbb{Z}_2 \times \mathbb{Z}_3$
P2_Z6,\\mathbb\{Z\}_6|Z_6|Z6,/Users/igor/ClaudeAI/EDC_Project/elastic-diffusive-cosmology_repo/edc_book_2/src/sections/ch7_attempt4_cp_refinement.tex,74,Minimal discrete structure gives $\delta = 60°$ ($\mathbb{Z}_6$).
P2_Z6,\\mathbb\{Z\}_6|Z_6|Z6,/Users/igor/ClaudeAI/EDC_Project/elastic-diffusive-cosmology_repo/edc_book_2/src/sections/ch7_attempt4_cp_refinement.tex,109,\textbf{Setup:} The $\mathbb{Z}_6 = \mathbb{Z}_2 \times \mathbb{Z}_3$ structure
P2_Z6,\\mathbb\{Z\}_6|Z_6|Z6,/Users/igor/ClaudeAI/EDC_Project/elastic-diffusive-cosmology_repo/edc_book_2/src/sections/ch7_attempt4_cp_refinement.tex,152,The $\mathbb{Z}_2$ factor in $\mathbb{Z}_6$ provides sign flips that
P2_Z6,\\mathbb\{Z\}_6|Z_6|Z6,/Users/igor/ClaudeAI/EDC_Project/elastic-diffusive-cosmology_repo/edc_book_2/src/sections/ch7_attempt4_cp_refinement.tex,223,\textbf{Resolution:} The $\mathbb{Z}_2$ factor in $\mathbb{Z}_6 = \mathbb{Z}_2 \times \mathbb{Z}_3$
P2_Z6,\\mathbb\{Z\}_6|Z_6|Z6,/Users/igor/ClaudeAI/EDC_Project/elastic-diffusive-cosmology_repo/edc_book_2/src/sections/ch7_attempt4_cp_refinement.tex,236,"\textbf{Bottom line:} The $\mathbb{Z}_6$ discrete symmetry, with $\mathbb{Z}_2$"
P2_Z6,\\mathbb\{Z\}_6|Z_6|Z6,/Users/igor/ClaudeAI/EDC_Project/elastic-diffusive-cosmology_repo/edc_book_2/src/sections/ch7_attempt4_cp_refinement.tex,253,$\sqrt{3}/2 = \sin 60°$ emerges from the $\mathbb{Z}_6$ structure.
P2_Z6,\\mathbb\{Z\}_6|Z_6|Z6,/Users/igor/ClaudeAI/EDC_Project/elastic-diffusive-cosmology_repo/edc_book_2/src/sections/ch7_attempt4_cp_refinement.tex,256,face-diagonal of a unit cube---both arise naturally from $\mathbb{Z}_6$ geometry.
P2_Z6,\\mathbb\{Z\}_6|Z_6|Z6,/Users/igor/ClaudeAI/EDC_Project/elastic-diffusive-cosmology_repo/edc_book_2/src/sections/ch6_pmns_attempt1.tex,123,\item \textbf{$\mathbb{Z}_2$ breaking from $\mathbb{Z}_6$:}
P2_Z6,\\mathbb\{Z\}_6|Z_6|Z6,/Users/igor/ClaudeAI/EDC_Project/elastic-diffusive-cosmology_repo/edc_book_2/src/sections/ch6_pmns_attempt1.tex,124,The full hexagonal symmetry is $\mathbb{Z}_6 = \mathbb{Z}_2 \times \mathbb{Z}_3$.
P2_Z6,\\mathbb\{Z\}_6|Z_6|Z6,/Users/igor/ClaudeAI/EDC_Project/elastic-diffusive-cosmology_repo/edc_book_2/src/sections/ch6_pmns_attempt1.tex,170,"However, $\mathbb{Z}_6$ is abelian and \textbf{cannot contain} the non-abelian"
P2_Z6,\\mathbb\{Z\}_6|Z_6|Z6,/Users/igor/ClaudeAI/EDC_Project/elastic-diffusive-cosmology_repo/edc_book_2/src/sections/ch6_pmns_attempt1.tex,175,The EDC $\mathbb{Z}_6$ hexagonal symmetry alone \textbf{cannot derive}
P2_Z6,\\mathbb\{Z\}_6|Z_6|Z6,/Users/igor/ClaudeAI/EDC_Project/elastic-diffusive-cosmology_repo/edc_book_2/src/sections/ch6_pmns_attempt1.tex,177,beyond $\mathbb{Z}_6$ \tagP{}.
P2_Z6,\\mathbb\{Z\}_6|Z_6|Z6,/Users/igor/ClaudeAI/EDC_Project/elastic-diffusive-cosmology_repo/edc_book_2/src/sections/ch6_pmns_attempt2.tex,3,"% Status: Partial success — Z6 submixing captures theta23, fails theta12/theta13"
P2_Z6,\\mathbb\{Z\}_6|Z_6|Z6,/Users/igor/ClaudeAI/EDC_Project/elastic-diffusive-cosmology_repo/edc_book_2/src/sections/ch6_pmns_attempt2.tex,13,$\mathbb{Z}_6$ geometry can produce the observed pattern: \textbf{large}
P2_Z6,\\mathbb\{Z\}_6|Z_6|Z6,/Users/igor/ClaudeAI/EDC_Project/elastic-diffusive-cosmology_repo/edc_book_2/src/sections/ch6_pmns_attempt2.tex,34,purely by $\mathbb{Z}_3$ or $\mathbb{Z}_6$ geometry.
P2_Z6,\\mathbb\{Z\}_6|Z_6|Z6,/Users/igor/ClaudeAI/EDC_Project/elastic-diffusive-cosmology_repo/edc_book_2/src/sections/ch6_pmns_attempt2.tex,58,"A3: $\mathbb{Z}_6$ submixing & Flavor at $\mathbb{Z}_3$, mass at $\mathbb{Z}_6$ subset & 0 \\"
P2_Z6,\\mathbb\{Z\}_6|Z_6|Z6,/Users/igor/ClaudeAI/EDC_Project/elastic-diffusive-cosmology_repo/edc_book_2/src/sections/ch6_pmns_attempt2.tex,73,The key finding is that \textbf{variant A3 ($\mathbb{Z}_6$ submixing) achieves
P2_Z6,\\mathbb\{Z\}_6|Z_6|Z6,/Users/igor/ClaudeAI/EDC_Project/elastic-diffusive-cosmology_repo/edc_book_2/src/sections/ch6_pmns_attempt2.tex,90,\textbf{A3: $\mathbb{Z}_6$ submixing} & 0.137 & \textbf{0.564} & 0.008 & 0.23 & \textcolor{orange}{YELLOW} \\
P2_Z6,\\mathbb\{Z\}_6|Z_6|Z6,/Users/igor/ClaudeAI/EDC_Project/elastic-diffusive-cosmology_repo/edc_book_2/src/sections/ch6_pmns_attempt2.tex,100,title=\textbf{Success: $\theta_{23}$ from $\mathbb{Z}_6$ Geometry}]
P2_Z6,\\mathbb\{Z\}_6|Z_6|Z6,/Users/igor/ClaudeAI/EDC_Project/elastic-diffusive-cosmology_repo/edc_book_2/src/sections/ch6_pmns_attempt2.tex,102,\textbf{naturally} from the $\mathbb{Z}_6 = \mathbb{Z}_2 \times \mathbb{Z}_3$
P2_Z6,\\mathbb\{Z\}_6|Z_6|Z6,/Users/igor/ClaudeAI/EDC_Project/elastic-diffusive-cosmology_repo/edc_book_2/src/sections/ch6_pmns_attempt2.tex,105,\textbf{Physical interpretation:} The $\mathbb{Z}_6$ structure places mass
P2_Z6,\\mathbb\{Z\}_6|Z_6|Z6,/Users/igor/ClaudeAI/EDC_Project/elastic-diffusive-cosmology_repo/edc_book_2/src/sections/ch6_pmns_attempt2.tex,175,"$\mathbb{Z}_6$ overlap model & YELLOW & \tagDc{} & $\theta_{23}$ correct, others fail \\"
P2_Z6,\\mathbb\{Z\}_6|Z_6|Z6,/Users/igor/ClaudeAI/EDC_Project/elastic-diffusive-cosmology_repo/edc_book_2/src/sections/ch6_pmns_attempt2.tex,198,\item $\mathbb{Z}_6$ submixing \textbf{derives} $\theta_{23} \approx 45°$ \tagDc{}
P2_Z6,\\mathbb\{Z\}_6|Z_6|Z6,/Users/igor/ClaudeAI/EDC_Project/elastic-diffusive-cosmology_repo/edc_book_2/src/sections/ch6_pmns_attempt2.tex,215,\item Best variant: A3 ($\mathbb{Z}_6$ submixing)
P2_Z6,\\mathbb\{Z\}_6|Z_6|Z6,/Users/igor/ClaudeAI/EDC_Project/elastic-diffusive-cosmology_repo/edc_book_2/src/sections/ch6_pmns_attempt2.tex,236,The partial success of $\mathbb{Z}_6$ submixing suggests that the EDC geometric
P2_Z6,\\mathbb\{Z\}_6|Z_6|Z6,/Users/igor/ClaudeAI/EDC_Project/elastic-diffusive-cosmology_repo/edc_book_2/src/sections/ch6_pmns_attempt2.tex,242,\item \textbf{Non-abelian extension:} The abelian $\mathbb{Z}_6$ cannot generate
P2_Z6,\\mathbb\{Z\}_6|Z_6|Z6,/Users/igor/ClaudeAI/EDC_Project/elastic-diffusive-cosmology_repo/edc_book_2/src/sections/ch11_g5_value_closure_attempt3_derive_4pi.tex,61,$\sigma r_e^2 = 5.86$ MeV & From $\mathbb{Z}_6$ geometry & \tagDc{} \\
P2_Z6,\\mathbb\{Z\}_6|Z_6|Z6,/Users/igor/ClaudeAI/EDC_Project/elastic-diffusive-cosmology_repo/edc_book_2/src/sections/05_case_neutron.tex,167,"Based on $\mathbb{Z}_6$ symmetry arguments, the neutron corresponds to approximately"
P2_Z6,\\mathbb\{Z\}_6|Z_6|Z6,/Users/igor/ClaudeAI/EDC_Project/elastic-diffusive-cosmology_repo/edc_book_2/src/sections/05_case_neutron.tex,768,$\Delta m_{np}$ from $\mathbb{Z}_6$ breaking & 1.30 MeV & \tagDc{} & From geometry \\
P2_Z6,\\mathbb\{Z\}_6|Z_6|Z6,/Users/igor/ClaudeAI/EDC_Project/elastic-diffusive-cosmology_repo/edc_book_2/src/sections/05_case_neutron.tex,801,1/3$ from $\mathbb{Z}_6$ symmetry arguments. Need: reconcile or derive from
P2_Z6,\\mathbb\{Z\}_6|Z_6|Z6,/Users/igor/ClaudeAI/EDC_Project/elastic-diffusive-cosmology_repo/edc_book_2/src/sections/ch6_pmns_attempt3_z6_refinement.tex,3,% PMNS Attempt 3: Z6 Discrete-Phase Refinement
P2_Z6,\\mathbb\{Z\}_6|Z_6|Z6,/Users/igor/ClaudeAI/EDC_Project/elastic-diffusive-cosmology_repo/edc_book_2/src/sections/ch6_pmns_attempt3_z6_refinement.tex,7,\subsection{\texorpdfstring{Attempt 3: Z$_6$ Discrete-Phase Refinement}{Attempt 3: Z6 Discrete-Phase Refinement}}
P2_Z6,\\mathbb\{Z\}_6|Z_6|Z6,/Users/igor/ClaudeAI/EDC_Project/elastic-diffusive-cosmology_repo/edc_book_2/src/sections/ch6_pmns_attempt3_z6_refinement.tex,159,\paragraph{Code.} \texttt{code/pmns\_attempt3\_z6\_phase\_sweep.py}
P2_Z6,\\mathbb\{Z\}_6|Z_6|Z6,/Users/igor/ClaudeAI/EDC_Project/elastic-diffusive-cosmology_repo/edc_book_2/src/sections/02_frozen_regime_foundations.tex,50,The Z6 Program (Chapter~3) and subsequent chapters assume that particle profiles are
P2_Z6,\\mathbb\{Z\}_6|Z_6|Z6,/Users/igor/ClaudeAI/EDC_Project/elastic-diffusive-cosmology_repo/edc_book_2/src/sections/02_frozen_regime_foundations.tex,67,\textbf{THEN} Z6 proofs (Chapter~3) apply without tuning \\
P2_Z6,\\mathbb\{Z\}_6|Z_6|Z6,/Users/igor/ClaudeAI/EDC_Project/elastic-diffusive-cosmology_repo/edc_book_2/src/sections/02_frozen_regime_foundations.tex,941,% 2.11 INTEGRATION MAP → Z6 AND LATER CHAPTERS
P2_Z6,\\mathbb\{Z\}_6|Z_6|Z6,/Users/igor/ClaudeAI/EDC_Project/elastic-diffusive-cosmology_repo/edc_book_2/src/sections/02_frozen_regime_foundations.tex,943,\section{Integration Map: What Z6 and Later Chapters Consume}
P2_Z6,\\mathbb\{Z\}_6|Z_6|Z6,/Users/igor/ClaudeAI/EDC_Project/elastic-diffusive-cosmology_repo/edc_book_2/src/sections/02_frozen_regime_foundations.tex,957,\textbf{Chapter 3 (Z6 Program) consumes:}
P2_Z6,\\mathbb\{Z\}_6|Z_6|Z6,/Users/igor/ClaudeAI/EDC_Project/elastic-diffusive-cosmology_repo/edc_book_2/src/sections/02_frozen_regime_foundations.tex,961,\item $\mathbb{Z}_6$ symmetry → derives from hexagonal lattice in frozen regime
P2_Z6,\\mathbb\{Z\}_6|Z_6|Z6,/Users/igor/ClaudeAI/EDC_Project/elastic-diffusive-cosmology_repo/edc_book_2/src/sections/02_frozen_regime_foundations.tex,966,\item Ch.~4 (Electroweak): Uses $\mathbb{Z}_6$ structure for $\sin^2\theta_W$
P2_Z6,\\mathbb\{Z\}_6|Z_6|Z6,/Users/igor/ClaudeAI/EDC_Project/elastic-diffusive-cosmology_repo/edc_book_2/src/sections/02_frozen_regime_foundations.tex,979,"\item \textbf{Neutron lifetime:} Requires additional derivation (see Z6 Program, Chapter~3)"
P2_Z6,\\mathbb\{Z\}_6|Z_6|Z6,/Users/igor/ClaudeAI/EDC_Project/elastic-diffusive-cosmology_repo/edc_book_2/src/sections/02_frozen_regime_foundations.tex,982,\subsection{Forward Reference to Z6}
P2_Z6,\\mathbb\{Z\}_6|Z_6|Z6,/Users/igor/ClaudeAI/EDC_Project/elastic-diffusive-cosmology_repo/edc_book_2/src/sections/02_frozen_regime_foundations.tex,984,The Z6 Program (Chapter~3) provides the \textbf{mathematical proofs} that transform the
P2_Z6,\\mathbb\{Z\}_6|Z_6|Z6,/Users/igor/ClaudeAI/EDC_Project/elastic-diffusive-cosmology_repo/edc_book_2/src/sections/02_frozen_regime_foundations.tex,988,\item \textbf{Proton stability:} Z6 proves Y-junction is unique topological minimum
P2_Z6,\\mathbb\{Z\}_6|Z_6|Z6,/Users/igor/ClaudeAI/EDC_Project/elastic-diffusive-cosmology_repo/edc_book_2/src/sections/02_frozen_regime_foundations.tex,989,\item \textbf{Color confinement:} Z6 proves flux tubes cannot separate
P2_Z6,\\mathbb\{Z\}_6|Z_6|Z6,/Users/igor/ClaudeAI/EDC_Project/elastic-diffusive-cosmology_repo/edc_book_2/src/sections/02_frozen_regime_foundations.tex,990,\item \textbf{Neutron instability:} Z6 identifies neutron as lattice dislocation
P2_Z6,\\mathbb\{Z\}_6|Z_6|Z6,/Users/igor/ClaudeAI/EDC_Project/elastic-diffusive-cosmology_repo/edc_book_2/src/sections/02_frozen_regime_foundations.tex,994,"Z6 provides the \emph{mathematical derivations} (topological theorems, stability proofs)."
P2_Z6,\\mathbb\{Z\}_6|Z_6|Z6,/Users/igor/ClaudeAI/EDC_Project/elastic-diffusive-cosmology_repo/edc_book_2/src/sections/13_summary.tex,115,\subsection{\texorpdfstring{Forward to Chapter 2: The $\mathbb{Z}_6$ Program}{Forward to Chapter 2: The Z6 Program}}
P2_Z6,\\mathbb\{Z\}_6|Z_6|Z6,/Users/igor/ClaudeAI/EDC_Project/elastic-diffusive-cosmology_repo/edc_book_2/src/sections/13_summary.tex,118,\textbf{Chapter~2: The $\mathbb{Z}_6$ Program}. Specifically:
P2_Z6,\\mathbb\{Z\}_6|Z_6|Z6,/Users/igor/ClaudeAI/EDC_Project/elastic-diffusive-cosmology_repo/edc_book_2/src/sections/13_summary.tex,125,\emph{derived} from $\mathbb{Z}_6$-invariant boundary conditions.
P2_Z6,\\mathbb\{Z\}_6|Z_6|Z6,/Users/igor/ClaudeAI/EDC_Project/elastic-diffusive-cosmology_repo/edc_book_2/src/sections/13_summary.tex,128,\item \textbf{Why color confinement?} The $\mathbb{Z}_3$ subgroup of $\mathbb{Z}_6$
P2_Z6,\\mathbb\{Z\}_6|Z_6|Z6,/Users/igor/ClaudeAI/EDC_Project/elastic-diffusive-cosmology_repo/edc_book_2/src/sections/07_ckm_cp.tex,15,This chapter applies the $\mathbb{Z}_6 = \mathbb{Z}_2 \times \mathbb{Z}_3$ symmetry analysis
P2_Z6,\\mathbb\{Z\}_6|Z_6|Z6,/Users/igor/ClaudeAI/EDC_Project/elastic-diffusive-cosmology_repo/edc_book_2/src/sections/07_ckm_cp.tex,38,\item \textbf{5D cause:} Generation separation along $z$; $\mathbb{Z}_6$ discrete structure.
P2_Z6,\\mathbb\{Z\}_6|Z_6|Z6,/Users/igor/ClaudeAI/EDC_Project/elastic-diffusive-cosmology_repo/edc_book_2/src/sections/07_ckm_cp.tex,76,The $\mathbb{Z}_6 = \mathbb{Z}_2 \times \mathbb{Z}_3$ lattice structure introduces
P2_Z6,\\mathbb\{Z\}_6|Z_6|Z6,/Users/igor/ClaudeAI/EDC_Project/elastic-diffusive-cosmology_repo/edc_book_2/src/sections/07_ckm_cp.tex,114,\item[Attempt 4: $\mathbb{Z}_6 = \mathbb{Z}_2 \times \mathbb{Z}_3$ refinement \tagDc{}:]
P2_Z6,\\mathbb\{Z\}_6|Z_6|Z6,/Users/igor/ClaudeAI/EDC_Project/elastic-diffusive-cosmology_repo/edc_book_2/src/sections/07_ckm_cp.tex,404,\item \textbf{$\mathbb{Z}_2$ generation selection from $\mathbb{Z}_6$:}
P2_Z6,\\mathbb\{Z\}_6|Z_6|Z6,/Users/igor/ClaudeAI/EDC_Project/elastic-diffusive-cosmology_repo/edc_book_2/src/sections/07_ckm_cp.tex,405,The $\mathbb{Z}_2 \subset \mathbb{Z}_6$ factor distinguishes even/odd
P2_Z6,\\mathbb\{Z\}_6|Z_6|Z6,/Users/igor/ClaudeAI/EDC_Project/elastic-diffusive-cosmology_repo/edc_book_2/src/sections/07_ckm_cp.tex,944,\item Complex phases in the $\mathbb{Z}_6$ lattice structure
P2_Z6,\\mathbb\{Z\}_6|Z_6|Z6,/Users/igor/ClaudeAI/EDC_Project/elastic-diffusive-cosmology_repo/edc_book_2/src/sections/07_ckm_cp.tex,1059,If no controlled perturbation of $\mathbb{Z}_6$ geometry can produce
P2_Z6,\\mathbb\{Z\}_6|Z_6|Z6,/Users/igor/ClaudeAI/EDC_Project/elastic-diffusive-cosmology_repo/edc_book_2/src/sections/07_ckm_cp.tex,1097,% Include Attempt 4: Z6 Refinement for delta
P2_Z6,\\mathbb\{Z\}_6|Z_6|Z6,/Users/igor/ClaudeAI/EDC_Project/elastic-diffusive-cosmology_repo/edc_book_2/src/sections/ch7_z2_parity_origin.tex,115,\item \textbf{Phase:} $\arg(V_{ub})$ from $\mathbb{Z}_6 = \mathbb{Z}_2 \times \mathbb{Z}_3$
P2_Z6,\\mathbb\{Z\}_6|Z_6|Z6,/Users/igor/ClaudeAI/EDC_Project/elastic-diffusive-cosmology_repo/edc_book_2/src/sections/ch7_z2_parity_origin.tex,121,"$\mathbb{Z}_6$ framework, with the sign selection reducing the discrete ambiguity."
P2_Z6,\\mathbb\{Z\}_6|Z_6|Z6,/Users/igor/ClaudeAI/EDC_Project/elastic-diffusive-cosmology_repo/edc_book_2/src/sections/ch11_gf_full_closure_plan.tex,149,\item $\sin^2\theta_W = 1/4$ (EDC-derived from $\mathbb{Z}_6$ counting)
P2_Z6,\\mathbb\{Z\}_6|Z_6|Z6,/Users/igor/ClaudeAI/EDC_Project/elastic-diffusive-cosmology_repo/edc_book_2/src/sections/ch11_gf_full_closure_plan.tex,189,Independent derivation from $\mathbb{Z}_6$ subgroup counting (Ch.~\ref{ch:z6_program}).
P2_Z6,\\mathbb\{Z\}_6|Z_6|Z6,/Users/igor/ClaudeAI/EDC_Project/elastic-diffusive-cosmology_repo/edc_book_2/src/sections/ch6_pmns_attempt4_1_derive_epsilon.tex,33,"$\sqrt{2}$, which appears naturally in projections from $\mathbb{Z}_6$ to the brane."
P2_Z6,\\mathbb\{Z\}_6|Z_6|Z6,/Users/igor/ClaudeAI/EDC_Project/elastic-diffusive-cosmology_repo/edc_book_2/src/sections/ch6_pmns_attempt4_1_derive_epsilon.tex,126,\item $\theta_{23}$: derived from $\mathbb{Z}_6$ geometry \tagDc{}
P2_Z6,\\mathbb\{Z\}_6|Z_6|Z6,/Users/igor/ClaudeAI/EDC_Project/elastic-diffusive-cosmology_repo/edc_book_2/src/sections/ch6_pmns_attempt4_1_derive_epsilon.tex,160,$\mathbb{Z}_6$ $\theta_{23}$ gives a near-complete asymmetric PMNS pattern
P2_Z6,\\mathbb\{Z\}_6|Z_6|Z6,/Users/igor/ClaudeAI/EDC_Project/elastic-diffusive-cosmology_repo/edc_book_2/src/sections/ch20_epistemic_summary_closure_status.tex,287,$\mathbb{Z}_6$ symmetry & Hexagonal brane geometry & $\sin^2\theta_W = 1/4$ derivation in Ch3 & \tagI{} \\
P2_Z6,\\mathbb\{Z\}_6|Z_6|Z6,/Users/igor/ClaudeAI/EDC_Project/elastic-diffusive-cosmology_repo/edc_book_2/src/sections/ch20_epistemic_summary_closure_status.tex,297,"\item Part~I establishes geometric primitives ($\sigma$, $r_e$, $\mathbb{Z}_6$)"
P2_Z6,\\mathbb\{Z\}_6|Z_6|Z6,/Users/igor/ClaudeAI/EDC_Project/elastic-diffusive-cosmology_repo/edc_book_2/src/sections/ch20_epistemic_summary_closure_status.tex,496,$\sin^2\theta_W = 1/4$ from $\mathbb{Z}_6$ counting [Der] &
P2_Z6,\\mathbb\{Z\}_6|Z_6|Z6,/Users/igor/ClaudeAI/EDC_Project/elastic-diffusive-cosmology_repo/edc_book_2/src/sections/ch20_epistemic_summary_closure_status.tex,541,\texttt{repro/scripts/repro\_sin2\_z6\_verify.py} & $\sin^2\theta_W = 1/4$ from $\mathbb{Z}_6$ \\
P2_Z6,\\mathbb\{Z\}_6|Z_6|Z6,/Users/igor/ClaudeAI/EDC_Project/elastic-diffusive-cosmology_repo/edc_book_2/src/sections/ch6_pmns_attempt4_2_theta12_origin.tex,31,"In $\mathbb{Z}_6$-symmetric 5D geometry, the projection from bulk to brane involves"
P2_Z6,\\mathbb\{Z\}_6|Z_6|Z6,/Users/igor/ClaudeAI/EDC_Project/elastic-diffusive-cosmology_repo/edc_book_2/src/sections/ch6_pmns_attempt4_2_theta12_origin.tex,81,With $\theta_{23}$ from $\mathbb{Z}_6$ geometry~\tagDc{} and $\varepsilon = \lambda/\sqrt{2}$~[BL$\to$Dc]:
P2_Z6,\\mathbb\{Z\}_6|Z_6|Z6,/Users/igor/ClaudeAI/EDC_Project/elastic-diffusive-cosmology_repo/edc_book_2/src/sections/ch6_pmns_attempt4_2_theta12_origin.tex,167,\item $\theta_{23}$: GREEN \tagDc{} --- $\sin^2\theta_{23} = 0.564$ from $\mathbb{Z}_6$
P2_Z6,\\mathbb\{Z\}_6|Z_6|Z6,/Users/igor/ClaudeAI/EDC_Project/elastic-diffusive-cosmology_repo/edc_book_2/src/sections/ch6_pmns_attempt4_2_theta12_origin.tex,184,($\theta_{23}$: $\mathbb{Z}_6$; $\theta_{13}$: $\lambda/\sqrt{2}$;
P2_Z6,\\mathbb\{Z\}_6|Z_6|Z6,/Users/igor/ClaudeAI/EDC_Project/elastic-diffusive-cosmology_repo/edc_book_2/src/sections/ch6_pmns_attempt4_menu.tex,10,Attempts~2 and~3 established that (i)~$\theta_{23}$ emerges from $\mathbb{Z}_6$
P2_Z6,\\mathbb\{Z\}_6|Z_6|Z6,/Users/igor/ClaudeAI/EDC_Project/elastic-diffusive-cosmology_repo/edc_book_2/src/sections/ch6_pmns_attempt4_menu.tex,24,"where $\theta_{23}^0$ is fixed from $\mathbb{Z}_6$ geometry~\tagDc{}, $\theta_{12}^0$"
P2_Z6,\\mathbb\{Z\}_6|Z_6|Z6,/Users/igor/ClaudeAI/EDC_Project/elastic-diffusive-cosmology_repo/edc_book_2/src/sections/ch6_pmns_attempt4_menu.tex,110,\item $\theta_{23}^0 = 48.7°$: \textbf{Derived [Dc]} from $\mathbb{Z}_6$ geometry (Attempt~2)
P2_Z6,\\mathbb\{Z\}_6|Z_6|Z6,/Users/igor/ClaudeAI/EDC_Project/elastic-diffusive-cosmology_repo/edc_book_2/src/sections/ch6_pmns_attempt4_menu.tex,187,\item $\theta_{23}$: derived from $\mathbb{Z}_6$ geometry [Dc]
P2_Z6,\\mathbb\{Z\}_6|Z_6|Z6,/Users/igor/ClaudeAI/EDC_Project/elastic-diffusive-cosmology_repo/edc_book_2/src/sections/11_gf_pathway.tex,34,once $\sin^2\theta_W = 1/4$ is derived from $\mathbb{Z}_6$ geometry. See
P2_Z6,\\mathbb\{Z\}_6|Z_6|Z6,/Users/igor/ClaudeAI/EDC_Project/elastic-diffusive-cosmology_repo/edc_book_2/src/sections/04b_proton_anchor.tex,48,"\textbf{Note:} The full proof of this proposition is given in \textbf{Chapter~2} (The $\mathbb{Z}_6$ Program),"
P2_Z6,\\mathbb\{Z\}_6|Z_6|Z6,/Users/igor/ClaudeAI/EDC_Project/elastic-diffusive-cosmology_repo/edc_book_2/src/sections/04b_proton_anchor.tex,53,\subsubsection{Forward Reference: The $\mathbb{Z}_6$ Program (Chapter 2)}
P2_Z6,\\mathbb\{Z\}_6|Z_6|Z6,/Users/igor/ClaudeAI/EDC_Project/elastic-diffusive-cosmology_repo/edc_book_2/src/sections/04b_proton_anchor.tex,56,"(``The $\mathbb{Z}_6$ Program''), we provide the complete geometric derivation of \emph{why} this is true."
P2_Z6,\\mathbb\{Z\}_6|Z_6|Z6,/Users/igor/ClaudeAI/EDC_Project/elastic-diffusive-cosmology_repo/edc_book_2/src/sections/04b_proton_anchor.tex,61,\item The 120° Steiner angles are geometrically \emph{inevitable} from $\mathbb{Z}_6$-invariant boundary conditions
P2_Z6,\\mathbb\{Z\}_6|Z_6|Z6,/Users/igor/ClaudeAI/EDC_Project/elastic-diffusive-cosmology_repo/edc_book_2/src/sections/04b_proton_anchor.tex,105,The core stability claims are now \textbf{derived} in Chapter~2 via the $\mathbb{Z}_6$ Program.
P2_Z6,\\mathbb\{Z\}_6|Z_6|Z6,/Users/igor/ClaudeAI/EDC_Project/elastic-diffusive-cosmology_repo/edc_book_2/src/sections/05_three_generations.tex,15,\item An identification linking the $\mathbb{Z}_3$ subgroup of $\mathbb{Z}_6$ to
P2_Z6,\\mathbb\{Z\}_6|Z_6|Z6,/Users/igor/ClaudeAI/EDC_Project/elastic-diffusive-cosmology_repo/edc_book_2/src/sections/05_three_generations.tex,40,\item \textbf{5D cause:} $\mathbb{Z}_6 = \mathbb{Z}_2 \times \mathbb{Z}_3$ symmetry of hexagonal flux lattice.
P2_Z6,\\mathbb\{Z\}_6|Z_6|Z6,/Users/igor/ClaudeAI/EDC_Project/elastic-diffusive-cosmology_repo/edc_book_2/src/sections/05_three_generations.tex,66,"circle packing, a classical result in plane geometry \tagDc{}/\tagP{}. This lattice has $\mathbb{Z}_6$"
P2_Z6,\\mathbb\{Z\}_6|Z_6|Z6,/Users/igor/ClaudeAI/EDC_Project/elastic-diffusive-cosmology_repo/edc_book_2/src/sections/05_three_generations.tex,69,\textbf{Step 3: $\mathbb{Z}_6$ factorizes into $\mathbb{Z}_2 \times \mathbb{Z}_3$.}
P2_Z6,\\mathbb\{Z\}_6|Z_6|Z6,/Users/igor/ClaudeAI/EDC_Project/elastic-diffusive-cosmology_repo/edc_book_2/src/sections/05_three_generations.tex,70,Group theory tells us that $\mathbb{Z}_6 = \mathbb{Z}_2 \times \mathbb{Z}_3$ \tagM{}.
P2_Z6,\\mathbb\{Z\}_6|Z_6|Z6,/Users/igor/ClaudeAI/EDC_Project/elastic-diffusive-cosmology_repo/edc_book_2/src/sections/05_three_generations.tex,112,\mathbb{Z}_6 = \mathbb{Z}_2 \times \mathbb{Z}_3
P2_Z6,\\mathbb\{Z\}_6|Z_6|Z6,/Users/igor/ClaudeAI/EDC_Project/elastic-diffusive-cosmology_repo/edc_book_2/src/sections/05_three_generations.tex,115,\label{eq:ch5_z6_factor}
P2_Z6,\\mathbb\{Z\}_6|Z_6|Z6,/Users/igor/ClaudeAI/EDC_Project/elastic-diffusive-cosmology_repo/edc_book_2/src/sections/05_three_generations.tex,193,"In the EDC picture, the brane's $\mathbb{Z}_6$ hexagonal symmetry contains a"
P2_Z6,\\mathbb\{Z\}_6|Z_6|Z6,/Users/igor/ClaudeAI/EDC_Project/elastic-diffusive-cosmology_repo/edc_book_2/src/sections/05_three_generations.tex,208,Hexagonal symmetry guarantees $\mathbb{Z}_6$ rotational invariance \tagDc{}:
P2_Z6,\\mathbb\{Z\}_6|Z_6|Z6,/Users/igor/ClaudeAI/EDC_Project/elastic-diffusive-cosmology_repo/edc_book_2/src/sections/05_three_generations.tex,210,\text{Hexagonal lattice} \;\xrightarrow{\text{rotation group}}\; \mathbb{Z}_6
P2_Z6,\\mathbb\{Z\}_6|Z_6|Z6,/Users/igor/ClaudeAI/EDC_Project/elastic-diffusive-cosmology_repo/edc_book_2/src/sections/05_three_generations.tex,211,\label{eq:ch5_hex_to_z6}
P2_Z6,\\mathbb\{Z\}_6|Z_6|Z6,/Users/igor/ClaudeAI/EDC_Project/elastic-diffusive-cosmology_repo/edc_book_2/src/sections/05_three_generations.tex,214,The factorization $\mathbb{Z}_6 = \mathbb{Z}_2 \times \mathbb{Z}_3$ is pure
P2_Z6,\\mathbb\{Z\}_6|Z_6|Z6,/Users/igor/ClaudeAI/EDC_Project/elastic-diffusive-cosmology_repo/edc_book_2/src/sections/05_three_generations.tex,230,$\mathbb{Z}_6$ from hexagons & Yes & \textcolor{green!50!black}{\textbf{GREEN}} & 2D packing + energy min \tagDc{}/\tagP{} \\
P2_Z6,\\mathbb\{Z\}_6|Z_6|Z6,/Users/igor/ClaudeAI/EDC_Project/elastic-diffusive-cosmology_repo/edc_book_2/src/sections/05_three_generations.tex,231,$\mathbb{Z}_6 = \mathbb{Z}_2 \times \mathbb{Z}_3$ & Yes & \textcolor{green!50!black}{\textbf{GREEN}} & Pure group theory \tagM{} \\
P2_Z6,\\mathbb\{Z\}_6|Z_6|Z6,/Users/igor/ClaudeAI/EDC_Project/elastic-diffusive-cosmology_repo/edc_book_2/src/sections/05_three_generations.tex,249,The $\mathbb{Z}_6 = \mathbb{Z}_2 \times \mathbb{Z}_3$ factorization is mathematically
P2_Z6,\\mathbb\{Z\}_6|Z_6|Z6,/Users/igor/ClaudeAI/EDC_Project/elastic-diffusive-cosmology_repo/edc_book_2/src/sections/05_three_generations.tex,348,of the brane's $\mathbb{Z}_6$).
P2_Z6,\\mathbb\{Z\}_6|Z_6|Z6,/Users/igor/ClaudeAI/EDC_Project/elastic-diffusive-cosmology_repo/edc_book_2/src/sections/05_three_generations.tex,361,Independent of $\mathbb{Z}_6$ & Unknown & \textcolor{orange!80!black}{\textbf{YELLOW}} & Could be compatible or redundant \\
P2_Z6,\\mathbb\{Z\}_6|Z_6|Z6,/Users/igor/ClaudeAI/EDC_Project/elastic-diffusive-cosmology_repo/edc_book_2/src/sections/05_three_generations.tex,396,A: $\mathbb{Z}_3 \subset \mathbb{Z}_6$ & Partial \tagI{} & No & \textcolor{orange!80!black}{\textbf{YELLOW}} (OPR-03) \\
P2_Z6,\\mathbb\{Z\}_6|Z_6|Z6,/Users/igor/ClaudeAI/EDC_Project/elastic-diffusive-cosmology_repo/edc_book_2/src/sections/05_three_generations.tex,512,\item Chapter 2: Hexagonal packing $\Rightarrow$ $\mathbb{Z}_6$ symmetry \tagDc{}
P2_Z6,\\mathbb\{Z\}_6|Z_6|Z6,/Users/igor/ClaudeAI/EDC_Project/elastic-diffusive-cosmology_repo/edc_book_2/src/sections/05_three_generations.tex,526,\item[\textbf{IF}] Hexagonal packing produces $\mathbb{Z}_6$ symmetry \tagDc{}
P2_Z6,\\mathbb\{Z\}_6|Z_6|Z6,/Users/igor/ClaudeAI/EDC_Project/elastic-diffusive-cosmology_repo/edc_book_2/src/sections/05_three_generations.tex,527,\item[\textbf{AND}] $\mathbb{Z}_6 = \mathbb{Z}_2 \times \mathbb{Z}_3$ factorization \tagM{}
P2_Z6,\\mathbb\{Z\}_6|Z_6|Z6,/Users/igor/ClaudeAI/EDC_Project/elastic-diffusive-cosmology_repo/edc_book_2/src/sections/05_three_generations.tex,556,"$\mathbb{Z}_6 = \mathbb{Z}_2 \times \mathbb{Z}_3$ has cardinality 3,"
P2_Z6,\\mathbb\{Z\}_6|Z_6|Z6,/Users/igor/ClaudeAI/EDC_Project/elastic-diffusive-cosmology_repo/edc_book_2/src/sections/05_three_generations.tex,585,$\mathbb{Z}_6$ from hexagonal packing & \tagDc{}/\tagP{} & Ch.~2 (2D packing + energy min) \\
P2_Z6,\\mathbb\{Z\}_6|Z_6|Z6,/Users/igor/ClaudeAI/EDC_Project/elastic-diffusive-cosmology_repo/edc_book_2/src/sections/05_three_generations.tex,586,$\mathbb{Z}_6 = \mathbb{Z}_2 \times \mathbb{Z}_3$ & \tagM{} & Group theory \\
P2_Z6,\\mathbb\{Z\}_6|Z_6|Z6,/Users/igor/ClaudeAI/EDC_Project/elastic-diffusive-cosmology_repo/edc_book_2/src/sections/ch10_electroweak_bridge.tex,464,\item Ch.~3 (Electroweak Parameters): $\sin^2\theta_W = 1/4$ from $\mathbb{Z}_6$ \tagI{}
P2_Z6,\\mathbb\{Z\}_6|Z_6|Z6,/Users/igor/ClaudeAI/EDC_Project/elastic-diffusive-cosmology_repo/edc_book_2/src/sections/06_neutrinos_edge_modes.tex,13,\item Three flavors from $\mathbb{Z}_3 \subset \mathbb{Z}_6$ mode structure \tagI{}
P2_Z6,\\mathbb\{Z\}_6|Z_6|Z6,/Users/igor/ClaudeAI/EDC_Project/elastic-diffusive-cosmology_repo/edc_book_2/src/sections/06_neutrinos_edge_modes.tex,108,\item Ch.~\ref{ch:three_generations}: $\mathbb{Z}_6 = \mathbb{Z}_2 \times \mathbb{Z}_3$ lattice symmetry
P2_Z6,\\mathbb\{Z\}_6|Z_6|Z6,/Users/igor/ClaudeAI/EDC_Project/elastic-diffusive-cosmology_repo/edc_book_2/src/sections/06_neutrinos_edge_modes.tex,118,\item \textbf{IF} $\mathbb{Z}_6$ discrete overlap computed \textbf{THEN} $\theta_{23} \approx 45°$ \tagDc{}
P2_Z6,\\mathbb\{Z\}_6|Z_6|Z6,/Users/igor/ClaudeAI/EDC_Project/elastic-diffusive-cosmology_repo/edc_book_2/src/sections/06_neutrinos_edge_modes.tex,193,$\mathbb{Z}_3$ flavor count & Hexagonal $\mathbb{Z}_6 = \mathbb{Z}_2 \times \mathbb{Z}_3$ &
P2_Z6,\\mathbb\{Z\}_6|Z_6|Z6,/Users/igor/ClaudeAI/EDC_Project/elastic-diffusive-cosmology_repo/edc_book_2/src/sections/06_neutrinos_edge_modes.tex,317,\item Top view of hexagonal lattice showing $\mathbb{Z}_6$ angular structure
P2_Z6,\\mathbb\{Z\}_6|Z_6|Z6,/Users/igor/ClaudeAI/EDC_Project/elastic-diffusive-cosmology_repo/edc_book_2/src/sections/06_neutrinos_edge_modes.tex,323,\textbf{Key message:} PMNS angles reflect angular overlap between flavor and mass eigenstates in $\mathbb{Z}_6$ geometry.
P2_Z6,\\mathbb\{Z\}_6|Z_6|Z6,/Users/igor/ClaudeAI/EDC_Project/elastic-diffusive-cosmology_repo/edc_book_2/src/sections/06_neutrinos_edge_modes.tex,504,\mathbb{Z}_6 = \mathbb{Z}_2 \times \mathbb{Z}_3
P2_Z6,\\mathbb\{Z\}_6|Z_6|Z6,/Users/igor/ClaudeAI/EDC_Project/elastic-diffusive-cosmology_repo/edc_book_2/src/sections/06_neutrinos_edge_modes.tex,599,where $\phi$ is the angular coordinate around the $\mathbb{Z}_6$ axis.
P2_Z6,\\mathbb\{Z\}_6|Z_6|Z6,/Users/igor/ClaudeAI/EDC_Project/elastic-diffusive-cosmology_repo/edc_book_2/src/sections/06_neutrinos_edge_modes.tex,638,% Include the Z6 discrete-phase refinement (Attempt 3)
P2_Z6,\\mathbb\{Z\}_6|Z_6|Z6,/Users/igor/ClaudeAI/EDC_Project/elastic-diffusive-cosmology_repo/edc_book_2/src/sections/06_neutrinos_edge_modes.tex,640,\input{sections/ch6_pmns_attempt3_z6_refinement}
P2_Z6,\\mathbb\{Z\}_6|Z_6|Z6,/Users/igor/ClaudeAI/EDC_Project/elastic-diffusive-cosmology_repo/edc_book_2/src/sections/06_neutrinos_edge_modes.tex,711,The $\mathbb{Z}_6$ overlap structure might predict angles that cannot be
P2_Z6,\\mathbb\{Z\}_6|Z_6|Z6,/Users/igor/ClaudeAI/EDC_Project/elastic-diffusive-cosmology_repo/edc_book_2/src/sections/06_neutrinos_edge_modes.tex,740,\item \textbf{PMNS $\theta_{23}$:} Derived from $\mathbb{Z}_6$ geometry
P2_Z6,\\mathbb\{Z\}_6|Z_6|Z6,/Users/igor/ClaudeAI/EDC_Project/elastic-diffusive-cosmology_repo/edc_book_2/src/sections/06_neutrinos_edge_modes.tex,801,PMNS: $\mathbb{Z}_6$ overlap (Attempt 2) & YELLOW & \tagDc{} (OPR-13) \\
P2_Z6,\\mathbb\{Z\}_6|Z_6|Z6,/Users/igor/ClaudeAI/EDC_Project/elastic-diffusive-cosmology_repo/edc_book_2/src/sections/06_neutrinos_edge_modes.tex,802,PMNS: $\mathbb{Z}_6$ discrete phases (Attempt 3) & RED & \tagDc{} \\
P2_Z6,\\mathbb\{Z\}_6|Z_6|Z6,/Users/igor/ClaudeAI/EDC_Project/elastic-diffusive-cosmology_repo/edc_book_2/src/sections/06_neutrinos_edge_modes.tex,817,is falsified; the $\mathbb{Z}_6$ overlap model (Attempt~2) \emph{derives} the
P2_Z6,\\mathbb\{Z\}_6|Z_6|Z6,/Users/igor/ClaudeAI/EDC_Project/elastic-diffusive-cosmology_repo/edc_book_2/src/sections/ch16_opr04_delta_derivation.tex,407,\item Ratio is 12 = $Z_6 \times Z_2$ (significance unknown)
P2_Z6,\\mathbb\{Z\}_6|Z_6|Z6,/Users/igor/ClaudeAI/EDC_Project/elastic-diffusive-cosmology_repo/edc_book_2/src/sections/04_ontology.tex,99,this logic is given in the Z6~Program as Lemma~\ref{lem:charged_ground_mode}
P2_Z6,\\mathbb\{Z\}_6|Z_6|Z6,/Users/igor/ClaudeAI/EDC_Project/elastic-diffusive-cosmology_repo/edc_book_2/src/sections/04_ontology.tex,100,(Section~\ref{sec:z6_charged_sector}).
P2_Z6,\\mathbb\{Z\}_6|Z_6|Z6,/Users/igor/ClaudeAI/EDC_Project/elastic-diffusive-cosmology_repo/edc_book_2/src/sections/ch14_bvp_closure_pack.tex,670,"from BVP spectral theory, moving beyond the heuristic ``$\mathbb{Z}_6/\mathbb{Z}_2 = \mathbb{Z}_3$''"
P2_Z6,\\mathbb\{Z\}_6|Z_6|Z6,/Users/igor/ClaudeAI/EDC_Project/elastic-diffusive-cosmology_repo/edc_book_2/src/sections/ch14_bvp_closure_pack.tex,797,\item ``Your $\mathbb{Z}_6/\mathbb{Z}_2 = \mathbb{Z}_3$ is a slogan. Where is the proof that
P2_Z6,\\mathbb\{Z\}_6|Z_6|Z6,/Users/igor/ClaudeAI/EDC_Project/elastic-diffusive-cosmology_repo/edc_book_2/src/sections/ch14_bvp_closure_pack.tex,815,The $\mathbb{Z}_6$ symmetry argument (Chapter~3) provides a \emph{structural reason}
P2_Z6,\\mathbb\{Z\}_6|Z_6|Z6,/Users/igor/ClaudeAI/EDC_Project/elastic-diffusive-cosmology_repo/edc_book_2/src/sections/ch14_bvp_closure_pack.tex,1009,group-quotient slogans like $Z_6/Z_2 = Z_3$.
P2_Z6,\\mathbb\{Z\}_6|Z_6|Z6,/Users/igor/ClaudeAI/EDC_Project/elastic-diffusive-cosmology_repo/edc_book_2/src/sections/12_epistemic_map.tex,447,\item \textcolor{OliveGreen}{\textbf{Closed:}} DFT baseline falsified; $\theta_{23} \approx 45°$ derived from $\mathbb{Z}_6$ geometry (3\% accuracy) \tagDc{}
P2_Z6,\\mathbb\{Z\}_6|Z_6|Z6,/Users/igor/ClaudeAI/EDC_Project/elastic-diffusive-cosmology_repo/edc_book_2/src/sections/12_epistemic_map.tex,489,\item \emph{Payoff:} CKM sector structurally closed; PMNS CP phase (OPR-06) uses same $\mathbb{Z}_6$ framework
P2_Z6,\\mathbb\{Z\}_6|Z_6|Z6,/Users/igor/ClaudeAI/EDC_Project/elastic-diffusive-cosmology_repo/edc_book_2/src/sections/12_epistemic_map.tex,495,\item \emph{Result (Attempt~2):} $\theta_{23}$ GREEN (3\%) from $\mathbb{Z}_6$ geometry \tagDc{}
P2_Z6,\\mathbb\{Z\}_6|Z_6|Z6,/Users/igor/ClaudeAI/EDC_Project/elastic-diffusive-cosmology_repo/edc_book_2/src/sections/12_epistemic_map.tex,496,"\item \emph{Result (Attempt~3):} Discrete $\mathbb{Z}_6$ phases insufficient for $\theta_{12}$, $\theta_{13}$"
P2_Z6,\\mathbb\{Z\}_6|Z_6|Z6,/Users/igor/ClaudeAI/EDC_Project/elastic-diffusive-cosmology_repo/edc_book_2/src/sections/12_epistemic_map.tex,504,"\textbf{PMNS closure:} OPR-05a GREEN ($\theta_{23}$ from $\mathbb{Z}_6$, 3\%), OPR-05b YELLOW ($\varepsilon = \lambda/\sqrt{2} \to \theta_{13}$, 15\%), OPR-05c YELLOW ($\theta_{12} = \arctan(1/\sqrt{2"
P2_Z6,\\mathbb\{Z\}_6|Z_6|Z6,/Users/igor/ClaudeAI/EDC_Project/elastic-diffusive-cosmology_repo/edc_book_2/src/sections/ch11_gf_sanity_skeleton.tex,40,$\sin^2\theta_W = 1/4$ & $\mathbb{Z}_6$ subgroup counting & \tagDer{} & \textbf{Independent prediction} \\
P2_Z6,\\mathbb\{Z\}_6|Z_6|Z6,/Users/igor/ClaudeAI/EDC_Project/elastic-diffusive-cosmology_repo/edc_book_2/src/sections/ch11_g5_value_closure_attempt2_coefficient.tex,70,\item[\ding{51}] $\sigma r_e^2 = 5.86$ MeV \tagDc{} (from $\mathbb{Z}_6$ geometry)
P2_Z6,\\mathbb\{Z\}_6|Z_6|Z6,/Users/igor/ClaudeAI/EDC_Project/elastic-diffusive-cosmology_repo/edc_book_2/src/sections/ch11_g5_value_closure_attempt2_coefficient.tex,157,from $\mathbb{Z}_6$. \textbf{Status:} \tagP{} (specific surface choice not derived).
P2_Z6,\\mathbb\{Z\}_6|Z_6|Z6,/Users/igor/ClaudeAI/EDC_Project/elastic-diffusive-cosmology_repo/edc_book_2/src/sections/ch11_g5_value_closure_attempt2_coefficient.tex,264,\item \textbf{Derive from $\mathbb{Z}_6$ lattice.}
P2_Z6,\\mathbb\{Z\}_6|Z_6|Z6,/Users/igor/ClaudeAI/EDC_Project/elastic-diffusive-cosmology_repo/edc_book_2/src/sections/ch11_g5_value_closure_attempt2_coefficient.tex,266,the relevant geometric integral over the $\mathbb{Z}_6$ cell.
P2_Z6,\\mathbb\{Z\}_6|Z_6|Z6,/Users/igor/ClaudeAI/EDC_Project/elastic-diffusive-cosmology_repo/edc_book_2/src/sections/ch11_g5_value_closure_attempt2_coefficient.tex,273,\item \textbf{$\mathbb{Z}_6$ geometry:} Compute overlap integrals over hexagonal
P2_Z6,\\mathbb\{Z\}_6|Z_6|Z6,/Users/igor/ClaudeAI/EDC_Project/elastic-diffusive-cosmology_repo/edc_book_2/src/sections/11_gf_derivation.tex,112,$\mathbb{Z}_6$ subgroup counting $\Rightarrow \sin^2\theta_W = 1/4$ (bare).
P2_Z6,\\mathbb\{Z\}_6|Z_6|Z6,/Users/igor/ClaudeAI/EDC_Project/elastic-diffusive-cosmology_repo/edc_book_2/src/sections/11_gf_derivation.tex,280,"(Chapter~\ref{ch:z6_program}), after RG running to $M_Z$:"
P2_Z6,\\mathbb\{Z\}_6|Z_6|Z6,/Users/igor/ClaudeAI/EDC_Project/elastic-diffusive-cosmology_repo/edc_book_2/src/sections/11_gf_derivation.tex,312,\sin^2\theta_W(\mu_{\text{lattice}}) = \frac{|\mathbb{Z}_2|}{|\mathbb{Z}_2| + |\mathbb{Z}_6|}
P2_Z6,\\mathbb\{Z\}_6|Z_6|Z6,/Users/igor/ClaudeAI/EDC_Project/elastic-diffusive-cosmology_repo/edc_book_2/src/sections/11_gf_derivation.tex,316,% Note: This follows from g'^2/g^2 = |Z_2|/|Z_6| = 1/3 and sin^2 theta_W = g'^2/(g^2+g'^2).
P2_Z6,\\mathbb\{Z\}_6|Z_6|Z6,/Users/igor/ClaudeAI/EDC_Project/elastic-diffusive-cosmology_repo/edc_book_2/src/sections/11_gf_derivation.tex,317,% See Theorem \ref{thm:weinberg_angle} in Chapter \ref{ch:z6_program} for full derivation.
P2_Z6,\\mathbb\{Z\}_6|Z_6|Z6,/Users/igor/ClaudeAI/EDC_Project/elastic-diffusive-cosmology_repo/edc_book_2/src/sections/11_gf_derivation.tex,535,\item Chapter~\ref{ch:z6_program}: $\sin^2\theta_W = 1/4$ from $\mathbb{Z}_6$ counting \tagDer{}
P2_Z6,\\mathbb\{Z\}_6|Z_6|Z6,/Users/igor/ClaudeAI/EDC_Project/elastic-diffusive-cosmology_repo/edc_book_2/src/sections/11_gf_derivation.tex,572,$\sin^2\theta_W = 1/4$ & $\mathbb{Z}_6$ subgroup counting & \tagDer{} & GREEN-A \\
P2_Z6,\\mathbb\{Z\}_6|Z_6|Z6,/Users/igor/ClaudeAI/EDC_Project/elastic-diffusive-cosmology_repo/edc_book_2/src/sections/11_gf_derivation.tex,619,EDC predicts $\sin^2\theta_W = 1/4$ (bare) from $\mathbb{Z}_6$ subgroup counting.
P2_Z6,\\mathbb\{Z\}_6|Z_6|Z6,/Users/igor/ClaudeAI/EDC_Project/elastic-diffusive-cosmology_repo/edc_book_2/src/sections/ch11_g5_ell_suppression_attempt2.tex,70,\item $\sigma r_e^2 = 5.86$ MeV \tagDc{} (from $\mathbb{Z}_6$ geometry)
P2_Z6,\\mathbb\{Z\}_2.*\\mathbb\{Z\}_3|Z_2.*Z_3|Z2.*Z3,/Users/igor/ClaudeAI/EDC_Project/elastic-diffusive-cosmology_repo/edc_book_2/src/CH4_lepton_mass_candidates.tex,84,in $\mathbb{Z}_6 \simeq \mathbb{Z}_2 \times \mathbb{Z}_3$.
P2_Z6,\\mathbb\{Z\}_2.*\\mathbb\{Z\}_3|Z_2.*Z_3|Z2.*Z3,/Users/igor/ClaudeAI/EDC_Project/elastic-diffusive-cosmology_repo/edc_book_2/src/CH4_lepton_mass_candidates.tex,156,Q = \frac{2}{3} \;\;\leftrightarrow\;\; \frac{|Z_2|}{|Z_3|}
P2_Z6,\\mathbb\{Z\}_2.*\\mathbb\{Z\}_3|Z_2.*Z_3|Z2.*Z3,/Users/igor/ClaudeAI/EDC_Project/elastic-diffusive-cosmology_repo/edc_book_2/src/CH4_lepton_mass_candidates.tex,157,\quad \text{within } \mathbb{Z}_6 \simeq \mathbb{Z}_2 \times \mathbb{Z}_3
P2_Z6,\\mathbb\{Z\}_2.*\\mathbb\{Z\}_3|Z_2.*Z_3|Z2.*Z3,/Users/igor/ClaudeAI/EDC_Project/elastic-diffusive-cosmology_repo/edc_book_2/src/EDC_Part_II_Weak_Sector_rebuild.tex,777,provides both stability (120° Steiner angles) and symmetry ($\mathbb{Z}_2 \times \mathbb{Z}_3$).
P2_Z6,\\mathbb\{Z\}_2.*\\mathbb\{Z\}_3|Z_2.*Z_3|Z2.*Z3,/Users/igor/ClaudeAI/EDC_Project/elastic-diffusive-cosmology_repo/edc_book_2/src/Z6_content_full.tex,1581,\textbf{Goal:} Explore whether $\mathbb{Z}_6 = \mathbb{Z}_2 \times \mathbb{Z}_3$
P2_Z6,\\mathbb\{Z\}_2.*\\mathbb\{Z\}_3|Z_2.*Z_3|Z2.*Z3,/Users/igor/ClaudeAI/EDC_Project/elastic-diffusive-cosmology_repo/edc_book_2/src/Z6_content_full.tex,1591,\mathbb{Z}_6 \cong \mathbb{Z}_2 \times \mathbb{Z}_3
P2_Z6,\\mathbb\{Z\}_2.*\\mathbb\{Z\}_3|Z_2.*Z_3|Z2.*Z3,/Users/igor/ClaudeAI/EDC_Project/elastic-diffusive-cosmology_repo/edc_book_2/src/Z6_content_full.tex,1908,$\mathbb{Z}_6 = \mathbb{Z}_2 \times \mathbb{Z}_3$ & \tagM{} & Group theory \\
P2_Z6,\\mathbb\{Z\}_2.*\\mathbb\{Z\}_3|Z_2.*Z_3|Z2.*Z3,/Users/igor/ClaudeAI/EDC_Project/elastic-diffusive-cosmology_repo/edc_book_2/src/Z6_content_full.tex,1982,\item \textbf{Unification realized:} $\mathbb{Z}_6 = \mathbb{Z}_2 \times \mathbb{Z}_3$ unifies
P2_Z6,\\mathbb\{Z\}_2.*\\mathbb\{Z\}_3|Z_2.*Z_3|Z2.*Z3,/Users/igor/ClaudeAI/EDC_Project/elastic-diffusive-cosmology_repo/edc_book_2/src/sections/07_ckm_cp.tex,15,This chapter applies the $\mathbb{Z}_6 = \mathbb{Z}_2 \times \mathbb{Z}_3$ symmetry analysis
P2_Z6,\\mathbb\{Z\}_2.*\\mathbb\{Z\}_3|Z_2.*Z_3|Z2.*Z3,/Users/igor/ClaudeAI/EDC_Project/elastic-diffusive-cosmology_repo/edc_book_2/src/sections/07_ckm_cp.tex,76,The $\mathbb{Z}_6 = \mathbb{Z}_2 \times \mathbb{Z}_3$ lattice structure introduces
P2_Z6,\\mathbb\{Z\}_2.*\\mathbb\{Z\}_3|Z_2.*Z_3|Z2.*Z3,/Users/igor/ClaudeAI/EDC_Project/elastic-diffusive-cosmology_repo/edc_book_2/src/sections/07_ckm_cp.tex,114,\item[Attempt 4: $\mathbb{Z}_6 = \mathbb{Z}_2 \times \mathbb{Z}_3$ refinement \tagDc{}:]
P2_Z6,\\mathbb\{Z\}_2.*\\mathbb\{Z\}_3|Z_2.*Z_3|Z2.*Z3,/Users/igor/ClaudeAI/EDC_Project/elastic-diffusive-cosmology_repo/edc_book_2/src/sections/ch7_attempt4_cp_refinement.tex,10,with $\delta = 120°$. Attempt~4 investigates whether the $\mathbb{Z}_6 = \mathbb{Z}_2 \times \mathbb{Z}_3$
P2_Z6,\\mathbb\{Z\}_2.*\\mathbb\{Z\}_3|Z_2.*Z_3|Z2.*Z3,/Users/igor/ClaudeAI/EDC_Project/elastic-diffusive-cosmology_repo/edc_book_2/src/sections/ch7_attempt4_cp_refinement.tex,69,The $\mathbb{Z}_2$ factor in $\mathbb{Z}_6 = \mathbb{Z}_2 \times \mathbb{Z}_3$
P2_Z6,\\mathbb\{Z\}_2.*\\mathbb\{Z\}_3|Z_2.*Z_3|Z2.*Z3,/Users/igor/ClaudeAI/EDC_Project/elastic-diffusive-cosmology_repo/edc_book_2/src/sections/ch7_attempt4_cp_refinement.tex,109,\textbf{Setup:} The $\mathbb{Z}_6 = \mathbb{Z}_2 \times \mathbb{Z}_3$ structure
P2_Z6,\\mathbb\{Z\}_2.*\\mathbb\{Z\}_3|Z_2.*Z_3|Z2.*Z3,/Users/igor/ClaudeAI/EDC_Project/elastic-diffusive-cosmology_repo/edc_book_2/src/sections/ch7_attempt4_cp_refinement.tex,180,Discrete phase mechanism & YELLOW & \textbf{YELLOW} & $\mathbb{Z}_2$ not $\mathbb{Z}_3$ \\
P2_Z6,\\mathbb\{Z\}_2.*\\mathbb\{Z\}_3|Z_2.*Z_3|Z2.*Z3,/Users/igor/ClaudeAI/EDC_Project/elastic-diffusive-cosmology_repo/edc_book_2/src/sections/ch7_attempt4_cp_refinement.tex,223,\textbf{Resolution:} The $\mathbb{Z}_2$ factor in $\mathbb{Z}_6 = \mathbb{Z}_2 \times \mathbb{Z}_3$
P2_Z6,\\mathbb\{Z\}_2.*\\mathbb\{Z\}_3|Z_2.*Z_3|Z2.*Z3,/Users/igor/ClaudeAI/EDC_Project/elastic-diffusive-cosmology_repo/edc_book_2/src/sections/ch14_bvp_closure_pack.tex,670,"from BVP spectral theory, moving beyond the heuristic ``$\mathbb{Z}_6/\mathbb{Z}_2 = \mathbb{Z}_3$''"
P2_Z6,\\mathbb\{Z\}_2.*\\mathbb\{Z\}_3|Z_2.*Z_3|Z2.*Z3,/Users/igor/ClaudeAI/EDC_Project/elastic-diffusive-cosmology_repo/edc_book_2/src/sections/ch14_bvp_closure_pack.tex,797,\item ``Your $\mathbb{Z}_6/\mathbb{Z}_2 = \mathbb{Z}_3$ is a slogan. Where is the proof that
P2_Z6,\\mathbb\{Z\}_2.*\\mathbb\{Z\}_3|Z_2.*Z_3|Z2.*Z3,/Users/igor/ClaudeAI/EDC_Project/elastic-diffusive-cosmology_repo/edc_book_2/src/sections/ch14_bvp_closure_pack.tex,1009,group-quotient slogans like $Z_6/Z_2 = Z_3$.
P2_Z6,\\mathbb\{Z\}_2.*\\mathbb\{Z\}_3|Z_2.*Z_3|Z2.*Z3,/Users/igor/ClaudeAI/EDC_Project/elastic-diffusive-cosmology_repo/edc_book_2/src/sections/ch6_pmns_attempt3_z6_refinement.tex,12,from Z$_6 = \mathbb{Z}_2 \times \mathbb{Z}_3$ can fix the remaining angles $\theta_{12}$ and $\theta_{13}$.
P2_Z6,\\mathbb\{Z\}_2.*\\mathbb\{Z\}_3|Z_2.*Z_3|Z2.*Z3,/Users/igor/ClaudeAI/EDC_Project/elastic-diffusive-cosmology_repo/edc_book_2/src/sections/ch6_pmns_attempt3_z6_refinement.tex,121,Discrete phases from Z$_6 = \mathbb{Z}_2 \times \mathbb{Z}_3$ cannot correct the PMNS
P2_Z6,\\mathbb\{Z\}_2.*\\mathbb\{Z\}_3|Z_2.*Z_3|Z2.*Z3,/Users/igor/ClaudeAI/EDC_Project/elastic-diffusive-cosmology_repo/edc_book_2/src/CH3_electroweak_parameters.tex,49,Group theory: $\mathbb{Z}_6 = \mathbb{Z}_2 \times \mathbb{Z}_3$. The $\mathbb{Z}_3$
P2_Z6,\\mathbb\{Z\}_2.*\\mathbb\{Z\}_3|Z_2.*Z_3|Z2.*Z3,/Users/igor/ClaudeAI/EDC_Project/elastic-diffusive-cosmology_repo/edc_book_2/src/CH3_electroweak_parameters.tex,115,The electroweak \emph{mixing structure} follows from one geometric input: $\sin^2\theta_W = 1/4$ from $\mathbb{Z}_6 = \mathbb{Z}_2 \times \mathbb{Z}_3$.
P2_Z6,\\mathbb\{Z\}_2.*\\mathbb\{Z\}_3|Z_2.*Z_3|Z2.*Z3,/Users/igor/ClaudeAI/EDC_Project/elastic-diffusive-cosmology_repo/edc_book_2/src/CH3_electroweak_parameters.tex,220,\mathbb{Z}_6 = \mathbb{Z}_2 \times \mathbb{Z}_3
P2_Z6,\\mathbb\{Z\}_2.*\\mathbb\{Z\}_3|Z_2.*Z_3|Z2.*Z3,/Users/igor/ClaudeAI/EDC_Project/elastic-diffusive-cosmology_repo/edc_book_2/src/CH3_electroweak_parameters.tex,222,"with orders $|\mathbb{Z}_6| = 6$, $|\mathbb{Z}_2| = 2$, $|\mathbb{Z}_3| = 3$."
P2_Z6,\\mathbb\{Z\}_2.*\\mathbb\{Z\}_3|Z_2.*Z_3|Z2.*Z3,/Users/igor/ClaudeAI/EDC_Project/elastic-diffusive-cosmology_repo/edc_book_2/src/CH3_electroweak_parameters.tex,280,\mathbb{Z}_6 = \mathbb{Z}_2 \times \mathbb{Z}_3 \quad \xrightarrow{\text{map [P]}} \quad
P2_Z6,\\mathbb\{Z\}_2.*\\mathbb\{Z\}_3|Z_2.*Z_3|Z2.*Z3,/Users/igor/ClaudeAI/EDC_Project/elastic-diffusive-cosmology_repo/edc_book_2/src/CH3_electroweak_parameters.tex,388,\item $\mathbb{Z}_6$ hexagon with $\mathbb{Z}_2$ and $\mathbb{Z}_3$ subgroups highlighted
P2_Z6,\\mathbb\{Z\}_2.*\\mathbb\{Z\}_3|Z_2.*Z_3|Z2.*Z3,/Users/igor/ClaudeAI/EDC_Project/elastic-diffusive-cosmology_repo/edc_book_2/src/CH3_electroweak_parameters.tex,1048,\boxed{\sin^2\theta_W = \frac{1}{4} \quad \text{from } \mathbb{Z}_6 = \mathbb{Z}_2 \times \mathbb{Z}_3 \text{ symmetry}}
P2_Z6,\\mathbb\{Z\}_2.*\\mathbb\{Z\}_3|Z_2.*Z_3|Z2.*Z3,/Users/igor/ClaudeAI/EDC_Project/elastic-diffusive-cosmology_repo/edc_book_2/src/CH3_electroweak_parameters.tex,1114,\item Ch.~2 (assumed): $\mathbb{Z}_6 = \mathbb{Z}_2 \times \mathbb{Z}_3$ hexagonal symmetry
P2_Z6,\\mathbb\{Z\}_2.*\\mathbb\{Z\}_3|Z_2.*Z_3|Z2.*Z3,/Users/igor/ClaudeAI/EDC_Project/elastic-diffusive-cosmology_repo/edc_book_2/src/CH3_electroweak_parameters.tex,1121,\item \textbf{IF} $\mathbb{Z}_6$ factors as $\mathbb{Z}_2 \times \mathbb{Z}_3$ \textbf{AND}
P2_Z6,\\mathbb\{Z\}_2.*\\mathbb\{Z\}_3|Z_2.*Z_3|Z2.*Z3,/Users/igor/ClaudeAI/EDC_Project/elastic-diffusive-cosmology_repo/edc_book_2/src/sections/06_neutrinos_edge_modes.tex,108,\item Ch.~\ref{ch:three_generations}: $\mathbb{Z}_6 = \mathbb{Z}_2 \times \mathbb{Z}_3$ lattice symmetry
P2_Z6,\\mathbb\{Z\}_2.*\\mathbb\{Z\}_3|Z_2.*Z_3|Z2.*Z3,/Users/igor/ClaudeAI/EDC_Project/elastic-diffusive-cosmology_repo/edc_book_2/src/sections/06_neutrinos_edge_modes.tex,193,$\mathbb{Z}_3$ flavor count & Hexagonal $\mathbb{Z}_6 = \mathbb{Z}_2 \times \mathbb{Z}_3$ &
P2_Z6,\\mathbb\{Z\}_2.*\\mathbb\{Z\}_3|Z_2.*Z_3|Z2.*Z3,/Users/igor/ClaudeAI/EDC_Project/elastic-diffusive-cosmology_repo/edc_book_2/src/sections/06_neutrinos_edge_modes.tex,504,\mathbb{Z}_6 = \mathbb{Z}_2 \times \mathbb{Z}_3
P2_Z6,\\mathbb\{Z\}_2.*\\mathbb\{Z\}_3|Z_2.*Z_3|Z2.*Z3,/Users/igor/ClaudeAI/EDC_Project/elastic-diffusive-cosmology_repo/edc_book_2/src/sections/05_three_generations.tex,40,\item \textbf{5D cause:} $\mathbb{Z}_6 = \mathbb{Z}_2 \times \mathbb{Z}_3$ symmetry of hexagonal flux lattice.
P2_Z6,\\mathbb\{Z\}_2.*\\mathbb\{Z\}_3|Z_2.*Z_3|Z2.*Z3,/Users/igor/ClaudeAI/EDC_Project/elastic-diffusive-cosmology_repo/edc_book_2/src/sections/05_three_generations.tex,69,\textbf{Step 3: $\mathbb{Z}_6$ factorizes into $\mathbb{Z}_2 \times \mathbb{Z}_3$.}
P2_Z6,\\mathbb\{Z\}_2.*\\mathbb\{Z\}_3|Z_2.*Z_3|Z2.*Z3,/Users/igor/ClaudeAI/EDC_Project/elastic-diffusive-cosmology_repo/edc_book_2/src/sections/05_three_generations.tex,70,Group theory tells us that $\mathbb{Z}_6 = \mathbb{Z}_2 \times \mathbb{Z}_3$ \tagM{}.
P2_Z6,\\mathbb\{Z\}_2.*\\mathbb\{Z\}_3|Z_2.*Z_3|Z2.*Z3,/Users/igor/ClaudeAI/EDC_Project/elastic-diffusive-cosmology_repo/edc_book_2/src/sections/05_three_generations.tex,112,\mathbb{Z}_6 = \mathbb{Z}_2 \times \mathbb{Z}_3
P2_Z6,\\mathbb\{Z\}_2.*\\mathbb\{Z\}_3|Z_2.*Z_3|Z2.*Z3,/Users/igor/ClaudeAI/EDC_Project/elastic-diffusive-cosmology_repo/edc_book_2/src/sections/05_three_generations.tex,214,The factorization $\mathbb{Z}_6 = \mathbb{Z}_2 \times \mathbb{Z}_3$ is pure
P2_Z6,\\mathbb\{Z\}_2.*\\mathbb\{Z\}_3|Z_2.*Z_3|Z2.*Z3,/Users/igor/ClaudeAI/EDC_Project/elastic-diffusive-cosmology_repo/edc_book_2/src/sections/05_three_generations.tex,231,$\mathbb{Z}_6 = \mathbb{Z}_2 \times \mathbb{Z}_3$ & Yes & \textcolor{green!50!black}{\textbf{GREEN}} & Pure group theory \tagM{} \\
P2_Z6,\\mathbb\{Z\}_2.*\\mathbb\{Z\}_3|Z_2.*Z_3|Z2.*Z3,/Users/igor/ClaudeAI/EDC_Project/elastic-diffusive-cosmology_repo/edc_book_2/src/sections/05_three_generations.tex,249,The $\mathbb{Z}_6 = \mathbb{Z}_2 \times \mathbb{Z}_3$ factorization is mathematically
P2_Z6,\\mathbb\{Z\}_2.*\\mathbb\{Z\}_3|Z_2.*Z_3|Z2.*Z3,/Users/igor/ClaudeAI/EDC_Project/elastic-diffusive-cosmology_repo/edc_book_2/src/sections/05_three_generations.tex,527,\item[\textbf{AND}] $\mathbb{Z}_6 = \mathbb{Z}_2 \times \mathbb{Z}_3$ factorization \tagM{}
P2_Z6,\\mathbb\{Z\}_2.*\\mathbb\{Z\}_3|Z_2.*Z_3|Z2.*Z3,/Users/igor/ClaudeAI/EDC_Project/elastic-diffusive-cosmology_repo/edc_book_2/src/sections/05_three_generations.tex,556,"$\mathbb{Z}_6 = \mathbb{Z}_2 \times \mathbb{Z}_3$ has cardinality 3,"
P2_Z6,\\mathbb\{Z\}_2.*\\mathbb\{Z\}_3|Z_2.*Z_3|Z2.*Z3,/Users/igor/ClaudeAI/EDC_Project/elastic-diffusive-cosmology_repo/edc_book_2/src/sections/05_three_generations.tex,586,$\mathbb{Z}_6 = \mathbb{Z}_2 \times \mathbb{Z}_3$ & \tagM{} & Group theory \\
P2_Z6,\\mathbb\{Z\}_2.*\\mathbb\{Z\}_3|Z_2.*Z_3|Z2.*Z3,/Users/igor/ClaudeAI/EDC_Project/elastic-diffusive-cosmology_repo/edc_book_2/src/sections/ch6_pmns_attempt2.tex,102,\textbf{naturally} from the $\mathbb{Z}_6 = \mathbb{Z}_2 \times \mathbb{Z}_3$
P2_Z6,\\mathbb\{Z\}_2.*\\mathbb\{Z\}_3|Z_2.*Z_3|Z2.*Z3,/Users/igor/ClaudeAI/EDC_Project/elastic-diffusive-cosmology_repo/edc_book_2/src/sections/ch6_pmns_attempt1.tex,124,The full hexagonal symmetry is $\mathbb{Z}_6 = \mathbb{Z}_2 \times \mathbb{Z}_3$.
P2_Z6,\\mathbb\{Z\}_2.*\\mathbb\{Z\}_3|Z_2.*Z_3|Z2.*Z3,/Users/igor/ClaudeAI/EDC_Project/elastic-diffusive-cosmology_repo/edc_book_2/src/sections/ch7_z2_parity_origin.tex,115,\item \textbf{Phase:} $\arg(V_{ub})$ from $\mathbb{Z}_6 = \mathbb{Z}_2 \times \mathbb{Z}_3$
P2_Z6,\\mathbb\{Z\}_2.*\\mathbb\{Z\}_3|Z_2.*Z_3|Z2.*Z3,/Users/igor/ClaudeAI/EDC_Project/elastic-diffusive-cosmology_repo/edc_book_2/src/sections/ch7_attempt3_cp_phase.tex,29,$\mathbb{Z}_6 = \mathbb{Z}_2 \times \mathbb{Z}_3$ provides the necessary
P2_Z6,\\mathbb\{Z\}_2.*\\mathbb\{Z\}_3|Z_2.*Z_3|Z2.*Z3,/Users/igor/ClaudeAI/EDC_Project/elastic-diffusive-cosmology_repo/edc_book_2/src/sections/ch7_attempt3_cp_phase.tex,90,\item[\textbf{O4:}] $\mathbb{Z}_6 = \mathbb{Z}_2 \times \mathbb{Z}_3$ discrete phases
P2_Z6,\\mathbb\{Z\}_2.*\\mathbb\{Z\}_3|Z_2.*Z_3|Z2.*Z3,/Users/igor/ClaudeAI/EDC_Project/elastic-diffusive-cosmology_repo/edc_book_2/src/sections/ch7_attempt3_cp_phase.tex,216,\item $\mathbb{Z}_6 = \mathbb{Z}_2 \times \mathbb{Z}_3$ selection: the $\mathbb{Z}_2$
P2_Z6,\\mathbb\{Z\}_2.*\\mathbb\{Z\}_3|Z_2.*Z_3|Z2.*Z3,/Users/igor/ClaudeAI/EDC_Project/elastic-diffusive-cosmology_repo/edc_book_2/src/sections/ch7_attempt3_cp_phase.tex,297,Full $\mathbb{Z}_6 = \mathbb{Z}_2 \times \mathbb{Z}_3$ analysis may
P2_Z6,\\mathbb\{Z\}_2.*\\mathbb\{Z\}_3|Z_2.*Z_3|Z2.*Z3,/Users/igor/ClaudeAI/EDC_Project/elastic-diffusive-cosmology_repo/edc_book_2/src/sections/ch7_attempt3_cp_phase.tex,316,\item The $\mathbb{Z}_2$ factor in $\mathbb{Z}_6 = \mathbb{Z}_2 \times \mathbb{Z}_3$
P2_Z6,hexagon.*lattice|lattice.*hexagon,/Users/igor/ClaudeAI/EDC_Project/elastic-diffusive-cosmology_repo/edc_book_2/src/EDC_Part_II_Weak_Sector_rebuild.tex,776,\textbf{Key insight \#1:} The $\mathbb{Z}_6$ hexagonal lattice structure of flux tubes
P2_Z6,hexagon.*lattice|lattice.*hexagon,/Users/igor/ClaudeAI/EDC_Project/elastic-diffusive-cosmology_repo/edc_book_2/src/Z6_content_full.tex,318,is a hexagonal lattice.
P2_Z6,hexagon.*lattice|lattice.*hexagon,/Users/igor/ClaudeAI/EDC_Project/elastic-diffusive-cosmology_repo/edc_book_2/src/Z6_content_full.tex,324,Hexagonal lattice has coordination number 6 (maximum for equal spacing).
P2_Z6,hexagon.*lattice|lattice.*hexagon,/Users/igor/ClaudeAI/EDC_Project/elastic-diffusive-cosmology_repo/edc_book_2/src/Z6_content_full.tex,331,Hexagonal lattice has lower energy.
P2_Z6,hexagon.*lattice|lattice.*hexagon,/Users/igor/ClaudeAI/EDC_Project/elastic-diffusive-cosmology_repo/edc_book_2/src/Z6_content_full.tex,337,The hexagonal lattice has $\mathbb{Z}_6$ rotational symmetry.
P2_Z6,hexagon.*lattice|lattice.*hexagon,/Users/igor/ClaudeAI/EDC_Project/elastic-diffusive-cosmology_repo/edc_book_2/src/Z6_content_full.tex,339,"Therefore, if flux tubes crystallize into a hexagonal lattice on the thick-brane,"
P2_Z6,hexagon.*lattice|lattice.*hexagon,/Users/igor/ClaudeAI/EDC_Project/elastic-diffusive-cosmology_repo/edc_book_2/src/Z6_content_full.tex,348,\item \tagDc{} Flux tubes crystallize into hexagonal lattice
P2_Z6,hexagon.*lattice|lattice.*hexagon,/Users/igor/ClaudeAI/EDC_Project/elastic-diffusive-cosmology_repo/edc_book_2/src/Z6_content_full.tex,372,"title={Bridge: From Hexagonal Lattice to Proton as Y-Junction}, breakable]"
P2_Z6,hexagon.*lattice|lattice.*hexagon,/Users/igor/ClaudeAI/EDC_Project/elastic-diffusive-cosmology_repo/edc_book_2/src/Z6_content_full.tex,374,\textbf{The conceptual gap:} Step 3 established that flux tubes form a hexagonal lattice.
P2_Z6,hexagon.*lattice|lattice.*hexagon,/Users/igor/ClaudeAI/EDC_Project/elastic-diffusive-cosmology_repo/edc_book_2/src/Z6_content_full.tex,379,In the hexagonal lattice:
P2_Z6,hexagon.*lattice|lattice.*hexagon,/Users/igor/ClaudeAI/EDC_Project/elastic-diffusive-cosmology_repo/edc_book_2/src/Z6_content_full.tex,385,Every node in a hexagonal lattice is automatically a Y-junction with $120°$ angles.
P2_Z6,hexagon.*lattice|lattice.*hexagon,/Users/igor/ClaudeAI/EDC_Project/elastic-diffusive-cosmology_repo/edc_book_2/src/Z6_content_full.tex,387,a node of the hexagonal lattice.
P2_Z6,hexagon.*lattice|lattice.*hexagon,/Users/igor/ClaudeAI/EDC_Project/elastic-diffusive-cosmology_repo/edc_book_2/src/Z6_content_full.tex,419,is a \emph{consequence} of the hexagonal lattice structure.
P2_Z6,hexagon.*lattice|lattice.*hexagon,/Users/igor/ClaudeAI/EDC_Project/elastic-diffusive-cosmology_repo/edc_book_2/src/Z6_content_full.tex,424,\item The hexagonal lattice lives in the 2D transverse plane of the thick-brane
P2_Z6,hexagon.*lattice|lattice.*hexagon,/Users/igor/ClaudeAI/EDC_Project/elastic-diffusive-cosmology_repo/edc_book_2/src/Z6_content_full.tex,497,% Hexagonal lattice nodes
P2_Z6,hexagon.*lattice|lattice.*hexagon,/Users/igor/ClaudeAI/EDC_Project/elastic-diffusive-cosmology_repo/edc_book_2/src/Z6_content_full.tex,604,\begin{definition}[Burgers Vectors in Hexagonal Lattice]
P2_Z6,hexagon.*lattice|lattice.*hexagon,/Users/igor/ClaudeAI/EDC_Project/elastic-diffusive-cosmology_repo/edc_book_2/src/Z6_content_full.tex,607,"In a hexagonal lattice with lattice parameter $a$, the minimal Burgers vectors are:"
P2_Z6,hexagon.*lattice|lattice.*hexagon,/Users/igor/ClaudeAI/EDC_Project/elastic-diffusive-cosmology_repo/edc_book_2/src/Z6_content_full.tex,616,% --- Visual: Burgers Vectors in Hexagonal Lattice ---
P2_Z6,hexagon.*lattice|lattice.*hexagon,/Users/igor/ClaudeAI/EDC_Project/elastic-diffusive-cosmology_repo/edc_book_2/src/Z6_content_full.tex,661,% Hexagonal lattice nodes
P2_Z6,hexagon.*lattice|lattice.*hexagon,/Users/igor/ClaudeAI/EDC_Project/elastic-diffusive-cosmology_repo/edc_book_2/src/Z6_content_full.tex,692,% Hexagonal lattice nodes (deformed)
P2_Z6,hexagon.*lattice|lattice.*hexagon,/Users/igor/ClaudeAI/EDC_Project/elastic-diffusive-cosmology_repo/edc_book_2/src/Z6_content_full.tex,942,"In a hexagonal lattice, a dislocation involves distortion of multiple cells:"
P2_Z6,hexagon.*lattice|lattice.*hexagon,/Users/igor/ClaudeAI/EDC_Project/elastic-diffusive-cosmology_repo/edc_book_2/src/Z6_content_full.tex,1162,"In the hexagonal lattice, there are 6 nearest-neighbor directions. A cooperative"
P2_Z6,hexagon.*lattice|lattice.*hexagon,/Users/igor/ClaudeAI/EDC_Project/elastic-diffusive-cosmology_repo/edc_book_2/src/Z6_content_full.tex,1346,The Weinberg angle can also be obtained from the hexagonal lattice angles:
P2_Z6,hexagon.*lattice|lattice.*hexagon,/Users/igor/ClaudeAI/EDC_Project/elastic-diffusive-cosmology_repo/edc_book_2/src/Z6_content_full.tex,1405,A $\mathbb{Z}_3$ vortex is a point defect in the hexagonal lattice around which
P2_Z6,hexagon.*lattice|lattice.*hexagon,/Users/igor/ClaudeAI/EDC_Project/elastic-diffusive-cosmology_repo/edc_book_2/src/Z6_content_full.tex,1457,Let $\Lambda$ be the hexagonal lattice with vertices (Y-junctions) and links
P2_Z6,hexagon.*lattice|lattice.*hexagon,/Users/igor/ClaudeAI/EDC_Project/elastic-diffusive-cosmology_repo/edc_book_2/src/figures/fig_three_channel_localization.tex,8,% === Panel (a): Top view - hexagonal lattice with Z_3 sectors ===
P2_Z6,hexagon.*lattice|lattice.*hexagon,/Users/igor/ClaudeAI/EDC_Project/elastic-diffusive-cosmology_repo/edc_book_2/src/sections/06_neutrinos_edge_modes.tex,317,\item Top view of hexagonal lattice showing $\mathbb{Z}_6$ angular structure
P2_Z6,hexagon.*lattice|lattice.*hexagon,/Users/igor/ClaudeAI/EDC_Project/elastic-diffusive-cosmology_repo/edc_book_2/src/sections/06_neutrinos_edge_modes.tex,502,with the $\mathbb{Z}_3$ factor in the hexagonal lattice symmetry:
P2_Z6,hexagon.*lattice|lattice.*hexagon,/Users/igor/ClaudeAI/EDC_Project/elastic-diffusive-cosmology_repo/edc_book_2/src/CH3_electroweak_parameters.tex,45,it as a hexagonal lattice of flux tubes threading the brane. This geometry is
P2_Z6,hexagon.*lattice|lattice.*hexagon,/Users/igor/ClaudeAI/EDC_Project/elastic-diffusive-cosmology_repo/edc_book_2/src/CH3_electroweak_parameters.tex,254,Consider the $\mathbb{Z}_6$ hexagonal lattice:
P2_Z6,hexagon.*lattice|lattice.*hexagon,/Users/igor/ClaudeAI/EDC_Project/elastic-diffusive-cosmology_repo/edc_book_2/src/CH3_electroweak_parameters.tex,403,The hexagonal lattice has a characteristic angle of $60°$. One can remember the
P2_Z6,hexagon.*lattice|lattice.*hexagon,/Users/igor/ClaudeAI/EDC_Project/elastic-diffusive-cosmology_repo/edc_book_2/src/sections/ch11_g5_value_closure_attempt2_coefficient.tex,265,"If the hexagonal lattice structure determines the coefficient, compute"
P2_Z6,hexagon.*lattice|lattice.*hexagon,/Users/igor/ClaudeAI/EDC_Project/elastic-diffusive-cosmology_repo/edc_book_2/src/sections/02_frozen_regime_foundations.tex,961,\item $\mathbb{Z}_6$ symmetry → derives from hexagonal lattice in frozen regime
P2_Z6,hexagon.*lattice|lattice.*hexagon,/Users/igor/ClaudeAI/EDC_Project/elastic-diffusive-cosmology_repo/edc_book_2/src/sections/05_three_generations.tex,40,\item \textbf{5D cause:} $\mathbb{Z}_6 = \mathbb{Z}_2 \times \mathbb{Z}_3$ symmetry of hexagonal flux lattice.
P2_Z6,hexagon.*lattice|lattice.*hexagon,/Users/igor/ClaudeAI/EDC_Project/elastic-diffusive-cosmology_repo/edc_book_2/src/sections/05_three_generations.tex,65,the brane to arrange in a hexagonal (triangular) lattice---the densest 2D
P2_Z6,hexagon.*lattice|lattice.*hexagon,/Users/igor/ClaudeAI/EDC_Project/elastic-diffusive-cosmology_repo/edc_book_2/src/sections/05_three_generations.tex,207,The EDC thick brane supports a hexagonal lattice of flux tubes (see \S\ref{sec:step3}).
P2_Z6,hexagon.*lattice|lattice.*hexagon,/Users/igor/ClaudeAI/EDC_Project/elastic-diffusive-cosmology_repo/edc_book_2/src/sections/05_three_generations.tex,210,\text{Hexagonal lattice} \;\xrightarrow{\text{rotation group}}\; \mathbb{Z}_6
P2_Z6,hexagon.*lattice|lattice.*hexagon,/Users/igor/ClaudeAI/EDC_Project/elastic-diffusive-cosmology_repo/edc_book_2/src/sections/05_three_generations.tex,484,of the hexagonal lattice.
P2_Z6,hexagon.*lattice|lattice.*hexagon,/Users/igor/ClaudeAI/EDC_Project/elastic-diffusive-cosmology_repo/edc_book_2/src/sections/04b_proton_anchor.tex,49,where we show that the proton emerges as a $\mathbb{Z}_3$ fixed point of the hexagonal lattice
P2_Z6,hexagon.*lattice|lattice.*hexagon,/Users/igor/ClaudeAI/EDC_Project/elastic-diffusive-cosmology_repo/edc_book_2/src/sections/04b_proton_anchor.tex,60,\item The proton Y-junction emerges as a $\mathbb{Z}_3$ fixed point of the hexagonal lattice symmetry
P2_Z6,Weinberg.*angle|sin.*theta_W,/Users/igor/ClaudeAI/EDC_Project/elastic-diffusive-cosmology_repo/edc_book_2/src/EDC_Part_II_Weak_Sector_rebuild.tex,370,"4 & Electroweak Parameters & $\sin^2\theta_W$, $g^2$, $M_W$ \\"
P2_Z6,Weinberg.*angle|sin.*theta_W,/Users/igor/ClaudeAI/EDC_Project/elastic-diffusive-cosmology_repo/edc_book_2/src/EDC_Part_II_Weak_Sector_rebuild.tex,450,"\textit{Derivation of $g^2$, $\sin^2\theta_W$, $G_F$, and $\tau_n$ from EDC first principles.}"
P2_Z6,Weinberg.*angle|sin.*theta_W,/Users/igor/ClaudeAI/EDC_Project/elastic-diffusive-cosmology_repo/edc_book_2/src/EDC_Part_II_Weak_Sector_rebuild.tex,674,"Weinberg angle & Measured, not derived & Derived: $\sin^2\theta_W = 1/4$ (bare) \\"
P2_Z6,Weinberg.*angle|sin.*theta_W,/Users/igor/ClaudeAI/EDC_Project/elastic-diffusive-cosmology_repo/edc_book_2/src/EDC_Part_II_Weak_Sector_rebuild.tex,689,"$\sin^2\theta_W(M_Z)$ & 0.2312 (input) & 0.2314 (predicted, 0.08\% error) \\"
P2_Z6,Weinberg.*angle|sin.*theta_W,/Users/igor/ClaudeAI/EDC_Project/elastic-diffusive-cosmology_repo/edc_book_2/src/EDC_Part_II_Weak_Sector_rebuild.tex,754,$\sin^2\theta_W$ (Weinberg angle) & 0.2314 & 0.2312 & \textbf{0.08\%} \\
P2_Z6,Weinberg.*angle|sin.*theta_W,/Users/igor/ClaudeAI/EDC_Project/elastic-diffusive-cosmology_repo/edc_book_2/src/EDC_Part_II_Weak_Sector_rebuild.tex,794,\item $\sin^2\theta_W$: 8\% error $\to$ \textbf{0.08\%} error
P2_Z6,Weinberg.*angle|sin.*theta_W,/Users/igor/ClaudeAI/EDC_Project/elastic-diffusive-cosmology_repo/edc_book_2/src/EDC_Part_II_Weak_Sector_rebuild.tex,811,2026 Jan (Week 3) & RG running insight (0.08\% for $\sin^2\theta_W$) & \checkmark \\
P2_Z6,Weinberg.*angle|sin.*theta_W,/Users/igor/ClaudeAI/EDC_Project/elastic-diffusive-cosmology_repo/edc_book_2/src/Z6_content_full.tex,1293,% WEAK COUPLING AND WEINBERG ANGLE FROM Z₆ GEOMETRY
P2_Z6,Weinberg.*angle|sin.*theta_W,/Users/igor/ClaudeAI/EDC_Project/elastic-diffusive-cosmology_repo/edc_book_2/src/Z6_content_full.tex,1318,\begin{theorem}[Weinberg Angle from $\mathbb{Z}_6$ Partition]
P2_Z6,Weinberg.*angle|sin.*theta_W,/Users/igor/ClaudeAI/EDC_Project/elastic-diffusive-cosmology_repo/edc_book_2/src/Z6_content_full.tex,1319,\label{thm:weinberg_angle}
P2_Z6,Weinberg.*angle|sin.*theta_W,/Users/igor/ClaudeAI/EDC_Project/elastic-diffusive-cosmology_repo/edc_book_2/src/Z6_content_full.tex,1323,\boxed{\sin^2\theta_W = \frac{|\mathbb{Z}_2|}{|\mathbb{Z}_2| + |\mathbb{Z}_6|} = \frac{2}{2+6} = \frac{1}{4} = 0.25}
P2_Z6,Weinberg.*angle|sin.*theta_W,/Users/igor/ClaudeAI/EDC_Project/elastic-diffusive-cosmology_repo/edc_book_2/src/Z6_content_full.tex,1332,Using the standard definition $\sin^2\theta_W = g'^2/(g^2 + g'^2)$:
P2_Z6,Weinberg.*angle|sin.*theta_W,/Users/igor/ClaudeAI/EDC_Project/elastic-diffusive-cosmology_repo/edc_book_2/src/Z6_content_full.tex,1334,\sin^2\theta_W = \frac{1/3}{1 + 1/3} = \frac{1/3}{4/3} = \frac{1}{4}
P2_Z6,Weinberg.*angle|sin.*theta_W,/Users/igor/ClaudeAI/EDC_Project/elastic-diffusive-cosmology_repo/edc_book_2/src/Z6_content_full.tex,1337,"\textbf{Comparison:} Experimental value $\sin^2\theta_W = 0.231$ at $M_Z$ scale,"
P2_Z6,Weinberg.*angle|sin.*theta_W,/Users/igor/ClaudeAI/EDC_Project/elastic-diffusive-cosmology_repo/edc_book_2/src/Z6_content_full.tex,1342,$\sin^2\theta_W(M_Z) \approx 0.23$---in excellent agreement with experiment!
P2_Z6,Weinberg.*angle|sin.*theta_W,/Users/igor/ClaudeAI/EDC_Project/elastic-diffusive-cosmology_repo/edc_book_2/src/Z6_content_full.tex,1346,The Weinberg angle can also be obtained from the hexagonal lattice angles:
P2_Z6,Weinberg.*angle|sin.*theta_W,/Users/igor/ClaudeAI/EDC_Project/elastic-diffusive-cosmology_repo/edc_book_2/src/Z6_content_full.tex,1925,$\sin^2\theta_W = 1/4$ & \tagDc{} & Theorem \ref{thm:weinberg_angle} (8\% from exp) \\
P2_Z6,Weinberg.*angle|sin.*theta_W,/Users/igor/ClaudeAI/EDC_Project/elastic-diffusive-cosmology_repo/edc_book_2/src/Z6_content_full.tex,1976,\item \textbf{Weinberg angle:} Derived from $\mathbb{Z}_6$ subgroup structure
P2_Z6,Weinberg.*angle|sin.*theta_W,/Users/igor/ClaudeAI/EDC_Project/elastic-diffusive-cosmology_repo/edc_book_2/src/Z6_content_full.tex,1977,"(Theorem \ref{thm:weinberg_angle})---$\sin^2\theta_W = 1/4 = 0.25$,"
P2_Z6,Weinberg.*angle|sin.*theta_W,/Users/igor/ClaudeAI/EDC_Project/elastic-diffusive-cosmology_repo/edc_book_2/src/Z6_content_full.tex,1995,\item[\ding{51}] \textbf{[RESOLVED]} Weinberg angle from $\mathbb{Z}_6$ geometry
P2_Z6,Weinberg.*angle|sin.*theta_W,/Users/igor/ClaudeAI/EDC_Project/elastic-diffusive-cosmology_repo/edc_book_2/src/Z6_content_full.tex,1996,"--- See Theorem \ref{thm:weinberg_angle} ($\sin^2\theta_W = 1/4$, within 8\% of experiment)"
P2_Z6,Weinberg.*angle|sin.*theta_W,/Users/igor/ClaudeAI/EDC_Project/elastic-diffusive-cosmology_repo/edc_book_2/src/CH3_electroweak_parameters.tex,18,\textbf{THEN (Consequence) \tagDc{}:} $\sin^2\theta_W = 1/4$ follows algebraically
P2_Z6,Weinberg.*angle|sin.*theta_W,/Users/igor/ClaudeAI/EDC_Project/elastic-diffusive-cosmology_repo/edc_book_2/src/CH3_electroweak_parameters.tex,19,from the standard electroweak relation $\sin^2\theta_W = g'^2/(g^2+g'^2)$.
P2_Z6,Weinberg.*angle|sin.*theta_W,/Users/igor/ClaudeAI/EDC_Project/elastic-diffusive-cosmology_repo/edc_book_2/src/CH3_electroweak_parameters.tex,26,"\item Weak coupling $g^2$, $M_W$, $G_F$: follow from EW relations once $\sin^2\theta_W$ known \tagDc{}"
P2_Z6,Weinberg.*angle|sin.*theta_W,/Users/igor/ClaudeAI/EDC_Project/elastic-diffusive-cosmology_repo/edc_book_2/src/CH3_electroweak_parameters.tex,31,"(kinetic term normalization, brane terms). Until then, $\sin^2\theta_W = 1/4$"
P2_Z6,Weinberg.*angle|sin.*theta_W,/Users/igor/ClaudeAI/EDC_Project/elastic-diffusive-cosmology_repo/edc_book_2/src/CH3_electroweak_parameters.tex,59,\textbf{Step 4: The Weinberg angle follows (conditional).}
P2_Z6,Weinberg.*angle|sin.*theta_W,/Users/igor/ClaudeAI/EDC_Project/elastic-diffusive-cosmology_repo/edc_book_2/src/CH3_electroweak_parameters.tex,62,the rotation angle $\theta_W$ satisfies $\sin^2\theta_W = g'^2/(g^2 + g'^2) = 1/4$
P2_Z6,Weinberg.*angle|sin.*theta_W,/Users/igor/ClaudeAI/EDC_Project/elastic-diffusive-cosmology_repo/edc_book_2/src/CH3_electroweak_parameters.tex,71,The value $\sin^2\theta_W = 1/4$ applies at the \emph{lattice scale} ($\mu \sim 200$ MeV).
P2_Z6,Weinberg.*angle|sin.*theta_W,/Users/igor/ClaudeAI/EDC_Project/elastic-diffusive-cosmology_repo/edc_book_2/src/CH3_electroweak_parameters.tex,73,"gives $\sin^2\theta_W(M_Z) = 0.2314$, matching experiment to 0.08\% \tagBL{}.%"
P2_Z6,Weinberg.*angle|sin.*theta_W,/Users/igor/ClaudeAI/EDC_Project/elastic-diffusive-cosmology_repo/edc_book_2/src/CH3_electroweak_parameters.tex,77,"Once $\sin^2\theta_W$ is fixed, the electroweak relations $g^2 = 4\pi\alpha/\sin^2\theta_W$"
P2_Z6,Weinberg.*angle|sin.*theta_W,/Users/igor/ClaudeAI/EDC_Project/elastic-diffusive-cosmology_repo/edc_book_2/src/CH3_electroweak_parameters.tex,103,\textbf{The Weinberg angle emerges from hexagonal symmetry:} $\sin^2\theta_W = 1/4$
P2_Z6,Weinberg.*angle|sin.*theta_W,/Users/igor/ClaudeAI/EDC_Project/elastic-diffusive-cosmology_repo/edc_book_2/src/CH3_electroweak_parameters.tex,108,\item Weinberg angle $\sin^2\theta_W(M_Z) = 0.2314$ (\textbf{0.08\%} from experiment)
P2_Z6,Weinberg.*angle|sin.*theta_W,/Users/igor/ClaudeAI/EDC_Project/elastic-diffusive-cosmology_repo/edc_book_2/src/CH3_electroweak_parameters.tex,115,The electroweak \emph{mixing structure} follows from one geometric input: $\sin^2\theta_W = 1/4$ from $\mathbb{Z}_6 = \mathbb{Z}_2 \times \mathbb{Z}_3$.
P2_Z6,Weinberg.*angle|sin.*theta_W,/Users/igor/ClaudeAI/EDC_Project/elastic-diffusive-cosmology_repo/edc_book_2/src/CH3_electroweak_parameters.tex,132,$\sin^2\theta_W$ (Weinberg) & 0.231 & (open) \\
P2_Z6,Weinberg.*angle|sin.*theta_W,/Users/igor/ClaudeAI/EDC_Project/elastic-diffusive-cosmology_repo/edc_book_2/src/CH3_electroweak_parameters.tex,151,g^2 = \frac{4\pi\alpha(M_Z)}{\sin^2\theta_W(M_Z)}
P2_Z6,Weinberg.*angle|sin.*theta_W,/Users/igor/ClaudeAI/EDC_Project/elastic-diffusive-cosmology_repo/edc_book_2/src/CH3_electroweak_parameters.tex,154,Using $\alpha(M_Z)^{-1} = 127.9$ \tagBL{} and EDC-derived $\sin^2\theta_W(M_Z) = 0.2314$:
P2_Z6,Weinberg.*angle|sin.*theta_W,/Users/igor/ClaudeAI/EDC_Project/elastic-diffusive-cosmology_repo/edc_book_2/src/CH3_electroweak_parameters.tex,168,e = g \sin\theta_W = g' \cos\theta_W
P2_Z6,Weinberg.*angle|sin.*theta_W,/Users/igor/ClaudeAI/EDC_Project/elastic-diffusive-cosmology_repo/edc_book_2/src/CH3_electroweak_parameters.tex,171,"Squaring: $e^2 = g^2 \sin^2\theta_W$, hence $g^2 = e^2/\sin^2\theta_W = 4\pi\alpha/\sin^2\theta_W$."
P2_Z6,Weinberg.*angle|sin.*theta_W,/Users/igor/ClaudeAI/EDC_Project/elastic-diffusive-cosmology_repo/edc_book_2/src/CH3_electroweak_parameters.tex,176,\item $\sin^2\theta_W(M_Z) = 0.2314$ (from Theorem~\ref{thm:ch3_sin2_running}) \tagDc{}
P2_Z6,Weinberg.*angle|sin.*theta_W,/Users/igor/ClaudeAI/EDC_Project/elastic-diffusive-cosmology_repo/edc_book_2/src/CH3_electroweak_parameters.tex,198,\section{Weinberg Angle from $\mathbb{Z}_6$ Partition}
P2_Z6,Weinberg.*angle|sin.*theta_W,/Users/igor/ClaudeAI/EDC_Project/elastic-diffusive-cosmology_repo/edc_book_2/src/CH3_electroweak_parameters.tex,202,\begin{corollary}[Weinberg Angle: Numerical Evaluation]
P2_Z6,Weinberg.*angle|sin.*theta_W,/Users/igor/ClaudeAI/EDC_Project/elastic-diffusive-cosmology_repo/edc_book_2/src/CH3_electroweak_parameters.tex,205,\textit{(Applying Theorem~\ref{thm:weinberg_angle} from Chapter~3.)}
P2_Z6,Weinberg.*angle|sin.*theta_W,/Users/igor/ClaudeAI/EDC_Project/elastic-diffusive-cosmology_repo/edc_book_2/src/CH3_electroweak_parameters.tex,209,\boxed{\sin^2\theta_W = \frac{|\mathbb{Z}_2|}{|\mathbb{Z}_2| + |\mathbb{Z}_6|} = \frac{2}{2+6} = \frac{1}{4} = 0.25}
P2_Z6,Weinberg.*angle|sin.*theta_W,/Users/igor/ClaudeAI/EDC_Project/elastic-diffusive-cosmology_repo/edc_book_2/src/CH3_electroweak_parameters.tex,234,Using the definition $\sin^2\theta_W = g'^2/(g^2 + g'^2)$:
P2_Z6,Weinberg.*angle|sin.*theta_W,/Users/igor/ClaudeAI/EDC_Project/elastic-diffusive-cosmology_repo/edc_book_2/src/CH3_electroweak_parameters.tex,236,\sin^2\theta_W = \frac{g'^2/g^2}{1 + g'^2/g^2} = \frac{1/3}{1 + 1/3} = \frac{1/3}{4/3} = \frac{1}{4}
P2_Z6,Weinberg.*angle|sin.*theta_W,/Users/igor/ClaudeAI/EDC_Project/elastic-diffusive-cosmology_repo/edc_book_2/src/CH3_electroweak_parameters.tex,239,\textbf{Comparison:} Experimental value at $M_Z$: $\sin^2\theta_W = 0.231$ (8\% agreement).
P2_Z6,Weinberg.*angle|sin.*theta_W,/Users/igor/ClaudeAI/EDC_Project/elastic-diffusive-cosmology_repo/edc_book_2/src/CH3_electroweak_parameters.tex,277,We are \emph{not} fitting $g'/g$ to get $\sin^2\theta_W = 1/4$.
P2_Z6,Weinberg.*angle|sin.*theta_W,/Users/igor/ClaudeAI/EDC_Project/elastic-diffusive-cosmology_repo/edc_book_2/src/CH3_electroweak_parameters.tex,283,\sin^2\theta_W = \frac{1}{4}
P2_Z6,Weinberg.*angle|sin.*theta_W,/Users/igor/ClaudeAI/EDC_Project/elastic-diffusive-cosmology_repo/edc_book_2/src/CH3_electroweak_parameters.tex,292,"In $SU(5)$ Grand Unification, $\sin^2\theta_W = 3/8$ at the GUT scale."
P2_Z6,Weinberg.*angle|sin.*theta_W,/Users/igor/ClaudeAI/EDC_Project/elastic-diffusive-cosmology_repo/edc_book_2/src/CH3_electroweak_parameters.tex,294,EDC's value $\sin^2\theta_W = 1/4$ at the \emph{lattice} scale is analogous---but
P2_Z6,Weinberg.*angle|sin.*theta_W,/Users/igor/ClaudeAI/EDC_Project/elastic-diffusive-cosmology_repo/edc_book_2/src/CH3_electroweak_parameters.tex,322,\gamma &= B \cos\theta_W + W^0 \sin\theta_W \quad \text{(massless)} \\
P2_Z6,Weinberg.*angle|sin.*theta_W,/Users/igor/ClaudeAI/EDC_Project/elastic-diffusive-cosmology_repo/edc_book_2/src/CH3_electroweak_parameters.tex,323,Z &= -B \sin\theta_W + W^0 \cos\theta_W \quad \text{(massive)}
P2_Z6,Weinberg.*angle|sin.*theta_W,/Users/igor/ClaudeAI/EDC_Project/elastic-diffusive-cosmology_repo/edc_book_2/src/CH3_electroweak_parameters.tex,337,\sin^2\theta_W = \frac{|\mathbb{Z}_2|}{|\mathbb{Z}_2| + |\mathbb{Z}_6|} = \frac{1}{4}
P2_Z6,Weinberg.*angle|sin.*theta_W,/Users/igor/ClaudeAI/EDC_Project/elastic-diffusive-cosmology_repo/edc_book_2/src/CH3_electroweak_parameters.tex,363,\emph{why} the mixing angle has the specific value $\sin^2\theta_W = 1/4$.
P2_Z6,Weinberg.*angle|sin.*theta_W,/Users/igor/ClaudeAI/EDC_Project/elastic-diffusive-cosmology_repo/edc_book_2/src/CH3_electroweak_parameters.tex,379,\item Inset: Show $\sin^2\theta_W = 1/4 \Rightarrow \theta_W = 30°$
P2_Z6,Weinberg.*angle|sin.*theta_W,/Users/igor/ClaudeAI/EDC_Project/elastic-diffusive-cosmology_repo/edc_book_2/src/CH3_electroweak_parameters.tex,392,\item Final output: $\sin^2\theta_W(M_Z) = 0.2314$
P2_Z6,Weinberg.*angle|sin.*theta_W,/Users/igor/ClaudeAI/EDC_Project/elastic-diffusive-cosmology_repo/edc_book_2/src/CH3_electroweak_parameters.tex,394,\textbf{Key message:} The observed Weinberg angle traces back to discrete symmetry at the lattice scale.
P2_Z6,Weinberg.*angle|sin.*theta_W,/Users/igor/ClaudeAI/EDC_Project/elastic-diffusive-cosmology_repo/edc_book_2/src/CH3_electroweak_parameters.tex,404,Weinberg angle via the mnemonic:
P2_Z6,Weinberg.*angle|sin.*theta_W,/Users/igor/ClaudeAI/EDC_Project/elastic-diffusive-cosmology_repo/edc_book_2/src/CH3_electroweak_parameters.tex,412,from which $\sin^2\theta_W = 1/4$ follows via standard EW relations.
P2_Z6,Weinberg.*angle|sin.*theta_W,/Users/igor/ClaudeAI/EDC_Project/elastic-diffusive-cosmology_repo/edc_book_2/src/CH3_electroweak_parameters.tex,420,The value $\sin^2\theta_W = 1/4$ is the ``bare'' value at the $\mathbb{Z}_6$ lattice scale
P2_Z6,Weinberg.*angle|sin.*theta_W,/Users/igor/ClaudeAI/EDC_Project/elastic-diffusive-cosmology_repo/edc_book_2/src/CH3_electroweak_parameters.tex,425,\Delta\sin^2\theta_W \approx -0.007 \times \log_{10}\left(\frac{M_Z}{\mu_{\text{lattice}}}\right)
P2_Z6,Weinberg.*angle|sin.*theta_W,/Users/igor/ClaudeAI/EDC_Project/elastic-diffusive-cosmology_repo/edc_book_2/src/CH3_electroweak_parameters.tex,431,\boxed{\sin^2\theta_W(M_Z) = 0.250 - 0.0186 = 0.2314}
P2_Z6,Weinberg.*angle|sin.*theta_W,/Users/igor/ClaudeAI/EDC_Project/elastic-diffusive-cosmology_repo/edc_book_2/src/CH3_electroweak_parameters.tex,434,\textbf{Experimental value:} $\sin^2\theta_W(M_Z)^{\text{exp}} = 0.2312$~\cite{PDG2024} \tagBL{}
P2_Z6,Weinberg.*angle|sin.*theta_W,/Users/igor/ClaudeAI/EDC_Project/elastic-diffusive-cosmology_repo/edc_book_2/src/CH3_electroweak_parameters.tex,440,The Weinberg angle is \emph{not} a free parameter in EDC. It is:
P2_Z6,Weinberg.*angle|sin.*theta_W,/Users/igor/ClaudeAI/EDC_Project/elastic-diffusive-cosmology_repo/edc_book_2/src/CH3_electroweak_parameters.tex,442,\item \textbf{Fixed} at the lattice scale by the $\mathbb{Z}_6$ identification \tagI{}: $\sin^2\theta_W = 1/4$
P2_Z6,Weinberg.*angle|sin.*theta_W,/Users/igor/ClaudeAI/EDC_Project/elastic-diffusive-cosmology_repo/edc_book_2/src/CH3_electroweak_parameters.tex,591,self-consistency of electroweak relations once $\sin^2\theta_W$ is fixed by geometry.
P2_Z6,Weinberg.*angle|sin.*theta_W,/Users/igor/ClaudeAI/EDC_Project/elastic-diffusive-cosmology_repo/edc_book_2/src/CH3_electroweak_parameters.tex,595,\sin^2\theta_W(\mu_{\text{lattice}}) = \frac{1}{4} \quad \text{from } \mathbb{Z}_6 \text{ symmetry}
P2_Z6,Weinberg.*angle|sin.*theta_W,/Users/igor/ClaudeAI/EDC_Project/elastic-diffusive-cosmology_repo/edc_book_2/src/CH3_electroweak_parameters.tex,738,"from electroweak relations + $\sin^2\theta_W = 1/4$ (Chapter~\ref{ch:z6_program}), not"
P2_Z6,Weinberg.*angle|sin.*theta_W,/Users/igor/ClaudeAI/EDC_Project/elastic-diffusive-cosmology_repo/edc_book_2/src/CH3_electroweak_parameters.tex,897,$\sin^2\theta_W$ & 0.250 & 8\% \\
P2_Z6,Weinberg.*angle|sin.*theta_W,/Users/igor/ClaudeAI/EDC_Project/elastic-diffusive-cosmology_repo/edc_book_2/src/CH3_electroweak_parameters.tex,904,"The geometric derivation $\sin^2\theta_W = 1/4$ from $\mathbb{Z}_6$ symmetry was elegant,"
P2_Z6,Weinberg.*angle|sin.*theta_W,/Users/igor/ClaudeAI/EDC_Project/elastic-diffusive-cosmology_repo/edc_book_2/src/CH3_electroweak_parameters.tex,914,The value of $\sin^2\theta_W$ at 200 MeV is different from its value at 91 GeV!
P2_Z6,Weinberg.*angle|sin.*theta_W,/Users/igor/ClaudeAI/EDC_Project/elastic-diffusive-cosmology_repo/edc_book_2/src/CH3_electroweak_parameters.tex,961,"Result: $g'$ grows faster toward high energies than $g$. Since $\sin^2\theta_W = g'^2/(g^2 + g'^2)$,"
P2_Z6,Weinberg.*angle|sin.*theta_W,/Users/igor/ClaudeAI/EDC_Project/elastic-diffusive-cosmology_repo/edc_book_2/src/CH3_electroweak_parameters.tex,962,the Weinberg angle \emph{decreases} as you go to higher energies.
P2_Z6,Weinberg.*angle|sin.*theta_W,/Users/igor/ClaudeAI/EDC_Project/elastic-diffusive-cosmology_repo/edc_book_2/src/CH3_electroweak_parameters.tex,975,The Weinberg angle runs because $g$ and $g'$ have different beta functions.
P2_Z6,Weinberg.*angle|sin.*theta_W,/Users/igor/ClaudeAI/EDC_Project/elastic-diffusive-cosmology_repo/edc_book_2/src/CH3_electroweak_parameters.tex,980,\sin^2\theta_W(\mu) \approx \sin^2\theta_W(\mu_0) - 0.007 \times \log_{10}\left(\frac{\mu}{\mu_0}\right)
P2_Z6,Weinberg.*angle|sin.*theta_W,/Users/igor/ClaudeAI/EDC_Project/elastic-diffusive-cosmology_repo/edc_book_2/src/CH3_electroweak_parameters.tex,987,\sin^2\theta_W(200\text{ MeV}) &= 0.250 \quad \text{(EDC geometric value)} \\
P2_Z6,Weinberg.*angle|sin.*theta_W,/Users/igor/ClaudeAI/EDC_Project/elastic-diffusive-cosmology_repo/edc_book_2/src/CH3_electroweak_parameters.tex,988,\Delta\sin^2\theta_W &= -0.0186 \quad \text{(RG running)} \\
P2_Z6,Weinberg.*angle|sin.*theta_W,/Users/igor/ClaudeAI/EDC_Project/elastic-diffusive-cosmology_repo/edc_book_2/src/CH3_electroweak_parameters.tex,989,\sin^2\theta_W(M_Z) &= 0.2314 \quad \text{(EDC + RG)} \\
P2_Z6,Weinberg.*angle|sin.*theta_W,/Users/igor/ClaudeAI/EDC_Project/elastic-diffusive-cosmology_repo/edc_book_2/src/CH3_electroweak_parameters.tex,990,\sin^2\theta_W^{\text{exp}} &= 0.2312 \quad \text{(experiment)}
P2_Z6,Weinberg.*angle|sin.*theta_W,/Users/igor/ClaudeAI/EDC_Project/elastic-diffusive-cosmology_repo/edc_book_2/src/CH3_electroweak_parameters.tex,1002,\item \textbf{Predictivity:} The geometric value $\sin^2\theta_W = 1/4$ is
P2_Z6,Weinberg.*angle|sin.*theta_W,/Users/igor/ClaudeAI/EDC_Project/elastic-diffusive-cosmology_repo/edc_book_2/src/CH3_electroweak_parameters.tex,1005,"\item \textbf{Unification:} Once $\sin^2\theta_W$ is known, the electroweak"
P2_Z6,Weinberg.*angle|sin.*theta_W,/Users/igor/ClaudeAI/EDC_Project/elastic-diffusive-cosmology_repo/edc_book_2/src/CH3_electroweak_parameters.tex,1006,relations $g^2 = 4\pi\alpha/\sin^2\theta_W$ and $M_W = gv/2$ determine
P2_Z6,Weinberg.*angle|sin.*theta_W,/Users/igor/ClaudeAI/EDC_Project/elastic-diffusive-cosmology_repo/edc_book_2/src/CH3_electroweak_parameters.tex,1033,$\sin^2\theta_W$ & $\frac{1}{4}$ + RG & 0.2314 & 0.2312 & \textbf{0.08\%} & \checkmark \\
P2_Z6,Weinberg.*angle|sin.*theta_W,/Users/igor/ClaudeAI/EDC_Project/elastic-diffusive-cosmology_repo/edc_book_2/src/CH3_electroweak_parameters.tex,1034,$g^2$ & $4\pi\alpha/\sin^2\theta_W$ & 0.4246 & 0.42 & \textbf{1.1\%} & \checkmark \\
P2_Z6,Weinberg.*angle|sin.*theta_W,/Users/igor/ClaudeAI/EDC_Project/elastic-diffusive-cosmology_repo/edc_book_2/src/CH3_electroweak_parameters.tex,1048,\boxed{\sin^2\theta_W = \frac{1}{4} \quad \text{from } \mathbb{Z}_6 = \mathbb{Z}_2 \times \mathbb{Z}_3 \text{ symmetry}}
P2_Z6,Weinberg.*angle|sin.*theta_W,/Users/igor/ClaudeAI/EDC_Project/elastic-diffusive-cosmology_repo/edc_book_2/src/CH3_electroweak_parameters.tex,1058,\textbf{Scale vs.\ structure:} Geometry fixes the mixing angle $\sin^2\theta_W$.
P2_Z6,Weinberg.*angle|sin.*theta_W,/Users/igor/ClaudeAI/EDC_Project/elastic-diffusive-cosmology_repo/edc_book_2/src/CH3_electroweak_parameters.tex,1073,"predictions. Once $\sin^2\theta_W = 1/4$ is input at the lattice scale, the"
P2_Z6,Weinberg.*angle|sin.*theta_W,/Users/igor/ClaudeAI/EDC_Project/elastic-diffusive-cosmology_repo/edc_book_2/src/CH3_electroweak_parameters.tex,1081,$\sin^2\theta_W(M_Z)$ & 0.2314 & 0.2312 & Consistency (RG) \\
P2_Z6,Weinberg.*angle|sin.*theta_W,/Users/igor/ClaudeAI/EDC_Project/elastic-diffusive-cosmology_repo/edc_book_2/src/CH3_electroweak_parameters.tex,1082,"$g^2(M_Z)$ & 0.4246 & 0.42 & Follows from $\alpha$, $\sin^2\theta_W$ \\"
P2_Z6,Weinberg.*angle|sin.*theta_W,/Users/igor/ClaudeAI/EDC_Project/elastic-diffusive-cosmology_repo/edc_book_2/src/CH3_electroweak_parameters.tex,1091,\item $\sin^2\theta_W = 1/4$ at the lattice scale (from $\mathbb{Z}_6$ identification) \tagI{}
P2_Z6,Weinberg.*angle|sin.*theta_W,/Users/igor/ClaudeAI/EDC_Project/elastic-diffusive-cosmology_repo/edc_book_2/src/CH3_electroweak_parameters.tex,1101,\textbf{ALLOWED:} Using $\mathbb{Z}_6 \to \sin^2\theta_W = 1/4$ as a geometric boundary condition.\\
P2_Z6,Weinberg.*angle|sin.*theta_W,/Users/igor/ClaudeAI/EDC_Project/elastic-diffusive-cosmology_repo/edc_book_2/src/CH3_electroweak_parameters.tex,1115,"\item Baseline: Standard EW unification relations ($e = g\sin\theta_W$, etc.) \tagBL{}"
P2_Z6,Weinberg.*angle|sin.*theta_W,/Users/igor/ClaudeAI/EDC_Project/elastic-diffusive-cosmology_repo/edc_book_2/src/CH3_electroweak_parameters.tex,1123,\textbf{THEN} $g'^2/g^2 = 1/3$ \textbf{THEN} $\sin^2\theta_W = 1/4$ \tagDc{}
P2_Z6,Weinberg.*angle|sin.*theta_W,/Users/igor/ClaudeAI/EDC_Project/elastic-diffusive-cosmology_repo/edc_book_2/src/CH3_electroweak_parameters.tex,1124,\item \textbf{IF} $\sin^2\theta_W = 1/4$ at lattice scale \textbf{AND}
P2_Z6,Weinberg.*angle|sin.*theta_W,/Users/igor/ClaudeAI/EDC_Project/elastic-diffusive-cosmology_repo/edc_book_2/src/CH3_electroweak_parameters.tex,1126,\textbf{THEN} $\sin^2\theta_W(M_Z) = 0.2314$ (0.08\% from exp) \tagDc{}
P2_Z6,Weinberg.*angle|sin.*theta_W,/Users/igor/ClaudeAI/EDC_Project/elastic-diffusive-cosmology_repo/edc_book_2/src/CH3_electroweak_parameters.tex,1127,\item \textbf{IF} $\sin^2\theta_W(M_Z)$ known \textbf{AND} $\alpha(M_Z)$ known \tagBL{}
P2_Z6,Weinberg.*angle|sin.*theta_W,/Users/igor/ClaudeAI/EDC_Project/elastic-diffusive-cosmology_repo/edc_book_2/src/CH3_electroweak_parameters.tex,1128,\textbf{THEN} $g^2 = 4\pi\alpha/\sin^2\theta_W$ follows \tagDc{}
P2_Z6,Weinberg.*angle|sin.*theta_W,/Users/igor/ClaudeAI/EDC_Project/elastic-diffusive-cosmology_repo/edc_book_2/src/CH3_electroweak_parameters.tex,1147,\item[FM-1: Weinberg angle not $1/4$ at lattice scale.]
P2_Z6,Weinberg.*angle|sin.*theta_W,/Users/igor/ClaudeAI/EDC_Project/elastic-diffusive-cosmology_repo/edc_book_2/src/CH3_electroweak_parameters.tex,1148,"If future lattice QCD or non-perturbative methods show $\sin^2\theta_W(\mu_{\text{lattice}}) \neq 0.25$,"
P2_Z6,Weinberg.*angle|sin.*theta_W,/Users/igor/ClaudeAI/EDC_Project/elastic-diffusive-cosmology_repo/edc_book_2/src/CH3_electroweak_parameters.tex,1164,the subgroup counting gives different $\sin^2\theta_W$.
P2_Z6,Weinberg.*angle|sin.*theta_W,/Users/igor/ClaudeAI/EDC_Project/elastic-diffusive-cosmology_repo/edc_book_2/src/CH3_electroweak_parameters.tex,1189,\item[\checkmark] \textbf{$\sin^2\theta_W$:} Derived from $\mathbb{Z}_6$ geometry + RG running.
P2_Z6,Weinberg.*angle|sin.*theta_W,/Users/igor/ClaudeAI/EDC_Project/elastic-diffusive-cosmology_repo/edc_book_2/src/CH3_electroweak_parameters.tex,1192,\item[\checkmark] \textbf{$g^2$:} Follows from electroweak relation once $\sin^2\theta_W$ is known.
P2_Z6,Weinberg.*angle|sin.*theta_W,/Users/igor/ClaudeAI/EDC_Project/elastic-diffusive-cosmology_repo/edc_book_2/src/meta_part2/01_claim_ledger.tex,16,$\sin^2\theta_W = 1/4$ (bare) from $|Z_2|/|Z_6| = 2/6$%
P2_Z6,Weinberg.*angle|sin.*theta_W,/Users/igor/ClaudeAI/EDC_Project/elastic-diffusive-cosmology_repo/edc_book_2/src/meta_part2/01_claim_ledger.tex,20,$\sin^2\theta_W(M_Z) = 0.2314$ after RG running (0.08\% from PDG)%
P2_Z6,Weinberg.*angle|sin.*theta_W,/Users/igor/ClaudeAI/EDC_Project/elastic-diffusive-cosmology_repo/edc_book_2/src/meta_part2/01_claim_ledger.tex,24,$g^2 = 4\pi\alpha/\sin^2\theta_W = 0.4246$ (1.1\% from PDG)%
P2_Z6,Weinberg.*angle|sin.*theta_W,/Users/igor/ClaudeAI/EDC_Project/elastic-diffusive-cosmology_repo/edc_book_2/src/meta_part2/01_claim_ledger.tex,87,$G_F$ from EW consistency: $\sin^2\theta_W \to g^2 \to M_W \to G_F$%
P2_Z6,Weinberg.*angle|sin.*theta_W,/Users/igor/ClaudeAI/EDC_Project/elastic-diffusive-cosmology_repo/edc_book_2/src/sections/ch15_opr01_sigma_anchor_derivation.tex,34,\item[$\times$] $\sin^2\theta_W$ (measured value)
P2_Z6,Weinberg.*angle|sin.*theta_W,/Users/igor/ClaudeAI/EDC_Project/elastic-diffusive-cosmology_repo/edc_book_2/src/sections/ch10_electroweak_bridge.tex,464,\item Ch.~3 (Electroweak Parameters): $\sin^2\theta_W = 1/4$ from $\mathbb{Z}_6$ \tagI{}
P2_Z6,Weinberg.*angle|sin.*theta_W,/Users/igor/ClaudeAI/EDC_Project/elastic-diffusive-cosmology_repo/edc_book_2/src/sections/ch18_opr20_mediator_mass_from_eigenvalue.tex,468,\item[\ding{51}] No $\sin^2\theta_W$ used as input
P2_Z6,Weinberg.*angle|sin.*theta_W,/Users/igor/ClaudeAI/EDC_Project/elastic-diffusive-cosmology_repo/edc_book_2/src/meta_part2/02_decision_log.tex,28,Honest acknowledgment preempts attack and redirects to true prediction: $\sin^2\theta_W = 1/4$.%
P2_Z6,Weinberg.*angle|sin.*theta_W,/Users/igor/ClaudeAI/EDC_Project/elastic-diffusive-cosmology_repo/edc_book_2/src/meta_part2/04_evidence_map.tex,21,"$N_g = 3$ derivation, $\sin^2\theta_W = 1/4$, $Z_6$ subgroup \\[0.5em]"
P2_Z6,Weinberg.*angle|sin.*theta_W,/Users/igor/ClaudeAI/EDC_Project/elastic-diffusive-cosmology_repo/edc_book_2/src/meta_part2/04_evidence_map.tex,50,\texttt{eq:ch3\_sin2\_bare} & 3 & $\sin^2\theta_W = |Z_2|/|Z_6| = 1/4$ \\
P2_Z6,Weinberg.*angle|sin.*theta_W,/Users/igor/ClaudeAI/EDC_Project/elastic-diffusive-cosmology_repo/edc_book_2/src/meta_part2/04_evidence_map.tex,68,"PDG 2024 & CKM matrix values, $\sin^2\theta_W(M_Z)$, $G_F$, $M_W$ \\"
P2_Z6,Weinberg.*angle|sin.*theta_W,/Users/igor/ClaudeAI/EDC_Project/elastic-diffusive-cosmology_repo/edc_book_2/src/sections/02_frozen_regime_foundations.tex,966,\item Ch.~4 (Electroweak): Uses $\mathbb{Z}_6$ structure for $\sin^2\theta_W$
P2_Z6,Weinberg.*angle|sin.*theta_W,/Users/igor/ClaudeAI/EDC_Project/elastic-diffusive-cosmology_repo/edc_book_2/src/sections/11_gf_pathway.tex,34,once $\sin^2\theta_W = 1/4$ is derived from $\mathbb{Z}_6$ geometry. See
P2_Z6,Weinberg.*angle|sin.*theta_W,/Users/igor/ClaudeAI/EDC_Project/elastic-diffusive-cosmology_repo/edc_book_2/src/sections/ch20_epistemic_summary_closure_status.tex,287,$\mathbb{Z}_6$ symmetry & Hexagonal brane geometry & $\sin^2\theta_W = 1/4$ derivation in Ch3 & \tagI{} \\
P2_Z6,Weinberg.*angle|sin.*theta_W,/Users/igor/ClaudeAI/EDC_Project/elastic-diffusive-cosmology_repo/edc_book_2/src/sections/ch20_epistemic_summary_closure_status.tex,298,"\item Part~II uses these to derive weak-sector structure ($\sin^2\theta_W$, V--A, $G_{\text{eff}}$)"
P2_Z6,Weinberg.*angle|sin.*theta_W,/Users/igor/ClaudeAI/EDC_Project/elastic-diffusive-cosmology_repo/edc_book_2/src/sections/ch20_epistemic_summary_closure_status.tex,496,$\sin^2\theta_W = 1/4$ from $\mathbb{Z}_6$ counting [Der] &
P2_Z6,Weinberg.*angle|sin.*theta_W,/Users/igor/ClaudeAI/EDC_Project/elastic-diffusive-cosmology_repo/edc_book_2/src/sections/ch20_epistemic_summary_closure_status.tex,541,\texttt{repro/scripts/repro\_sin2\_z6\_verify.py} & $\sin^2\theta_W = 1/4$ from $\mathbb{Z}_6$ \\
P2_Z6,Weinberg.*angle|sin.*theta_W,/Users/igor/ClaudeAI/EDC_Project/elastic-diffusive-cosmology_repo/edc_book_2/src/sections/ch20_epistemic_summary_closure_status.tex,563,"No Standard Model observable ($M_W$, $G_F$, $v$, $\sin^2\theta_W$) is used as input."
P2_Z6,Weinberg.*angle|sin.*theta_W,/Users/igor/ClaudeAI/EDC_Project/elastic-diffusive-cosmology_repo/edc_book_2/src/meta_part2/03_research_timeline.tex,19,Chapter 3 ($\sin^2\theta_W$) derivation completed; RG running added%
P2_Z6,Weinberg.*angle|sin.*theta_W,/Users/igor/ClaudeAI/EDC_Project/elastic-diffusive-cosmology_repo/edc_book_2/src/sections/ch19_opr22_geff_from_exchange.tex,43,"\item We do NOT use $G_F$, $M_W$, $M_Z$, $v$, or $\sin^2\theta_W$ as inputs"
P2_Z6,Weinberg.*angle|sin.*theta_W,/Users/igor/ClaudeAI/EDC_Project/elastic-diffusive-cosmology_repo/edc_book_2/src/sections/ch14_opr21_closure_derivation.tex,667,"\item[$\checkmark$] Are any SM observables ($M_W$, $G_F$, $v$, $\sin^2\theta_W$)"
P2_Z6,Weinberg.*angle|sin.*theta_W,/Users/igor/ClaudeAI/EDC_Project/elastic-diffusive-cosmology_repo/edc_book_2/src/sections/ch14_opr21_closure_derivation.tex,793,"\textbf{No-smuggling}: \checkmark No SM observables ($M_W$, $G_F$, $v$, $\sin^2\theta_W$) used as inputs."
P2_Z6,Weinberg.*angle|sin.*theta_W,/Users/igor/ClaudeAI/EDC_Project/elastic-diffusive-cosmology_repo/edc_book_2/src/sections/ch16_opr04_delta_derivation.tex,441,"\item[$\times$] No $M_W$, $G_F$, $v_{\rm EW} = 246$ GeV, $\sin^2\theta_W$ used"
P2_Z6,Weinberg.*angle|sin.*theta_W,/Users/igor/ClaudeAI/EDC_Project/elastic-diffusive-cosmology_repo/edc_book_2/src/sections/ch16_opr04_delta_derivation.tex,560,"\textbf{No SM parameters} ($M_W$, $G_F$, $v = 246$ GeV, $\sin^2\theta_W$)"
P2_Z6,Weinberg.*angle|sin.*theta_W,/Users/igor/ClaudeAI/EDC_Project/elastic-diffusive-cosmology_repo/edc_book_2/src/sections/ch11_gf_sanity_skeleton.tex,32,"$g^2$ from $\alpha$, $\theta_W$ & $g^2 = 4\pi\alpha/\sin^2\theta_W$ & \tagBL{} & Uses measured $\alpha$ \\"
P2_Z6,Weinberg.*angle|sin.*theta_W,/Users/igor/ClaudeAI/EDC_Project/elastic-diffusive-cosmology_repo/edc_book_2/src/sections/ch11_gf_sanity_skeleton.tex,40,$\sin^2\theta_W = 1/4$ & $\mathbb{Z}_6$ subgroup counting & \tagDer{} & \textbf{Independent prediction} \\
P2_Z6,Weinberg.*angle|sin.*theta_W,/Users/igor/ClaudeAI/EDC_Project/elastic-diffusive-cosmology_repo/edc_book_2/src/sections/ch11_gf_sanity_skeleton.tex,151,\item $\sin^2\theta_W = 1/4$ independent prediction (0.08\% after RG) \tagDer{}
P2_Z6,Weinberg.*angle|sin.*theta_W,/Users/igor/ClaudeAI/EDC_Project/elastic-diffusive-cosmology_repo/edc_book_2/src/sections/ch11_gf_sanity_skeleton.tex,173,The true independent prediction is $\sin^2\theta_W = 1/4$; numerical $G_F$ closure
P2_Z6,Weinberg.*angle|sin.*theta_W,/Users/igor/ClaudeAI/EDC_Project/elastic-diffusive-cosmology_repo/edc_book_2/src/sections/ch11_g5_value_closure_attempt3_derive_4pi.tex,18,value $g_2^2 \approx 0.397$ (computed from $4\pi\alpha/\sin^2\theta_W$).
P2_Z6,Weinberg.*angle|sin.*theta_W,/Users/igor/ClaudeAI/EDC_Project/elastic-diffusive-cosmology_repo/edc_book_2/src/sections/ch11_g5_value_closure_attempt3_derive_4pi.tex,317,SM ($4\pi\alpha/\sin^2\theta_W$) & 0.397 & --- & Input for comparison \\
P2_Z6,Weinberg.*angle|sin.*theta_W,/Users/igor/ClaudeAI/EDC_Project/elastic-diffusive-cosmology_repo/edc_book_2/src/sections/ch17_opr19_g5_from_action.tex,398,"\item[\ding{51}] No SM observables used as inputs ($M_W, G_F, v, \sin^2\theta_W$ absent)"
P2_Z6,Weinberg.*angle|sin.*theta_W,/Users/igor/ClaudeAI/EDC_Project/elastic-diffusive-cosmology_repo/edc_book_2/src/sections/11_gf_derivation.tex,13,\item Numerical closure: $G_F$ exact from electroweak relations + $\sin^2\theta_W = 1/4$ \tagDc{}
P2_Z6,Weinberg.*angle|sin.*theta_W,/Users/igor/ClaudeAI/EDC_Project/elastic-diffusive-cosmology_repo/edc_book_2/src/sections/11_gf_derivation.tex,112,$\mathbb{Z}_6$ subgroup counting $\Rightarrow \sin^2\theta_W = 1/4$ (bare).
P2_Z6,Weinberg.*angle|sin.*theta_W,/Users/igor/ClaudeAI/EDC_Project/elastic-diffusive-cosmology_repo/edc_book_2/src/sections/11_gf_derivation.tex,119,"Electroweak coupling relations: $g^2 = 4\pi\alpha/\sin^2\theta_W$,"
P2_Z6,Weinberg.*angle|sin.*theta_W,/Users/igor/ClaudeAI/EDC_Project/elastic-diffusive-cosmology_repo/edc_book_2/src/sections/11_gf_derivation.tex,127,The true independent prediction is $\sin^2\theta_W = 1/4$.
P2_Z6,Weinberg.*angle|sin.*theta_W,/Users/igor/ClaudeAI/EDC_Project/elastic-diffusive-cosmology_repo/edc_book_2/src/sections/11_gf_derivation.tex,140,numerical value exact once $\sin^2\theta_W = 1/4$ is fixed;
P2_Z6,Weinberg.*angle|sin.*theta_W,/Users/igor/ClaudeAI/EDC_Project/elastic-diffusive-cosmology_repo/edc_book_2/src/sections/11_gf_derivation.tex,272,\emph{numerical closure} through electroweak relations once $\sin^2\theta_W$ is
P2_Z6,Weinberg.*angle|sin.*theta_W,/Users/igor/ClaudeAI/EDC_Project/elastic-diffusive-cosmology_repo/edc_book_2/src/sections/11_gf_derivation.tex,279,From the EDC-derived $\sin^2\theta_W = 1/4$ at the lattice scale
P2_Z6,Weinberg.*angle|sin.*theta_W,/Users/igor/ClaudeAI/EDC_Project/elastic-diffusive-cosmology_repo/edc_book_2/src/sections/11_gf_derivation.tex,282,\sin^2\theta_W(M_Z) &= 0.2314 \quad \text{(0.08\% from PDG)} \\
P2_Z6,Weinberg.*angle|sin.*theta_W,/Users/igor/ClaudeAI/EDC_Project/elastic-diffusive-cosmology_repo/edc_book_2/src/sections/11_gf_derivation.tex,283,g^2 &= \frac{4\pi\alpha}{\sin^2\theta_W} = 0.4246 \\
P2_Z6,Weinberg.*angle|sin.*theta_W,/Users/igor/ClaudeAI/EDC_Project/elastic-diffusive-cosmology_repo/edc_book_2/src/sections/11_gf_derivation.tex,312,\sin^2\theta_W(\mu_{\text{lattice}}) = \frac{|\mathbb{Z}_2|}{|\mathbb{Z}_2| + |\mathbb{Z}_6|}
P2_Z6,Weinberg.*angle|sin.*theta_W,/Users/igor/ClaudeAI/EDC_Project/elastic-diffusive-cosmology_repo/edc_book_2/src/sections/11_gf_derivation.tex,316,% Note: This follows from g'^2/g^2 = |Z_2|/|Z_6| = 1/3 and sin^2 theta_W = g'^2/(g^2+g'^2).
P2_Z6,Weinberg.*angle|sin.*theta_W,/Users/igor/ClaudeAI/EDC_Project/elastic-diffusive-cosmology_repo/edc_book_2/src/sections/11_gf_derivation.tex,317,% See Theorem \ref{thm:weinberg_angle} in Chapter \ref{ch:z6_program} for full derivation.
P2_Z6,Weinberg.*angle|sin.*theta_W,/Users/igor/ClaudeAI/EDC_Project/elastic-diffusive-cosmology_repo/edc_book_2/src/sections/11_gf_derivation.tex,319,"After RG running, this gives $\sin^2\theta_W(M_Z) = 0.2314$, which agrees with"
P2_Z6,Weinberg.*angle|sin.*theta_W,/Users/igor/ClaudeAI/EDC_Project/elastic-diffusive-cosmology_repo/edc_book_2/src/sections/11_gf_derivation.tex,330,relations. The independent EDC content is $\sin^2\theta_W = 1/4$.
P2_Z6,Weinberg.*angle|sin.*theta_W,/Users/igor/ClaudeAI/EDC_Project/elastic-diffusive-cosmology_repo/edc_book_2/src/sections/11_gf_derivation.tex,535,\item Chapter~\ref{ch:z6_program}: $\sin^2\theta_W = 1/4$ from $\mathbb{Z}_6$ counting \tagDer{}
P2_Z6,Weinberg.*angle|sin.*theta_W,/Users/igor/ClaudeAI/EDC_Project/elastic-diffusive-cosmology_repo/edc_book_2/src/sections/11_gf_derivation.tex,550,\item[\ding{51}] $\sin^2\theta_W(M_Z) = 0.2314$ (0.08\% from PDG) \tagDer{}
P2_Z6,Weinberg.*angle|sin.*theta_W,/Users/igor/ClaudeAI/EDC_Project/elastic-diffusive-cosmology_repo/edc_book_2/src/sections/11_gf_derivation.tex,572,$\sin^2\theta_W = 1/4$ & $\mathbb{Z}_6$ subgroup counting & \tagDer{} & GREEN-A \\
P2_Z6,Weinberg.*angle|sin.*theta_W,/Users/igor/ClaudeAI/EDC_Project/elastic-diffusive-cosmology_repo/edc_book_2/src/sections/11_gf_derivation.tex,573,$g^2 = 4\pi\alpha/\sin^2\theta_W$ & Electroweak unification & \tagDc{} & GREEN-A \\
P2_Z6,Weinberg.*angle|sin.*theta_W,/Users/igor/ClaudeAI/EDC_Project/elastic-diffusive-cosmology_repo/edc_book_2/src/sections/11_gf_derivation.tex,602,$\sin^2\theta_W = 1/4$ (independent prediction) & GREEN-A & \tagDer{} \\
P2_Z6,Weinberg.*angle|sin.*theta_W,/Users/igor/ClaudeAI/EDC_Project/elastic-diffusive-cosmology_repo/edc_book_2/src/sections/11_gf_derivation.tex,619,EDC predicts $\sin^2\theta_W = 1/4$ (bare) from $\mathbb{Z}_6$ subgroup counting.
P2_Z6,Weinberg.*angle|sin.*theta_W,/Users/igor/ClaudeAI/EDC_Project/elastic-diffusive-cosmology_repo/edc_book_2/src/sections/11_gf_derivation.tex,620,"After standard RG running, this gives $\sin^2\theta_W(M_Z) = 0.2314$, agreeing"
P2_Z6,Weinberg.*angle|sin.*theta_W,/Users/igor/ClaudeAI/EDC_Project/elastic-diffusive-cosmology_repo/edc_book_2/src/sections/11_gf_derivation.tex,642,\textbf{Bottom line:} The true EDC prediction is $\sin^2\theta_W = 1/4$ (0.08\%
P2_Z6,Weinberg.*angle|sin.*theta_W,/Users/igor/ClaudeAI/EDC_Project/elastic-diffusive-cosmology_repo/edc_book_2/src/sections/12_epistemic_map.tex,527,\noindent\emph{G$_F$ chain:} OPR-19/20/22 now have derivation spines [Dc]. Value closure attempt (\S\ref{sec:ch11_value_closure_attempt}) identified G1 as promising coupling formula; $\ell$ requires e
P2_Z6,Weinberg.*angle|sin.*theta_W,/Users/igor/ClaudeAI/EDC_Project/elastic-diffusive-cosmology_repo/edc_book_2/src/sections/ch11_g5_value_closure_attempt2_coefficient.tex,21,"$g_2^2 = 4\pi\alpha/\sin^2\theta_W$). The numeric proximity is encouraging,"
P2_Z6,Weinberg.*angle|sin.*theta_W,/Users/igor/ClaudeAI/EDC_Project/elastic-diffusive-cosmology_repo/edc_book_2/src/sections/ch11_gf_full_closure_plan.tex,149,\item $\sin^2\theta_W = 1/4$ (EDC-derived from $\mathbb{Z}_6$ counting)
P2_Z6,Weinberg.*angle|sin.*theta_W,/Users/igor/ClaudeAI/EDC_Project/elastic-diffusive-cosmology_repo/edc_book_2/src/sections/ch11_gf_full_closure_plan.tex,188,``$\sin^2\theta_W = 1/4$ is numerology'' &
P2_Z6,Weinberg.*angle|sin.*theta_W,/Users/igor/ClaudeAI/EDC_Project/elastic-diffusive-cosmology_repo/edc_book_2/src/sections/ch11_g5_ell_value_closure_attempt.tex,173,The SM weak coupling at low energy: $g_2^2 = 4\pi\alpha/\sin^2\theta_W \approx 0.42$.
P2_Z6,Weinberg.*angle|sin.*theta_W,/Users/igor/ClaudeAI/EDC_Project/elastic-diffusive-cosmology_repo/edc_book_2/src/sections/ch11_g5_ell_suppression_attempt2.tex,65,\item $\sin^2\theta_W = 0.23$ from experiment (use only EDC-derived value if needed)
P2_Z6,Weinberg.*angle|sin.*theta_W,/Users/igor/ClaudeAI/EDC_Project/elastic-diffusive-cosmology_repo/edc_book_2/src/sections/ch11_opr20_attemptH2_delta_Rxi_hard_audit.tex,113,"\item \textbf{SM observable fitting:} Using $M_Z$, $M_W$, $v$, $\sin^2\theta_W$,"
P2_Z6,generation.*3|three.*generation,/Users/igor/ClaudeAI/EDC_Project/elastic-diffusive-cosmology_repo/edc_book_2/src/CH4_lepton_mass_candidates.tex,219,\item \textbf{Why three generations?:} Derive the number of lepton
P2_Z6,generation.*3|three.*generation,/Users/igor/ClaudeAI/EDC_Project/elastic-diffusive-cosmology_repo/edc_book_2/src/CH4_lepton_mass_candidates.tex,220,generations from $\mathbb{Z}_6$ structure (tentatively: $|Z_3| = 3$).
P2_Z6,generation.*3|three.*generation,/Users/igor/ClaudeAI/EDC_Project/elastic-diffusive-cosmology_repo/edc_book_2/src/EDC_Part_II_Weak_Sector_rebuild.tex,372,6 & Three Generations & $\mathbb{Z}_3$ connection \\
P2_Z6,generation.*3|three.*generation,/Users/igor/ClaudeAI/EDC_Project/elastic-diffusive-cosmology_repo/edc_book_2/src/EDC_Part_II_Weak_Sector_rebuild.tex,468,% CHAPTER 5: THREE GENERATIONS
P2_Z6,generation.*3|three.*generation,/Users/igor/ClaudeAI/EDC_Project/elastic-diffusive-cosmology_repo/edc_book_2/src/EDC_Part_II_Weak_Sector_rebuild.tex,470,\chapter{Why Exactly Three Generations?}
P2_Z6,generation.*3|three.*generation,/Users/igor/ClaudeAI/EDC_Project/elastic-diffusive-cosmology_repo/edc_book_2/src/EDC_Part_II_Weak_Sector_rebuild.tex,471,\label{ch:three_generations}
P2_Z6,generation.*3|three.*generation,/Users/igor/ClaudeAI/EDC_Project/elastic-diffusive-cosmology_repo/edc_book_2/src/EDC_Part_II_Weak_Sector_rebuild.tex,477,\input{sections/05_three_generations}
P2_Z6,generation.*3|three.*generation,/Users/igor/ClaudeAI/EDC_Project/elastic-diffusive-cosmology_repo/edc_book_2/src/EDC_Part_II_Weak_Sector_rebuild.tex,682,Why 3 generations? & No explanation & $\mathbb{Z}_3$ vortex modes \\
P2_Z6,generation.*3|three.*generation,/Users/igor/ClaudeAI/EDC_Project/elastic-diffusive-cosmology_repo/edc_book_2/src/Z6_content_full.tex,1625,\section{Step 8: Mass Hierarchy and Three Generations}
P2_Z6,generation.*3|three.*generation,/Users/igor/ClaudeAI/EDC_Project/elastic-diffusive-cosmology_repo/edc_book_2/src/Z6_content_full.tex,1629,\begin{stepbox}{8}{Why Three Generations?}
P2_Z6,generation.*3|three.*generation,/Users/igor/ClaudeAI/EDC_Project/elastic-diffusive-cosmology_repo/edc_book_2/src/Z6_content_full.tex,1631,\textbf{Goal:} Explain the existence of exactly three generations of fermions
P2_Z6,generation.*3|three.*generation,/Users/igor/ClaudeAI/EDC_Project/elastic-diffusive-cosmology_repo/edc_book_2/src/Z6_content_full.tex,1638,\begin{observation}[Three Generations in Nature]
P2_Z6,generation.*3|three.*generation,/Users/igor/ClaudeAI/EDC_Project/elastic-diffusive-cosmology_repo/edc_book_2/src/Z6_content_full.tex,1641,The Standard Model contains exactly three generations of fermions:
P2_Z6,generation.*3|three.*generation,/Users/igor/ClaudeAI/EDC_Project/elastic-diffusive-cosmology_repo/edc_book_2/src/Z6_content_full.tex,1662,\textbf{Hypothesis:} The three generations correspond to three radial modes:
P2_Z6,generation.*3|three.*generation,/Users/igor/ClaudeAI/EDC_Project/elastic-diffusive-cosmology_repo/edc_book_2/src/Z6_content_full.tex,1670,why there are \emph{exactly three} generations.
P2_Z6,generation.*3|three.*generation,/Users/igor/ClaudeAI/EDC_Project/elastic-diffusive-cosmology_repo/edc_book_2/src/Z6_content_full.tex,1740,The $\mathbb{Z}_3$ vortex structure has three ``phases'' corresponding to three generations.
P2_Z6,generation.*3|three.*generation,/Users/igor/ClaudeAI/EDC_Project/elastic-diffusive-cosmology_repo/edc_book_2/src/Z6_content_full.tex,1743,\item Three generations emerge from $\mathbb{Z}_3$ symmetry
P2_Z6,generation.*3|three.*generation,/Users/igor/ClaudeAI/EDC_Project/elastic-diffusive-cosmology_repo/edc_book_2/src/Z6_content_full.tex,1764,Three generations from $\mathbb{Z}_3$ & \tagP{} (postulated) \\
P2_Z6,generation.*3|three.*generation,/Users/igor/ClaudeAI/EDC_Project/elastic-diffusive-cosmology_repo/edc_book_2/src/Z6_content_full.tex,1780,The Standard Model offers no explanation for either three generations or the Koide
P2_Z6,generation.*3|three.*generation,/Users/igor/ClaudeAI/EDC_Project/elastic-diffusive-cosmology_repo/edc_book_2/src/Z6_content_full.tex,1804,Three generations exist & \tagBL{} (experimental fact) \\
P2_Z6,generation.*3|three.*generation,/Users/igor/ClaudeAI/EDC_Project/elastic-diffusive-cosmology_repo/edc_book_2/src/Z6_content_full.tex,1926,Three generations = radial harmonics & \tagP{}/\tagI{} & Proposition \ref{prop:gen_harmonics} \\
P2_Z6,generation.*3|three.*generation,/Users/igor/ClaudeAI/EDC_Project/elastic-diffusive-cosmology_repo/edc_book_2/src/Z6_content_full.tex,1981,"\item \textbf{Three generations:} Interpreted as radial harmonics of $\mathbb{Z}_3$ vortex, consistent with Koide formula"
P2_Z6,generation.*3|three.*generation,/Users/igor/ClaudeAI/EDC_Project/elastic-diffusive-cosmology_repo/edc_book_2/src/figures/fig_three_channel_localization.tex,3,% Z_3 symmetry with three equivalent minima for generations
P2_Z6,generation.*3|three.*generation,/Users/igor/ClaudeAI/EDC_Project/elastic-diffusive-cosmology_repo/edc_book_2/src/meta_part2/04_evidence_map.tex,20,\texttt{sections/05\_three\_generations.tex} &
P2_Z6,generation.*3|three.*generation,/Users/igor/ClaudeAI/EDC_Project/elastic-diffusive-cosmology_repo/edc_book_2/src/sections/ch15_opr01_sigma_anchor_derivation.tex,275,The window for exactly three generations is \textbf{shape-dependent}:
P2_Z6,generation.*3|three.*generation,/Users/igor/ClaudeAI/EDC_Project/elastic-diffusive-cosmology_repo/edc_book_2/src/sections/ch15_opr01_sigma_anchor_derivation.tex,311,"units, for physical domain wall potential) is required for three-generation phenomenology."
P2_Z6,generation.*3|three.*generation,/Users/igor/ClaudeAI/EDC_Project/elastic-diffusive-cosmology_repo/edc_book_2/src/sections/ch15_opr01_sigma_anchor_derivation.tex,420,\item This converts the ``three generations'' condition into a geometric constraint:
P2_Z6,generation.*3|three.*generation,/Users/igor/ClaudeAI/EDC_Project/elastic-diffusive-cosmology_repo/edc_book_2/src/sections/ch6_pmns_attempt4_menu.tex,26,generations~1 and~3.
P2_Z6,generation.*3|three.*generation,/Users/igor/ClaudeAI/EDC_Project/elastic-diffusive-cosmology_repo/edc_book_2/src/meta_part2/01_claim_ledger.tex,17,"}{Eq.~(3.12), \evidenceRef{sections/05\_three\_generations.tex}{eq:ch3\_sin2\_bare}}{\tagDer}"
P2_Z6,generation.*3|three.*generation,/Users/igor/ClaudeAI/EDC_Project/elastic-diffusive-cosmology_repo/edc_book_2/src/meta_part2/01_claim_ledger.tex,31,%% ========== CHAPTER 5: THREE GENERATIONS ==========
P2_Z6,generation.*3|three.*generation,/Users/igor/ClaudeAI/EDC_Project/elastic-diffusive-cosmology_repo/edc_book_2/src/meta_part2/01_claim_ledger.tex,32,\subsection*{Chapter 5 — Three Generations}
P2_Z6,generation.*3|three.*generation,/Users/igor/ClaudeAI/EDC_Project/elastic-diffusive-cosmology_repo/edc_book_2/src/meta_part2/01_claim_ledger.tex,36,"}{Eq.~(5.8), \evidenceRef{sections/05\_three\_generations.tex}{eq:ch5\_Ng\_3}}{\tagDer}"
P2_Z6,generation.*3|three.*generation,/Users/igor/ClaudeAI/EDC_Project/elastic-diffusive-cosmology_repo/edc_book_2/src/sections/07_ckm_cp.tex,55,"In the 5D picture, the three quark generations ($u/c/t$ and $d/s/b$) are localized"
P2_Z6,generation.*3|three.*generation,/Users/igor/ClaudeAI/EDC_Project/elastic-diffusive-cosmology_repo/edc_book_2/src/sections/07_ckm_cp.tex,89,Three quark generations $\leftrightarrow$ $|\mathbb{Z}_3| = 3$
P2_Z6,generation.*3|three.*generation,/Users/igor/ClaudeAI/EDC_Project/elastic-diffusive-cosmology_repo/edc_book_2/src/sections/07_ckm_cp.tex,140,"In EDC, if quark generations also correspond to $\mathbb{Z}_3$ modes, the same"
P2_Z6,generation.*3|three.*generation,/Users/igor/ClaudeAI/EDC_Project/elastic-diffusive-cosmology_repo/edc_book_2/src/sections/07_ckm_cp.tex,159,Three quark generations $\leftrightarrow$ $|\mathbb{Z}_3| = 3$
P2_Z6,generation.*3|three.*generation,/Users/igor/ClaudeAI/EDC_Project/elastic-diffusive-cosmology_repo/edc_book_2/src/sections/07_ckm_cp.tex,220,If quark generations also arise from $\mathbb{Z}_3$ modes in the hexagonal
P2_Z6,generation.*3|three.*generation,/Users/igor/ClaudeAI/EDC_Project/elastic-diffusive-cosmology_repo/edc_book_2/src/sections/07_ckm_cp.tex,221,"lattice (Chapter~\ref{ch:three_generations}), the same DFT analysis applies."
P2_Z6,generation.*3|three.*generation,/Users/igor/ClaudeAI/EDC_Project/elastic-diffusive-cosmology_repo/edc_book_2/src/sections/07_ckm_cp.tex,524,"For three generations, the corner elements involve ``skipping two generations'':"
P2_Z6,generation.*3|three.*generation,/Users/igor/ClaudeAI/EDC_Project/elastic-diffusive-cosmology_repo/edc_book_2/src/sections/07_ckm_cp.tex,565,\item Non-uniform generation spacing: $\Delta\xi_{12} < \Delta\xi_{23}$
P2_Z6,generation.*3|three.*generation,/Users/igor/ClaudeAI/EDC_Project/elastic-diffusive-cosmology_repo/edc_book_2/src/sections/07_ckm_cp.tex,959,\item Chapter~\ref{ch:three_generations}: $|\mathbb{Z}_3| = 3$ generation identification
P2_Z6,generation.*3|three.*generation,/Users/igor/ClaudeAI/EDC_Project/elastic-diffusive-cosmology_repo/edc_book_2/src/sections/07_ckm_cp.tex,1004,Generations carry $\mathbb{Z}_3$ charges; CKM acquires phases $\omega^{q_u - q_d}$.
P2_Z6,generation.*3|three.*generation,/Users/igor/ClaudeAI/EDC_Project/elastic-diffusive-cosmology_repo/edc_book_2/src/sections/07_ckm_cp.tex,1056,(This is consistent with Chapter~\ref{ch:three_generations}.)
P2_Z6,generation.*3|three.*generation,/Users/igor/ClaudeAI/EDC_Project/elastic-diffusive-cosmology_repo/edc_book_2/src/sections/ch12_bvp_workpackage.tex,479,\item OPR-02: Generation counting (if spectrum has exactly 3 bound states)
P2_Z6,generation.*3|three.*generation,/Users/igor/ClaudeAI/EDC_Project/elastic-diffusive-cosmology_repo/edc_book_2/src/sections/ch14_bvp_closure_pack.tex,1094,"\item \textbf{NOT three generations:} The toy potential gives 2 bound states,"
P2_Z6,generation.*3|three.*generation,/Users/igor/ClaudeAI/EDC_Project/elastic-diffusive-cosmology_repo/edc_book_2/src/sections/ch14_bvp_closure_pack.tex,1155,(2$\to$3). This demonstrates the key point: \emph{three generations is not automatic}.
P2_Z6,generation.*3|three.*generation,/Users/igor/ClaudeAI/EDC_Project/elastic-diffusive-cosmology_repo/edc_book_2/src/sections/12_epistemic_map.tex,322,Generation structure & Explain three lepton generations from geometry \\
P2_Z6,generation.*3|three.*generation,/Users/igor/ClaudeAI/EDC_Project/elastic-diffusive-cosmology_repo/edc_book_2/src/sections/05_three_generations.tex,2,% Chapter 5: Why Exactly Three Generations?
P2_Z6,generation.*3|three.*generation,/Users/igor/ClaudeAI/EDC_Project/elastic-diffusive-cosmology_repo/edc_book_2/src/sections/05_three_generations.tex,6,\section{Why Exactly Three Generations?}
P2_Z6,generation.*3|three.*generation,/Users/igor/ClaudeAI/EDC_Project/elastic-diffusive-cosmology_repo/edc_book_2/src/sections/05_three_generations.tex,7,\label{sec:ch5_three_generations}
P2_Z6,generation.*3|three.*generation,/Users/igor/ClaudeAI/EDC_Project/elastic-diffusive-cosmology_repo/edc_book_2/src/sections/05_three_generations.tex,11,\emph{why does the fermion spectrum consist of exactly three generations?}
P2_Z6,generation.*3|three.*generation,/Users/igor/ClaudeAI/EDC_Project/elastic-diffusive-cosmology_repo/edc_book_2/src/sections/05_three_generations.tex,42,"\item \textbf{3D shadow:} Three generations of fermions $(e, \mu, \tau)$."
P2_Z6,generation.*3|three.*generation,/Users/igor/ClaudeAI/EDC_Project/elastic-diffusive-cosmology_repo/edc_book_2/src/sections/05_three_generations.tex,45,\textbf{Standard Model counts} three generations as input; EDC seeks to \emph{derive}
P2_Z6,generation.*3|three.*generation,/Users/igor/ClaudeAI/EDC_Project/elastic-diffusive-cosmology_repo/edc_book_2/src/sections/05_three_generations.tex,54,title=\textbf{Physical Process Narrative: Why Three Generations Appear in 5D EDC}]
P2_Z6,generation.*3|three.*generation,/Users/igor/ClaudeAI/EDC_Project/elastic-diffusive-cosmology_repo/edc_book_2/src/sections/05_three_generations.tex,81,"the three generations: electron lives in sector 0, muon in sector 1, tau in"
P2_Z6,generation.*3|three.*generation,/Users/igor/ClaudeAI/EDC_Project/elastic-diffusive-cosmology_repo/edc_book_2/src/sections/05_three_generations.tex,92,"The $\mathbb{Z}_3$ structure \emph{suggests} three generations, but does not"
P2_Z6,generation.*3|three.*generation,/Users/igor/ClaudeAI/EDC_Project/elastic-diffusive-cosmology_repo/edc_book_2/src/sections/05_three_generations.tex,103,"In the Standard Model, the existence of three fermion generations is an"
P2_Z6,generation.*3|three.*generation,/Users/igor/ClaudeAI/EDC_Project/elastic-diffusive-cosmology_repo/edc_book_2/src/sections/05_three_generations.tex,105,permits any number of generations; the value $N_{\text{gen}} = 3$ is simply
P2_Z6,generation.*3|three.*generation,/Users/igor/ClaudeAI/EDC_Project/elastic-diffusive-cosmology_repo/edc_book_2/src/sections/05_three_generations.tex,109,mechanism links generation count to the $\mathbb{Z}_3$ factor in the hexagonal
P2_Z6,generation.*3|three.*generation,/Users/igor/ClaudeAI/EDC_Project/elastic-diffusive-cosmology_repo/edc_book_2/src/sections/05_three_generations.tex,242,\item Why fermion generations \emph{couple} to the $\mathbb{Z}_3$ factor
P2_Z6,generation.*3|three.*generation,/Users/igor/ClaudeAI/EDC_Project/elastic-diffusive-cosmology_repo/edc_book_2/src/sections/05_three_generations.tex,334,potentially corresponding to three generations.
P2_Z6,generation.*3|three.*generation,/Users/igor/ClaudeAI/EDC_Project/elastic-diffusive-cosmology_repo/edc_book_2/src/sections/05_three_generations.tex,360,Winding $\to$ generation & No & \textcolor{red!80!black}{\textbf{RED}} & Mechanism not worked out (OPR-03) \\
P2_Z6,generation.*3|three.*generation,/Users/igor/ClaudeAI/EDC_Project/elastic-diffusive-cosmology_repo/edc_book_2/src/sections/05_three_generations.tex,489,\item \textbf{Generational mixing:} If generations arise from $\mathbb{Z}_3$
P2_Z6,generation.*3|three.*generation,/Users/igor/ClaudeAI/EDC_Project/elastic-diffusive-cosmology_repo/edc_book_2/src/sections/05_three_generations.tex,497,for three generations.
P2_Z6,generation.*3|three.*generation,/Users/igor/ClaudeAI/EDC_Project/elastic-diffusive-cosmology_repo/edc_book_2/src/sections/05_three_generations.tex,519,\item Chapter 6 (PMNS): Three neutrino generations for mixing matrix
P2_Z6,generation.*3|three.*generation,/Users/igor/ClaudeAI/EDC_Project/elastic-diffusive-cosmology_repo/edc_book_2/src/sections/05_three_generations.tex,520,\item Chapter 7 (CKM): Three quark generations for flavor structure
P2_Z6,generation.*3|three.*generation,/Users/igor/ClaudeAI/EDC_Project/elastic-diffusive-cosmology_repo/edc_book_2/src/sections/05_three_generations.tex,591,No 4th generation prediction & \tagI{}/\tagP{} & Follows from $\mathbb{Z}_3$ \emph{if} derivation holds \\
P2_Z6,generation.*3|three.*generation,/Users/igor/ClaudeAI/EDC_Project/elastic-diffusive-cosmology_repo/edc_book_2/src/meta_part2/03_research_timeline.tex,20,}{sections/05\_three\_generations.tex}{early commits}
P2_Z6,generation.*3|three.*generation,/Users/igor/ClaudeAI/EDC_Project/elastic-diffusive-cosmology_repo/edc_book_2/src/sections/06_neutrinos_edge_modes.tex,81,The $\mathbb{Z}_3$ structure (Ch.~\ref{ch:three_generations}) provides three inequivalent
P2_Z6,generation.*3|three.*generation,/Users/igor/ClaudeAI/EDC_Project/elastic-diffusive-cosmology_repo/edc_book_2/src/sections/06_neutrinos_edge_modes.tex,108,\item Ch.~\ref{ch:three_generations}: $\mathbb{Z}_6 = \mathbb{Z}_2 \times \mathbb{Z}_3$ lattice symmetry
P2_Z6,generation.*3|three.*generation,/Users/igor/ClaudeAI/EDC_Project/elastic-diffusive-cosmology_repo/edc_book_2/src/sections/06_neutrinos_edge_modes.tex,501,Chapter~\ref{ch:three_generations} identified the generation count $N_{\text{gen}} = 3$
P2_Z6,generation.*3|three.*generation,/Users/igor/ClaudeAI/EDC_Project/elastic-diffusive-cosmology_repo/edc_book_2/src/sections/ch14_opr21_closure_derivation.tex,66,"\item The three-generation window $\mu_3 = \mu_3(V, \kappa, \rho)$ is \textbf{shape-dependent}."
P2_Z6,generation.*3|three.*generation,/Users/igor/ClaudeAI/EDC_Project/elastic-diffusive-cosmology_repo/edc_book_2/src/sections/ch14_opr21_closure_derivation.tex,323,for three fermion generations (OPR-02).
P2_Z6,generation.*3|three.*generation,/Users/igor/ClaudeAI/EDC_Project/elastic-diffusive-cosmology_repo/edc_book_2/src/sections/ch14_opr21_closure_derivation.tex,441,\paragraph{Three-generation constraint in geometric terms.}
P2_Z6,generation.*3|three.*generation,/Users/igor/ClaudeAI/EDC_Project/elastic-diffusive-cosmology_repo/edc_book_2/src/sections/ch14_opr21_closure_derivation.tex,544,The scan reports a \textbf{three-generation window}:
P2_Z6,generation.*3|three.*generation,/Users/igor/ClaudeAI/EDC_Project/elastic-diffusive-cosmology_repo/edc_book_2/src/sections/ch14_opr21_closure_derivation.tex,557,The three-generation condition $N_{\text{bound}} = 3$ is achieved at a shape-dependent
P2_Z6,generation.*3|three.*generation,/Users/igor/ClaudeAI/EDC_Project/elastic-diffusive-cosmology_repo/edc_book_2/src/sections/ch14_opr21_closure_derivation.tex,571,"\textbf{Correct statement}: ``Three generations require $\mu \in [\mu_3^-, \mu_3^+]$"
P2_Z6,generation.*3|three.*generation,/Users/igor/ClaudeAI/EDC_Project/elastic-diffusive-cosmology_repo/edc_book_2/src/sections/ch14_opr21_closure_derivation.tex,596,title=\textbf{Interpretation: Three Generations from Thick-Brane BVP}]
P2_Z6,generation.*3|three.*generation,/Users/igor/ClaudeAI/EDC_Project/elastic-diffusive-cosmology_repo/edc_book_2/src/sections/ch14_opr21_closure_derivation.tex,606,\item Proof that the thick-brane mechanism \emph{can} yield three generations
P2_Z6,generation.*3|three.*generation,/Users/igor/ClaudeAI/EDC_Project/elastic-diffusive-cosmology_repo/edc_book_2/src/sections/ch14_opr21_closure_derivation.tex,647,\item \textbf{Three generations:} Bound-state count becomes a physically
P2_Z6,generation.*3|three.*generation,/Users/igor/ClaudeAI/EDC_Project/elastic-diffusive-cosmology_repo/edc_book_2/src/sections/ch14_opr21_closure_derivation.tex,787,"\item $\hat\kappa \geq 3$: Incompatible with 3-generation constraint in $\mu \in [13, 17]$"
P2_Z6,generation.*3|three.*generation,/Users/igor/ClaudeAI/EDC_Project/elastic-diffusive-cosmology_repo/edc_book_2/src/sections/ch20_epistemic_summary_closure_status.tex,183,\textbf{Generations:} $N_{\text{bound}}=3$ &
P2_Z6,generation.*3|three.*generation,/Users/igor/ClaudeAI/EDC_Project/elastic-diffusive-cosmology_repo/edc_book_2/src/sections/ch16_opr04_delta_derivation.tex,119,\item \textbf{Three-generation constraint}:
P2_Z6,generation.*3|three.*generation,/Users/igor/ClaudeAI/EDC_Project/elastic-diffusive-cosmology_repo/edc_book_2/src/sections/ch16_opr04_delta_derivation.tex,365,\textbf{Strategy:} Use OPR-21 three-generation window to constrain $\Delta$.
P2_Z6,generation.*3|three.*generation,/Users/igor/ClaudeAI/EDC_Project/elastic-diffusive-cosmology_repo/edc_book_2/src/sections/ch16_opr04_delta_derivation.tex,455,physically relevant three-generation window (which is shape-dependent; see OPR-21R).
P2_Z6,generation.*3|three.*generation,/Users/igor/ClaudeAI/EDC_Project/elastic-diffusive-cosmology_repo/edc_book_2/src/sections/ch16_opr04_delta_derivation.tex,592,\item Chapter~14 (OPR-21): How the $\mu$-window yields three generations
P2_Z6,generation.*3|three.*generation,/Users/igor/ClaudeAI/EDC_Project/elastic-diffusive-cosmology_repo/edc_book_2/src/sections/ch7_attempt3_cp_phase.tex,116,"The $\mathbb{Z}_3$ discrete symmetry, which already appears in Chapter~\ref{ch:three_generations}"
P2_Z6,generation.*3|three.*generation,/Users/igor/ClaudeAI/EDC_Project/elastic-diffusive-cosmology_repo/edc_book_2/src/sections/ch7_attempt3_cp_phase.tex,117,"for the generation count, naturally provides complex phases $\omega = e^{2\pi i/3}$"
P2_Z6,generation.*3|three.*generation,/Users/igor/ClaudeAI/EDC_Project/elastic-diffusive-cosmology_repo/edc_book_2/src/sections/ch7_attempt3_cp_phase.tex,124,"\textbf{Setup:} Quark generations carry $\mathbb{Z}_3$ charges $q_i \in \{0, 1, 2\}$."
P2_Z6,generation.*3|three.*generation,/Users/igor/ClaudeAI/EDC_Project/elastic-diffusive-cosmology_repo/edc_book_2/src/sections/ch7_attempt3_cp_phase.tex,163,"(Chapter~\ref{ch:three_generations}), automatically produces CP violation of"
P2_Z6,subgroup.*counting|counting.*subgroup,/Users/igor/ClaudeAI/EDC_Project/elastic-diffusive-cosmology_repo/edc_book_2/src/CH3_electroweak_parameters.tex,15,$g'^2/g^2 = |\mathbb{Z}_2|/|\mathbb{Z}_6|$ (subgroup counting $\to$ coupling ratio).
P2_Z6,subgroup.*counting|counting.*subgroup,/Users/igor/ClaudeAI/EDC_Project/elastic-diffusive-cosmology_repo/edc_book_2/src/CH3_electroweak_parameters.tex,224,\textbf{Step 2: Coupling ratio from subgroup counting.}
P2_Z6,subgroup.*counting|counting.*subgroup,/Users/igor/ClaudeAI/EDC_Project/elastic-diffusive-cosmology_repo/edc_book_2/src/CH3_electroweak_parameters.tex,243,"title={Physical Motivation: Why Subgroup Counting $\to$ Coupling Ratios}, breakable]"
P2_Z6,subgroup.*counting|counting.*subgroup,/Users/igor/ClaudeAI/EDC_Project/elastic-diffusive-cosmology_repo/edc_book_2/src/CH3_electroweak_parameters.tex,1164,the subgroup counting gives different $\sin^2\theta_W$.
P2_Z6,subgroup.*counting|counting.*subgroup,/Users/igor/ClaudeAI/EDC_Project/elastic-diffusive-cosmology_repo/edc_book_2/src/sections/ch11_gf_sanity_skeleton.tex,40,$\sin^2\theta_W = 1/4$ & $\mathbb{Z}_6$ subgroup counting & \tagDer{} & \textbf{Independent prediction} \\
P2_Z6,subgroup.*counting|counting.*subgroup,/Users/igor/ClaudeAI/EDC_Project/elastic-diffusive-cosmology_repo/edc_book_2/src/sections/11_gf_derivation.tex,112,$\mathbb{Z}_6$ subgroup counting $\Rightarrow \sin^2\theta_W = 1/4$ (bare).
P2_Z6,subgroup.*counting|counting.*subgroup,/Users/igor/ClaudeAI/EDC_Project/elastic-diffusive-cosmology_repo/edc_book_2/src/sections/11_gf_derivation.tex,572,$\sin^2\theta_W = 1/4$ & $\mathbb{Z}_6$ subgroup counting & \tagDer{} & GREEN-A \\
P2_Z6,subgroup.*counting|counting.*subgroup,/Users/igor/ClaudeAI/EDC_Project/elastic-diffusive-cosmology_repo/edc_book_2/src/sections/11_gf_derivation.tex,619,EDC predicts $\sin^2\theta_W = 1/4$ (bare) from $\mathbb{Z}_6$ subgroup counting.
P2_Z6,subgroup.*counting|counting.*subgroup,/Users/igor/ClaudeAI/EDC_Project/elastic-diffusive-cosmology_repo/edc_book_2/src/sections/ch11_gf_full_closure_plan.tex,189,Independent derivation from $\mathbb{Z}_6$ subgroup counting (Ch.~\ref{ch:z6_program}).
P3_frozen,frozen.*regime|regime.*frozen,/Users/igor/ClaudeAI/EDC_Project/elastic-diffusive-cosmology_repo/edc_book_2/src/EDC_Part_II_Weak_Sector_rebuild.tex,368,"2 & Frozen Regime Foundations & Paper 2: $m_p/m_e$, $\alpha$, GL vs Frozen \\"
P3_frozen,frozen.*regime|regime.*frozen,/Users/igor/ClaudeAI/EDC_Project/elastic-diffusive-cosmology_repo/edc_book_2/src/EDC_Part_II_Weak_Sector_rebuild.tex,417,% CHAPTER 2: FROZEN REGIME FOUNDATIONS (from Paper 2)
P3_frozen,frozen.*regime|regime.*frozen,/Users/igor/ClaudeAI/EDC_Project/elastic-diffusive-cosmology_repo/edc_book_2/src/EDC_Part_II_Weak_Sector_rebuild.tex,419,\chapter{Frozen Regime Foundations}
P3_frozen,frozen.*regime|regime.*frozen,/Users/igor/ClaudeAI/EDC_Project/elastic-diffusive-cosmology_repo/edc_book_2/src/EDC_Part_II_Weak_Sector_rebuild.tex,420,\label{ch:frozen_regime}
P3_frozen,frozen.*regime|regime.*frozen,/Users/igor/ClaudeAI/EDC_Project/elastic-diffusive-cosmology_repo/edc_book_2/src/EDC_Part_II_Weak_Sector_rebuild.tex,425,This chapter establishes the ``frozen regime'' foundations that the Z6 Program (Chapter~3) assumes.}
P3_frozen,frozen.*regime|regime.*frozen,/Users/igor/ClaudeAI/EDC_Project/elastic-diffusive-cosmology_repo/edc_book_2/src/EDC_Part_II_Weak_Sector_rebuild.tex,428,\input{sections/02_frozen_regime_foundations}
P3_frozen,frozen.*regime|regime.*frozen,/Users/igor/ClaudeAI/EDC_Project/elastic-diffusive-cosmology_repo/edc_book_2/src/sections/ch11_opr20_attemptH_delta_equals_Rxi.tex,99,length} of the diffusive/frozen membrane regime:
P3_frozen,frozen.*regime|regime.*frozen,/Users/igor/ClaudeAI/EDC_Project/elastic-diffusive-cosmology_repo/edc_book_2/src/sections/ch11_opr20_attemptH_delta_equals_Rxi.tex,103,"In the frozen regime, membrane fluctuations are correlated over a characteristic"
P3_frozen,frozen.*regime|regime.*frozen,/Users/igor/ClaudeAI/EDC_Project/elastic-diffusive-cosmology_repo/edc_book_2/src/sections/09_va_structure.tex,919,"At the observer boundary $\xi = 0$, the EDC ``frozen regime'' imposes constraints"
P3_frozen,frozen.*regime|regime.*frozen,/Users/igor/ClaudeAI/EDC_Project/elastic-diffusive-cosmology_repo/edc_book_2/src/sections/ch11_opr20_attemptH2plus_delta_Rxi_stricter_audit.tex,129,\textbf{Diffusion PDE in Part I:} Exists (frozen membrane regime)
P3_frozen,frozen.*regime|regime.*frozen,/Users/igor/ClaudeAI/EDC_Project/elastic-diffusive-cosmology_repo/edc_book_2/src/sections/ch11_opr20_attemptH2_delta_Rxi_hard_audit.tex,80,It characterizes the spatial scale of diffusion/relaxation in the frozen regime.
P3_frozen,frozen.*regime|regime.*frozen,/Users/igor/ClaudeAI/EDC_Project/elastic-diffusive-cosmology_repo/edc_book_2/src/sections/ch11_opr20_attemptH2_delta_Rxi_hard_audit.tex,149,in the frozen regime. \tagM{}
P3_frozen,frozen.*regime|regime.*frozen,/Users/igor/ClaudeAI/EDC_Project/elastic-diffusive-cosmology_repo/edc_book_2/src/sections/ch11_opr20_attemptH2_delta_Rxi_hard_audit.tex,165,\textbf{Diffusion PDE in Part I:} EXISTS (frozen membrane regime). \tagDc{}
P3_frozen,frozen.*regime|regime.*frozen,/Users/igor/ClaudeAI/EDC_Project/elastic-diffusive-cosmology_repo/edc_book_2/src/sections/ch11_opr20_attemptH2_delta_Rxi_hard_audit.tex,168,in the frozen regime. The diffusion coefficient $D$ and correlation time
P3_frozen,frozen.*regime|regime.*frozen,/Users/igor/ClaudeAI/EDC_Project/elastic-diffusive-cosmology_repo/edc_book_2/src/sections/ch11_opr20_attemptH2_delta_Rxi_hard_audit.tex,213,\item Diffusion PDE in Part~I (frozen regime) \tagDc{}
P3_frozen,frozen.*regime|regime.*frozen,/Users/igor/ClaudeAI/EDC_Project/elastic-diffusive-cosmology_repo/edc_book_2/src/sections/ch11_opr20_attemptH2_delta_Rxi_hard_audit.tex,440,\item[\textbf{FM-H2-5}:] \textbf{Diffusion model absent.} The frozen-regime
P3_frozen,frozen.*regime|regime.*frozen,/Users/igor/ClaudeAI/EDC_Project/elastic-diffusive-cosmology_repo/edc_book_2/src/sections/ch11_opr20_attemptH2_delta_Rxi_hard_audit.tex,472,"\item \textbf{Required input:} Part~I action, frozen-regime limit,"
P3_frozen,frozen.*regime|regime.*frozen,/Users/igor/ClaudeAI/EDC_Project/elastic-diffusive-cosmology_repo/edc_book_2/src/sections/ch11_opr20_attemptE_prefactor8_derivation.tex,110,"of the diffusive/frozen regime. Physically, it characterizes the scale over which"
P3_frozen,frozen.*regime|regime.*frozen,/Users/igor/ClaudeAI/EDC_Project/elastic-diffusive-cosmology_repo/edc_book_2/src/sections/ch4_attempt3B_em_options.tex,21,"\footnote{Term status: $4\pi$ is \tagDc{}; $5/6$ is motivated \tagP{} (derivation pending, see \S\ref{sec:frozen_regime}). Whole expression is \tagDc{} (conditional), not \tagDer{}.}"
P3_frozen,frozen.*regime|regime.*frozen,/Users/igor/ClaudeAI/EDC_Project/elastic-diffusive-cosmology_repo/edc_book_2/src/sections/05_neutron_story.tex,78,"Once the system enters the frozen/output regime, brane-layer modes are projected into \emph{allowed} 3D outputs:"
P3_frozen,frozen.*regime|regime.*frozen,/Users/igor/ClaudeAI/EDC_Project/elastic-diffusive-cosmology_repo/edc_book_2/src/sections/ch20_epistemic_summary_closure_status.tex,290,Frozen regime & $R_\xi \ll \Delta$ condition & Mode spectrum quantization & \tagP{} \\
P3_frozen,frozen.*regime|regime.*frozen,/Users/igor/ClaudeAI/EDC_Project/elastic-diffusive-cosmology_repo/edc_book_2/src/sections/02_frozen_regime_foundations.tex,2,% CHAPTER 2: FROZEN REGIME FOUNDATIONS
P3_frozen,frozen.*regime|regime.*frozen,/Users/igor/ClaudeAI/EDC_Project/elastic-diffusive-cosmology_repo/edc_book_2/src/sections/02_frozen_regime_foundations.tex,21,"\item \textbf{5D cause:} Membrane tension $\sigma$, topological defect structure, frozen vs.\ fluid regimes"
P3_frozen,frozen.*regime|regime.*frozen,/Users/igor/ClaudeAI/EDC_Project/elastic-diffusive-cosmology_repo/edc_book_2/src/sections/02_frozen_regime_foundations.tex,65,\textbf{IF} the Frozen Regime theorems hold (this chapter) \\
P3_frozen,frozen.*regime|regime.*frozen,/Users/igor/ClaudeAI/EDC_Project/elastic-diffusive-cosmology_repo/edc_book_2/src/sections/02_frozen_regime_foundations.tex,290,tension were finite---a ``fluid'' brane regime. The frozen regime ($\sigma \to \infty$)
P3_frozen,frozen.*regime|regime.*frozen,/Users/igor/ClaudeAI/EDC_Project/elastic-diffusive-cosmology_repo/edc_book_2/src/sections/02_frozen_regime_foundations.tex,950,"\item Frozen regime justification (stability, quantization, topology)"
P3_frozen,frozen.*regime|regime.*frozen,/Users/igor/ClaudeAI/EDC_Project/elastic-diffusive-cosmology_repo/edc_book_2/src/sections/02_frozen_regime_foundations.tex,961,\item $\mathbb{Z}_6$ symmetry → derives from hexagonal lattice in frozen regime
P3_frozen,frozen.*regime|regime.*frozen,/Users/igor/ClaudeAI/EDC_Project/elastic-diffusive-cosmology_repo/edc_book_2/src/sections/02_frozen_regime_foundations.tex,993,"This chapter provides the \emph{foundations} (frozen regime, geometric coefficients);"
P3_frozen,\\sigma.*\\to.*\\infty|sigma.*infty,/Users/igor/ClaudeAI/EDC_Project/elastic-diffusive-cosmology_repo/edc_book_2/src/sections/ch12_bvp_workpackage.tex,241,"$f \propto e^{-\xi^2/2\sigma^2}$ normalized on the \emph{full line} $(-\infty, +\infty)$:"
P3_frozen,\\sigma.*\\to.*\\infty|sigma.*infty,/Users/igor/ClaudeAI/EDC_Project/elastic-diffusive-cosmology_repo/edc_book_2/src/sections/ch15_opr01_sigma_anchor_derivation.tex,179,"\sigma &= \int_{-\infty}^{\infty} T_{00}(\xi) \, d\xi"
P3_frozen,\\sigma.*\\to.*\\infty|sigma.*infty,/Users/igor/ClaudeAI/EDC_Project/elastic-diffusive-cosmology_repo/edc_book_2/src/sections/02_frozen_regime_foundations.tex,225,\textbf{5D cause:} High membrane tension $\sigma \to \infty$ forces sharp boundaries.\\
P3_frozen,\\sigma.*\\to.*\\infty|sigma.*infty,/Users/igor/ClaudeAI/EDC_Project/elastic-diffusive-cosmology_repo/edc_book_2/src/sections/02_frozen_regime_foundations.tex,245,"In EDC, particles in the limit of high membrane tension $\sigma \to \infty$ have \emph{sharp} boundaries:"
P3_frozen,\\sigma.*\\to.*\\infty|sigma.*infty,/Users/igor/ClaudeAI/EDC_Project/elastic-diffusive-cosmology_repo/edc_book_2/src/sections/02_frozen_regime_foundations.tex,282,"This is a \tagDc{} result: conditional on high membrane tension ($\sigma \to \infty$),"
P3_frozen,\\sigma.*\\to.*\\infty|sigma.*infty,/Users/igor/ClaudeAI/EDC_Project/elastic-diffusive-cosmology_repo/edc_book_2/src/sections/02_frozen_regime_foundations.tex,290,tension were finite---a ``fluid'' brane regime. The frozen regime ($\sigma \to \infty$)
P3_frozen,\\sigma.*\\to.*\\infty|sigma.*infty,/Users/igor/ClaudeAI/EDC_Project/elastic-diffusive-cosmology_repo/edc_book_2/src/sections/ch14_bvp_closure_pack.tex,703,"\item \textbf{Half-line} $[0, \infty)$: $\sigma_{\text{ess}} = [V_\infty, \infty)$"
P3_frozen,\\sigma.*\\to.*\\infty|sigma.*infty,/Users/igor/ClaudeAI/EDC_Project/elastic-diffusive-cosmology_repo/edc_book_2/src/sections/ch16_opr04_delta_derivation.tex,237,"\sigma = \int_{-\infty}^{\infty} T_{00}(\xi) \, d\xi"
P3_frozen,step.*function|Theta.*r.*a,/Users/igor/ClaudeAI/EDC_Project/elastic-diffusive-cosmology_repo/edc_book_2/src/EDC_Part_II_Weak_Sector_rebuild.tex,754,$\sin^2\theta_W$ (Weinberg angle) & 0.2314 & 0.2312 & \textbf{0.08\%} \\
P3_frozen,step.*function|Theta.*r.*a,/Users/igor/ClaudeAI/EDC_Project/elastic-diffusive-cosmology_repo/edc_book_2/src/Z6_content_full.tex,1323,\boxed{\sin^2\theta_W = \frac{|\mathbb{Z}_2|}{|\mathbb{Z}_2| + |\mathbb{Z}_6|} = \frac{2}{2+6} = \frac{1}{4} = 0.25}
P3_frozen,step.*function|Theta.*r.*a,/Users/igor/ClaudeAI/EDC_Project/elastic-diffusive-cosmology_repo/edc_book_2/src/Z6_content_full.tex,1334,\sin^2\theta_W = \frac{1/3}{1 + 1/3} = \frac{1/3}{4/3} = \frac{1}{4}
P3_frozen,step.*function|Theta.*r.*a,/Users/igor/ClaudeAI/EDC_Project/elastic-diffusive-cosmology_repo/edc_book_2/src/Z6_content_full.tex,1342,$\sin^2\theta_W(M_Z) \approx 0.23$---in excellent agreement with experiment!
P3_frozen,step.*function|Theta.*r.*a,/Users/igor/ClaudeAI/EDC_Project/elastic-diffusive-cosmology_repo/edc_book_2/src/Z6_content_full.tex,1348,\theta_W = \frac{1}{2} \times 60° = 30° = \frac{\pi}{6}
P3_frozen,step.*function|Theta.*r.*a,/Users/igor/ClaudeAI/EDC_Project/elastic-diffusive-cosmology_repo/edc_book_2/src/Z6_content_full.tex,1715,using $\sum_k \cos^2(\theta_k) = 3/2$ for equally spaced angles.
P3_frozen,step.*function|Theta.*r.*a,/Users/igor/ClaudeAI/EDC_Project/elastic-diffusive-cosmology_repo/edc_book_2/src/Z6_content_full.tex,1925,$\sin^2\theta_W = 1/4$ & \tagDc{} & Theorem \ref{thm:weinberg_angle} (8\% from exp) \\
P3_frozen,step.*function|Theta.*r.*a,/Users/igor/ClaudeAI/EDC_Project/elastic-diffusive-cosmology_repo/edc_book_2/src/CH3_electroweak_parameters.tex,18,\textbf{THEN (Consequence) \tagDc{}:} $\sin^2\theta_W = 1/4$ follows algebraically
P3_frozen,step.*function|Theta.*r.*a,/Users/igor/ClaudeAI/EDC_Project/elastic-diffusive-cosmology_repo/edc_book_2/src/CH3_electroweak_parameters.tex,73,"gives $\sin^2\theta_W(M_Z) = 0.2314$, matching experiment to 0.08\% \tagBL{}.%"
P3_frozen,step.*function|Theta.*r.*a,/Users/igor/ClaudeAI/EDC_Project/elastic-diffusive-cosmology_repo/edc_book_2/src/CH3_electroweak_parameters.tex,77,"Once $\sin^2\theta_W$ is fixed, the electroweak relations $g^2 = 4\pi\alpha/\sin^2\theta_W$"
P3_frozen,step.*function|Theta.*r.*a,/Users/igor/ClaudeAI/EDC_Project/elastic-diffusive-cosmology_repo/edc_book_2/src/CH3_electroweak_parameters.tex,115,The electroweak \emph{mixing structure} follows from one geometric input: $\sin^2\theta_W = 1/4$ from $\mathbb{Z}_6 = \mathbb{Z}_2 \times \mathbb{Z}_3$.
P3_frozen,step.*function|Theta.*r.*a,/Users/igor/ClaudeAI/EDC_Project/elastic-diffusive-cosmology_repo/edc_book_2/src/CH3_electroweak_parameters.tex,176,\item $\sin^2\theta_W(M_Z) = 0.2314$ (from Theorem~\ref{thm:ch3_sin2_running}) \tagDc{}
P3_frozen,step.*function|Theta.*r.*a,/Users/igor/ClaudeAI/EDC_Project/elastic-diffusive-cosmology_repo/edc_book_2/src/CH3_electroweak_parameters.tex,209,\boxed{\sin^2\theta_W = \frac{|\mathbb{Z}_2|}{|\mathbb{Z}_2| + |\mathbb{Z}_6|} = \frac{2}{2+6} = \frac{1}{4} = 0.25}
P3_frozen,step.*function|Theta.*r.*a,/Users/igor/ClaudeAI/EDC_Project/elastic-diffusive-cosmology_repo/edc_book_2/src/CH3_electroweak_parameters.tex,236,\sin^2\theta_W = \frac{g'^2/g^2}{1 + g'^2/g^2} = \frac{1/3}{1 + 1/3} = \frac{1/3}{4/3} = \frac{1}{4}
P3_frozen,step.*function|Theta.*r.*a,/Users/igor/ClaudeAI/EDC_Project/elastic-diffusive-cosmology_repo/edc_book_2/src/CH3_electroweak_parameters.tex,283,\sin^2\theta_W = \frac{1}{4}
P3_frozen,step.*function|Theta.*r.*a,/Users/igor/ClaudeAI/EDC_Project/elastic-diffusive-cosmology_repo/edc_book_2/src/CH3_electroweak_parameters.tex,337,\sin^2\theta_W = \frac{|\mathbb{Z}_2|}{|\mathbb{Z}_2| + |\mathbb{Z}_6|} = \frac{1}{4}
P3_frozen,step.*function|Theta.*r.*a,/Users/igor/ClaudeAI/EDC_Project/elastic-diffusive-cosmology_repo/edc_book_2/src/CH3_electroweak_parameters.tex,376,\item Rotation angle $\theta_W$ clearly marked between bases
P3_frozen,step.*function|Theta.*r.*a,/Users/igor/ClaudeAI/EDC_Project/elastic-diffusive-cosmology_repo/edc_book_2/src/CH3_electroweak_parameters.tex,379,\item Inset: Show $\sin^2\theta_W = 1/4 \Rightarrow \theta_W = 30°$
P3_frozen,step.*function|Theta.*r.*a,/Users/igor/ClaudeAI/EDC_Project/elastic-diffusive-cosmology_repo/edc_book_2/src/CH3_electroweak_parameters.tex,406,\theta_W = \frac{1}{2} \times 60° = 30° \quad \Rightarrow \quad
P3_frozen,step.*function|Theta.*r.*a,/Users/igor/ClaudeAI/EDC_Project/elastic-diffusive-cosmology_repo/edc_book_2/src/CH3_electroweak_parameters.tex,412,from which $\sin^2\theta_W = 1/4$ follows via standard EW relations.
P3_frozen,step.*function|Theta.*r.*a,/Users/igor/ClaudeAI/EDC_Project/elastic-diffusive-cosmology_repo/edc_book_2/src/CH3_electroweak_parameters.tex,420,The value $\sin^2\theta_W = 1/4$ is the ``bare'' value at the $\mathbb{Z}_6$ lattice scale
P3_frozen,step.*function|Theta.*r.*a,/Users/igor/ClaudeAI/EDC_Project/elastic-diffusive-cosmology_repo/edc_book_2/src/CH3_electroweak_parameters.tex,425,\Delta\sin^2\theta_W \approx -0.007 \times \log_{10}\left(\frac{M_Z}{\mu_{\text{lattice}}}\right)
P3_frozen,step.*function|Theta.*r.*a,/Users/igor/ClaudeAI/EDC_Project/elastic-diffusive-cosmology_repo/edc_book_2/src/CH3_electroweak_parameters.tex,595,\sin^2\theta_W(\mu_{\text{lattice}}) = \frac{1}{4} \quad \text{from } \mathbb{Z}_6 \text{ symmetry}
P3_frozen,step.*function|Theta.*r.*a,/Users/igor/ClaudeAI/EDC_Project/elastic-diffusive-cosmology_repo/edc_book_2/src/CH3_electroweak_parameters.tex,738,"from electroweak relations + $\sin^2\theta_W = 1/4$ (Chapter~\ref{ch:z6_program}), not"
P3_frozen,step.*function|Theta.*r.*a,/Users/igor/ClaudeAI/EDC_Project/elastic-diffusive-cosmology_repo/edc_book_2/src/CH3_electroweak_parameters.tex,904,"The geometric derivation $\sin^2\theta_W = 1/4$ from $\mathbb{Z}_6$ symmetry was elegant,"
P3_frozen,step.*function|Theta.*r.*a,/Users/igor/ClaudeAI/EDC_Project/elastic-diffusive-cosmology_repo/edc_book_2/src/CH3_electroweak_parameters.tex,914,The value of $\sin^2\theta_W$ at 200 MeV is different from its value at 91 GeV!
P3_frozen,step.*function|Theta.*r.*a,/Users/igor/ClaudeAI/EDC_Project/elastic-diffusive-cosmology_repo/edc_book_2/src/CH3_electroweak_parameters.tex,980,\sin^2\theta_W(\mu) \approx \sin^2\theta_W(\mu_0) - 0.007 \times \log_{10}\left(\frac{\mu}{\mu_0}\right)
P3_frozen,step.*function|Theta.*r.*a,/Users/igor/ClaudeAI/EDC_Project/elastic-diffusive-cosmology_repo/edc_book_2/src/CH3_electroweak_parameters.tex,987,\sin^2\theta_W(200\text{ MeV}) &= 0.250 \quad \text{(EDC geometric value)} \\
P3_frozen,step.*function|Theta.*r.*a,/Users/igor/ClaudeAI/EDC_Project/elastic-diffusive-cosmology_repo/edc_book_2/src/CH3_electroweak_parameters.tex,1005,"\item \textbf{Unification:} Once $\sin^2\theta_W$ is known, the electroweak"
P3_frozen,step.*function|Theta.*r.*a,/Users/igor/ClaudeAI/EDC_Project/elastic-diffusive-cosmology_repo/edc_book_2/src/CH3_electroweak_parameters.tex,1033,$\sin^2\theta_W$ & $\frac{1}{4}$ + RG & 0.2314 & 0.2312 & \textbf{0.08\%} & \checkmark \\
P3_frozen,step.*function|Theta.*r.*a,/Users/igor/ClaudeAI/EDC_Project/elastic-diffusive-cosmology_repo/edc_book_2/src/CH3_electroweak_parameters.tex,1048,\boxed{\sin^2\theta_W = \frac{1}{4} \quad \text{from } \mathbb{Z}_6 = \mathbb{Z}_2 \times \mathbb{Z}_3 \text{ symmetry}}
P3_frozen,step.*function|Theta.*r.*a,/Users/igor/ClaudeAI/EDC_Project/elastic-diffusive-cosmology_repo/edc_book_2/src/CH3_electroweak_parameters.tex,1091,\item $\sin^2\theta_W = 1/4$ at the lattice scale (from $\mathbb{Z}_6$ identification) \tagI{}
P3_frozen,step.*function|Theta.*r.*a,/Users/igor/ClaudeAI/EDC_Project/elastic-diffusive-cosmology_repo/edc_book_2/src/CH3_electroweak_parameters.tex,1101,\textbf{ALLOWED:} Using $\mathbb{Z}_6 \to \sin^2\theta_W = 1/4$ as a geometric boundary condition.\\
P3_frozen,step.*function|Theta.*r.*a,/Users/igor/ClaudeAI/EDC_Project/elastic-diffusive-cosmology_repo/edc_book_2/src/CH3_electroweak_parameters.tex,1126,\textbf{THEN} $\sin^2\theta_W(M_Z) = 0.2314$ (0.08\% from exp) \tagDc{}
P3_frozen,step.*function|Theta.*r.*a,/Users/igor/ClaudeAI/EDC_Project/elastic-diffusive-cosmology_repo/edc_book_2/src/CH3_electroweak_parameters.tex,1189,\item[\checkmark] \textbf{$\sin^2\theta_W$:} Derived from $\mathbb{Z}_6$ geometry + RG running.
P3_frozen,step.*function|Theta.*r.*a,/Users/igor/ClaudeAI/EDC_Project/elastic-diffusive-cosmology_repo/edc_book_2/src/sections/ch6_pmns_attempt4_menu.tex,10,Attempts~2 and~3 established that (i)~$\theta_{23}$ emerges from $\mathbb{Z}_6$
P3_frozen,step.*function|Theta.*r.*a,/Users/igor/ClaudeAI/EDC_Project/elastic-diffusive-cosmology_repo/edc_book_2/src/sections/ch6_pmns_attempt4_menu.tex,21,U_{\text{PMNS}} = R_{23}(\theta_{23}^0) \cdot R_{13}(\varepsilon) \cdot R_{12}(\theta_{12}^0)
P3_frozen,step.*function|Theta.*r.*a,/Users/igor/ClaudeAI/EDC_Project/elastic-diffusive-cosmology_repo/edc_book_2/src/sections/ch6_pmns_attempt4_menu.tex,24,"where $\theta_{23}^0$ is fixed from $\mathbb{Z}_6$ geometry~\tagDc{}, $\theta_{12}^0$"
P3_frozen,step.*function|Theta.*r.*a,/Users/igor/ClaudeAI/EDC_Project/elastic-diffusive-cosmology_repo/edc_book_2/src/sections/ch6_pmns_attempt4_menu.tex,59,\textbf{sin$^2\theta_{13}$} & \textbf{$[Cal]$} & \textbf{Overall} \\
P3_frozen,step.*function|Theta.*r.*a,/Users/igor/ClaudeAI/EDC_Project/elastic-diffusive-cosmology_repo/edc_book_2/src/sections/ch6_pmns_attempt4_menu.tex,88,\theta_{23}^0 &= \arcsin\sqrt{0.564} \approx 48.7° \quad \text{(from geometry [Dc])} \\
P3_frozen,step.*function|Theta.*r.*a,/Users/igor/ClaudeAI/EDC_Project/elastic-diffusive-cosmology_repo/edc_book_2/src/sections/ch6_pmns_attempt4_menu.tex,89,\theta_{12}^0 &= 33.7° \quad \text{(discrete candidate [I])} \\
P3_frozen,step.*function|Theta.*r.*a,/Users/igor/ClaudeAI/EDC_Project/elastic-diffusive-cosmology_repo/edc_book_2/src/sections/ch6_pmns_attempt4_menu.tex,98,$\sin^2\theta_{12}$ & 0.308 & 0.307 & \textcolor{green!60!black}{GREEN} (0.3\%) \\
P3_frozen,step.*function|Theta.*r.*a,/Users/igor/ClaudeAI/EDC_Project/elastic-diffusive-cosmology_repo/edc_book_2/src/sections/ch6_pmns_attempt4_menu.tex,99,$\sin^2\theta_{23}$ & 0.564 & 0.546 & \textcolor{green!60!black}{GREEN} (3\%) \\
P3_frozen,step.*function|Theta.*r.*a,/Users/igor/ClaudeAI/EDC_Project/elastic-diffusive-cosmology_repo/edc_book_2/src/sections/ch6_pmns_attempt4_menu.tex,100,$\sin^2\theta_{13}$ & 0.022 & 0.022 & \textcolor{green!60!black}{GREEN} ($<1$\%) \\
P3_frozen,step.*function|Theta.*r.*a,/Users/igor/ClaudeAI/EDC_Project/elastic-diffusive-cosmology_repo/edc_book_2/src/sections/ch6_pmns_attempt4_menu.tex,110,\item $\theta_{23}^0 = 48.7°$: \textbf{Derived [Dc]} from $\mathbb{Z}_6$ geometry (Attempt~2)
P3_frozen,step.*function|Theta.*r.*a,/Users/igor/ClaudeAI/EDC_Project/elastic-diffusive-cosmology_repo/edc_book_2/src/sections/ch6_pmns_attempt4_menu.tex,115,$\sin^2\theta_{13} = 0.022$. No geometric origin for $\varepsilon \approx \sqrt{0.022}$
P3_frozen,step.*function|Theta.*r.*a,/Users/igor/ClaudeAI/EDC_Project/elastic-diffusive-cosmology_repo/edc_book_2/src/sections/ch6_pmns_attempt4_menu.tex,122,"\item $\theta_{12}$: YELLOW [I] — structure works, value not derived"
P3_frozen,step.*function|Theta.*r.*a,/Users/igor/ClaudeAI/EDC_Project/elastic-diffusive-cosmology_repo/edc_book_2/src/sections/ch6_pmns_attempt4_menu.tex,123,"\item $\theta_{13}$: YELLOW [I/Cal] — controlled by $\varepsilon$, value not derived"
P3_frozen,step.*function|Theta.*r.*a,/Users/igor/ClaudeAI/EDC_Project/elastic-diffusive-cosmology_repo/edc_book_2/src/sections/ch6_pmns_attempt4_menu.tex,131,"($\theta_{23} \approx 45°$, $\theta_{12} \approx 34°$, $\theta_{13} \approx 8.5°$)"
P3_frozen,step.*function|Theta.*r.*a,/Users/igor/ClaudeAI/EDC_Project/elastic-diffusive-cosmology_repo/edc_book_2/src/sections/ch6_pmns_attempt4_menu.tex,134,\item \textbf{$\theta_{23}$ preserved:} The geometric derivation from Attempt~2
P3_frozen,step.*function|Theta.*r.*a,/Users/igor/ClaudeAI/EDC_Project/elastic-diffusive-cosmology_repo/edc_book_2/src/sections/ch6_pmns_attempt4_menu.tex,135,($\sin^2\theta_{23} = 0.564$) survives in the A4-1 construction.
P3_frozen,step.*function|Theta.*r.*a,/Users/igor/ClaudeAI/EDC_Project/elastic-diffusive-cosmology_repo/edc_book_2/src/sections/ch6_pmns_attempt4_menu.tex,137,\item \textbf{$\theta_{12}$ requires input:} No discrete geometric angle naturally
P3_frozen,step.*function|Theta.*r.*a,/Users/igor/ClaudeAI/EDC_Project/elastic-diffusive-cosmology_repo/edc_book_2/src/sections/ch6_pmns_attempt4_menu.tex,138,produces $\theta_{12} \approx 33.7°$. The value $54.7°$ (tribimaximal magic angle)
P3_frozen,step.*function|Theta.*r.*a,/Users/igor/ClaudeAI/EDC_Project/elastic-diffusive-cosmology_repo/edc_book_2/src/sections/ch6_pmns_attempt4_menu.tex,141,\item \textbf{$\theta_{13}$ controllable:} The reactor angle is set by $\varepsilon$;
P3_frozen,step.*function|Theta.*r.*a,/Users/igor/ClaudeAI/EDC_Project/elastic-diffusive-cosmology_repo/edc_book_2/src/sections/ch6_pmns_attempt4_menu.tex,145,"\item \textbf{Double-path fails:} A4-2 breaks $\theta_{23}$, producing values near"
P3_frozen,step.*function|Theta.*r.*a,/Users/igor/ClaudeAI/EDC_Project/elastic-diffusive-cosmology_repo/edc_book_2/src/sections/ch6_pmns_attempt4_menu.tex,146,maximal ($\sin^2\theta_{23} \approx 0.96$) regardless of parameters.
P3_frozen,step.*function|Theta.*r.*a,/Users/igor/ClaudeAI/EDC_Project/elastic-diffusive-cosmology_repo/edc_book_2/src/sections/ch6_pmns_attempt4_menu.tex,163,Largest angle & $\theta_{12}^q \approx 13°$ & $\theta_{23}^\ell \approx 45°$ \\
P3_frozen,step.*function|Theta.*r.*a,/Users/igor/ClaudeAI/EDC_Project/elastic-diffusive-cosmology_repo/edc_book_2/src/sections/ch6_pmns_attempt4_menu.tex,164,Smallest angle & $\theta_{13}^q \approx 0.2°$ & $\theta_{13}^\ell \approx 8.5°$ \\
P3_frozen,step.*function|Theta.*r.*a,/Users/igor/ClaudeAI/EDC_Project/elastic-diffusive-cosmology_repo/edc_book_2/src/sections/ch6_pmns_attempt4_menu.tex,181,The construction $U = R_{23}(\theta_{23}^0) \cdot R_{13}(\varepsilon) \cdot R_{12}(\theta_{12}^0)$
P3_frozen,step.*function|Theta.*r.*a,/Users/igor/ClaudeAI/EDC_Project/elastic-diffusive-cosmology_repo/edc_book_2/src/sections/ch6_pmns_attempt4_menu.tex,182,"with $\theta_{23}^0$ from geometry and appropriate $(\theta_{12}^0, \varepsilon)$"
P3_frozen,step.*function|Theta.*r.*a,/Users/igor/ClaudeAI/EDC_Project/elastic-diffusive-cosmology_repo/edc_book_2/src/sections/ch6_pmns_attempt4_menu.tex,187,\item $\theta_{23}$: derived from $\mathbb{Z}_6$ geometry [Dc]
P3_frozen,step.*function|Theta.*r.*a,/Users/igor/ClaudeAI/EDC_Project/elastic-diffusive-cosmology_repo/edc_book_2/src/sections/ch6_pmns_attempt4_menu.tex,199,"$\theta_{12}$, $\theta_{13}$ structure identified but values require derivation."
P3_frozen,step.*function|Theta.*r.*a,/Users/igor/ClaudeAI/EDC_Project/elastic-diffusive-cosmology_repo/edc_book_2/src/sections/ch6_pmns_attempt4_1_derive_epsilon.tex,11,"construction $U = R_{23}(\theta_{23}^0) \cdot R_{13}(\varepsilon) \cdot R_{12}(\theta_{12}^0)$,"
P3_frozen,step.*function|Theta.*r.*a,/Users/igor/ClaudeAI/EDC_Project/elastic-diffusive-cosmology_repo/edc_book_2/src/sections/ch6_pmns_attempt4_1_derive_epsilon.tex,71,\paragraph{\texorpdfstring{Full PMNS with discrete $\theta_{12}$ (no smuggling).}{Full PMNS with discrete theta-12 (no smuggling).}}
P3_frozen,step.*function|Theta.*r.*a,/Users/igor/ClaudeAI/EDC_Project/elastic-diffusive-cosmology_repo/edc_book_2/src/sections/ch6_pmns_attempt4_1_derive_epsilon.tex,91,"\textbf{Key finding:} With $\theta_{12}^0 = 35°$ (a discrete candidate, not PDG-smuggling)"
P3_frozen,step.*function|Theta.*r.*a,/Users/igor/ClaudeAI/EDC_Project/elastic-diffusive-cosmology_repo/edc_book_2/src/sections/ch6_pmns_attempt4_1_derive_epsilon.tex,120,"\item Predicts $\sin^2\theta_{13} = 0.025$ (15\% from PDG)---not exact, but right scale"
P3_frozen,step.*function|Theta.*r.*a,/Users/igor/ClaudeAI/EDC_Project/elastic-diffusive-cosmology_repo/edc_book_2/src/sections/ch6_pmns_attempt4_1_derive_epsilon.tex,121,"\item With discrete $\theta_{12}^0 = 35°$, achieves GREEN for all three angles"
P3_frozen,step.*function|Theta.*r.*a,/Users/igor/ClaudeAI/EDC_Project/elastic-diffusive-cosmology_repo/edc_book_2/src/sections/ch6_pmns_attempt4_1_derive_epsilon.tex,126,\item $\theta_{23}$: derived from $\mathbb{Z}_6$ geometry \tagDc{}
P3_frozen,step.*function|Theta.*r.*a,/Users/igor/ClaudeAI/EDC_Project/elastic-diffusive-cosmology_repo/edc_book_2/src/sections/ch6_pmns_attempt4_1_derive_epsilon.tex,132,\item $\theta_{12}^0$: best discrete candidate is $35°$; exact value $33.7°$ is \tagI{}
P3_frozen,step.*function|Theta.*r.*a,/Users/igor/ClaudeAI/EDC_Project/elastic-diffusive-cosmology_repo/edc_book_2/src/sections/ch6_pmns_attempt4_1_derive_epsilon.tex,145,"With discrete $\theta_{12}^0 = 35°$, all three PMNS angles match PDG within 15\%."
P3_frozen,step.*function|Theta.*r.*a,/Users/igor/ClaudeAI/EDC_Project/elastic-diffusive-cosmology_repo/edc_book_2/src/sections/ch6_pmns_attempt4_1_derive_epsilon.tex,149,\item $\theta_{23}$: GREEN \tagDc{}
P3_frozen,step.*function|Theta.*r.*a,/Users/igor/ClaudeAI/EDC_Project/elastic-diffusive-cosmology_repo/edc_book_2/src/sections/ch6_pmns_attempt4_1_derive_epsilon.tex,150,"\item $\theta_{13}$: YELLOW [BL$\to$Dc] --- $\varepsilon = \lambda/\sqrt{2}$, 15\% error"
P3_frozen,step.*function|Theta.*r.*a,/Users/igor/ClaudeAI/EDC_Project/elastic-diffusive-cosmology_repo/edc_book_2/src/sections/ch6_pmns_attempt4_1_derive_epsilon.tex,160,$\mathbb{Z}_6$ $\theta_{23}$ gives a near-complete asymmetric PMNS pattern
P3_frozen,step.*function|Theta.*r.*a,/Users/igor/ClaudeAI/EDC_Project/elastic-diffusive-cosmology_repo/edc_book_2/src/sections/ch6_pmns_attempt4_1_derive_epsilon.tex,161,"($\theta_{23}$ GREEN, $\theta_{13}$ YELLOW, $\theta_{12}$ identified).}}"
P3_frozen,step.*function|Theta.*r.*a,/Users/igor/ClaudeAI/EDC_Project/elastic-diffusive-cosmology_repo/edc_book_2/src/sections/ch6_pmns_attempt4_1_derive_epsilon.tex,164,\noindent\emph{PMNS: $\theta_{23}$ closed; $\theta_{13}$ partially closed by $\varepsilon=\lambda/\sqrt{2}$ (no tuning); $\theta_{12}$ still identified---not derived (OPR-13a/b/c).}
P3_frozen,step.*function|Theta.*r.*a,/Users/igor/ClaudeAI/EDC_Project/elastic-diffusive-cosmology_repo/edc_book_2/src/sections/ch7_attempt4_cp_refinement.tex,249,\item PMNS Attempt~4.2: $\theta_{12} = \arctan(1/\sqrt{2}) = 35.26°$ gives solar angle
P3_frozen,step.*function|Theta.*r.*a,/Users/igor/ClaudeAI/EDC_Project/elastic-diffusive-cosmology_repo/edc_book_2/src/meta_part2/03_research_timeline.tex,19,Chapter 3 ($\sin^2\theta_W$) derivation completed; RG running added%
P3_frozen,step.*function|Theta.*r.*a,/Users/igor/ClaudeAI/EDC_Project/elastic-diffusive-cosmology_repo/edc_book_2/src/sections/12_epistemic_map.tex,39,$\theta_{13}$ \textbf{YELLOW [BL$\to$Dc]} via $\varepsilon=\lambda/\sqrt{2}$ (15\% off);
P3_frozen,step.*function|Theta.*r.*a,/Users/igor/ClaudeAI/EDC_Project/elastic-diffusive-cosmology_repo/edc_book_2/src/sections/12_epistemic_map.tex,40,$\theta_{12}$ \textbf{YELLOW [Dc]} via $\arctan(1/\sqrt{2})$ (8.6\% off).
P3_frozen,step.*function|Theta.*r.*a,/Users/igor/ClaudeAI/EDC_Project/elastic-diffusive-cosmology_repo/edc_book_2/src/sections/12_epistemic_map.tex,323,"Neutrino mixing ($\theta_{12}$, $\theta_{13}$) & Structure identified (Attempt~4); geometric origin of $\theta_{12}^0$, $\varepsilon$ needed \\"
P3_frozen,step.*function|Theta.*r.*a,/Users/igor/ClaudeAI/EDC_Project/elastic-diffusive-cosmology_repo/edc_book_2/src/sections/12_epistemic_map.tex,423,OPR-05a & PMNS $\theta_{23}$ & \textcolor{OliveGreen}{\textbf{GREEN}} [Dc] & Closed: $\sin^2\theta_{23} = 0.564$ (3\%) \\
P3_frozen,step.*function|Theta.*r.*a,/Users/igor/ClaudeAI/EDC_Project/elastic-diffusive-cosmology_repo/edc_book_2/src/sections/12_epistemic_map.tex,424,"OPR-05b & PMNS $\theta_{13}$/$\varepsilon$ & \textcolor{YellowOrange}{\textbf{YELLOW}} [BL$\to$Dc] & $\varepsilon = \lambda/\sqrt{2}$, 15\% from PDG \\"
P3_frozen,step.*function|Theta.*r.*a,/Users/igor/ClaudeAI/EDC_Project/elastic-diffusive-cosmology_repo/edc_book_2/src/sections/12_epistemic_map.tex,425,OPR-05c & PMNS $\theta_{12}$ & \textcolor{YellowOrange}{\textbf{YELLOW}} [Dc] & $\arctan(1/\sqrt{2}) = 35.26°$ (8.6\% off) \\
P3_frozen,step.*function|Theta.*r.*a,/Users/igor/ClaudeAI/EDC_Project/elastic-diffusive-cosmology_repo/edc_book_2/src/sections/12_epistemic_map.tex,447,\item \textcolor{OliveGreen}{\textbf{Closed:}} DFT baseline falsified; $\theta_{23} \approx 45°$ derived from $\mathbb{Z}_6$ geometry (3\% accuracy) \tagDc{}
P3_frozen,step.*function|Theta.*r.*a,/Users/igor/ClaudeAI/EDC_Project/elastic-diffusive-cosmology_repo/edc_book_2/src/sections/12_epistemic_map.tex,448,\item \textcolor{YellowOrange}{\textbf{Partial:}} $\varepsilon = \lambda/\sqrt{2}$ (Attempt~4.1) predicts reactor scale (15\%); $\theta_{12} = \arctan(1/\sqrt{2})$ (Attempt~4.2) provides geometric
P3_frozen,step.*function|Theta.*r.*a,/Users/igor/ClaudeAI/EDC_Project/elastic-diffusive-cosmology_repo/edc_book_2/src/sections/12_epistemic_map.tex,495,\item \emph{Result (Attempt~2):} $\theta_{23}$ GREEN (3\%) from $\mathbb{Z}_6$ geometry \tagDc{}
P3_frozen,step.*function|Theta.*r.*a,/Users/igor/ClaudeAI/EDC_Project/elastic-diffusive-cosmology_repo/edc_book_2/src/sections/12_epistemic_map.tex,499,\item \emph{Result (Attempt~4.2):} $\theta_{12} = \arctan(1/\sqrt{2}) = 35.26°$ provides geometric origin ($8.6\%$ from PDG) \tagDc{}---unified $\sqrt{2}$ factor with $\varepsilon$
P3_frozen,step.*function|Theta.*r.*a,/Users/igor/ClaudeAI/EDC_Project/elastic-diffusive-cosmology_repo/edc_book_2/src/sections/12_epistemic_map.tex,504,"\textbf{PMNS closure:} OPR-05a GREEN ($\theta_{23}$ from $\mathbb{Z}_6$, 3\%), OPR-05b YELLOW ($\varepsilon = \lambda/\sqrt{2} \to \theta_{13}$, 15\%), OPR-05c YELLOW ($\theta_{12} = \arctan(1/\sqrt{2"
P3_frozen,step.*function|Theta.*r.*a,/Users/igor/ClaudeAI/EDC_Project/elastic-diffusive-cosmology_repo/edc_book_2/src/sections/12_epistemic_map.tex,527,\noindent\emph{G$_F$ chain:} OPR-19/20/22 now have derivation spines [Dc]. Value closure attempt (\S\ref{sec:ch11_value_closure_attempt}) identified G1 as promising coupling formula; $\ell$ requires e
P3_frozen,step.*function|Theta.*r.*a,/Users/igor/ClaudeAI/EDC_Project/elastic-diffusive-cosmology_repo/edc_book_2/src/sections/ch10_electroweak_bridge.tex,464,\item Ch.~3 (Electroweak Parameters): $\sin^2\theta_W = 1/4$ from $\mathbb{Z}_6$ \tagI{}
P3_frozen,step.*function|Theta.*r.*a,/Users/igor/ClaudeAI/EDC_Project/elastic-diffusive-cosmology_repo/edc_book_2/src/sections/ch20_epistemic_summary_closure_status.tex,287,$\mathbb{Z}_6$ symmetry & Hexagonal brane geometry & $\sin^2\theta_W = 1/4$ derivation in Ch3 & \tagI{} \\
P3_frozen,step.*function|Theta.*r.*a,/Users/igor/ClaudeAI/EDC_Project/elastic-diffusive-cosmology_repo/edc_book_2/src/sections/ch20_epistemic_summary_closure_status.tex,456,"\item \textbf{OPR-13}: PMNS angles ($\theta_{23}$ derived, $\theta_{12}/\theta_{13}$ identified)"
P3_frozen,step.*function|Theta.*r.*a,/Users/igor/ClaudeAI/EDC_Project/elastic-diffusive-cosmology_repo/edc_book_2/src/sections/ch20_epistemic_summary_closure_status.tex,496,$\sin^2\theta_W = 1/4$ from $\mathbb{Z}_6$ counting [Der] &
P3_frozen,step.*function|Theta.*r.*a,/Users/igor/ClaudeAI/EDC_Project/elastic-diffusive-cosmology_repo/edc_book_2/src/sections/ch20_epistemic_summary_closure_status.tex,541,\texttt{repro/scripts/repro\_sin2\_z6\_verify.py} & $\sin^2\theta_W = 1/4$ from $\mathbb{Z}_6$ \\
P3_frozen,step.*function|Theta.*r.*a,/Users/igor/ClaudeAI/EDC_Project/elastic-diffusive-cosmology_repo/edc_book_2/src/sections/05_three_generations.tex,168,$\theta$ (angular) and $\xi$ (radial/depth) coordinates. The toy model
P3_frozen,step.*function|Theta.*r.*a,/Users/igor/ClaudeAI/EDC_Project/elastic-diffusive-cosmology_repo/edc_book_2/src/sections/ch6_pmns_attempt1.tex,70,\sin^2\theta_{12} &= \frac{|U_{e2}|^2}{1 - |U_{e3}|^2} \\
P3_frozen,step.*function|Theta.*r.*a,/Users/igor/ClaudeAI/EDC_Project/elastic-diffusive-cosmology_repo/edc_book_2/src/sections/ch6_pmns_attempt1.tex,71,\sin^2\theta_{23} &= \frac{|U_{\mu3}|^2}{1 - |U_{e3}|^2}
P3_frozen,step.*function|Theta.*r.*a,/Users/igor/ClaudeAI/EDC_Project/elastic-diffusive-cosmology_repo/edc_book_2/src/sections/ch6_pmns_attempt1.tex,76,\sin^2\theta_{13}^{\text{DFT}} &= \frac{1}{3} \approx 0.333
P3_frozen,step.*function|Theta.*r.*a,/Users/igor/ClaudeAI/EDC_Project/elastic-diffusive-cosmology_repo/edc_book_2/src/sections/ch6_pmns_attempt1.tex,78,\sin^2\theta_{12}^{\text{DFT}} &= \frac{1/3}{1 - 1/3} = \frac{1}{2} = 0.5
P3_frozen,step.*function|Theta.*r.*a,/Users/igor/ClaudeAI/EDC_Project/elastic-diffusive-cosmology_repo/edc_book_2/src/sections/ch6_pmns_attempt1.tex,80,\sin^2\theta_{23}^{\text{DFT}} &= \frac{1/3}{1 - 1/3} = \frac{1}{2} = 0.5
P3_frozen,step.*function|Theta.*r.*a,/Users/igor/ClaudeAI/EDC_Project/elastic-diffusive-cosmology_repo/edc_book_2/src/sections/ch6_pmns_attempt1.tex,96,$\sin^2\theta_{13}$ & 0.333 & $0.0220 \pm 0.0007$ & $\times 15$ & \textcolor{red}{\textbf{FALSIFIED}} \\
P3_frozen,step.*function|Theta.*r.*a,/Users/igor/ClaudeAI/EDC_Project/elastic-diffusive-cosmology_repo/edc_book_2/src/sections/ch6_pmns_attempt1.tex,97,$\sin^2\theta_{12}$ & 0.500 & $0.307 \pm 0.013$ & $\times 1.6$ & \textcolor{orange}{\textbf{OFF}} \\
P3_frozen,step.*function|Theta.*r.*a,/Users/igor/ClaudeAI/EDC_Project/elastic-diffusive-cosmology_repo/edc_book_2/src/sections/ch6_pmns_attempt1.tex,98,$\sin^2\theta_{23}$ & 0.500 & $0.546 \pm 0.021$ & $\times 0.9$ & \textcolor{green!50!black}{\textbf{OK}} \\
P3_frozen,step.*function|Theta.*r.*a,/Users/igor/ClaudeAI/EDC_Project/elastic-diffusive-cosmology_repo/edc_book_2/src/sections/ch6_pmns_attempt1.tex,106,"$\sin^2\theta_{13} = 1/3$, which is \textbf{15 times larger} than the observed"
P3_frozen,step.*function|Theta.*r.*a,/Users/igor/ClaudeAI/EDC_Project/elastic-diffusive-cosmology_repo/edc_book_2/src/sections/ch6_pmns_attempt1.tex,109,\textbf{Conclusion:} The observed small $\theta_{13}$ \emph{requires breaking
P3_frozen,step.*function|Theta.*r.*a,/Users/igor/ClaudeAI/EDC_Project/elastic-diffusive-cosmology_repo/edc_book_2/src/sections/ch6_pmns_attempt1.tex,198,"$\theta_{12}, \theta_{23}$ from geometry & RED & (open) & Requires breaking model \\"
P3_frozen,step.*function|Theta.*r.*a,/Users/igor/ClaudeAI/EDC_Project/elastic-diffusive-cosmology_repo/edc_book_2/src/sections/ch6_pmns_attempt1.tex,209,\item We know it fails for $\theta_{13}$ by a factor of 15 \tagDc{}
P3_frozen,step.*function|Theta.*r.*a,/Users/igor/ClaudeAI/EDC_Project/elastic-diffusive-cosmology_repo/edc_book_2/src/sections/11_gf_pathway.tex,34,once $\sin^2\theta_W = 1/4$ is derived from $\mathbb{Z}_6$ geometry. See
P3_frozen,step.*function|Theta.*r.*a,/Users/igor/ClaudeAI/EDC_Project/elastic-diffusive-cosmology_repo/edc_book_2/src/sections/07_ckm_cp.tex,208,"($\theta_{12} \approx 33°$, $\theta_{23} \approx 45°$)."
P3_frozen,step.*function|Theta.*r.*a,/Users/igor/ClaudeAI/EDC_Project/elastic-diffusive-cosmology_repo/edc_book_2/src/sections/07_ckm_cp.tex,389,PMNS (neutrinos) & $\theta_{13}$: $\times 15$ & $\varepsilon \sim 0.26$ & $\sim 25\%$ & \tagI{} \\
P3_frozen,step.*function|Theta.*r.*a,/Users/igor/ClaudeAI/EDC_Project/elastic-diffusive-cosmology_repo/edc_book_2/src/sections/07_ckm_cp.tex,653,"This explains why PMNS has large angles ($\theta_{23} \approx 45°$, $\theta_{12} \approx 33°$)"
P3_frozen,step.*function|Theta.*r.*a,/Users/igor/ClaudeAI/EDC_Project/elastic-diffusive-cosmology_repo/edc_book_2/src/sections/07_ckm_cp.tex,654,"while CKM is nearly diagonal ($\theta_C \approx 13°$, $\theta_{23} \approx 2°$)."
P3_frozen,step.*function|Theta.*r.*a,/Users/igor/ClaudeAI/EDC_Project/elastic-diffusive-cosmology_repo/edc_book_2/src/sections/07_ckm_cp.tex,771,\item $\sin\theta_{12} \approx |V_{us}| \approx 0.225$ \tagCal{}
P3_frozen,step.*function|Theta.*r.*a,/Users/igor/ClaudeAI/EDC_Project/elastic-diffusive-cosmology_repo/edc_book_2/src/sections/07_ckm_cp.tex,772,\item $\sin\theta_{23} \approx |V_{cb}| \approx 0.042$ \tagCal{}
P3_frozen,step.*function|Theta.*r.*a,/Users/igor/ClaudeAI/EDC_Project/elastic-diffusive-cosmology_repo/edc_book_2/src/sections/07_ckm_cp.tex,773,\item $\sin\theta_{13} \approx |V_{ub}|$ --- this is the prediction target
P3_frozen,step.*function|Theta.*r.*a,/Users/igor/ClaudeAI/EDC_Project/elastic-diffusive-cosmology_repo/edc_book_2/src/sections/07_ckm_cp.tex,777,"$\sin\theta_{13} = \exp(-(d_{12}+d_{23}))$ is \emph{approximate}, requiring"
P3_frozen,step.*function|Theta.*r.*a,/Users/igor/ClaudeAI/EDC_Project/elastic-diffusive-cosmology_repo/edc_book_2/src/sections/07_ckm_cp.tex,787,\sin\theta_{12}^{\text{PMNS}} &\approx 0.55 \quad\Rightarrow\quad
P3_frozen,step.*function|Theta.*r.*a,/Users/igor/ClaudeAI/EDC_Project/elastic-diffusive-cosmology_repo/edc_book_2/src/sections/ch11_g5_value_closure_attempt3_derive_4pi.tex,317,SM ($4\pi\alpha/\sin^2\theta_W$) & 0.397 & --- & Input for comparison \\
P3_frozen,step.*function|Theta.*r.*a,/Users/igor/ClaudeAI/EDC_Project/elastic-diffusive-cosmology_repo/edc_book_2/src/sections/02_frozen_regime_foundations.tex,22,"\item \textbf{Brane process:} Step-function profiles, energy minimization, isoperimetric/Steiner constraints"
P3_frozen,step.*function|Theta.*r.*a,/Users/igor/ClaudeAI/EDC_Project/elastic-diffusive-cosmology_repo/edc_book_2/src/sections/02_frozen_regime_foundations.tex,34,while frozen step-function profiles \emph{succeed} (0\% error) for geometric coefficients.
P3_frozen,step.*function|Theta.*r.*a,/Users/igor/ClaudeAI/EDC_Project/elastic-diffusive-cosmology_repo/edc_book_2/src/sections/02_frozen_regime_foundations.tex,59,\item \textbf{Topological argument:} Step functions are topologically protected from
P3_frozen,step.*function|Theta.*r.*a,/Users/igor/ClaudeAI/EDC_Project/elastic-diffusive-cosmology_repo/edc_book_2/src/sections/02_frozen_regime_foundations.tex,208,Ice (solid) & Frozen configuration & Step-function profile \\
P3_frozen,step.*function|Theta.*r.*a,/Users/igor/ClaudeAI/EDC_Project/elastic-diffusive-cosmology_repo/edc_book_2/src/sections/02_frozen_regime_foundations.tex,226,\textbf{Brane process:} Step-function profile $\Theta(r-a)$ vs.\ smooth $\tanh(r/\xi_{\mathrm{GL}})$.\\
P3_frozen,step.*function|Theta.*r.*a,/Users/igor/ClaudeAI/EDC_Project/elastic-diffusive-cosmology_repo/edc_book_2/src/sections/02_frozen_regime_foundations.tex,251,= \Theta(r - a)
P3_frozen,step.*function|Theta.*r.*a,/Users/igor/ClaudeAI/EDC_Project/elastic-diffusive-cosmology_repo/edc_book_2/src/sections/02_frozen_regime_foundations.tex,254,where $\Theta$ is the Heaviside step function and $a$ is the particle radius.
P3_frozen,step.*function|Theta.*r.*a,/Users/igor/ClaudeAI/EDC_Project/elastic-diffusive-cosmology_repo/edc_book_2/src/sections/02_frozen_regime_foundations.tex,268,Frozen & $\Theta(r-a)$ & $4\pi/3$ & 0.00\% \\
P3_frozen,step.*function|Theta.*r.*a,/Users/igor/ClaudeAI/EDC_Project/elastic-diffusive-cosmology_repo/edc_book_2/src/sections/02_frozen_regime_foundations.tex,283,"the step-function profile is forced, and geometric coefficients become parameter-free."
P3_frozen,step.*function|Theta.*r.*a,/Users/igor/ClaudeAI/EDC_Project/elastic-diffusive-cosmology_repo/edc_book_2/src/sections/02_frozen_regime_foundations.tex,323,The step function $\Theta(r-a)$ is topologically protected---it cannot be continuously
P3_frozen,step.*function|Theta.*r.*a,/Users/igor/ClaudeAI/EDC_Project/elastic-diffusive-cosmology_repo/edc_book_2/src/sections/02_frozen_regime_foundations.tex,376,Ice vs.\ water & $\Theta(r-a)$ vs.\ $\tanh$ & Sharp vs.\ smooth profile \\
P3_frozen,step.*function|Theta.*r.*a,/Users/igor/ClaudeAI/EDC_Project/elastic-diffusive-cosmology_repo/edc_book_2/src/sections/02_frozen_regime_foundations.tex,420,"For a step-function profile, this integral equals the volume of the sphere."
P3_frozen,step.*function|Theta.*r.*a,/Users/igor/ClaudeAI/EDC_Project/elastic-diffusive-cosmology_repo/edc_book_2/src/sections/02_frozen_regime_foundations.tex,471,For a sphere of radius $a$ with step-function profile $\phi(r) = \phi_0 \cdot \Theta(r-a)$:
P3_frozen,step.*function|Theta.*r.*a,/Users/igor/ClaudeAI/EDC_Project/elastic-diffusive-cosmology_repo/edc_book_2/src/sections/02_frozen_regime_foundations.tex,473,"V_{\text{excl}} &= \int_0^a \int_0^\pi \int_0^{2\pi} \left(1 - 0\right) \cdot r^2 \sin\theta \, dr\, d\theta\, d\phi \\"
P3_frozen,step.*function|Theta.*r.*a,/Users/igor/ClaudeAI/EDC_Project/elastic-diffusive-cosmology_repo/edc_book_2/src/sections/02_frozen_regime_foundations.tex,524,We verify the derivation by comparing GL (fluid) and frozen (step-function) models numerically.
P3_frozen,step.*function|Theta.*r.*a,/Users/igor/ClaudeAI/EDC_Project/elastic-diffusive-cosmology_repo/edc_book_2/src/sections/02_frozen_regime_foundations.tex,931,The numerical comparison shows that the frozen (step-function) profile yields the
P3_frozen,step.*function|Theta.*r.*a,/Users/igor/ClaudeAI/EDC_Project/elastic-diffusive-cosmology_repo/edc_book_2/src/sections/ch11_opr20_attemptH2_delta_Rxi_hard_audit.tex,155,\textbf{Step A3:} Extract $\delta_{\text{BL}}$ as a function of diffusion
P3_frozen,step.*function|Theta.*r.*a,/Users/igor/ClaudeAI/EDC_Project/elastic-diffusive-cosmology_repo/edc_book_2/src/sections/ch11_gf_full_closure_plan.tex,149,\item $\sin^2\theta_W = 1/4$ (EDC-derived from $\mathbb{Z}_6$ counting)
P3_frozen,step.*function|Theta.*r.*a,/Users/igor/ClaudeAI/EDC_Project/elastic-diffusive-cosmology_repo/edc_book_2/src/sections/ch6_pmns_attempt4_2_theta12_origin.tex,7,\subsection{Attempt 4.2: \texorpdfstring{$\theta_{12}$}{theta12} Origin Micro-Attempt}
P3_frozen,step.*function|Theta.*r.*a,/Users/igor/ClaudeAI/EDC_Project/elastic-diffusive-cosmology_repo/edc_book_2/src/sections/ch6_pmns_attempt4_2_theta12_origin.tex,20,\item $\theta_{12}$ is \textbf{predicted} from geometry (T1) or $\lambda$ (T2)
P3_frozen,step.*function|Theta.*r.*a,/Users/igor/ClaudeAI/EDC_Project/elastic-diffusive-cosmology_repo/edc_book_2/src/sections/ch6_pmns_attempt4_2_theta12_origin.tex,21,\item PDG sin$^2\theta_{12} = 0.307$ is used ONLY for \emph{evaluation} AFTER prediction
P3_frozen,step.*function|Theta.*r.*a,/Users/igor/ClaudeAI/EDC_Project/elastic-diffusive-cosmology_repo/edc_book_2/src/sections/ch6_pmns_attempt4_2_theta12_origin.tex,30,\paragraph{\texorpdfstring{T1: $\theta_{12} = \arctan(1/\sqrt{2})$.}{T1: theta-12 = arctan(1/sqrt(2)).}}
P3_frozen,step.*function|Theta.*r.*a,/Users/igor/ClaudeAI/EDC_Project/elastic-diffusive-cosmology_repo/edc_book_2/src/sections/ch6_pmns_attempt4_2_theta12_origin.tex,35,\theta_{12}^{(T1)} = \arctan\left(\frac{1}{\sqrt{2}}\right) \approx 35.264°
P3_frozen,step.*function|Theta.*r.*a,/Users/igor/ClaudeAI/EDC_Project/elastic-diffusive-cosmology_repo/edc_book_2/src/sections/ch6_pmns_attempt4_2_theta12_origin.tex,36,\quad\Rightarrow\quad \sin^2\theta_{12} = \frac{1}{3} \approx 0.333
P3_frozen,step.*function|Theta.*r.*a,/Users/igor/ClaudeAI/EDC_Project/elastic-diffusive-cosmology_repo/edc_book_2/src/sections/ch6_pmns_attempt4_2_theta12_origin.tex,41,\paragraph{\texorpdfstring{T2: $\theta_{12} = 45° - \arcsin(\lambda)$.}{T2: theta-12 = 45 degrees - arcsin(lambda).}}
P3_frozen,step.*function|Theta.*r.*a,/Users/igor/ClaudeAI/EDC_Project/elastic-diffusive-cosmology_repo/edc_book_2/src/sections/ch6_pmns_attempt4_2_theta12_origin.tex,45,\theta_{12}^{(T2)} = 45° - \arcsin(\lambda) = 45° - \arcsin(0.225) \approx 32.0°
P3_frozen,step.*function|Theta.*r.*a,/Users/igor/ClaudeAI/EDC_Project/elastic-diffusive-cosmology_repo/edc_book_2/src/sections/ch6_pmns_attempt4_2_theta12_origin.tex,81,With $\theta_{23}$ from $\mathbb{Z}_6$ geometry~\tagDc{} and $\varepsilon = \lambda/\sqrt{2}$~[BL$\to$Dc]:
P3_frozen,step.*function|Theta.*r.*a,/Users/igor/ClaudeAI/EDC_Project/elastic-diffusive-cosmology_repo/edc_book_2/src/sections/ch6_pmns_attempt4_2_theta12_origin.tex,87,\textbf{$\sin^2\theta_{13}$} & \textbf{Overall} \\
P3_frozen,step.*function|Theta.*r.*a,/Users/igor/ClaudeAI/EDC_Project/elastic-diffusive-cosmology_repo/edc_book_2/src/sections/ch6_pmns_attempt4_2_theta12_origin.tex,105,\textbf{T1 ($\theta_{12} = \arctan(1/\sqrt{2})$):}
P3_frozen,step.*function|Theta.*r.*a,/Users/igor/ClaudeAI/EDC_Project/elastic-diffusive-cosmology_repo/edc_book_2/src/sections/ch6_pmns_attempt4_2_theta12_origin.tex,113,\textbf{T2 ($\theta_{12} = 45° - \arcsin\lambda$):}
P3_frozen,step.*function|Theta.*r.*a,/Users/igor/ClaudeAI/EDC_Project/elastic-diffusive-cosmology_repo/edc_book_2/src/sections/ch6_pmns_attempt4_2_theta12_origin.tex,128,"Attempt~4.1 found that $\theta_{12}^0 = 35°$ (discrete, \tagI{}) achieves 7.2\% error."
P3_frozen,step.*function|Theta.*r.*a,/Users/igor/ClaudeAI/EDC_Project/elastic-diffusive-cosmology_repo/edc_book_2/src/sections/ch6_pmns_attempt4_2_theta12_origin.tex,141,title=Attempt 4.2 Verdict: $\theta_{12}$ Geometric Origin Established]
P3_frozen,step.*function|Theta.*r.*a,/Users/igor/ClaudeAI/EDC_Project/elastic-diffusive-cosmology_repo/edc_book_2/src/sections/ch6_pmns_attempt4_2_theta12_origin.tex,167,\item $\theta_{23}$: GREEN \tagDc{} --- $\sin^2\theta_{23} = 0.564$ from $\mathbb{Z}_6$
P3_frozen,step.*function|Theta.*r.*a,/Users/igor/ClaudeAI/EDC_Project/elastic-diffusive-cosmology_repo/edc_book_2/src/sections/ch6_pmns_attempt4_2_theta12_origin.tex,169,\item $\theta_{13}$: YELLOW [BL$\to$Dc] --- $\varepsilon = \lambda/\sqrt{2}$ predicts
P3_frozen,step.*function|Theta.*r.*a,/Users/igor/ClaudeAI/EDC_Project/elastic-diffusive-cosmology_repo/edc_book_2/src/sections/ch6_pmns_attempt4_2_theta12_origin.tex,171,\item $\theta_{12}$: \textbf{YELLOW [\tagDc{}]} --- $\arctan(1/\sqrt{2})$ predicts
P3_frozen,step.*function|Theta.*r.*a,/Users/igor/ClaudeAI/EDC_Project/elastic-diffusive-cosmology_repo/edc_book_2/src/sections/ch6_pmns_attempt4_2_theta12_origin.tex,177,\textbf{Solar origin (Attempt 4.2):} $\theta_{12} = \arctan(1/\sqrt{2}) \approx 35.26°$
P3_frozen,step.*function|Theta.*r.*a,/Users/igor/ClaudeAI/EDC_Project/elastic-diffusive-cosmology_repo/edc_book_2/src/sections/ch6_pmns_attempt4_2_theta12_origin.tex,185,$\theta_{12}$: $\arctan(1/\sqrt{2})$)---none calibrated to PDG.}
P3_frozen,step.*function|Theta.*r.*a,/Users/igor/ClaudeAI/EDC_Project/elastic-diffusive-cosmology_repo/edc_book_2/src/sections/ch11_g5_value_closure_attempt2_coefficient.tex,21,"$g_2^2 = 4\pi\alpha/\sin^2\theta_W$). The numeric proximity is encouraging,"
P3_frozen,step.*function|Theta.*r.*a,/Users/igor/ClaudeAI/EDC_Project/elastic-diffusive-cosmology_repo/edc_book_2/src/sections/ch11_gf_sanity_skeleton.tex,32,"$g^2$ from $\alpha$, $\theta_W$ & $g^2 = 4\pi\alpha/\sin^2\theta_W$ & \tagBL{} & Uses measured $\alpha$ \\"
P3_frozen,step.*function|Theta.*r.*a,/Users/igor/ClaudeAI/EDC_Project/elastic-diffusive-cosmology_repo/edc_book_2/src/sections/ch11_gf_sanity_skeleton.tex,40,$\sin^2\theta_W = 1/4$ & $\mathbb{Z}_6$ subgroup counting & \tagDer{} & \textbf{Independent prediction} \\
P3_frozen,step.*function|Theta.*r.*a,/Users/igor/ClaudeAI/EDC_Project/elastic-diffusive-cosmology_repo/edc_book_2/src/sections/ch11_gf_sanity_skeleton.tex,151,\item $\sin^2\theta_W = 1/4$ independent prediction (0.08\% after RG) \tagDer{}
P3_frozen,step.*function|Theta.*r.*a,/Users/igor/ClaudeAI/EDC_Project/elastic-diffusive-cosmology_repo/edc_book_2/src/sections/ch11_gf_sanity_skeleton.tex,173,The true independent prediction is $\sin^2\theta_W = 1/4$; numerical $G_F$ closure
P3_frozen,step.*function|Theta.*r.*a,/Users/igor/ClaudeAI/EDC_Project/elastic-diffusive-cosmology_repo/edc_book_2/src/sections/11_gf_derivation.tex,312,\sin^2\theta_W(\mu_{\text{lattice}}) = \frac{|\mathbb{Z}_2|}{|\mathbb{Z}_2| + |\mathbb{Z}_6|}
P3_frozen,step.*function|Theta.*r.*a,/Users/igor/ClaudeAI/EDC_Project/elastic-diffusive-cosmology_repo/edc_book_2/src/sections/11_gf_derivation.tex,535,\item Chapter~\ref{ch:z6_program}: $\sin^2\theta_W = 1/4$ from $\mathbb{Z}_6$ counting \tagDer{}
P3_frozen,step.*function|Theta.*r.*a,/Users/igor/ClaudeAI/EDC_Project/elastic-diffusive-cosmology_repo/edc_book_2/src/sections/11_gf_derivation.tex,550,\item[\ding{51}] $\sin^2\theta_W(M_Z) = 0.2314$ (0.08\% from PDG) \tagDer{}
P3_frozen,step.*function|Theta.*r.*a,/Users/igor/ClaudeAI/EDC_Project/elastic-diffusive-cosmology_repo/edc_book_2/src/sections/11_gf_derivation.tex,572,$\sin^2\theta_W = 1/4$ & $\mathbb{Z}_6$ subgroup counting & \tagDer{} & GREEN-A \\
P3_frozen,step.*function|Theta.*r.*a,/Users/igor/ClaudeAI/EDC_Project/elastic-diffusive-cosmology_repo/edc_book_2/src/sections/11_gf_derivation.tex,573,$g^2 = 4\pi\alpha/\sin^2\theta_W$ & Electroweak unification & \tagDc{} & GREEN-A \\
P3_frozen,step.*function|Theta.*r.*a,/Users/igor/ClaudeAI/EDC_Project/elastic-diffusive-cosmology_repo/edc_book_2/src/sections/11_gf_derivation.tex,602,$\sin^2\theta_W = 1/4$ (independent prediction) & GREEN-A & \tagDer{} \\
P3_frozen,step.*function|Theta.*r.*a,/Users/igor/ClaudeAI/EDC_Project/elastic-diffusive-cosmology_repo/edc_book_2/src/sections/11_gf_derivation.tex,619,EDC predicts $\sin^2\theta_W = 1/4$ (bare) from $\mathbb{Z}_6$ subgroup counting.
P3_frozen,step.*function|Theta.*r.*a,/Users/igor/ClaudeAI/EDC_Project/elastic-diffusive-cosmology_repo/edc_book_2/src/sections/06_neutrinos_edge_modes.tex,118,\item \textbf{IF} $\mathbb{Z}_6$ discrete overlap computed \textbf{THEN} $\theta_{23} \approx 45°$ \tagDc{}
P3_frozen,step.*function|Theta.*r.*a,/Users/igor/ClaudeAI/EDC_Project/elastic-diffusive-cosmology_repo/edc_book_2/src/sections/06_neutrinos_edge_modes.tex,321,\item Large overlap ($\theta_{23} \approx 45°$) vs small overlap ($\theta_{13} \approx 8.5°$) visualized
P3_frozen,step.*function|Theta.*r.*a,/Users/igor/ClaudeAI/EDC_Project/elastic-diffusive-cosmology_repo/edc_book_2/src/sections/06_neutrinos_edge_modes.tex,582,\sin^2\theta_{12} &\approx 0.307 \quad (\text{solar}) \\
P3_frozen,step.*function|Theta.*r.*a,/Users/igor/ClaudeAI/EDC_Project/elastic-diffusive-cosmology_repo/edc_book_2/src/sections/06_neutrinos_edge_modes.tex,583,\sin^2\theta_{23} &\approx 0.546 \quad (\text{atmospheric}) \\
P3_frozen,step.*function|Theta.*r.*a,/Users/igor/ClaudeAI/EDC_Project/elastic-diffusive-cosmology_repo/edc_book_2/src/sections/06_neutrinos_edge_modes.tex,584,\sin^2\theta_{13} &\approx 0.022 \quad (\text{reactor})
P3_frozen,step.*function|Theta.*r.*a,/Users/igor/ClaudeAI/EDC_Project/elastic-diffusive-cosmology_repo/edc_book_2/src/sections/06_neutrinos_edge_modes.tex,653,% Include the theta12 origin micro-attempt (Attempt 4.2)
P3_frozen,step.*function|Theta.*r.*a,/Users/igor/ClaudeAI/EDC_Project/elastic-diffusive-cosmology_repo/edc_book_2/src/sections/06_neutrinos_edge_modes.tex,740,\item \textbf{PMNS $\theta_{23}$:} Derived from $\mathbb{Z}_6$ geometry
P3_frozen,step.*function|Theta.*r.*a,/Users/igor/ClaudeAI/EDC_Project/elastic-diffusive-cosmology_repo/edc_book_2/src/sections/06_neutrinos_edge_modes.tex,804,$\theta_{23}$ from geometry & GREEN & \tagDc{} \\
P3_frozen,step.*function|Theta.*r.*a,/Users/igor/ClaudeAI/EDC_Project/elastic-diffusive-cosmology_repo/edc_book_2/src/sections/06_neutrinos_edge_modes.tex,805,"$\theta_{12}, \theta_{13}$ structure & YELLOW & \tagI{} (values not derived) \\"
P3_frozen,step.*function|Theta.*r.*a,/Users/igor/ClaudeAI/EDC_Project/elastic-diffusive-cosmology_repo/edc_book_2/src/sections/06_neutrinos_edge_modes.tex,818,atmospheric mixing angle $\theta_{23} \approx 45°$ from pure geometry \tagDc{};
P3_frozen,step.*function|Theta.*r.*a,/Users/igor/ClaudeAI/EDC_Project/elastic-diffusive-cosmology_repo/edc_book_2/src/sections/ch11_g5_ell_suppression_attempt2.tex,65,\item $\sin^2\theta_W = 0.23$ from experiment (use only EDC-derived value if needed)
P3_frozen,step.*function|Theta.*r.*a,/Users/igor/ClaudeAI/EDC_Project/elastic-diffusive-cosmology_repo/edc_book_2/src/sections/ch15_opr01_sigma_anchor_derivation.tex,34,\item[$\times$] $\sin^2\theta_W$ (measured value)
P3_frozen,step.*function|Theta.*r.*a,/Users/igor/ClaudeAI/EDC_Project/elastic-diffusive-cosmology_repo/edc_book_2/src/sections/ch6_pmns_attempt3_z6_refinement.tex,11,"$\theta_{23}$ derived from Z$_6$ geometry~[Dc], we now test whether \emph{discrete phases}"
P3_frozen,step.*function|Theta.*r.*a,/Users/igor/ClaudeAI/EDC_Project/elastic-diffusive-cosmology_repo/edc_book_2/src/sections/ch6_pmns_attempt3_z6_refinement.tex,89,democratic-like mixing that moves $\theta_{13}$ away from its small experimental value.
P3_frozen,step.*function|Theta.*r.*a,/Users/igor/ClaudeAI/EDC_Project/elastic-diffusive-cosmology_repo/edc_book_2/src/sections/ch6_pmns_attempt3_z6_refinement.tex,102,$\sin^2\theta_{12}$ & 0.155 & 0.307 & \textcolor{orange}{YELLOW} \\
P3_frozen,step.*function|Theta.*r.*a,/Users/igor/ClaudeAI/EDC_Project/elastic-diffusive-cosmology_repo/edc_book_2/src/sections/ch6_pmns_attempt3_z6_refinement.tex,103,$\sin^2\theta_{23}$ & 0.585 & 0.546 & \textcolor{green!60!black}{GREEN} \\
P3_frozen,step.*function|Theta.*r.*a,/Users/igor/ClaudeAI/EDC_Project/elastic-diffusive-cosmology_repo/edc_book_2/src/sections/ch6_pmns_attempt3_z6_refinement.tex,104,$\sin^2\theta_{13}$ & 0.022 & 0.022 & \textcolor{green!60!black}{GREEN} \\
P3_frozen,step.*function|Theta.*r.*a,/Users/igor/ClaudeAI/EDC_Project/elastic-diffusive-cosmology_repo/edc_book_2/src/sections/ch6_pmns_attempt3_z6_refinement.tex,110,scale factor achieves two GREEN angles. But $\theta_{12}$ remains problematic.
P3_frozen,step.*function|Theta.*r.*a,/Users/igor/ClaudeAI/EDC_Project/elastic-diffusive-cosmology_repo/edc_book_2/src/sections/ch6_pmns_attempt3_z6_refinement.tex,113,Optimizing $\kappa = 2.565$~[Cal] achieves $\sin^2\theta_{13} = 0.022$ (GREEN) but breaks
P3_frozen,step.*function|Theta.*r.*a,/Users/igor/ClaudeAI/EDC_Project/elastic-diffusive-cosmology_repo/edc_book_2/src/sections/ch6_pmns_attempt3_z6_refinement.tex,127,"Scaling $|O_{e3}|$ by 0.65 achieves $\theta_{13}$ and $\theta_{23}$ GREEN, but $\theta_{12}$"
P3_frozen,step.*function|Theta.*r.*a,/Users/igor/ClaudeAI/EDC_Project/elastic-diffusive-cosmology_repo/edc_book_2/src/sections/ch6_pmns_attempt3_z6_refinement.tex,132,small $\theta_{13}$) requires physics beyond exponential localization with discrete phases.
P3_frozen,step.*function|Theta.*r.*a,/Users/igor/ClaudeAI/EDC_Project/elastic-diffusive-cosmology_repo/edc_book_2/src/sections/ch6_pmns_attempt3_z6_refinement.tex,149,$\theta_{12}$ from discrete phases & (open) & RED & [Dc] \\
P3_frozen,step.*function|Theta.*r.*a,/Users/igor/ClaudeAI/EDC_Project/elastic-diffusive-cosmology_repo/edc_book_2/src/sections/ch6_pmns_attempt3_z6_refinement.tex,150,$\theta_{13}$ from discrete phases & (open) & RED & [Dc] \\
P3_frozen,step.*function|Theta.*r.*a,/Users/igor/ClaudeAI/EDC_Project/elastic-diffusive-cosmology_repo/edc_book_2/src/sections/ch6_pmns_attempt3_z6_refinement.tex,157,but $\theta_{12}$ and $\theta_{13}$ require additional physics beyond Z$_6$ discrete phases.
P3_frozen,step.*function|Theta.*r.*a,/Users/igor/ClaudeAI/EDC_Project/elastic-diffusive-cosmology_repo/edc_book_2/src/sections/ch6_pmns_attempt2.tex,96,"Variant A3 produces $\sin^2\theta_{23} = 0.564$, within 3\% of the observed value"
P3_frozen,step.*function|Theta.*r.*a,/Users/igor/ClaudeAI/EDC_Project/elastic-diffusive-cosmology_repo/edc_book_2/src/sections/ch6_pmns_attempt2.tex,100,title=\textbf{Success: $\theta_{23}$ from $\mathbb{Z}_6$ Geometry}]
P3_frozen,step.*function|Theta.*r.*a,/Users/igor/ClaudeAI/EDC_Project/elastic-diffusive-cosmology_repo/edc_book_2/src/sections/ch6_pmns_attempt2.tex,123,& $\sin^2\theta_{13}$ & \textbf{Score} & \textbf{Status} \\
P3_frozen,step.*function|Theta.*r.*a,/Users/igor/ClaudeAI/EDC_Project/elastic-diffusive-cosmology_repo/edc_book_2/src/sections/ch6_pmns_attempt2.tex,134,"$\theta_{12}$ and $\theta_{23}$, destroying the large mixing that PMNS requires."
P3_frozen,step.*function|Theta.*r.*a,/Users/igor/ClaudeAI/EDC_Project/elastic-diffusive-cosmology_repo/edc_book_2/src/sections/ch6_pmns_attempt2.tex,175,"$\mathbb{Z}_6$ overlap model & YELLOW & \tagDc{} & $\theta_{23}$ correct, others fail \\"
P3_frozen,step.*function|Theta.*r.*a,/Users/igor/ClaudeAI/EDC_Project/elastic-diffusive-cosmology_repo/edc_book_2/src/sections/ch6_pmns_attempt2.tex,176,$\theta_{23}$ from geometry & \textcolor{green!50!black}{\textbf{GREEN}} & \tagDc{} & Within 3\% (A3 variant) \\
P3_frozen,step.*function|Theta.*r.*a,/Users/igor/ClaudeAI/EDC_Project/elastic-diffusive-cosmology_repo/edc_book_2/src/sections/ch6_pmns_attempt2.tex,177,$\theta_{12}$ from geometry & RED & (open) & Factor 2 off \\
P3_frozen,step.*function|Theta.*r.*a,/Users/igor/ClaudeAI/EDC_Project/elastic-diffusive-cosmology_repo/edc_book_2/src/sections/ch6_pmns_attempt2.tex,178,$\theta_{13}$ from geometry & YELLOW & \tagDc{} & Closer than DFT ($\times 3$ vs $\times 15$) \\
P3_frozen,step.*function|Theta.*r.*a,/Users/igor/ClaudeAI/EDC_Project/elastic-diffusive-cosmology_repo/edc_book_2/src/sections/ch6_pmns_attempt2.tex,198,\item $\mathbb{Z}_6$ submixing \textbf{derives} $\theta_{23} \approx 45°$ \tagDc{}
P3_frozen,step.*function|Theta.*r.*a,/Users/igor/ClaudeAI/EDC_Project/elastic-diffusive-cosmology_repo/edc_book_2/src/sections/ch6_pmns_attempt2.tex,199,\item Solar angle $\theta_{12}$ requires additional mechanism \tagP{}
P3_frozen,step.*function|Theta.*r.*a,/Users/igor/ClaudeAI/EDC_Project/elastic-diffusive-cosmology_repo/edc_book_2/src/sections/ch6_pmns_attempt2.tex,200,\item Reactor angle $\theta_{13}$ improved but not reproduced \tagP{}
P3_frozen,step.*function|Theta.*r.*a,/Users/igor/ClaudeAI/EDC_Project/elastic-diffusive-cosmology_repo/edc_book_2/src/sections/ch6_pmns_attempt2.tex,217,\item $\theta_{23}$: \textcolor{green!50!black}{\textbf{GREEN}} (0.564 vs 0.546)
P3_frozen,step.*function|Theta.*r.*a,/Users/igor/ClaudeAI/EDC_Project/elastic-diffusive-cosmology_repo/edc_book_2/src/sections/ch6_pmns_attempt2.tex,227,\textbf{Key failure:} Solar mixing $\theta_{12}$ not reproduced by overlap model.
P3_frozen,step.*function|Theta.*r.*a,/Users/igor/ClaudeAI/EDC_Project/elastic-diffusive-cosmology_repo/edc_book_2/src/sections/ch6_pmns_attempt2.tex,240,\paragraph{\texorpdfstring{Candidate mechanisms for $\theta_{12}$.}{Candidate mechanisms for theta-12.}}
P3_frozen,projection.*operator|\\mathcal\{P\},/Users/igor/ClaudeAI/EDC_Project/elastic-diffusive-cosmology_repo/edc_book_2/src/Z6_content_full.tex,1537,"U_\mu(x) = \mathcal{P}\exp\left(ig\int_x^{x+a\hat{\mu}} A^a_\nu(y) T^a \, dy\right)"
P3_frozen,projection.*operator|\\mathcal\{P\},/Users/igor/ClaudeAI/EDC_Project/elastic-diffusive-cosmology_repo/edc_book_2/src/Z6_content_full.tex,2006,are modeled in \textbf{Chapter~1} via the frozen projection operator
P3_frozen,projection.*operator|\\mathcal\{P\},/Users/igor/ClaudeAI/EDC_Project/elastic-diffusive-cosmology_repo/edc_book_2/src/Z6_content_full.tex,2007,$\mathcal{P}_{\mathrm{frozen}} = \mathcal{P}_{\mathrm{energy}} \circ
P3_frozen,projection.*operator|\\mathcal\{P\},/Users/igor/ClaudeAI/EDC_Project/elastic-diffusive-cosmology_repo/edc_book_2/src/Z6_content_full.tex,2008,\mathcal{P}_{\mathrm{mode}} \circ \mathcal{P}_{\mathrm{chir}}$.
P3_frozen,projection.*operator|\\mathcal\{P\},/Users/igor/ClaudeAI/EDC_Project/elastic-diffusive-cosmology_repo/edc_book_2/src/Z6_content_full.tex,2025,Muon/tau decay & --- & $\mathcal{P}_{\mathrm{frozen}}$ [P] (open) \\
P3_frozen,projection.*operator|\\mathcal\{P\},/Users/igor/ClaudeAI/EDC_Project/elastic-diffusive-cosmology_repo/edc_book_2/src/figures/fig_master_weak_pipeline.tex,39,{Release\\$\mathcal{P}_{\text{frozen}}$};
P3_frozen,projection.*operator|\\mathcal\{P\},/Users/igor/ClaudeAI/EDC_Project/elastic-diffusive-cosmology_repo/edc_book_2/src/sections/05_case_neutron.tex,97,\xrightarrow{\mathcal{P}_{\mathrm{frozen}}}
P3_frozen,projection.*operator|\\mathcal\{P\},/Users/igor/ClaudeAI/EDC_Project/elastic-diffusive-cosmology_repo/edc_book_2/src/sections/05_case_neutron.tex,313,\item[\textbf{(v)}] \textbf{Frozen projection (observer side):} The operator
P3_frozen,projection.*operator|\\mathcal\{P\},/Users/igor/ClaudeAI/EDC_Project/elastic-diffusive-cosmology_repo/edc_book_2/src/sections/05_case_neutron.tex,314,$\mathcal{P}_{\mathrm{frozen}}$ maps brane-layer excitations to observable
P3_frozen,projection.*operator|\\mathcal\{P\},/Users/igor/ClaudeAI/EDC_Project/elastic-diffusive-cosmology_repo/edc_book_2/src/sections/05_case_neutron.tex,392,The observer-facing outputs are defined by the frozen projection operator
P3_frozen,projection.*operator|\\mathcal\{P\},/Users/igor/ClaudeAI/EDC_Project/elastic-diffusive-cosmology_repo/edc_book_2/src/sections/05_case_neutron.tex,395,"\{\text{outputs}\}_{3D} = \mathcal{P}_{\text{frozen}}\big(\{\phi_k\}\big),"
P3_frozen,projection.*operator|\\mathcal\{P\},/Users/igor/ClaudeAI/EDC_Project/elastic-diffusive-cosmology_repo/edc_book_2/src/sections/05_case_neutron.tex,397,\mathcal{P}_{\text{frozen}} = \mathcal{P}_{\text{energy}} \circ
P3_frozen,projection.*operator|\\mathcal\{P\},/Users/igor/ClaudeAI/EDC_Project/elastic-diffusive-cosmology_repo/edc_book_2/src/sections/05_case_neutron.tex,398,\mathcal{P}_{\text{mode}} \circ \mathcal{P}_{\text{chir}}.
P3_frozen,projection.*operator|\\mathcal\{P\},/Users/igor/ClaudeAI/EDC_Project/elastic-diffusive-cosmology_repo/edc_book_2/src/sections/05_case_neutron.tex,426,The frozen projection operator $\mathcal{P}_{\mathrm{frozen}}$ \textbf{maps} brane-layer
P3_frozen,projection.*operator|\\mathcal\{P\},/Users/igor/ClaudeAI/EDC_Project/elastic-diffusive-cosmology_repo/edc_book_2/src/sections/05_case_neutron.tex,430,\emph{Output:} $\{\phi_k\} \xrightarrow{\mathcal{P}_{\mathrm{frozen}}}
P3_frozen,projection.*operator|\\mathcal\{P\},/Users/igor/ClaudeAI/EDC_Project/elastic-diffusive-cosmology_repo/edc_book_2/src/sections/05_case_neutron.tex,465,is the coordinate across the brane thickness. The \textbf{frozen projection operator}
P3_frozen,projection.*operator|\\mathcal\{P\},/Users/igor/ClaudeAI/EDC_Project/elastic-diffusive-cosmology_repo/edc_book_2/src/sections/05_case_neutron.tex,466,$\mathcal{P}_{\mathrm{frozen}}$ maps brane-layer excitations at the observer-facing
P3_frozen,projection.*operator|\\mathcal\{P\},/Users/igor/ClaudeAI/EDC_Project/elastic-diffusive-cosmology_repo/edc_book_2/src/sections/05_case_neutron.tex,469,\boxed{\mathcal{P}_{\mathrm{frozen}}: \quad
P3_frozen,projection.*operator|\\mathcal\{P\},/Users/igor/ClaudeAI/EDC_Project/elastic-diffusive-cosmology_repo/edc_book_2/src/sections/05_case_neutron.tex,496,"through $\mathcal{P}_{\mathrm{frozen}}$ and materializes as 3D particles, it"
P3_frozen,projection.*operator|\\mathcal\{P\},/Users/igor/ClaudeAI/EDC_Project/elastic-diffusive-cosmology_repo/edc_book_2/src/sections/05_case_neutron.tex,509,$\mathcal{P}_{\text{energy}}$.
P3_frozen,projection.*operator|\\mathcal\{P\},/Users/igor/ClaudeAI/EDC_Project/elastic-diffusive-cosmology_repo/edc_book_2/src/sections/05_case_neutron.tex,539,$\mathcal{P}_{\text{energy}}$ yields zero support:
P3_frozen,projection.*operator|\\mathcal\{P\},/Users/igor/ClaudeAI/EDC_Project/elastic-diffusive-cosmology_repo/edc_book_2/src/sections/05_case_neutron.tex,541,\mathcal{P}_{\text{energy}}: \quad
P3_frozen,projection.*operator|\\mathcal\{P\},/Users/igor/ClaudeAI/EDC_Project/elastic-diffusive-cosmology_repo/edc_book_2/src/sections/05_case_neutron.tex,572,"outputs). In neutron decay, $\mathcal{P}_{\text{energy}}$ restricts us to the"
P3_frozen,projection.*operator|\\mathcal\{P\},/Users/igor/ClaudeAI/EDC_Project/elastic-diffusive-cosmology_repo/edc_book_2/src/sections/05_case_neutron.tex,701,"\node[box, fill=green!15] (project) at (9,0) {$\mathcal{P}_{\text{frozen}}$\\release};"
P3_frozen,projection.*operator|\\mathcal\{P\},/Users/igor/ClaudeAI/EDC_Project/elastic-diffusive-cosmology_repo/edc_book_2/src/sections/05_case_neutron.tex,816,"\item If $\mathcal{P}_{\text{energy}}$ gating is not respected (i.e., if the"
P3_frozen,projection.*operator|\\mathcal\{P\},/Users/igor/ClaudeAI/EDC_Project/elastic-diffusive-cosmology_repo/edc_book_2/src/figures/fig_neutron_process_pipeline.tex,41,{$\mathcal{P}_{\mathrm{frozen}}$\\{\tiny release gate}};
P3_frozen,projection.*operator|\\mathcal\{P\},/Users/igor/ClaudeAI/EDC_Project/elastic-diffusive-cosmology_repo/edc_book_2/src/figures/fig_tau_process_pipeline.tex,27,{$\mathcal{P}_{\mathrm{frozen}}$\\{\tiny release gate}};
P3_frozen,projection.*operator|\\mathcal\{P\},/Users/igor/ClaudeAI/EDC_Project/elastic-diffusive-cosmology_repo/edc_book_2/src/sections/03_unified_pipeline.tex,113,\subsection{The Frozen Projection Operator}
P3_frozen,projection.*operator|\\mathcal\{P\},/Users/igor/ClaudeAI/EDC_Project/elastic-diffusive-cosmology_repo/edc_book_2/src/sections/03_unified_pipeline.tex,119,\mathcal{P}_{\text{frozen}} \;=\;
P3_frozen,projection.*operator|\\mathcal\{P\},/Users/igor/ClaudeAI/EDC_Project/elastic-diffusive-cosmology_repo/edc_book_2/src/sections/03_unified_pipeline.tex,120,"\mathcal{P}_{\text{energy}} \circ \mathcal{P}_{\text{mode}} \circ \mathcal{P}_{\text{chir}},"
P3_frozen,projection.*operator|\\mathcal\{P\},/Users/igor/ClaudeAI/EDC_Project/elastic-diffusive-cosmology_repo/edc_book_2/src/sections/03_unified_pipeline.tex,125,\paragraph{\texorpdfstring{$\mathcal{P}_{\text{energy}}$}{P-energy}: Kinematic gate.}
P3_frozen,projection.*operator|\\mathcal\{P\},/Users/igor/ClaudeAI/EDC_Project/elastic-diffusive-cosmology_repo/edc_book_2/src/sections/03_unified_pipeline.tex,130,\paragraph{\texorpdfstring{$\mathcal{P}_{\text{mode}}$}{P-mode}: Mode-to-output mapping.}
P3_frozen,projection.*operator|\\mathcal\{P\},/Users/igor/ClaudeAI/EDC_Project/elastic-diffusive-cosmology_repo/edc_book_2/src/sections/03_unified_pipeline.tex,135,\paragraph{\texorpdfstring{$\mathcal{P}_{\text{chir}}$}{P-chir}: Chirality filter.}
P3_frozen,projection.*operator|\\mathcal\{P\},/Users/igor/ClaudeAI/EDC_Project/elastic-diffusive-cosmology_repo/edc_book_2/src/sections/03_unified_pipeline.tex,145,\mathcal{P}_{\text{frozen}}\big(\{\phi_k\}_{\text{brane modes}}\big).
P3_frozen,projection.*operator|\\mathcal\{P\},/Users/igor/ClaudeAI/EDC_Project/elastic-diffusive-cosmology_repo/edc_book_2/src/sections/03_unified_pipeline.tex,184,"\node[box, fill=green!15] (rel) at (10.5,0) {Release\\$\mathcal{P}_{\text{frozen}}$};"
P3_frozen,projection.*operator|\\mathcal\{P\},/Users/igor/ClaudeAI/EDC_Project/elastic-diffusive-cosmology_repo/edc_book_2/src/sections/09_va_structure.tex,297,\subsection{Chiral Projection Operators}
P3_frozen,projection.*operator|\\mathcal\{P\},/Users/igor/ClaudeAI/EDC_Project/elastic-diffusive-cosmology_repo/edc_book_2/src/figures/fig_muon_process_pipeline.tex,27,{$\mathcal{P}_{\mathrm{frozen}}$\\{\tiny release gate}};
P3_frozen,projection.*operator|\\mathcal\{P\},/Users/igor/ClaudeAI/EDC_Project/elastic-diffusive-cosmology_repo/edc_book_2/src/figures/fig_muon_process_pipeline.tex,59,{$\mathcal{P}_{\mathrm{frozen}} = \mathcal{P}_{\mathrm{energy}} \circ \mathcal{P}_{\mathrm{mode}} \circ \mathcal{P}_{\mathrm{chir}}$\\
P3_frozen,projection.*operator|\\mathcal\{P\},/Users/igor/ClaudeAI/EDC_Project/elastic-diffusive-cosmology_repo/edc_book_2/src/figures/fig_pion_process_pipeline.tex,37,{$\mathcal{P}_{\mathrm{frozen}}$\\{\tiny chiral projection}};
P3_frozen,projection.*operator|\\mathcal\{P\},/Users/igor/ClaudeAI/EDC_Project/elastic-diffusive-cosmology_repo/edc_book_2/src/figures/fig_pion_process_pipeline.tex,72,EDC: from $\mathcal{P}_{\mathrm{chir}}$ boundary conditions (open)};
P3_frozen,projection.*operator|\\mathcal\{P\},/Users/igor/ClaudeAI/EDC_Project/elastic-diffusive-cosmology_repo/edc_book_2/src/sections/10_case_neutrino.tex,21,Chirality selection encoded in boundary conditions ($\mathcal{P}_{\mathrm{chir}}$)\\
P3_frozen,projection.*operator|\\mathcal\{P\},/Users/igor/ClaudeAI/EDC_Project/elastic-diffusive-cosmology_repo/edc_book_2/src/sections/10_case_neutrino.tex,273,"In EDC, this is encoded in $\mathcal{P}_{\mathrm{chir}}$ as a boundary effect"
P3_frozen,projection.*operator|\\mathcal\{P\},/Users/igor/ClaudeAI/EDC_Project/elastic-diffusive-cosmology_repo/edc_book_2/src/sections/10_case_neutrino.tex,288,\paragraph{Chiral projection operator.}
P3_frozen,projection.*operator|\\mathcal\{P\},/Users/igor/ClaudeAI/EDC_Project/elastic-diffusive-cosmology_repo/edc_book_2/src/sections/10_case_neutrino.tex,289,We define $\mathcal{P}_{\mathrm{chir}}$ that encodes the chirality selection:
P3_frozen,projection.*operator|\\mathcal\{P\},/Users/igor/ClaudeAI/EDC_Project/elastic-diffusive-cosmology_repo/edc_book_2/src/sections/10_case_neutrino.tex,291,\begin{definition}[Chiral Projection Operator {\normalfont \tagP{}/}]
P3_frozen,projection.*operator|\\mathcal\{P\},/Users/igor/ClaudeAI/EDC_Project/elastic-diffusive-cosmology_repo/edc_book_2/src/sections/10_case_neutrino.tex,293,The operator $\mathcal{P}_{\mathrm{chir}}$ acts on fermion modes at the brane
P3_frozen,projection.*operator|\\mathcal\{P\},/Users/igor/ClaudeAI/EDC_Project/elastic-diffusive-cosmology_repo/edc_book_2/src/sections/10_case_neutrino.tex,296,\mathcal{P}_{\mathrm{chir}} \psi_{\ell^-} &= P_L\psi_{\ell^-} = \tfrac{1}{2}(1-\gamma_5)\psi_{\ell^-}
P3_frozen,projection.*operator|\\mathcal\{P\},/Users/igor/ClaudeAI/EDC_Project/elastic-diffusive-cosmology_repo/edc_book_2/src/sections/10_case_neutrino.tex,298,\mathcal{P}_{\mathrm{chir}} \psi_{\bar\nu} &= P_R\psi_{\bar\nu} = \tfrac{1}{2}(1+\gamma_5)\psi_{\bar\nu}
P3_frozen,projection.*operator|\\mathcal\{P\},/Users/igor/ClaudeAI/EDC_Project/elastic-diffusive-cosmology_repo/edc_book_2/src/sections/10_case_neutrino.tex,305,The operator $\mathcal{P}_{\mathrm{chir}}$ is postulated \tagP{} to arise from
P3_frozen,projection.*operator|\\mathcal\{P\},/Users/igor/ClaudeAI/EDC_Project/elastic-diffusive-cosmology_repo/edc_book_2/src/sections/10_case_neutrino.tex,341,"\node[font=\scriptsize\bfseries, purple!70!black] at (0,1.3) {$\mathcal{P}_{\mathrm{chir}}$};"
P3_frozen,projection.*operator|\\mathcal\{P\},/Users/igor/ClaudeAI/EDC_Project/elastic-diffusive-cosmology_repo/edc_book_2/src/sections/10_case_neutrino.tex,554,\item[Chirality filter ($\mathcal{P}_{\mathrm{chir}}$)]
P3_frozen,projection.*operator|\\mathcal\{P\},/Users/igor/ClaudeAI/EDC_Project/elastic-diffusive-cosmology_repo/edc_book_2/src/sections/01_how_we_got_here.tex,109,with ledger closure and explicit projection operators. That section provides
P3_frozen,projection.*operator|\\mathcal\{P\},/Users/igor/ClaudeAI/EDC_Project/elastic-diffusive-cosmology_repo/edc_book_2/src/sections/11_gf_derivation.tex,485,Evaluate the chirality projection and frozen-mode operators on the
P3_frozen,projection.*operator|\\mathcal\{P\},/Users/igor/ClaudeAI/EDC_Project/elastic-diffusive-cosmology_repo/edc_book_2/src/sections/09_case_electron.tex,51,\item An \textbf{allowed output} of the frozen projection operator
P3_frozen,projection.*operator|\\mathcal\{P\},/Users/igor/ClaudeAI/EDC_Project/elastic-diffusive-cosmology_repo/edc_book_2/src/sections/09_case_electron.tex,52,$\mathcal{P}_{\mathrm{frozen}}$ \tagDc{}
P3_frozen,projection.*operator|\\mathcal\{P\},/Users/igor/ClaudeAI/EDC_Project/elastic-diffusive-cosmology_repo/edc_book_2/src/sections/09_case_electron.tex,83,outputs to 3D observers via $\mathcal{P}_{\mathrm{frozen}}$
P3_frozen,projection.*operator|\\mathcal\{P\},/Users/igor/ClaudeAI/EDC_Project/elastic-diffusive-cosmology_repo/edc_book_2/src/sections/09_case_electron.tex,197,The frozen projection $\mathcal{P}_{\mathrm{frozen}}$ selects outputs from the
P3_frozen,projection.*operator|\\mathcal\{P\},/Users/igor/ClaudeAI/EDC_Project/elastic-diffusive-cosmology_repo/edc_book_2/src/sections/09_case_electron.tex,321,\mathcal{P}_{\mathrm{frozen}}\big(\text{all potential } e^- \text{ decays}\big) = 0.
P3_frozen,projection.*operator|\\mathcal\{P\},/Users/igor/ClaudeAI/EDC_Project/elastic-diffusive-cosmology_repo/edc_book_2/src/sections/09_case_electron.tex,336,The electron case introduces a new type of gate in the projection operator:
P3_frozen,projection.*operator|\\mathcal\{P\},/Users/igor/ClaudeAI/EDC_Project/elastic-diffusive-cosmology_repo/edc_book_2/src/sections/09_case_electron.tex,339,"\mathcal{P}_{\text{mode}}(e^- \to X) = 0 \quad \text{for all } X,"
P3_frozen,projection.*operator|\\mathcal\{P\},/Users/igor/ClaudeAI/EDC_Project/elastic-diffusive-cosmology_repo/edc_book_2/src/sections/09_case_electron.tex,437,\mathcal{P}_{\mathrm{chir}}(e^-) = P_L e^- \quad \text{where } P_L = \tfrac{1}{2}(1 - \gamma_5).
P3_frozen,projection.*operator|\\mathcal\{P\},/Users/igor/ClaudeAI/EDC_Project/elastic-diffusive-cosmology_repo/edc_book_2/src/sections/09_case_electron.tex,557,The stability condition $\mathcal{P}_{\mathrm{mode}}(e^- \to X) = 0$ for
P3_frozen,projection.*operator|\\mathcal\{P\},/Users/igor/ClaudeAI/EDC_Project/elastic-diffusive-cosmology_repo/edc_book_2/src/sections/06_case_muon.tex,29,Chiral filter $\mathcal{P}_{\mathrm{chir}}$ selects helicity at boundary
P3_frozen,projection.*operator|\\mathcal\{P\},/Users/igor/ClaudeAI/EDC_Project/elastic-diffusive-cosmology_repo/edc_book_2/src/sections/06_case_muon.tex,164,"\node[font=\scriptsize, above] at (0.8,0.1) {$\mathcal{P}_{\mathrm{frozen}}$};"
P3_frozen,projection.*operator|\\mathcal\{P\},/Users/igor/ClaudeAI/EDC_Project/elastic-diffusive-cosmology_repo/edc_book_2/src/sections/06_case_muon.tex,219,\mathcal{P}_{\mathrm{frozen}} \text{ (3D outputs)}.
P3_frozen,projection.*operator|\\mathcal\{P\},/Users/igor/ClaudeAI/EDC_Project/elastic-diffusive-cosmology_repo/edc_book_2/src/sections/06_case_muon.tex,244,\;\xrightarrow{\;\mathcal{P}_{\mathrm{frozen}}\;}
P3_frozen,projection.*operator|\\mathcal\{P\},/Users/igor/ClaudeAI/EDC_Project/elastic-diffusive-cosmology_repo/edc_book_2/src/sections/06_case_muon.tex,379,Instead we hypothesize that chirality selection arises from a boundary/projection operator:
P3_frozen,projection.*operator|\\mathcal\{P\},/Users/igor/ClaudeAI/EDC_Project/elastic-diffusive-cosmology_repo/edc_book_2/src/sections/06_case_muon.tex,382,\mathcal{P}_{\mathrm{frozen}}
P3_frozen,projection.*operator|\\mathcal\{P\},/Users/igor/ClaudeAI/EDC_Project/elastic-diffusive-cosmology_repo/edc_book_2/src/sections/06_case_muon.tex,384,\mathcal{P}_{\mathrm{energy}}\circ
P3_frozen,projection.*operator|\\mathcal\{P\},/Users/igor/ClaudeAI/EDC_Project/elastic-diffusive-cosmology_repo/edc_book_2/src/sections/06_case_muon.tex,385,\mathcal{P}_{\mathrm{mode}}\circ
P3_frozen,projection.*operator|\\mathcal\{P\},/Users/igor/ClaudeAI/EDC_Project/elastic-diffusive-cosmology_repo/edc_book_2/src/sections/06_case_muon.tex,386,\mathcal{P}_{\mathrm{chir}}.
P3_frozen,projection.*operator|\\mathcal\{P\},/Users/igor/ClaudeAI/EDC_Project/elastic-diffusive-cosmology_repo/edc_book_2/src/sections/06_case_muon.tex,390,The frozen projection operator decomposes as:
P3_frozen,projection.*operator|\\mathcal\{P\},/Users/igor/ClaudeAI/EDC_Project/elastic-diffusive-cosmology_repo/edc_book_2/src/sections/06_case_muon.tex,392,\mathcal{P}_{\mathrm{frozen}} = \mathcal{P}_{\mathrm{energy}} \circ
P3_frozen,projection.*operator|\\mathcal\{P\},/Users/igor/ClaudeAI/EDC_Project/elastic-diffusive-cosmology_repo/edc_book_2/src/sections/06_case_muon.tex,393,\mathcal{P}_{\mathrm{mode}} \circ \mathcal{P}_{\mathrm{chir}}
P3_frozen,projection.*operator|\\mathcal\{P\},/Users/igor/ClaudeAI/EDC_Project/elastic-diffusive-cosmology_repo/edc_book_2/src/sections/06_case_muon.tex,398,\item $\mathcal{P}_{\mathrm{energy}}$: Selects modes with $\hbar\omega \gg E_{\mathrm{env}}$ (frozen criterion)
P3_frozen,projection.*operator|\\mathcal\{P\},/Users/igor/ClaudeAI/EDC_Project/elastic-diffusive-cosmology_repo/edc_book_2/src/sections/06_case_muon.tex,399,\item $\mathcal{P}_{\mathrm{mode}}$: Selects modes compatible with allowed output set $\mathcal{A}$
P3_frozen,projection.*operator|\\mathcal\{P\},/Users/igor/ClaudeAI/EDC_Project/elastic-diffusive-cosmology_repo/edc_book_2/src/sections/06_case_muon.tex,400,\item $\mathcal{P}_{\mathrm{chir}}$: Selects preferred chirality/helicity channel
P3_frozen,projection.*operator|\\mathcal\{P\},/Users/igor/ClaudeAI/EDC_Project/elastic-diffusive-cosmology_repo/edc_book_2/src/sections/06_case_muon.tex,415,The derivation of $\mathcal{P}_{\mathrm{chir}}$ from the 5D action and
P3_frozen,projection.*operator|\\mathcal\{P\},/Users/igor/ClaudeAI/EDC_Project/elastic-diffusive-cosmology_repo/edc_book_2/src/sections/06_case_muon.tex,442,"In the EDC framework, this pattern arises from $\mathcal{P}_{\mathrm{chir}}$:"
P3_frozen,projection.*operator|\\mathcal\{P\},/Users/igor/ClaudeAI/EDC_Project/elastic-diffusive-cosmology_repo/edc_book_2/src/sections/06_case_muon.tex,445,\mathcal{P}_{\mathrm{chir}}: \phi_{\mathrm{brane}} \mapsto
P3_frozen,projection.*operator|\\mathcal\{P\},/Users/igor/ClaudeAI/EDC_Project/elastic-diffusive-cosmology_repo/edc_book_2/src/sections/06_case_muon.tex,456,We have not derived the specific form of $\mathcal{P}_{\mathrm{chir}}$ from
P3_frozen,projection.*operator|\\mathcal\{P\},/Users/igor/ClaudeAI/EDC_Project/elastic-diffusive-cosmology_repo/edc_book_2/src/sections/06_case_muon.tex,507,"\draw[->, thick, blue!60!black] (diss) -- node[above, font=\scriptsize] {$\mathcal{P}_{\mathrm{frozen}}$} (out);"
P3_frozen,projection.*operator|\\mathcal\{P\},/Users/igor/ClaudeAI/EDC_Project/elastic-diffusive-cosmology_repo/edc_book_2/src/sections/06_case_muon.tex,517,"\node[font=\scriptsize, text=red!60!black, below] at ($(diss.east)!0.5!(out.west) + (0,-1.0)$) {$\mathcal{P}_{\mathrm{chir}}$};"
P3_frozen,projection.*operator|\\mathcal\{P\},/Users/igor/ClaudeAI/EDC_Project/elastic-diffusive-cosmology_repo/edc_book_2/src/sections/06_case_muon.tex,529,brane-layer mechanism. The chiral filter $\mathcal{P}_{\mathrm{chir}}$ selects
P3_frozen,projection.*operator|\\mathcal\{P\},/Users/igor/ClaudeAI/EDC_Project/elastic-diffusive-cosmology_repo/edc_book_2/src/sections/06_case_muon.tex,542,\item The same $\mathcal{P}_{\mathrm{frozen}}$ operator applies to brane-dominant excitations
P3_frozen,projection.*operator|\\mathcal\{P\},/Users/igor/ClaudeAI/EDC_Project/elastic-diffusive-cosmology_repo/edc_book_2/src/sections/06_case_muon.tex,604,\item The precise form of $\mathcal{P}_{\mathrm{chir}}$ is (open)
P3_frozen,projection.*operator|\\mathcal\{P\},/Users/igor/ClaudeAI/EDC_Project/elastic-diffusive-cosmology_repo/edc_book_2/src/sections/06_case_muon.tex,620,\item[$\mathcal{P}_{\mathrm{chir}}$] Chiral filter component of frozen projection
P3_frozen,projection.*operator|\\mathcal\{P\},/Users/igor/ClaudeAI/EDC_Project/elastic-diffusive-cosmology_repo/edc_book_2/src/sections/05_neutron_story.tex,46,\underbrace{\mathcal{P}_{\mathrm{frozen}}}_{\text{release as 3D outputs}}.
P3_frozen,projection.*operator|\\mathcal\{P\},/Users/igor/ClaudeAI/EDC_Project/elastic-diffusive-cosmology_repo/edc_book_2/src/sections/05_neutron_story.tex,82,\;\xrightarrow{\;\mathcal{P}_{\mathrm{frozen}}\;}
P3_frozen,projection.*operator|\\mathcal\{P\},/Users/igor/ClaudeAI/EDC_Project/elastic-diffusive-cosmology_repo/edc_book_2/src/sections/05_neutron_story.tex,183,\item \textbf{OPEN-N(map):} Evaluation of $\mathcal{P}_{\mathrm{frozen}}$ including $\mathcal{P}_{\mathrm{chir}}$ contribution.
P3_frozen,projection.*operator|\\mathcal\{P\},/Users/igor/ClaudeAI/EDC_Project/elastic-diffusive-cosmology_repo/edc_book_2/src/sections/04_ontology.tex,24,Bulk-core junction & Neutron & Extends into bulk & $\mathcal{P}_{\text{energy}}$ \\
P3_frozen,projection.*operator|\\mathcal\{P\},/Users/igor/ClaudeAI/EDC_Project/elastic-diffusive-cosmology_repo/edc_book_2/src/sections/04_ontology.tex,25,"Brane-dominant & $\mu$, $\tau$ & Localized in brane & $\mathcal{P}_{\text{mode}}$ \\"
P3_frozen,projection.*operator|\\mathcal\{P\},/Users/igor/ClaudeAI/EDC_Project/elastic-diffusive-cosmology_repo/edc_book_2/src/sections/04_ontology.tex,27,Edge mode & Neutrino & Interface-localized & $\mathcal{P}_{\text{chir}}$ \\
P3_frozen,projection.*operator|\\mathcal\{P\},/Users/igor/ClaudeAI/EDC_Project/elastic-diffusive-cosmology_repo/edc_book_2/src/sections/04_ontology.tex,28,Composite & Pion & Junction pair & $\mathcal{P}_{\text{chir}}$ \\
P3_frozen,projection.*operator|\\mathcal\{P\},/Users/igor/ClaudeAI/EDC_Project/elastic-diffusive-cosmology_repo/edc_book_2/src/sections/04_ontology.tex,62,"$\mathcal{P}_{\text{mode}}$ prevents hadronic output for the muon. For the tau,"
P3_frozen,projection.*operator|\\mathcal\{P\},/Users/igor/ClaudeAI/EDC_Project/elastic-diffusive-cosmology_repo/edc_book_2/src/sections/04_ontology.tex,114,for coupling. This is encoded in $\mathcal{P}_{\text{chir}}$.
P3_frozen,projection.*operator|\\mathcal\{P\},/Users/igor/ClaudeAI/EDC_Project/elastic-diffusive-cosmology_repo/edc_book_2/src/sections/04_ontology.tex,125,$\ell + \nu$. The chirality projection $\mathcal{P}_{\text{chir}}$ enforces
P3_frozen,projection.*operator|\\mathcal\{P\},/Users/igor/ClaudeAI/EDC_Project/elastic-diffusive-cosmology_repo/edc_book_2/src/sections/12_epistemic_map.tex,67,$+0.782$ MeV & $\mathcal{P}_{\text{energy}}$ & OPEN \\
P3_frozen,projection.*operator|\\mathcal\{P\},/Users/igor/ClaudeAI/EDC_Project/elastic-diffusive-cosmology_repo/edc_book_2/src/sections/12_epistemic_map.tex,69,$-104.4$ MeV & $\mathcal{P}_{\text{energy}}$ & CLOSED \\
P3_frozen,projection.*operator|\\mathcal\{P\},/Users/igor/ClaudeAI/EDC_Project/elastic-diffusive-cosmology_repo/edc_book_2/src/sections/12_epistemic_map.tex,72,$+105.1$ MeV & $\mathcal{P}_{\text{energy}}$ & OPEN \\
P3_frozen,projection.*operator|\\mathcal\{P\},/Users/igor/ClaudeAI/EDC_Project/elastic-diffusive-cosmology_repo/edc_book_2/src/sections/12_epistemic_map.tex,74,--- & $\mathcal{P}_{\text{mode}}$ & FORBIDDEN \\
P3_frozen,projection.*operator|\\mathcal\{P\},/Users/igor/ClaudeAI/EDC_Project/elastic-diffusive-cosmology_repo/edc_book_2/src/sections/12_epistemic_map.tex,77,$+1776/1671$ MeV & $\mathcal{P}_{\text{energy}}$ & OPEN \\
P3_frozen,projection.*operator|\\mathcal\{P\},/Users/igor/ClaudeAI/EDC_Project/elastic-diffusive-cosmology_repo/edc_book_2/src/sections/12_epistemic_map.tex,79,$+1637$ MeV & $\mathcal{P}_{\text{mode}}$ & OPEN \\
P3_frozen,projection.*operator|\\mathcal\{P\},/Users/igor/ClaudeAI/EDC_Project/elastic-diffusive-cosmology_repo/edc_book_2/src/sections/12_epistemic_map.tex,82,$+33.9$ MeV & $\mathcal{P}_{\text{chir}}$ & OPEN \\
P3_frozen,projection.*operator|\\mathcal\{P\},/Users/igor/ClaudeAI/EDC_Project/elastic-diffusive-cosmology_repo/edc_book_2/src/sections/12_epistemic_map.tex,84,$+139.1$ MeV & $\mathcal{P}_{\text{chir}}$ & SUPPRESSED \\
P3_frozen,projection.*operator|\\mathcal\{P\},/Users/igor/ClaudeAI/EDC_Project/elastic-diffusive-cosmology_repo/edc_book_2/src/sections/12_epistemic_map.tex,109,$\mathcal{P}_{\text{energy}}$ \\
P3_frozen,projection.*operator|\\mathcal\{P\},/Users/igor/ClaudeAI/EDC_Project/elastic-diffusive-cosmology_repo/edc_book_2/src/sections/12_epistemic_map.tex,111,$\mathcal{P}_{\text{mode}}$ \\
P3_frozen,projection.*operator|\\mathcal\{P\},/Users/igor/ClaudeAI/EDC_Project/elastic-diffusive-cosmology_repo/edc_book_2/src/sections/12_epistemic_map.tex,113,$\mathcal{P}_{\text{energy}}$ \\
P3_frozen,projection.*operator|\\mathcal\{P\},/Users/igor/ClaudeAI/EDC_Project/elastic-diffusive-cosmology_repo/edc_book_2/src/sections/12_epistemic_map.tex,115,$\mathcal{P}_{\text{chir}}$ \\
P3_frozen,projection.*operator|\\mathcal\{P\},/Users/igor/ClaudeAI/EDC_Project/elastic-diffusive-cosmology_repo/edc_book_2/src/sections/13_summary.tex,24,The projection operator $\mathcal{P}_{\text{frozen}}$ (Section~\ref{sec:unified_pipeline})
P3_frozen,projection.*operator|\\mathcal\{P\},/Users/igor/ClaudeAI/EDC_Project/elastic-diffusive-cosmology_repo/edc_book_2/src/sections/13_summary.tex,159,thick brane provides the arena; the projection operator provides the mechanism;
P3_frozen,projection.*operator|\\mathcal\{P\},/Users/igor/ClaudeAI/EDC_Project/elastic-diffusive-cosmology_repo/edc_book_2/src/sections/02_geometry_interface.tex,117,"energy flow, projection operators, and ledger closure requirements."
P3_frozen,projection.*operator|\\mathcal\{P\},/Users/igor/ClaudeAI/EDC_Project/elastic-diffusive-cosmology_repo/edc_book_2/src/sections/04a_unified_master_figure.tex,23,junction-pair vs edge mode). The energy gate $\mathcal{P}_{\text{energy}}$ enforces
P3_frozen,projection.*operator|\\mathcal\{P\},/Users/igor/ClaudeAI/EDC_Project/elastic-diffusive-cosmology_repo/edc_book_2/src/sections/04a_unified_master_figure.tex,40,This is important: when we say ``$\mathcal{P}_{\text{energy}}$ forbids the
P3_frozen,projection.*operator|\\mathcal\{P\},/Users/igor/ClaudeAI/EDC_Project/elastic-diffusive-cosmology_repo/edc_book_2/src/sections/04a_unified_master_figure.tex,81,a muon in ordinary decay. This is the precise meaning of ``$\mathcal{P}_{\text{energy}}$
P3_frozen,projection.*operator|\\mathcal\{P\},/Users/igor/ClaudeAI/EDC_Project/elastic-diffusive-cosmology_repo/edc_book_2/src/sections/04a_unified_master_figure.tex,105,$\mathcal{P}_{\text{mode}}$ forbids hadronic channels (not kinematics).
P3_frozen,projection.*operator|\\mathcal\{P\},/Users/igor/ClaudeAI/EDC_Project/elastic-diffusive-cosmology_repo/edc_book_2/src/sections/04a_unified_master_figure.tex,108,$\mathcal{P}_{\text{chir}}$ (boundary conditions).
P3_frozen,projection.*operator|\\mathcal\{P\},/Users/igor/ClaudeAI/EDC_Project/elastic-diffusive-cosmology_repo/edc_book_2/src/sections/07_case_tau.tex,19,Larger energy budget opens hadronic channels via $\mathcal{P}_{\mathrm{energy}}$ threshold\\
P3_frozen,projection.*operator|\\mathcal\{P\},/Users/igor/ClaudeAI/EDC_Project/elastic-diffusive-cosmology_repo/edc_book_2/src/sections/07_case_tau.tex,30,\textbullet\ If same $\mathcal{P}_{\mathrm{chir}}$ cannot apply without channel-specific tuning\\
P3_frozen,projection.*operator|\\mathcal\{P\},/Users/igor/ClaudeAI/EDC_Project/elastic-diffusive-cosmology_repo/edc_book_2/src/sections/07_case_tau.tex,227,$\mathcal{P}_{\mathrm{frozen}}$ maps populated modes to 3D outputs.
P3_frozen,projection.*operator|\\mathcal\{P\},/Users/igor/ClaudeAI/EDC_Project/elastic-diffusive-cosmology_repo/edc_book_2/src/sections/07_case_tau.tex,234,\Gamma_{\mathrm{eff}} \;\Rightarrow\; \mathcal{P}_{\mathrm{frozen}} \;\Rightarrow\; \text{allowed outputs}.
P3_frozen,projection.*operator|\\mathcal\{P\},/Users/igor/ClaudeAI/EDC_Project/elastic-diffusive-cosmology_repo/edc_book_2/src/sections/07_case_tau.tex,238,The key difference is that $\mathcal{P}_{\mathrm{energy}}$ and $\mathcal{P}_{\mathrm{mode}}$ now admit a
P3_frozen,projection.*operator|\\mathcal\{P\},/Users/igor/ClaudeAI/EDC_Project/elastic-diffusive-cosmology_repo/edc_book_2/src/sections/07_case_tau.tex,282,"\draw[->, thick, blue!60!black] (diss) -- node[above, font=\scriptsize] {$\mathcal{P}_{\mathrm{frozen}}$} (out);"
P3_frozen,projection.*operator|\\mathcal\{P\},/Users/igor/ClaudeAI/EDC_Project/elastic-diffusive-cosmology_repo/edc_book_2/src/sections/07_case_tau.tex,292,"\node[font=\scriptsize, text=red!60!black, below] at ($(diss.east)!0.5!(out.west) + (0,-0.9)$) {$\mathcal{P}_{\mathrm{chir}}$};"
P3_frozen,projection.*operator|\\mathcal\{P\},/Users/igor/ClaudeAI/EDC_Project/elastic-diffusive-cosmology_repo/edc_book_2/src/sections/07_case_tau.tex,357,\subsubsection{Threshold Gates in the Projection Operator}
P3_frozen,projection.*operator|\\mathcal\{P\},/Users/igor/ClaudeAI/EDC_Project/elastic-diffusive-cosmology_repo/edc_book_2/src/sections/07_case_tau.tex,359,The tau case illustrates how $\mathcal{P}_{\mathrm{energy}}$ acts as a threshold gate:
P3_frozen,projection.*operator|\\mathcal\{P\},/Users/igor/ClaudeAI/EDC_Project/elastic-diffusive-cosmology_repo/edc_book_2/src/sections/07_case_tau.tex,407,filtered through $\mathcal{P}_{\mathrm{frozen}}$.
P3_frozen,projection.*operator|\\mathcal\{P\},/Users/igor/ClaudeAI/EDC_Project/elastic-diffusive-cosmology_repo/edc_book_2/src/sections/07_case_tau.tex,435,"As in \S\ref{subsec:muon_story}, the frozen projection operator includes a chiral"
P3_frozen,projection.*operator|\\mathcal\{P\},/Users/igor/ClaudeAI/EDC_Project/elastic-diffusive-cosmology_repo/edc_book_2/src/sections/07_case_tau.tex,439,\mathcal{P}_{\mathrm{frozen}} = \mathcal{P}_{\mathrm{energy}} \circ
P3_frozen,projection.*operator|\\mathcal\{P\},/Users/igor/ClaudeAI/EDC_Project/elastic-diffusive-cosmology_repo/edc_book_2/src/sections/07_case_tau.tex,440,\mathcal{P}_{\mathrm{mode}} \circ \mathcal{P}_{\mathrm{chir}}
P3_frozen,projection.*operator|\\mathcal\{P\},/Users/igor/ClaudeAI/EDC_Project/elastic-diffusive-cosmology_repo/edc_book_2/src/sections/07_case_tau.tex,462,The derivation of $\mathcal{P}_{\mathrm{chir}}$ from 5D boundary conditions
P3_frozen,projection.*operator|\\mathcal\{P\},/Users/igor/ClaudeAI/EDC_Project/elastic-diffusive-cosmology_repo/edc_book_2/src/sections/07_case_tau.tex,477,where the sum runs over the energies of observer-facing allowed outputs produced by $\mathcal{P}_{\mathrm{frozen}}$.
P3_frozen,projection.*operator|\\mathcal\{P\},/Users/igor/ClaudeAI/EDC_Project/elastic-diffusive-cosmology_repo/edc_book_2/src/sections/07_case_tau.tex,504,\item \textbf{Same projection:} $\mathcal{P}_{\mathrm{frozen}} =
P3_frozen,projection.*operator|\\mathcal\{P\},/Users/igor/ClaudeAI/EDC_Project/elastic-diffusive-cosmology_repo/edc_book_2/src/sections/07_case_tau.tex,505,\mathcal{P}_{\mathrm{energy}} \circ \mathcal{P}_{\mathrm{mode}}
P3_frozen,projection.*operator|\\mathcal\{P\},/Users/igor/ClaudeAI/EDC_Project/elastic-diffusive-cosmology_repo/edc_book_2/src/sections/07_case_tau.tex,506,\circ \mathcal{P}_{\mathrm{chir}}$
P3_frozen,projection.*operator|\\mathcal\{P\},/Users/igor/ClaudeAI/EDC_Project/elastic-diffusive-cosmology_repo/edc_book_2/src/sections/07_case_tau.tex,550,\item \textbf{Derive $\mathcal{P}_{\mathrm{chir}}$ from boundary conditions}
P3_frozen,projection.*operator|\\mathcal\{P\},/Users/igor/ClaudeAI/EDC_Project/elastic-diffusive-cosmology_repo/edc_book_2/src/sections/07_case_tau.tex,581,\item[Threshold gate] $\mathcal{P}_{\mathrm{energy}}$ component that opens channels
P3_frozen,projection.*operator|\\mathcal\{P\},/Users/igor/ClaudeAI/EDC_Project/elastic-diffusive-cosmology_repo/edc_book_2/src/sections/08_case_pion.tex,21,Chiral projection $\mathcal{P}_{\mathrm{chir}}$ produces helicity suppression\\
P3_frozen,projection.*operator|\\mathcal\{P\},/Users/igor/ClaudeAI/EDC_Project/elastic-diffusive-cosmology_repo/edc_book_2/src/sections/08_case_pion.tex,26,releasing into pure leptonic outputs. If the same $\mathcal{P}_{\mathrm{frozen}}$
P3_frozen,projection.*operator|\\mathcal\{P\},/Users/igor/ClaudeAI/EDC_Project/elastic-diffusive-cosmology_repo/edc_book_2/src/sections/08_case_pion.tex,66,\item \textbf{Selection rule test:} Does $\mathcal{P}_{\mathrm{frozen}}$
P3_frozen,projection.*operator|\\mathcal\{P\},/Users/igor/ClaudeAI/EDC_Project/elastic-diffusive-cosmology_repo/edc_book_2/src/sections/08_case_pion.tex,98,$\mathcal{P}_{\mathrm{chir}}$ qualitatively consistent & \tagP{} & Hypothesis \\
P3_frozen,projection.*operator|\\mathcal\{P\},/Users/igor/ClaudeAI/EDC_Project/elastic-diffusive-cosmology_repo/edc_book_2/src/sections/08_case_pion.tex,214,\item[\textbf{(iii)}] \textbf{Release:} The frozen projection $\mathcal{P}_{\mathrm{frozen}}$
P3_frozen,projection.*operator|\\mathcal\{P\},/Users/igor/ClaudeAI/EDC_Project/elastic-diffusive-cosmology_repo/edc_book_2/src/sections/08_case_pion.tex,221,"then released via $\mathcal{P}_{\mathrm{frozen}}$ into lepton + neutrino outputs,"
P3_frozen,projection.*operator|\\mathcal\{P\},/Users/igor/ClaudeAI/EDC_Project/elastic-diffusive-cosmology_repo/edc_book_2/src/sections/08_case_pion.tex,224,\Psi_\pi \;\Rightarrow\; E_{\mathrm{brane/boundary}} \;\Rightarrow\; \mathcal{P}_{\mathrm{frozen}}
P3_frozen,projection.*operator|\\mathcal\{P\},/Users/igor/ClaudeAI/EDC_Project/elastic-diffusive-cosmology_repo/edc_book_2/src/sections/08_case_pion.tex,255,% Projection operator
P3_frozen,projection.*operator|\\mathcal\{P\},/Users/igor/ClaudeAI/EDC_Project/elastic-diffusive-cosmology_repo/edc_book_2/src/sections/08_case_pion.tex,257,"(proj) at (11,0) {$\mathcal{P}_{\mathrm{frozen}}$};"
P3_frozen,projection.*operator|\\mathcal\{P\},/Users/igor/ClaudeAI/EDC_Project/elastic-diffusive-cosmology_repo/edc_book_2/src/sections/08_case_pion.tex,278,The projection operator $\mathcal{P}_{\mathrm{frozen}}$ strongly favors
P3_frozen,projection.*operator|\\mathcal\{P\},/Users/igor/ClaudeAI/EDC_Project/elastic-diffusive-cosmology_repo/edc_book_2/src/sections/08_case_pion.tex,334,"In the EDC framework, the frozen projection operator"
P3_frozen,projection.*operator|\\mathcal\{P\},/Users/igor/ClaudeAI/EDC_Project/elastic-diffusive-cosmology_repo/edc_book_2/src/sections/08_case_pion.tex,336,\mathcal{P}_{\mathrm{frozen}} = \mathcal{P}_{\mathrm{energy}} \circ
P3_frozen,projection.*operator|\\mathcal\{P\},/Users/igor/ClaudeAI/EDC_Project/elastic-diffusive-cosmology_repo/edc_book_2/src/sections/08_case_pion.tex,337,\mathcal{P}_{\mathrm{mode}} \circ \mathcal{P}_{\mathrm{chir}}
P3_frozen,projection.*operator|\\mathcal\{P\},/Users/igor/ClaudeAI/EDC_Project/elastic-diffusive-cosmology_repo/edc_book_2/src/sections/08_case_pion.tex,340,includes a chiral filter $\mathcal{P}_{\mathrm{chir}}$ that acts on
P3_frozen,projection.*operator|\\mathcal\{P\},/Users/igor/ClaudeAI/EDC_Project/elastic-diffusive-cosmology_repo/edc_book_2/src/sections/08_case_pion.tex,353,\item \textbf{Brane response:} The chiral filter $\mathcal{P}_{\mathrm{chir}}$
P3_frozen,projection.*operator|\\mathcal\{P\},/Users/igor/ClaudeAI/EDC_Project/elastic-diffusive-cosmology_repo/edc_book_2/src/sections/08_case_pion.tex,464,The chiral projection $\mathcal{P}_{\mathrm{chir}}$ is hypothesized to
P3_frozen,projection.*operator|\\mathcal\{P\},/Users/igor/ClaudeAI/EDC_Project/elastic-diffusive-cosmology_repo/edc_book_2/src/sections/08_case_pion.tex,480,"$\mathcal{P}_{\mathrm{chir}}$ acts in all weak decays (muon, tau, pion, neutron)."
P3_frozen,projection.*operator|\\mathcal\{P\},/Users/igor/ClaudeAI/EDC_Project/elastic-diffusive-cosmology_repo/edc_book_2/src/sections/08_case_pion.tex,538,"$\mathcal{P}_{\mathrm{chir}}$ predicts $e$-dominance over $\mu$,"
P3_frozen,GL.*fail|Ginzburg.*Landau,/Users/igor/ClaudeAI/EDC_Project/elastic-diffusive-cosmology_repo/edc_book_2/src/sections/02_frozen_regime_foundations.tex,33,\item \textbf{Frozen vs.\ Fluid:} Why Ginzburg-Landau (GL) smooth profiles \emph{fail} (598\% error)
P3_frozen,GL.*fail|Ginzburg.*Landau,/Users/igor/ClaudeAI/EDC_Project/elastic-diffusive-cosmology_repo/edc_book_2/src/sections/02_frozen_regime_foundations.tex,232,\subsection{Fluid (Ginzburg-Landau) Configuration}
P3_frozen,GL.*fail|Ginzburg.*Landau,/Users/igor/ClaudeAI/EDC_Project/elastic-diffusive-cosmology_repo/edc_book_2/src/sections/02_frozen_regime_foundations.tex,240,where $\xi_{\mathrm{GL}}$ is the Ginzburg--Landau coherence length.\footnote{Here $\xi_{\mathrm{GL}}$ denotes the GL coherence length; $\xi$ alone is reserved for the 5D depth coordinate (see Notation
P3_frozen,GL.*fail|Ginzburg.*Landau,/Users/igor/ClaudeAI/EDC_Project/elastic-diffusive-cosmology_repo/edc_book_2/src/sections/02_frozen_regime_foundations.tex,256,"\subsection{Critical Comparison: GL Fails, Frozen Succeeds}"
P3_frozen,GL.*fail|Ginzburg.*Landau,/Users/igor/ClaudeAI/EDC_Project/elastic-diffusive-cosmology_repo/edc_book_2/src/sections/02_frozen_regime_foundations.tex,288,``Ginzburg-Landau'' is a 3D observational/effective description borrowed from condensed
P3_frozen,GL.*fail|Ginzburg.*Landau,/Users/igor/ClaudeAI/EDC_Project/elastic-diffusive-cosmology_repo/edc_book_2/src/bib/part2_backbone.bib,10,% F) Ginzburg-Landau / vortices
P3_frozen,GL.*fail|Ginzburg.*Landau,/Users/igor/ClaudeAI/EDC_Project/elastic-diffusive-cosmology_repo/edc_book_2/src/bib/part2_backbone.bib,198,% F) GINZBURG-LANDAU / VORTICES
P3_frozen,GL.*fail|Ginzburg.*Landau,/Users/igor/ClaudeAI/EDC_Project/elastic-diffusive-cosmology_repo/edc_book_2/src/sections/12_epistemic_map.tex,524,\item \emph{Suppression attempt (OPR-20):} Candidate A predicts $m_\phi \approx 620$ GeV (8$\times$ overshoot). \textbf{Factor-8 forensic:} BC route CLOSED [Dc] (max factor-4). \textbf{Attempt C (
P3_frozen,boundary.*condition|BC.*sharp,/Users/igor/ClaudeAI/EDC_Project/elastic-diffusive-cosmology_repo/edc_book_2/src/Z6_content_full.tex,19,topologijom M$_5$ i boundary conditions koje smo postavili?''}
P3_frozen,boundary.*condition|BC.*sharp,/Users/igor/ClaudeAI/EDC_Project/elastic-diffusive-cosmology_repo/edc_book_2/src/Z6_content_full.tex,27,\textbf{geometrically determined} by the topology of $\mathcal{M}^5$ and the boundary conditions
P3_frozen,boundary.*condition|BC.*sharp,/Users/igor/ClaudeAI/EDC_Project/elastic-diffusive-cosmology_repo/edc_book_2/src/Z6_content_full.tex,36,\item \textbf{``Topologijom M$_5$ i BC''} --- From 5D topology and boundary conditions
P3_frozen,boundary.*condition|BC.*sharp,/Users/igor/ClaudeAI/EDC_Project/elastic-diffusive-cosmology_repo/edc_book_2/src/Z6_content_full.tex,51,boundary conditions?
P3_frozen,boundary.*condition|BC.*sharp,/Users/igor/ClaudeAI/EDC_Project/elastic-diffusive-cosmology_repo/edc_book_2/src/Z6_content_full.tex,69,\item Boundary conditions at thick-brane edges
P3_frozen,boundary.*condition|BC.*sharp,/Users/igor/ClaudeAI/EDC_Project/elastic-diffusive-cosmology_repo/edc_book_2/src/Z6_content_full.tex,148,"\textbf{Key insight:} If boundary conditions have discrete rotational symmetry,"
P3_frozen,boundary.*condition|BC.*sharp,/Users/igor/ClaudeAI/EDC_Project/elastic-diffusive-cosmology_repo/edc_book_2/src/Z6_content_full.tex,155,\begin{postulate}[$\mathbb{Z}_6$-Invariant Boundary Conditions]
P3_frozen,boundary.*condition|BC.*sharp,/Users/igor/ClaudeAI/EDC_Project/elastic-diffusive-cosmology_repo/edc_book_2/src/Z6_content_full.tex,158,The boundary conditions on the thick-brane preserve $\mathbb{Z}_6$ rotational
P3_frozen,boundary.*condition|BC.*sharp,/Users/igor/ClaudeAI/EDC_Project/elastic-diffusive-cosmology_repo/edc_book_2/src/Z6_content_full.tex,171,"If boundary conditions satisfy Postulate \ref{post:z6bc}, then the tensions"
P3_frozen,boundary.*condition|BC.*sharp,/Users/igor/ClaudeAI/EDC_Project/elastic-diffusive-cosmology_repo/edc_book_2/src/Z6_content_full.tex,340,the boundary conditions automatically inherit $\mathbb{Z}_6$ symmetry.
P3_frozen,boundary.*condition|BC.*sharp,/Users/igor/ClaudeAI/EDC_Project/elastic-diffusive-cosmology_repo/edc_book_2/src/Z6_content_full.tex,349,\item \tagDc{} Boundary conditions have $\mathbb{Z}_6$ symmetry
P3_frozen,boundary.*condition|BC.*sharp,/Users/igor/ClaudeAI/EDC_Project/elastic-diffusive-cosmology_repo/edc_book_2/src/Z6_content_full.tex,559,"of the 3D conserved charge). Under the brane boundary conditions, the linearized"
P3_frozen,boundary.*condition|BC.*sharp,/Users/igor/ClaudeAI/EDC_Project/elastic-diffusive-cosmology_repo/edc_book_2/src/Z6_content_full.tex,569,\textbf{Proof sketch:} Self-adjointness + brane boundary conditions $\Rightarrow$
P3_frozen,boundary.*condition|BC.*sharp,/Users/igor/ClaudeAI/EDC_Project/elastic-diffusive-cosmology_repo/edc_book_2/src/Z6_content_full.tex,997,\item Boundary condition adjustment: $\sim 4$ hops (coupling to decay products)
P3_frozen,boundary.*condition|BC.*sharp,/Users/igor/ClaudeAI/EDC_Project/elastic-diffusive-cosmology_repo/edc_book_2/src/sections/ch11_g5_canonical_and_kk.tex,111,subject to boundary conditions at $\xi = 0$ and $\xi=\ell$.
P3_frozen,boundary.*condition|BC.*sharp,/Users/igor/ClaudeAI/EDC_Project/elastic-diffusive-cosmology_repo/edc_book_2/src/sections/ch11_g5_canonical_and_kk.tex,113,\paragraph{Boundary conditions and spectrum.}
P3_frozen,boundary.*condition|BC.*sharp,/Users/igor/ClaudeAI/EDC_Project/elastic-diffusive-cosmology_repo/edc_book_2/src/sections/ch11_g5_canonical_and_kk.tex,136,where $x_1$ is a dimensionless constant depending on boundary conditions:
P3_frozen,boundary.*condition|BC.*sharp,/Users/igor/ClaudeAI/EDC_Project/elastic-diffusive-cosmology_repo/edc_book_2/src/sections/ch11_g5_canonical_and_kk.tex,152,\item Specifying the boundary conditions from physical principles
P3_frozen,boundary.*condition|BC.*sharp,/Users/igor/ClaudeAI/EDC_Project/elastic-diffusive-cosmology_repo/edc_book_2/src/sections/ch11_g5_canonical_and_kk.tex,161,\item[[OPEN]:] The boundary conditions (N/D/mixed) and brane thickness $\ell$
P3_frozen,boundary.*condition|BC.*sharp,/Users/igor/ClaudeAI/EDC_Project/elastic-diffusive-cosmology_repo/edc_book_2/src/sections/ch11_g5_canonical_and_kk.tex,186,depends on boundary conditions. \textbf{Closure path:} derive $\ell$ from
P3_frozen,boundary.*condition|BC.*sharp,/Users/igor/ClaudeAI/EDC_Project/elastic-diffusive-cosmology_repo/edc_book_2/src/sections/ch14_opr21_closure_derivation.tex,238,\subsubsection{Step 4: Boundary Conditions from Israel Junction (Robin BC)}
P3_frozen,boundary.*condition|BC.*sharp,/Users/igor/ClaudeAI/EDC_Project/elastic-diffusive-cosmology_repo/edc_book_2/src/sections/ch14_opr21_closure_derivation.tex,260,"For this to vanish for arbitrary $\delta\Psi$, we need the boundary condition."
P3_frozen,boundary.*condition|BC.*sharp,/Users/igor/ClaudeAI/EDC_Project/elastic-diffusive-cosmology_repo/edc_book_2/src/sections/ch14_opr21_closure_derivation.tex,264,the Robin boundary condition \tagDc{}:
P3_frozen,boundary.*condition|BC.*sharp,/Users/igor/ClaudeAI/EDC_Project/elastic-diffusive-cosmology_repo/edc_book_2/src/sections/ch17_opr19_g5_from_action.tex,464,\item Mode normalization --- depends on boundary conditions
P3_frozen,boundary.*condition|BC.*sharp,/Users/igor/ClaudeAI/EDC_Project/elastic-diffusive-cosmology_repo/edc_book_2/src/sections/03_unified_pipeline.tex,40,The observer-facing boundary condition projects the brane-layer modes into 3D
P3_frozen,boundary.*condition|BC.*sharp,/Users/igor/ClaudeAI/EDC_Project/elastic-diffusive-cosmology_repo/edc_book_2/src/sections/03_unified_pipeline.tex,136,Encodes chirality/helicity selection as a boundary condition effect. The V$-$A
P3_frozen,boundary.*condition|BC.*sharp,/Users/igor/ClaudeAI/EDC_Project/elastic-diffusive-cosmology_repo/edc_book_2/src/figures/fig_pion_process_pipeline.tex,72,EDC: from $\mathcal{P}_{\mathrm{chir}}$ boundary conditions (open)};
P3_frozen,boundary.*condition|BC.*sharp,/Users/igor/ClaudeAI/EDC_Project/elastic-diffusive-cosmology_repo/edc_book_2/src/sections/ch11_opr20_attemptG_BC_provenance.tex,3,% OPR-20 Attempt G_BC: Boundary Condition Provenance for the Weak Mediator
P3_frozen,boundary.*condition|BC.*sharp,/Users/igor/ClaudeAI/EDC_Project/elastic-diffusive-cosmology_repo/edc_book_2/src/sections/ch11_opr20_attemptG_BC_provenance.tex,7,\subsection{Attempt G\_BC: Boundary Condition Provenance}
P3_frozen,boundary.*condition|BC.*sharp,/Users/igor/ClaudeAI/EDC_Project/elastic-diffusive-cosmology_repo/edc_book_2/src/sections/ch11_opr20_attemptG_BC_provenance.tex,12,attempt E ($m_\phi \approx 35$ GeV) arises from different boundary condition
P3_frozen,boundary.*condition|BC.*sharp,/Users/igor/ClaudeAI/EDC_Project/elastic-diffusive-cosmology_repo/edc_book_2/src/sections/ch11_opr20_attemptG_BC_provenance.tex,23,\caption{Boundary condition ledger for OPR-20 attempts}
P3_frozen,boundary.*condition|BC.*sharp,/Users/igor/ClaudeAI/EDC_Project/elastic-diffusive-cosmology_repo/edc_book_2/src/sections/ch11_opr20_attemptG_BC_provenance.tex,116,The Robin boundary condition $f' + \alpha f = 0$ interpolates between Neumann
P3_frozen,boundary.*condition|BC.*sharp,/Users/igor/ClaudeAI/EDC_Project/elastic-diffusive-cosmology_repo/edc_book_2/src/sections/ch11_opr20_factor8_forensic.tex,29,Can this factor-8 be explained by \emph{SM-free} mechanisms---boundary condition
P3_frozen,boundary.*condition|BC.*sharp,/Users/igor/ClaudeAI/EDC_Project/elastic-diffusive-cosmology_repo/edc_book_2/src/sections/ch11_opr20_factor8_forensic.tex,77,\subsubsection{Route B1: Eigenvalue Shift from Boundary Conditions}
P3_frozen,boundary.*condition|BC.*sharp,/Users/igor/ClaudeAI/EDC_Project/elastic-diffusive-cosmology_repo/edc_book_2/src/sections/ch11_opr20_factor8_forensic.tex,80,\paragraph{Standard boundary conditions.}
P3_frozen,boundary.*condition|BC.*sharp,/Users/igor/ClaudeAI/EDC_Project/elastic-diffusive-cosmology_repo/edc_book_2/src/sections/ch11_opr20_factor8_forensic.tex,83,depends on boundary conditions:
P3_frozen,boundary.*condition|BC.*sharp,/Users/igor/ClaudeAI/EDC_Project/elastic-diffusive-cosmology_repo/edc_book_2/src/sections/ch11_opr20_factor8_forensic.tex,99,\paragraph{Robin boundary conditions.}
P3_frozen,boundary.*condition|BC.*sharp,/Users/igor/ClaudeAI/EDC_Project/elastic-diffusive-cosmology_repo/edc_book_2/src/sections/09_va_structure.tex,227,would require modified boundary conditions and could change the spectrum of
P3_frozen,boundary.*condition|BC.*sharp,/Users/igor/ClaudeAI/EDC_Project/elastic-diffusive-cosmology_repo/edc_book_2/src/sections/09_va_structure.tex,457,from the boundary.\footnote{Normalizability conditions depend on the chosen
P3_frozen,boundary.*condition|BC.*sharp,/Users/igor/ClaudeAI/EDC_Project/elastic-diffusive-cosmology_repo/edc_book_2/src/sections/09_va_structure.tex,480,"However, the boundary conditions at $\xi = \ell$ determine which modes survive:"
P3_frozen,boundary.*condition|BC.*sharp,/Users/igor/ClaudeAI/EDC_Project/elastic-diffusive-cosmology_repo/edc_book_2/src/sections/09_va_structure.tex,664,by the detailed shape of the profile/potential and admissible boundary conditions.
P3_frozen,boundary.*condition|BC.*sharp,/Users/igor/ClaudeAI/EDC_Project/elastic-diffusive-cosmology_repo/edc_book_2/src/sections/09_va_structure.tex,911,\section{Boundary Condition Interpretation}
P3_frozen,boundary.*condition|BC.*sharp,/Users/igor/ClaudeAI/EDC_Project/elastic-diffusive-cosmology_repo/edc_book_2/src/sections/09_va_structure.tex,914,There is an equivalent way to state the result: in terms of boundary conditions.
P3_frozen,boundary.*condition|BC.*sharp,/Users/igor/ClaudeAI/EDC_Project/elastic-diffusive-cosmology_repo/edc_book_2/src/sections/09_va_structure.tex,918,The chiral localization can equivalently be viewed through boundary conditions.
P3_frozen,boundary.*condition|BC.*sharp,/Users/igor/ClaudeAI/EDC_Project/elastic-diffusive-cosmology_repo/edc_book_2/src/sections/09_va_structure.tex,922,\paragraph{EDC boundary condition (interpretation).}
P3_frozen,boundary.*condition|BC.*sharp,/Users/igor/ClaudeAI/EDC_Project/elastic-diffusive-cosmology_repo/edc_book_2/src/sections/09_va_structure.tex,935,\textbf{Clarification on BC vs.\ dynamics:} The boundary condition~\eqref{eq:ch9_bc}
P3_frozen,boundary.*condition|BC.*sharp,/Users/igor/ClaudeAI/EDC_Project/elastic-diffusive-cosmology_repo/edc_book_2/src/sections/09_va_structure.tex,946,The MIT bag boundary condition for quark confinement has the form
P3_frozen,boundary.*condition|BC.*sharp,/Users/igor/ClaudeAI/EDC_Project/elastic-diffusive-cosmology_repo/edc_book_2/src/sections/05_case_neutron.tex,103,\textbf{Key idea:} The brane has TWO sets of boundary conditions:
P3_frozen,boundary.*condition|BC.*sharp,/Users/igor/ClaudeAI/EDC_Project/elastic-diffusive-cosmology_repo/edc_book_2/src/sections/05_case_neutron.tex,458,\textbf{Physical interpretation:} The boundary condition at the observer-facing
P3_frozen,boundary.*condition|BC.*sharp,/Users/igor/ClaudeAI/EDC_Project/elastic-diffusive-cosmology_repo/edc_book_2/src/sections/04b_proton_anchor.tex,12,a \emph{local minimum} of an appropriate 5D energy functional under the thick-brane boundary conditions.
P3_frozen,boundary.*condition|BC.*sharp,/Users/igor/ClaudeAI/EDC_Project/elastic-diffusive-cosmology_repo/edc_book_2/src/sections/04b_proton_anchor.tex,61,\item The 120° Steiner angles are geometrically \emph{inevitable} from $\mathbb{Z}_6$-invariant boundary conditions
P3_frozen,boundary.*condition|BC.*sharp,/Users/igor/ClaudeAI/EDC_Project/elastic-diffusive-cosmology_repo/edc_book_2/src/sections/01_how_we_got_here.tex,67,"a ``frozen'' projection step (the observer-facing boundary condition), which can"
P3_frozen,boundary.*condition|BC.*sharp,/Users/igor/ClaudeAI/EDC_Project/elastic-diffusive-cosmology_repo/edc_book_2/src/sections/01_how_we_got_here.tex,92,"in a thick-brane layer, and is then projected through boundary conditions into"
P3_frozen,boundary.*condition|BC.*sharp,/Users/igor/ClaudeAI/EDC_Project/elastic-diffusive-cosmology_repo/edc_book_2/src/sections/ch11_opr20_attemptH2_delta_Rxi_hard_audit.tex,29,The Robin boundary condition that emerges from thick-brane variation has the form
P3_frozen,boundary.*condition|BC.*sharp,/Users/igor/ClaudeAI/EDC_Project/elastic-diffusive-cosmology_repo/edc_book_2/src/sections/ch11_opr20_attemptH2_delta_Rxi_hard_audit.tex,238,the Robin boundary condition. \tagM{}
P3_frozen,boundary.*condition|BC.*sharp,/Users/igor/ClaudeAI/EDC_Project/elastic-diffusive-cosmology_repo/edc_book_2/src/sections/07_ckm_cp.tex,945,\item Asymmetric boundary conditions at the bulk-brane interface
P3_frozen,boundary.*condition|BC.*sharp,/Users/igor/ClaudeAI/EDC_Project/elastic-diffusive-cosmology_repo/edc_book_2/src/sections/04a_unified_master_figure.tex,108,$\mathcal{P}_{\text{chir}}$ (boundary conditions).
P3_frozen,boundary.*condition|BC.*sharp,/Users/igor/ClaudeAI/EDC_Project/elastic-diffusive-cosmology_repo/edc_book_2/src/sections/10_case_neutrino.tex,21,Chirality selection encoded in boundary conditions ($\mathcal{P}_{\mathrm{chir}}$)\\
P3_frozen,boundary.*condition|BC.*sharp,/Users/igor/ClaudeAI/EDC_Project/elastic-diffusive-cosmology_repo/edc_book_2/src/sections/10_case_neutrino.tex,54,\textbf{suppressed by boundary conditions}.
P3_frozen,boundary.*condition|BC.*sharp,/Users/igor/ClaudeAI/EDC_Project/elastic-diffusive-cosmology_repo/edc_book_2/src/sections/10_case_neutrino.tex,61,\item Explains helicity/chirality structure via boundary conditions
P3_frozen,boundary.*condition|BC.*sharp,/Users/igor/ClaudeAI/EDC_Project/elastic-diffusive-cosmology_repo/edc_book_2/src/sections/10_case_neutrino.tex,91,\item \textbf{Boundary-condition sensitivity:} excitations must satisfy
P3_frozen,boundary.*condition|BC.*sharp,/Users/igor/ClaudeAI/EDC_Project/elastic-diffusive-cosmology_repo/edc_book_2/src/sections/10_case_neutrino.tex,155,regions due to boundary conditions
P3_frozen,boundary.*condition|BC.*sharp,/Users/igor/ClaudeAI/EDC_Project/elastic-diffusive-cosmology_repo/edc_book_2/src/sections/10_case_neutrino.tex,162,{Boundary conditions localize mode at interface; chirality filter selects helicity}%
P3_frozen,boundary.*condition|BC.*sharp,/Users/igor/ClaudeAI/EDC_Project/elastic-diffusive-cosmology_repo/edc_book_2/src/sections/10_case_neutrino.tex,175,\textbf{suppressed by boundary conditions} at the interface.'' \tagP{}
P3_frozen,boundary.*condition|BC.*sharp,/Users/igor/ClaudeAI/EDC_Project/elastic-diffusive-cosmology_repo/edc_book_2/src/sections/10_case_neutrino.tex,278,The brane boundary conditions select:
P3_frozen,boundary.*condition|BC.*sharp,/Users/igor/ClaudeAI/EDC_Project/elastic-diffusive-cosmology_repo/edc_book_2/src/sections/10_case_neutrino.tex,285,the boundary condition selects chirality; helicity follows approximately.
P3_frozen,boundary.*condition|BC.*sharp,/Users/igor/ClaudeAI/EDC_Project/elastic-diffusive-cosmology_repo/edc_book_2/src/sections/10_case_neutrino.tex,306,the boundary conditions at the bulk-brane interface. It produces V$-$A
P3_frozen,boundary.*condition|BC.*sharp,/Users/igor/ClaudeAI/EDC_Project/elastic-diffusive-cosmology_repo/edc_book_2/src/sections/10_case_neutrino.tex,322,"\node[font=\scriptsize, purple!70!black] at (0,0) {Boundary conditions at interface};"
P3_frozen,boundary.*condition|BC.*sharp,/Users/igor/ClaudeAI/EDC_Project/elastic-diffusive-cosmology_repo/edc_book_2/src/sections/10_case_neutrino.tex,347,The bulk-brane interface imposes boundary conditions on spinor fields. These
P3_frozen,boundary.*condition|BC.*sharp,/Users/igor/ClaudeAI/EDC_Project/elastic-diffusive-cosmology_repo/edc_book_2/src/sections/10_case_neutrino.tex,348,boundary conditions select a particular chirality for the edge mode. The
P3_frozen,boundary.*condition|BC.*sharp,/Users/igor/ClaudeAI/EDC_Project/elastic-diffusive-cosmology_repo/edc_book_2/src/sections/10_case_neutrino.tex,351,"\item Does not satisfy the boundary conditions (is projected out), or"
P3_frozen,boundary.*condition|BC.*sharp,/Users/igor/ClaudeAI/EDC_Project/elastic-diffusive-cosmology_repo/edc_book_2/src/sections/10_case_neutrino.tex,373,solving the mode equation with appropriate boundary conditions (open).
P3_frozen,boundary.*condition|BC.*sharp,/Users/igor/ClaudeAI/EDC_Project/elastic-diffusive-cosmology_repo/edc_book_2/src/sections/10_case_neutrino.tex,551,"exponentially suppressed by boundary conditions, rather than ``bulk"
P3_frozen,boundary.*condition|BC.*sharp,/Users/igor/ClaudeAI/EDC_Project/elastic-diffusive-cosmology_repo/edc_book_2/src/sections/10_case_neutrino.tex,555,The boundary-condition operator that selects left-handed charged leptons
P3_frozen,boundary.*condition|BC.*sharp,/Users/igor/ClaudeAI/EDC_Project/elastic-diffusive-cosmology_repo/edc_book_2/src/sections/ch10_electroweak_bridge.tex,28,\item Junction physics (Israel matching) determines boundary conditions
P3_frozen,boundary.*condition|BC.*sharp,/Users/igor/ClaudeAI/EDC_Project/elastic-diffusive-cosmology_repo/edc_book_2/src/sections/ch10_electroweak_bridge.tex,91,must satisfy boundary conditions at $\xi = 0$ (bulk-brane interface) and $\xi = \ell$
P3_frozen,boundary.*condition|BC.*sharp,/Users/igor/ClaudeAI/EDC_Project/elastic-diffusive-cosmology_repo/edc_book_2/src/sections/ch10_electroweak_bridge.tex,151,\subsection{Toy Model: How Boundary Conditions Shift Eigenvalues}
P3_frozen,boundary.*condition|BC.*sharp,/Users/igor/ClaudeAI/EDC_Project/elastic-diffusive-cosmology_repo/edc_book_2/src/sections/ch10_electroweak_bridge.tex,438,Robin-type boundary conditions. The parameter $\alpha$ is fixed by 5D physics.
P3_frozen,boundary.*condition|BC.*sharp,/Users/igor/ClaudeAI/EDC_Project/elastic-diffusive-cosmology_repo/edc_book_2/src/sections/ch16_opr04_delta_derivation.tex,175,"Solving with boundary conditions $\phi(\xi \to -\infty) = -v$,"
P3_frozen,boundary.*condition|BC.*sharp,/Users/igor/ClaudeAI/EDC_Project/elastic-diffusive-cosmology_repo/edc_book_2/src/sections/07_case_tau.tex,462,The derivation of $\mathcal{P}_{\mathrm{chir}}$ from 5D boundary conditions
P3_frozen,boundary.*condition|BC.*sharp,/Users/igor/ClaudeAI/EDC_Project/elastic-diffusive-cosmology_repo/edc_book_2/src/sections/07_case_tau.tex,550,\item \textbf{Derive $\mathcal{P}_{\mathrm{chir}}$ from boundary conditions}
P3_frozen,boundary.*condition|BC.*sharp,/Users/igor/ClaudeAI/EDC_Project/elastic-diffusive-cosmology_repo/edc_book_2/src/sections/05_neutron_story.tex,88,"\subsubsection{Trigger Is a Boundary Condition, Not a Timer}"
P3_frozen,boundary.*condition|BC.*sharp,/Users/igor/ClaudeAI/EDC_Project/elastic-diffusive-cosmology_repo/edc_book_2/src/sections/06_case_muon.tex,416,boundary conditions remains (open).
P3_frozen,boundary.*condition|BC.*sharp,/Users/igor/ClaudeAI/EDC_Project/elastic-diffusive-cosmology_repo/edc_book_2/src/sections/06_case_muon.tex,423,into chirality eigenstates. The boundary conditions at $y = +\delta/2$
P3_frozen,boundary.*condition|BC.*sharp,/Users/igor/ClaudeAI/EDC_Project/elastic-diffusive-cosmology_repo/edc_book_2/src/sections/06_case_muon.tex,467,We outline how boundary conditions at $y = +\delta/2$ could induce chirality
P3_frozen,boundary.*condition|BC.*sharp,/Users/igor/ClaudeAI/EDC_Project/elastic-diffusive-cosmology_repo/edc_book_2/src/sections/06_case_muon.tex,471,"boundary. A brane-layer spinor field $\psi(x,y)$ satisfies boundary conditions"
P3_frozen,boundary.*condition|BC.*sharp,/Users/igor/ClaudeAI/EDC_Project/elastic-diffusive-cosmology_repo/edc_book_2/src/sections/06_case_muon.tex,477,This type of condition (analogous to MIT bag boundary conditions) projects
P3_frozen,boundary.*condition|BC.*sharp,/Users/igor/ClaudeAI/EDC_Project/elastic-diffusive-cosmology_repo/edc_book_2/src/sections/06_case_muon.tex,624,\item[MIT bag BC] Boundary condition type for chiral projection sketch
P3_frozen,boundary.*condition|BC.*sharp,/Users/igor/ClaudeAI/EDC_Project/elastic-diffusive-cosmology_repo/edc_book_2/src/sections/08_case_pion.tex,22,Tests whether boundary conditions can produce lepton-mass sensitivity
P3_frozen,boundary.*condition|BC.*sharp,/Users/igor/ClaudeAI/EDC_Project/elastic-diffusive-cosmology_repo/edc_book_2/src/sections/08_case_pion.tex,351,\item \textbf{5D cause:} The brane boundary conditions impose chirality
P3_frozen,boundary.*condition|BC.*sharp,/Users/igor/ClaudeAI/EDC_Project/elastic-diffusive-cosmology_repo/edc_book_2/src/sections/08_case_pion.tex,361,Deriving the $m_\ell^2$ scaling from explicit boundary-condition
P3_frozen,boundary.*condition|BC.*sharp,/Users/igor/ClaudeAI/EDC_Project/elastic-diffusive-cosmology_repo/edc_book_2/src/sections/08_case_pion.tex,375,observed $\mu$-dominance. The explicit boundary-condition computation
P3_frozen,boundary.*condition|BC.*sharp,/Users/igor/ClaudeAI/EDC_Project/elastic-diffusive-cosmology_repo/edc_book_2/src/sections/08_case_pion.tex,465,"arise from brane boundary conditions \tagP{}. For pion decay, the"
P3_frozen,boundary.*condition|BC.*sharp,/Users/igor/ClaudeAI/EDC_Project/elastic-diffusive-cosmology_repo/edc_book_2/src/sections/08_case_pion.tex,476,but the explicit boundary-condition derivation is (open).
P3_frozen,boundary.*condition|BC.*sharp,/Users/igor/ClaudeAI/EDC_Project/elastic-diffusive-cosmology_repo/edc_book_2/src/sections/08_case_pion.tex,560,boundary conditions produce the helicity suppression factor.
P3_frozen,boundary.*condition|BC.*sharp,/Users/igor/ClaudeAI/EDC_Project/elastic-diffusive-cosmology_repo/edc_book_2/src/sections/ch18_opr20_mediator_mass_from_eigenvalue.tex,63,connecting it to OPR-19 (coupling normalization) and OPR-21 (boundary conditions).
P3_frozen,boundary.*condition|BC.*sharp,/Users/igor/ClaudeAI/EDC_Project/elastic-diffusive-cosmology_repo/edc_book_2/src/sections/ch18_opr20_mediator_mass_from_eigenvalue.tex,166,% SECTION 3: BOUNDARY CONDITIONS
P3_frozen,boundary.*condition|BC.*sharp,/Users/igor/ClaudeAI/EDC_Project/elastic-diffusive-cosmology_repo/edc_book_2/src/sections/ch18_opr20_mediator_mass_from_eigenvalue.tex,169,\section{Boundary Conditions}
P3_frozen,boundary.*condition|BC.*sharp,/Users/igor/ClaudeAI/EDC_Project/elastic-diffusive-cosmology_repo/edc_book_2/src/sections/ch18_opr20_mediator_mass_from_eigenvalue.tex,175,"The boundary terms from $\delta S = 0$ yield Robin conditions (cf.\ OPR-21, L3):"
P3_frozen,boundary.*condition|BC.*sharp,/Users/igor/ClaudeAI/EDC_Project/elastic-diffusive-cosmology_repo/edc_book_2/src/sections/ch18_opr20_mediator_mass_from_eigenvalue.tex,309,"For $\tilde{V} = 0$, the eigenvalues depend only on boundary conditions:"
P3_frozen,boundary.*condition|BC.*sharp,/Users/igor/ClaudeAI/EDC_Project/elastic-diffusive-cosmology_repo/edc_book_2/src/CH3_electroweak_parameters.tex,999,"\emph{boundary condition} at the lattice scale, and standard physics"
P3_frozen,boundary.*condition|BC.*sharp,/Users/igor/ClaudeAI/EDC_Project/elastic-diffusive-cosmology_repo/edc_book_2/src/CH3_electroweak_parameters.tex,1101,\textbf{ALLOWED:} Using $\mathbb{Z}_6 \to \sin^2\theta_W = 1/4$ as a geometric boundary condition.\\
P3_frozen,boundary.*condition|BC.*sharp,/Users/igor/ClaudeAI/EDC_Project/elastic-diffusive-cosmology_repo/edc_book_2/src/CH3_electroweak_parameters.tex,1173,"If V$-$A structure arises from a mechanism unrelated to brane boundary conditions,"
P3_frozen,boundary.*condition|BC.*sharp,/Users/igor/ClaudeAI/EDC_Project/elastic-diffusive-cosmology_repo/edc_book_2/src/CH3_electroweak_parameters.tex,1175,\emph{Current status:} V$-$A origin from boundary conditions is plausible but not derived.
P3_frozen,boundary.*condition|BC.*sharp,/Users/igor/ClaudeAI/EDC_Project/elastic-diffusive-cosmology_repo/edc_book_2/src/CH3_electroweak_parameters.tex,1212,This number should emerge from boundary conditions on the dislocation path.
P3_frozen,boundary.*condition|BC.*sharp,/Users/igor/ClaudeAI/EDC_Project/elastic-diffusive-cosmology_repo/edc_book_2/src/sections/02_geometry_interface.tex,25,\subsection{Mechanistic Selection: Boundary Conditions and Couplings}
P3_frozen,boundary.*condition|BC.*sharp,/Users/igor/ClaudeAI/EDC_Project/elastic-diffusive-cosmology_repo/edc_book_2/src/sections/02_geometry_interface.tex,30,\paragraph{1. Boundary conditions.}
P3_frozen,boundary.*condition|BC.*sharp,/Users/igor/ClaudeAI/EDC_Project/elastic-diffusive-cosmology_repo/edc_book_2/src/sections/02_geometry_interface.tex,38,the 5D dynamics and boundary conditions.
P3_frozen,boundary.*condition|BC.*sharp,/Users/igor/ClaudeAI/EDC_Project/elastic-diffusive-cosmology_repo/edc_book_2/src/sections/ch11_opr20_attemptF_mediator_bvp_junction.tex,7,\subsection{Attempt F: Mediator BVP with Junction-Derived Boundary Conditions}
P3_frozen,boundary.*condition|BC.*sharp,/Users/igor/ClaudeAI/EDC_Project/elastic-diffusive-cosmology_repo/edc_book_2/src/sections/ch11_opr20_attemptF_mediator_bvp_junction.tex,11,boundary condition combinations (Attempt C: max factor-4) and that naive multiplication
P3_frozen,boundary.*condition|BC.*sharp,/Users/igor/ClaudeAI/EDC_Project/elastic-diffusive-cosmology_repo/edc_book_2/src/sections/ch11_opr20_attemptF_mediator_bvp_junction.tex,33,"The domain is $\xi \in [0, \ell]$ with boundary conditions to be specified."
P3_frozen,boundary.*condition|BC.*sharp,/Users/igor/ClaudeAI/EDC_Project/elastic-diffusive-cosmology_repo/edc_book_2/src/sections/ch11_opr20_attemptF_mediator_bvp_junction.tex,137,"At the boundary $\xi = 0$ (or $\xi = \ell$), this becomes a Robin condition \tagDc{}:"
P3_frozen,boundary.*condition|BC.*sharp,/Users/igor/ClaudeAI/EDC_Project/elastic-diffusive-cosmology_repo/edc_book_2/src/sections/ch11_opr20_attemptH_delta_equals_Rxi.tex,19,boundary condition equals the diffusion scale $R_\xi$ from Part~I membrane physics.
P3_frozen,boundary.*condition|BC.*sharp,/Users/igor/ClaudeAI/EDC_Project/elastic-diffusive-cosmology_repo/edc_book_2/src/sections/ch11_opr20_attemptH_delta_equals_Rxi.tex,41,The Robin boundary condition $f'(\xi_0) + \alpha f(\xi_0) = 0$ emerges from the
P3_frozen,boundary.*condition|BC.*sharp,/Users/igor/ClaudeAI/EDC_Project/elastic-diffusive-cosmology_repo/edc_book_2/src/sections/ch7_attempt3_cp_phase.tex,89,\item[\textbf{O3:}] Boundary condition phase (MIT-bag type)
P3_frozen,boundary.*condition|BC.*sharp,/Users/igor/ClaudeAI/EDC_Project/elastic-diffusive-cosmology_repo/edc_book_2/src/sections/ch11_opr20_attemptD_interpretation_robin_overcount.tex,166,Attempt C (\S\ref{sec:ch11_attemptC_routes}) showed that Robin boundary conditions
P3_frozen,boundary.*condition|BC.*sharp,/Users/igor/ClaudeAI/EDC_Project/elastic-diffusive-cosmology_repo/edc_book_2/src/sections/06_neutrinos_edge_modes.tex,74,\textbf{Step 5: Same boundary conditions $\Rightarrow$ same chirality.}
P3_frozen,boundary.*condition|BC.*sharp,/Users/igor/ClaudeAI/EDC_Project/elastic-diffusive-cosmology_repo/edc_book_2/src/sections/06_neutrinos_edge_modes.tex,95,\item Right-handed weak coupling: boundary conditions would be wrong
P3_frozen,boundary.*condition|BC.*sharp,/Users/igor/ClaudeAI/EDC_Project/elastic-diffusive-cosmology_repo/edc_book_2/src/sections/06_neutrinos_edge_modes.tex,109,\item Ch.~\ref{ch:va_structure}: Boundary conditions $\Rightarrow$ chirality selection
P3_frozen,boundary.*condition|BC.*sharp,/Users/igor/ClaudeAI/EDC_Project/elastic-diffusive-cosmology_repo/edc_book_2/src/sections/06_neutrinos_edge_modes.tex,117,\item \textbf{IF} boundary conditions select $L$ \textbf{THEN} only $\nu_L$ couples \tagDc{}
P3_frozen,boundary.*condition|BC.*sharp,/Users/igor/ClaudeAI/EDC_Project/elastic-diffusive-cosmology_repo/edc_book_2/src/sections/06_neutrinos_edge_modes.tex,156,left-handed selection from Chapter~\ref{ch:va_structure} boundary conditions;
P3_frozen,boundary.*condition|BC.*sharp,/Users/igor/ClaudeAI/EDC_Project/elastic-diffusive-cosmology_repo/edc_book_2/src/sections/06_neutrinos_edge_modes.tex,266,\item[\ding{51}] Why left-handed only: boundary conditions at $\xi = 0$ select chirality
P3_frozen,boundary.*condition|BC.*sharp,/Users/igor/ClaudeAI/EDC_Project/elastic-diffusive-cosmology_repo/edc_book_2/src/sections/06_neutrinos_edge_modes.tex,349,\item \textbf{Interface} ($\xi \approx 0$): Transition zone where boundary conditions apply
P3_frozen,boundary.*condition|BC.*sharp,/Users/igor/ClaudeAI/EDC_Project/elastic-diffusive-cosmology_repo/edc_book_2/src/sections/06_neutrinos_edge_modes.tex,547,The boundary conditions that select left-handed charged leptons (Ch.~9)
P3_frozen,boundary.*condition|BC.*sharp,/Users/igor/ClaudeAI/EDC_Project/elastic-diffusive-cosmology_repo/edc_book_2/src/sections/06_neutrinos_edge_modes.tex,561,emerges from the same boundary-condition mechanism that produces chiral
P3_frozen,boundary.*condition|BC.*sharp,/Users/igor/ClaudeAI/EDC_Project/elastic-diffusive-cosmology_repo/edc_book_2/src/sections/06_neutrinos_edge_modes.tex,706,"Boundary conditions might select $\nu_R$ instead of $\nu_L$, contradicting"
P3_frozen,boundary.*condition|BC.*sharp,/Users/igor/ClaudeAI/EDC_Project/elastic-diffusive-cosmology_repo/edc_book_2/src/sections/06_neutrinos_edge_modes.tex,737,boundary conditions \tagDc{}
P3_frozen,boundary.*condition|BC.*sharp,/Users/igor/ClaudeAI/EDC_Project/elastic-diffusive-cosmology_repo/edc_book_2/src/sections/06_neutrinos_edge_modes.tex,762,Sterile neutrino coupling & Interface boundary condition modification \\
P3_frozen,boundary.*condition|BC.*sharp,/Users/igor/ClaudeAI/EDC_Project/elastic-diffusive-cosmology_repo/edc_book_2/src/sections/13_summary.tex,71,Boundary condition effect at observer edge \\
P3_frozen,boundary.*condition|BC.*sharp,/Users/igor/ClaudeAI/EDC_Project/elastic-diffusive-cosmology_repo/edc_book_2/src/sections/13_summary.tex,94,\item Derive boundary conditions for spinor modes
P3_frozen,boundary.*condition|BC.*sharp,/Users/igor/ClaudeAI/EDC_Project/elastic-diffusive-cosmology_repo/edc_book_2/src/sections/13_summary.tex,101,\item Derive helicity suppression factor from boundary conditions
P3_frozen,boundary.*condition|BC.*sharp,/Users/igor/ClaudeAI/EDC_Project/elastic-diffusive-cosmology_repo/edc_book_2/src/sections/13_summary.tex,125,\emph{derived} from $\mathbb{Z}_6$-invariant boundary conditions.
P3_frozen,boundary.*condition|BC.*sharp,/Users/igor/ClaudeAI/EDC_Project/elastic-diffusive-cosmology_repo/edc_book_2/src/sections/ch14_bvp_closure_pack.tex,80,Boundary conditions & Eigenvalue $x_1$ (first root) & OPR-22: $G_F$ spine scale \\
P3_frozen,boundary.*condition|BC.*sharp,/Users/igor/ClaudeAI/EDC_Project/elastic-diffusive-cosmology_repo/edc_book_2/src/sections/ch14_bvp_closure_pack.tex,92,\item The boundary conditions are derived from junction physics (not chosen ad hoc)
P3_frozen,boundary.*condition|BC.*sharp,/Users/igor/ClaudeAI/EDC_Project/elastic-diffusive-cosmology_repo/edc_book_2/src/sections/ch14_bvp_closure_pack.tex,166,% BOUNDARY CONDITIONS
P3_frozen,boundary.*condition|BC.*sharp,/Users/igor/ClaudeAI/EDC_Project/elastic-diffusive-cosmology_repo/edc_book_2/src/sections/ch14_bvp_closure_pack.tex,169,\subsubsection{Boundary Conditions}
P3_frozen,boundary.*condition|BC.*sharp,/Users/igor/ClaudeAI/EDC_Project/elastic-diffusive-cosmology_repo/edc_book_2/src/sections/ch14_bvp_closure_pack.tex,172,The BVP requires boundary conditions at each endpoint. The general \textbf{Robin form}
P3_frozen,boundary.*condition|BC.*sharp,/Users/igor/ClaudeAI/EDC_Project/elastic-diffusive-cosmology_repo/edc_book_2/src/sections/ch14_bvp_closure_pack.tex,243,potential $V(\xi)$ and boundary conditions from the 5D action. This is the key
P3_frozen,boundary.*condition|BC.*sharp,/Users/igor/ClaudeAI/EDC_Project/elastic-diffusive-cosmology_repo/edc_book_2/src/sections/ch14_bvp_closure_pack.tex,341,\item \textbf{Derive boundary conditions:} The Israel junction conditions
P3_frozen,boundary.*condition|BC.*sharp,/Users/igor/ClaudeAI/EDC_Project/elastic-diffusive-cosmology_repo/edc_book_2/src/sections/ch14_bvp_closure_pack.tex,1049,\paragraph{Boundary conditions.}
P3_frozen,boundary.*condition|BC.*sharp,/Users/igor/ClaudeAI/EDC_Project/elastic-diffusive-cosmology_repo/edc_book_2/src/sections/ch11_opr20_attemptE_prefactor8_derivation.tex,53,standard boundary conditions alone.
P3_frozen,boundary.*condition|BC.*sharp,/Users/igor/ClaudeAI/EDC_Project/elastic-diffusive-cosmology_repo/edc_book_2/src/sections/04_ontology.tex,87,brane thickness and boundary conditions. The electron is defined as the ground mode
P3_frozen,boundary.*condition|BC.*sharp,/Users/igor/ClaudeAI/EDC_Project/elastic-diffusive-cosmology_repo/edc_book_2/src/sections/04_ontology.tex,129,fact \tagBL{}; EDC interprets it as a consequence of boundary conditions
P3_frozen,boundary.*condition|BC.*sharp,/Users/igor/ClaudeAI/EDC_Project/elastic-diffusive-cosmology_repo/edc_book_2/src/sections/09_case_electron.tex,248,\item \textbf{Chirality filter:} output satisfies brane boundary conditions
P3_frozen,boundary.*condition|BC.*sharp,/Users/igor/ClaudeAI/EDC_Project/elastic-diffusive-cosmology_repo/edc_book_2/src/sections/09_case_electron.tex,428,The brane boundary conditions impose a chirality constraint on outputs:
P3_frozen,boundary.*condition|BC.*sharp,/Users/igor/ClaudeAI/EDC_Project/elastic-diffusive-cosmology_repo/edc_book_2/src/sections/09_case_electron.tex,441,A full treatment of the chiral filter as a boundary-condition
P3_frozen,boundary.*condition|BC.*sharp,/Users/igor/ClaudeAI/EDC_Project/elastic-diffusive-cosmology_repo/edc_book_2/src/sections/02_frozen_regime_foundations.tex,970,\item Ch.~12 (BVP): Uses frozen boundary conditions
P3_frozen,boundary.*condition|BC.*sharp,/Users/igor/ClaudeAI/EDC_Project/elastic-diffusive-cosmology_repo/edc_book_2/src/sections/ch11_g5_ell_suppression_attempt2.tex,116,\item $x_1 \neq \pi$ (different boundary conditions could give $x_1 \approx \pi/8$)
P3_frozen,boundary.*condition|BC.*sharp,/Users/igor/ClaudeAI/EDC_Project/elastic-diffusive-cosmology_repo/edc_book_2/src/sections/ch12_bvp_workpackage.tex,22,"\item Boundary conditions reflect brane microphysics (choice, not derived)"
P3_frozen,boundary.*condition|BC.*sharp,/Users/igor/ClaudeAI/EDC_Project/elastic-diffusive-cosmology_repo/edc_book_2/src/sections/ch12_bvp_workpackage.tex,36,\item \sout{Derive boundary conditions from junction physics (Robin from Israel matching?)} $\to$
P3_frozen,boundary.*condition|BC.*sharp,/Users/igor/ClaudeAI/EDC_Project/elastic-diffusive-cosmology_repo/edc_book_2/src/sections/ch12_bvp_workpackage.tex,129,\textbf{Step 7: Boundary conditions select chirality.}
P3_frozen,boundary.*condition|BC.*sharp,/Users/igor/ClaudeAI/EDC_Project/elastic-diffusive-cosmology_repo/edc_book_2/src/sections/ch12_bvp_workpackage.tex,176,\paragraph{Boundary conditions.}
P3_frozen,boundary.*condition|BC.*sharp,/Users/igor/ClaudeAI/EDC_Project/elastic-diffusive-cosmology_repo/edc_book_2/src/sections/ch12_bvp_workpackage.tex,448,\item Justification for boundary conditions from junction physics
P3_frozen,boundary.*condition|BC.*sharp,/Users/igor/ClaudeAI/EDC_Project/elastic-diffusive-cosmology_repo/edc_book_2/src/sections/ch12_bvp_workpackage.tex,509,\item Determine boundary conditions from physical consistency
P3_frozen,boundary.*condition|BC.*sharp,/Users/igor/ClaudeAI/EDC_Project/elastic-diffusive-cosmology_repo/edc_book_2/src/sections/12_epistemic_map.tex,254,Chirality projection & Boundary conditions select helicity \\
P3_frozen,boundary.*condition|BC.*sharp,/Users/igor/ClaudeAI/EDC_Project/elastic-diffusive-cosmology_repo/edc_book_2/src/sections/12_epistemic_map.tex,306,Helicity suppression factor & Solve Dirac equation with boundary conditions \\
P3_frozen,boundary.*condition|BC.*sharp,/Users/igor/ClaudeAI/EDC_Project/elastic-diffusive-cosmology_repo/edc_book_2/src/sections/ch11_opr20_attemptG_derive_alpha_from_action.tex,10,Attempt~F established that the Robin boundary condition $f' + \alpha f = 0$ emerges
P3_frozen,boundary.*condition|BC.*sharp,/Users/igor/ClaudeAI/EDC_Project/elastic-diffusive-cosmology_repo/edc_book_2/src/sections/11_gf_derivation.tex,15,\item Connection to V$-$A: chirality filter enters via boundary conditions \tagDc{}
P3_frozen,boundary.*condition|BC.*sharp,/Users/igor/ClaudeAI/EDC_Project/elastic-diffusive-cosmology_repo/edc_book_2/src/sections/11_gf_derivation.tex,153,overlap integrals with explicit boundary conditions.
P3_frozen,boundary.*condition|BC.*sharp,/Users/igor/ClaudeAI/EDC_Project/elastic-diffusive-cosmology_repo/edc_book_2/src/sections/11_gf_derivation.tex,220,boundary-condition effects.
P3_frozen,boundary.*condition|BC.*sharp,/Users/igor/ClaudeAI/EDC_Project/elastic-diffusive-cosmology_repo/edc_book_2/src/sections/11_gf_derivation.tex,233,\item Boundary-condition factor $\mathcal{O}_{\text{BC}}$ (chirality filter)
P3_frozen,boundary.*condition|BC.*sharp,/Users/igor/ClaudeAI/EDC_Project/elastic-diffusive-cosmology_repo/edc_book_2/src/sections/11_gf_derivation.tex,480,explicit boundary conditions at both brane faces. Normalize the
P3_frozen,boundary.*condition|BC.*sharp,/Users/igor/ClaudeAI/EDC_Project/elastic-diffusive-cosmology_repo/edc_book_2/src/sections/11_gf_derivation.tex,484,\item \textbf{Boundary-condition factor $\mathcal{O}_{\text{BC}}$:}
P3_frozen,boundary.*condition|BC.*sharp,/Users/igor/ClaudeAI/EDC_Project/elastic-diffusive-cosmology_repo/edc_book_2/src/sections/11_gf_derivation.tex,503,coupling via the boundary-condition factor $\mathcal{O}_{\text{BC}}$.
P3_frozen,boundary.*condition|BC.*sharp,/Users/igor/ClaudeAI/EDC_Project/elastic-diffusive-cosmology_repo/edc_book_2/src/sections/ch11_opr20_attemptH1_mediator_identity.tex,3,% OPR-20a Attempt H1: Mediator Field Identity → Boundary Condition Provenance
P3_frozen,boundary.*condition|BC.*sharp,/Users/igor/ClaudeAI/EDC_Project/elastic-diffusive-cosmology_repo/edc_book_2/src/sections/ch11_opr20_attemptH1_mediator_identity.tex,11,is not an error but a boundary condition choice tied to mediator identity. This
P3_frozen,boundary.*condition|BC.*sharp,/Users/igor/ClaudeAI/EDC_Project/elastic-diffusive-cosmology_repo/edc_book_2/src/sections/ch11_opr20_attemptH1_mediator_identity.tex,13,and what boundary condition does it carry?}
P3_frozen,boundary.*condition|BC.*sharp,/Users/igor/ClaudeAI/EDC_Project/elastic-diffusive-cosmology_repo/edc_book_2/src/sections/ch11_opr20_attemptH1_mediator_identity.tex,335,The boundary condition choice affects OPR-20b ($\alpha$ provenance):
smuggling,PDG|CODATA,/Users/igor/ClaudeAI/EDC_Project/elastic-diffusive-cosmology_repo/edc_book_2/src/EDC_Part_II_Weak_Sector_rebuild.tex,289,empirical values are sourced from CODATA~\cite{CODATA2022} and PDG~\cite{PDG2024}.
smuggling,PDG|CODATA,/Users/igor/ClaudeAI/EDC_Project/elastic-diffusive-cosmology_repo/edc_book_2/src/EDC_Part_II_Weak_Sector_rebuild.tex,316,\tagBL{}  & \textbf{Baseline} --- Accepted external facts (PDG/CODATA). \\
smuggling,PDG|CODATA,/Users/igor/ClaudeAI/EDC_Project/elastic-diffusive-cosmology_repo/edc_book_2/src/EDC_Part_II_Weak_Sector_rebuild.tex,846,\tagBL{} & Baseline & From PDG/CODATA \\
smuggling,PDG|CODATA,/Users/igor/ClaudeAI/EDC_Project/elastic-diffusive-cosmology_repo/edc_book_2/src/_shared/meta/edc_stoplight_legend.tex,61,"\textsf{[BL]} & Baseline: external reference (PDG, CODATA) \\"
smuggling,PDG|CODATA,/Users/igor/ClaudeAI/EDC_Project/elastic-diffusive-cosmology_repo/edc_book_2/src/CH3_electroweak_parameters.tex,22,PDG values~\cite{PDG2024} are used to compare the conditional output at $M_Z$.
smuggling,PDG|CODATA,/Users/igor/ClaudeAI/EDC_Project/elastic-diffusive-cosmology_repo/edc_book_2/src/CH3_electroweak_parameters.tex,106,"Combined with standard RG running to $M_Z = 91.2$ GeV~\cite{PDG2024}, this yields:"
smuggling,PDG|CODATA,/Users/igor/ClaudeAI/EDC_Project/elastic-diffusive-cosmology_repo/edc_book_2/src/CH3_electroweak_parameters.tex,434,\textbf{Experimental value:} $\sin^2\theta_W(M_Z)^{\text{exp}} = 0.2312$~\cite{PDG2024} \tagBL{}
smuggling,PDG|CODATA,/Users/igor/ClaudeAI/EDC_Project/elastic-diffusive-cosmology_repo/edc_book_2/src/CH3_electroweak_parameters.tex,579,\textbf{Experimental:} $M_W^{\text{exp}} = 80.4$ GeV~\cite{PDG2024} \tagBL{} --- \textbf{0.2\% agreement}
smuggling,PDG|CODATA,/Users/igor/ClaudeAI/EDC_Project/elastic-diffusive-cosmology_repo/edc_book_2/src/CH3_electroweak_parameters.tex,586,\textbf{Experimental:} $G_F^{\text{exp}} = 1.166 \times 10^{-5}$ GeV$^{-2}$~\cite{PDG2024} \tagBL{} --- \textbf{exact agreement}
smuggling,PDG|CODATA,/Users/igor/ClaudeAI/EDC_Project/elastic-diffusive-cosmology_repo/edc_book_2/src/CH3_electroweak_parameters.tex,1160,\emph{Current status:} $m_\gamma < 10^{-18}$ eV (PDG limit).
smuggling,PDG|CODATA,/Users/igor/ClaudeAI/EDC_Project/elastic-diffusive-cosmology_repo/edc_book_2/src/bib/part2_backbone.bib,5,% A) Empirical baseline (CODATA/PDG)
smuggling,PDG|CODATA,/Users/igor/ClaudeAI/EDC_Project/elastic-diffusive-cosmology_repo/edc_book_2/src/bib/part2_backbone.bib,20,"@misc{CODATA2022,"
smuggling,PDG|CODATA,/Users/igor/ClaudeAI/EDC_Project/elastic-diffusive-cosmology_repo/edc_book_2/src/bib/part2_backbone.bib,21,"author       = {{CODATA Task Group on Fundamental Constants}},"
smuggling,PDG|CODATA,/Users/igor/ClaudeAI/EDC_Project/elastic-diffusive-cosmology_repo/edc_book_2/src/bib/part2_backbone.bib,22,"title        = {{CODATA} Recommended Values of the Fundamental Physical Constants: 2022},"
smuggling,PDG|CODATA,/Users/igor/ClaudeAI/EDC_Project/elastic-diffusive-cosmology_repo/edc_book_2/src/bib/part2_backbone.bib,29,"@article{PDG2024,"
smuggling,PDG|CODATA,/Users/igor/ClaudeAI/EDC_Project/elastic-diffusive-cosmology_repo/edc_book_2/src/meta_part2/03_research_timeline.tex,33,"Chapter 7 Attempt 1: $Z_3$ DFT baseline computed, falsified against PDG%"
smuggling,PDG|CODATA,/Users/igor/ClaudeAI/EDC_Project/elastic-diffusive-cosmology_repo/edc_book_2/src/meta_part2/01_claim_ledger.tex,20,$\sin^2\theta_W(M_Z) = 0.2314$ after RG running (0.08\% from PDG)%
smuggling,PDG|CODATA,/Users/igor/ClaudeAI/EDC_Project/elastic-diffusive-cosmology_repo/edc_book_2/src/meta_part2/01_claim_ledger.tex,24,$g^2 = 4\pi\alpha/\sin^2\theta_W = 0.4246$ (1.1\% from PDG)%
smuggling,PDG|CODATA,/Users/igor/ClaudeAI/EDC_Project/elastic-diffusive-cosmology_repo/edc_book_2/src/meta_part2/01_claim_ledger.tex,58,}{Eq.~(7.5) — correctly computed but $\times 144$ off from PDG}{\tagDc}
smuggling,PDG|CODATA,/Users/igor/ClaudeAI/EDC_Project/elastic-diffusive-cosmology_repo/edc_book_2/src/meta_part2/04_evidence_map.tex,68,"PDG 2024 & CKM matrix values, $\sin^2\theta_W(M_Z)$, $G_F$, $M_W$ \\"
smuggling,PDG|CODATA,/Users/igor/ClaudeAI/EDC_Project/elastic-diffusive-cosmology_repo/edc_book_2/src/meta_part2/04_evidence_map.tex,69,"CODATA 2018 & $\alpha$, $\hbar$, $c$ \\"
smuggling,PDG|CODATA,/Users/igor/ClaudeAI/EDC_Project/elastic-diffusive-cosmology_repo/edc_book_2/src/sections/ch6_pmns_attempt1.tex,85,\subsubsection{Comparison with PDG Data}
smuggling,PDG|CODATA,/Users/igor/ClaudeAI/EDC_Project/elastic-diffusive-cosmology_repo/edc_book_2/src/sections/ch6_pmns_attempt1.tex,94,\textbf{Angle} & \textbf{DFT Prediction} & \textbf{PDG 2024} \tagBL{} & \textbf{Ratio} & \textbf{Status} \\
smuggling,PDG|CODATA,/Users/igor/ClaudeAI/EDC_Project/elastic-diffusive-cosmology_repo/edc_book_2/src/sections/ch6_pmns_attempt1.tex,195,DFT vs.\ PDG comparison & \textcolor{red}{FALSIFIED} & --- & Factor 15 off \\
smuggling,PDG|CODATA,/Users/igor/ClaudeAI/EDC_Project/elastic-diffusive-cosmology_repo/edc_book_2/src/sections/ch7_attempt4_cp_refinement.tex,11,structure can refine $\delta$ toward the PDG value of $65°$ while preserving the successful
smuggling,PDG|CODATA,/Users/igor/ClaudeAI/EDC_Project/elastic-diffusive-cosmology_repo/edc_book_2/src/sections/ch7_attempt4_cp_refinement.tex,103,This achieves $\delta = 60°$ (within 5° of PDG) while preserving $J \simeq 2.9 \times 10^{-5}$.
smuggling,PDG|CODATA,/Users/igor/ClaudeAI/EDC_Project/elastic-diffusive-cosmology_repo/edc_book_2/src/sections/ch7_attempt4_cp_refinement.tex,135,"\delta_{\text{pred}} &= 67° \quad \text{(PDG: 65°, error 2°)} \notag \\"
smuggling,PDG|CODATA,/Users/igor/ClaudeAI/EDC_Project/elastic-diffusive-cosmology_repo/edc_book_2/src/sections/ch7_attempt4_cp_refinement.tex,136,"J_{\text{pred}} &= 3.05 \times 10^{-5} \quad \text{(PDG: 3.08×10$^{-5}$, error 1\%)}"
smuggling,PDG|CODATA,/Users/igor/ClaudeAI/EDC_Project/elastic-diffusive-cosmology_repo/edc_book_2/src/sections/ch7_attempt4_cp_refinement.tex,156,"$\delta = 60°$ (5° from PDG), $J$ within 5\% of PDG \tagDc{} + \tagI{}."
smuggling,PDG|CODATA,/Users/igor/ClaudeAI/EDC_Project/elastic-diffusive-cosmology_repo/edc_book_2/src/sections/ch7_attempt4_cp_refinement.tex,182,$\delta$ prediction & YELLOW & \textbf{YELLOW (60°)} & Improved: 5° from PDG \\
smuggling,PDG|CODATA,/Users/igor/ClaudeAI/EDC_Project/elastic-diffusive-cosmology_repo/edc_book_2/src/sections/ch7_attempt4_cp_refinement.tex,230,"compared to PDG values $\delta = 65°$, $J = 3.08 \times 10^{-5}$."
smuggling,PDG|CODATA,/Users/igor/ClaudeAI/EDC_Project/elastic-diffusive-cosmology_repo/edc_book_2/src/sections/05_case_neutron.tex,13,Decay: $n \to p + e^- + \bar\nu_e$ with $\tau_n = 879.4 \pm 0.6$ s (PDG 2024)\\
smuggling,PDG|CODATA,/Users/igor/ClaudeAI/EDC_Project/elastic-diffusive-cosmology_repo/edc_book_2/src/sections/05_case_neutron.tex,649,1.293$ MeV \tagBL{} (PDG neutron--proton mass difference).
smuggling,PDG|CODATA,/Users/igor/ClaudeAI/EDC_Project/elastic-diffusive-cosmology_repo/edc_book_2/src/sections/05_case_neutron.tex,675,$|\Delta E_{\mathrm{bulk}}| \approx 1.293$ MeV (PDG)} \\
smuggling,PDG|CODATA,/Users/igor/ClaudeAI/EDC_Project/elastic-diffusive-cosmology_repo/edc_book_2/src/sections/05_case_neutron.tex,763,Neutron lifetime $\tau_n$ & $879.4 \pm 0.6$ s & \tagBL{} & PDG 2024 \\
smuggling,PDG|CODATA,/Users/igor/ClaudeAI/EDC_Project/elastic-diffusive-cosmology_repo/edc_book_2/src/sections/05_case_neutron.tex,764,Mass difference $\Delta m_{np}$ & 1.293 MeV & \tagBL{} & CODATA \\
smuggling,PDG|CODATA,/Users/igor/ClaudeAI/EDC_Project/elastic-diffusive-cosmology_repo/edc_book_2/src/sections/07_ckm_cp.tex,78,(5° from PDG 65°) \tagDc{}.
smuggling,PDG|CODATA,/Users/igor/ClaudeAI/EDC_Project/elastic-diffusive-cosmology_repo/edc_book_2/src/sections/07_ckm_cp.tex,103,Predicts $|V_{ub}| \approx 0.0094$ (vs.\ PDG $0.0037$): factor 2.5 overshoot.
smuggling,PDG|CODATA,/Users/igor/ClaudeAI/EDC_Project/elastic-diffusive-cosmology_repo/edc_book_2/src/sections/07_ckm_cp.tex,116,Resolution: $\mathbb{Z}_2$ sign selection produces $\delta = 60°$ (5° from PDG 65°).
smuggling,PDG|CODATA,/Users/igor/ClaudeAI/EDC_Project/elastic-diffusive-cosmology_repo/edc_book_2/src/sections/07_ckm_cp.tex,186,\paragraph{PDG 2024 magnitudes.}
smuggling,PDG|CODATA,/Users/igor/ClaudeAI/EDC_Project/elastic-diffusive-cosmology_repo/edc_book_2/src/sections/07_ckm_cp.tex,195,\label{eq:ch7_ckm_pdg}
smuggling,PDG|CODATA,/Users/igor/ClaudeAI/EDC_Project/elastic-diffusive-cosmology_repo/edc_book_2/src/sections/07_ckm_cp.tex,216,then compare to PDG data to quantify the required breaking.
smuggling,PDG|CODATA,/Users/igor/ClaudeAI/EDC_Project/elastic-diffusive-cosmology_repo/edc_book_2/src/sections/07_ckm_cp.tex,263,which is $\times 2.6$ larger than PDG ($|V_{us}| \approx 0.225$).
smuggling,PDG|CODATA,/Users/igor/ClaudeAI/EDC_Project/elastic-diffusive-cosmology_repo/edc_book_2/src/sections/07_ckm_cp.tex,304,\subsection{Comparison with PDG Data}
smuggling,PDG|CODATA,/Users/igor/ClaudeAI/EDC_Project/elastic-diffusive-cosmology_repo/edc_book_2/src/sections/07_ckm_cp.tex,309,\caption{CKM: DFT baseline vs.\ PDG magnitudes}
smuggling,PDG|CODATA,/Users/igor/ClaudeAI/EDC_Project/elastic-diffusive-cosmology_repo/edc_book_2/src/sections/07_ckm_cp.tex,313,\textbf{Element} & \textbf{DFT} & \textbf{PDG 2024} \tagBL{} & \textbf{Ratio} & \textbf{Status} \\
smuggling,PDG|CODATA,/Users/igor/ClaudeAI/EDC_Project/elastic-diffusive-cosmology_repo/edc_book_2/src/sections/07_ckm_cp.tex,356,From the PDG data \tagBL{}:
smuggling,PDG|CODATA,/Users/igor/ClaudeAI/EDC_Project/elastic-diffusive-cosmology_repo/edc_book_2/src/sections/07_ckm_cp.tex,550,\textbf{Overlap type} & \textbf{Predicted scaling} & \textbf{Numerical} & \textbf{CKM elements} & \textbf{PDG} \\
smuggling,PDG|CODATA,/Users/igor/ClaudeAI/EDC_Project/elastic-diffusive-cosmology_repo/edc_book_2/src/sections/07_ckm_cp.tex,562,PDG shows $|V_{cb}| \approx 0.04 \sim \lambda^2$. This indicates that the
smuggling,PDG|CODATA,/Users/igor/ClaudeAI/EDC_Project/elastic-diffusive-cosmology_repo/edc_book_2/src/sections/07_ckm_cp.tex,712,\paragraph{Comparison with PDG:}
smuggling,PDG|CODATA,/Users/igor/ClaudeAI/EDC_Project/elastic-diffusive-cosmology_repo/edc_book_2/src/sections/07_ckm_cp.tex,714,\frac{|V_{ub}|_{\text{pred}}}{|V_{ub}|_{\text{PDG}}}
smuggling,PDG|CODATA,/Users/igor/ClaudeAI/EDC_Project/elastic-diffusive-cosmology_repo/edc_book_2/src/sections/07_ckm_cp.tex,726,"\item PDG shows $|V_{ub}| \approx 0.0037$, which is $\approx 0.4 \times$ the product"
smuggling,PDG|CODATA,/Users/igor/ClaudeAI/EDC_Project/elastic-diffusive-cosmology_repo/edc_book_2/src/sections/07_ckm_cp.tex,830,"$|V_{ub}| \approx 0.0094$, while PDG gives $0.0037$. This section analyzes"
smuggling,PDG|CODATA,/Users/igor/ClaudeAI/EDC_Project/elastic-diffusive-cosmology_repo/edc_book_2/src/sections/07_ckm_cp.tex,862,$|V_{ub}|$ (PDG) & $0.0094$ & $0.0037$ & $\times 2.5$ \\
smuggling,PDG|CODATA,/Users/igor/ClaudeAI/EDC_Project/elastic-diffusive-cosmology_repo/edc_book_2/src/sections/07_ckm_cp.tex,960,\item Baseline facts: PDG 2024 CKM values \tagBL{}
smuggling,PDG|CODATA,/Users/igor/ClaudeAI/EDC_Project/elastic-diffusive-cosmology_repo/edc_book_2/src/sections/07_ckm_cp.tex,976,\item[\ding{51}] $\mathbb{Z}_2$ sign selection produces $\delta = 60°$ (5° from PDG) \tagDc{}
smuggling,PDG|CODATA,/Users/igor/ClaudeAI/EDC_Project/elastic-diffusive-cosmology_repo/edc_book_2/src/sections/07_ckm_cp.tex,999,"Predicts $|V_{ub}| \approx 0.0094$, overshoots PDG by factor 2.5."
smuggling,PDG|CODATA,/Users/igor/ClaudeAI/EDC_Project/elastic-diffusive-cosmology_repo/edc_book_2/src/sections/07_ckm_cp.tex,1005,"Jarlskog $J = 2.9 \times 10^{-5}$ predicted (PDG: $3.1 \times 10^{-5}$), 6\% agreement."
smuggling,PDG|CODATA,/Users/igor/ClaudeAI/EDC_Project/elastic-diffusive-cosmology_repo/edc_book_2/src/sections/07_ckm_cp.tex,1025,DFT vs.\ PDG comparison & \textcolor{red}{FALSIFIED} & --- \\
smuggling,PDG|CODATA,/Users/igor/ClaudeAI/EDC_Project/elastic-diffusive-cosmology_repo/edc_book_2/src/sections/ch7_z2_parity_origin.tex,138,PDG comparison ($\delta = 65°$) & \tagBL{} & Evaluation only \\
smuggling,PDG|CODATA,/Users/igor/ClaudeAI/EDC_Project/elastic-diffusive-cosmology_repo/edc_book_2/src/sections/ch7_z2_parity_origin.tex,155,$\delta_{\text{PDG}} = 65°$. May require:
smuggling,PDG|CODATA,/Users/igor/ClaudeAI/EDC_Project/elastic-diffusive-cosmology_repo/edc_book_2/src/sections/07_case_tau.tex,187,\caption{Tau lepton properties (PDG 2024) \tagBL{}}
smuggling,PDG|CODATA,/Users/igor/ClaudeAI/EDC_Project/elastic-diffusive-cosmology_repo/edc_book_2/src/sections/ch15_opr01_sigma_anchor_derivation.tex,38,\item[$\times$] Any CODATA-fitted constants
smuggling,PDG|CODATA,/Users/igor/ClaudeAI/EDC_Project/elastic-diffusive-cosmology_repo/edc_book_2/src/sections/ch6_pmns_attempt3_z6_refinement.tex,18,\sin^2\theta_{12}^{\text{A3}} &= 0.137 \quad \text{vs.} \quad 0.307 \text{ (PDG)} \quad \textcolor{red}{\text{[RED]}} \\
smuggling,PDG|CODATA,/Users/igor/ClaudeAI/EDC_Project/elastic-diffusive-cosmology_repo/edc_book_2/src/sections/ch6_pmns_attempt3_z6_refinement.tex,19,\sin^2\theta_{13}^{\text{A3}} &= 0.0075 \quad \text{vs.} \quad 0.022 \text{ (PDG)} \quad \textcolor{red}{\text{[RED]}}
smuggling,PDG|CODATA,/Users/igor/ClaudeAI/EDC_Project/elastic-diffusive-cosmology_repo/edc_book_2/src/sections/ch6_pmns_attempt3_z6_refinement.tex,68,\multicolumn{2}{l}{\textbf{PDG 2024 [BL]}} & — & 0.307 & 0.546 & 0.022 & — \\
smuggling,PDG|CODATA,/Users/igor/ClaudeAI/EDC_Project/elastic-diffusive-cosmology_repo/edc_book_2/src/sections/ch6_pmns_attempt3_z6_refinement.tex,100,Angle & Model & PDG & Status \\
smuggling,PDG|CODATA,/Users/igor/ClaudeAI/EDC_Project/elastic-diffusive-cosmology_repo/edc_book_2/src/sections/09_va_structure.tex,639,bounded~\cite{PDG2024}:
smuggling,PDG|CODATA,/Users/igor/ClaudeAI/EDC_Project/elastic-diffusive-cosmology_repo/edc_book_2/src/sections/10_case_neutrino.tex,182,\subsubsection{PDG Baselines}
smuggling,PDG|CODATA,/Users/igor/ClaudeAI/EDC_Project/elastic-diffusive-cosmology_repo/edc_book_2/src/sections/10_case_neutrino.tex,187,\caption{Neutrino baseline properties (PDG 2024) \tagBL{}}
smuggling,PDG|CODATA,/Users/igor/ClaudeAI/EDC_Project/elastic-diffusive-cosmology_repo/edc_book_2/src/sections/ch6_pmns_attempt2.tex,78,\caption{Track A results vs.\ PDG 2024 \tagBL{}}
smuggling,PDG|CODATA,/Users/igor/ClaudeAI/EDC_Project/elastic-diffusive-cosmology_repo/edc_book_2/src/sections/ch6_pmns_attempt2.tex,85,PDG 2024 \tagBL{} & 0.307 & 0.546 & 0.022 & --- & --- \\
smuggling,PDG|CODATA,/Users/igor/ClaudeAI/EDC_Project/elastic-diffusive-cosmology_repo/edc_book_2/src/sections/09_case_electron.tex,59,\item We do \textbf{not} derive $m_e = 0.511$ MeV; this is \tagBL{} (PDG).
smuggling,PDG|CODATA,/Users/igor/ClaudeAI/EDC_Project/elastic-diffusive-cosmology_repo/edc_book_2/src/sections/09_case_electron.tex,153,\subsubsection{PDG Baselines}
smuggling,PDG|CODATA,/Users/igor/ClaudeAI/EDC_Project/elastic-diffusive-cosmology_repo/edc_book_2/src/sections/09_case_electron.tex,158,\caption{Electron baseline properties (PDG 2024) \tagBL{}}
smuggling,PDG|CODATA,/Users/igor/ClaudeAI/EDC_Project/elastic-diffusive-cosmology_repo/edc_book_2/src/sections/09_case_electron.tex,182,with $Q$-value $Q_\beta = 1.293$ MeV \tagBL{} (PDG).
smuggling,PDG|CODATA,/Users/igor/ClaudeAI/EDC_Project/elastic-diffusive-cosmology_repo/edc_book_2/src/sections/06_neutrinos_edge_modes.tex,197,DFT vs.\ PDG & $\sin^2\theta_{13}^{\text{DFT}} = 0.333$ &
smuggling,PDG|CODATA,/Users/igor/ClaudeAI/EDC_Project/elastic-diffusive-cosmology_repo/edc_book_2/src/sections/06_neutrinos_edge_modes.tex,217,\textbf{Observable} & \textbf{Value (PDG 2024)} & \textbf{Puzzle} \\
smuggling,PDG|CODATA,/Users/igor/ClaudeAI/EDC_Project/elastic-diffusive-cosmology_repo/edc_book_2/src/sections/06_neutrinos_edge_modes.tex,580,The observed mixing angles (PDG 2024) \tagBL{}:
smuggling,PDG|CODATA,/Users/igor/ClaudeAI/EDC_Project/elastic-diffusive-cosmology_repo/edc_book_2/src/sections/ch6_pmns_attempt4_menu.tex,61,\textbf{PDG 2024} & $[$BL$]$ & 0.307 & 0.546 & 0.022 & — & — \\
smuggling,PDG|CODATA,/Users/igor/ClaudeAI/EDC_Project/elastic-diffusive-cosmology_repo/edc_book_2/src/sections/ch6_pmns_attempt4_menu.tex,92,achieves all three angles within 3\% of PDG values:
smuggling,PDG|CODATA,/Users/igor/ClaudeAI/EDC_Project/elastic-diffusive-cosmology_repo/edc_book_2/src/sections/ch6_pmns_attempt4_menu.tex,96,Angle & Model & PDG & Status \\
smuggling,PDG|CODATA,/Users/igor/ClaudeAI/EDC_Project/elastic-diffusive-cosmology_repo/edc_book_2/src/sections/ch6_pmns_attempt4_menu.tex,111,"\item $\theta_{12}^0 = 33.7°$: \textbf{Identified [I]} — matches PDG exactly, but no geometric"
smuggling,PDG|CODATA,/Users/igor/ClaudeAI/EDC_Project/elastic-diffusive-cosmology_repo/edc_book_2/src/sections/ch19_opr22_geff_from_exchange.tex,45,\item Any numerical comparison to PDG values is labeled ``external comparison only''
smuggling,PDG|CODATA,/Users/igor/ClaudeAI/EDC_Project/elastic-diffusive-cosmology_repo/edc_book_2/src/sections/ch19_opr22_geff_from_exchange.tex,751,The measured Fermi constant is (PDG 2024):
smuggling,PDG|CODATA,/Users/igor/ClaudeAI/EDC_Project/elastic-diffusive-cosmology_repo/edc_book_2/src/sections/ch11_opr20_attemptD_interpretation_robin_overcount.tex,50,"\item[\ding{55}] PDG mixing angles ($\theta_{13}$, $\theta_W$, etc.)"
smuggling,PDG|CODATA,/Users/igor/ClaudeAI/EDC_Project/elastic-diffusive-cosmology_repo/edc_book_2/src/sections/ch11_opr20_attemptD_interpretation_robin_overcount.tex,51,\item[\ding{55}] Fitting $\ell$ to match PDG values
smuggling,PDG|CODATA,/Users/igor/ClaudeAI/EDC_Project/elastic-diffusive-cosmology_repo/edc_book_2/src/sections/ch6_pmns_attempt4_2_theta12_origin.tex,21,\item PDG sin$^2\theta_{12} = 0.307$ is used ONLY for \emph{evaluation} AFTER prediction
smuggling,PDG|CODATA,/Users/igor/ClaudeAI/EDC_Project/elastic-diffusive-cosmology_repo/edc_book_2/src/sections/ch6_pmns_attempt4_2_theta12_origin.tex,22,\item The PDG-exact value $\theta_{12} = 33.7°$ is \textbf{not} a candidate
smuggling,PDG|CODATA,/Users/igor/ClaudeAI/EDC_Project/elastic-diffusive-cosmology_repo/edc_book_2/src/sections/ch6_pmns_attempt4_2_theta12_origin.tex,55,\caption{Attempt 4.2: $\theta_{12}$ candidates and comparison to PDG}
smuggling,PDG|CODATA,/Users/igor/ClaudeAI/EDC_Project/elastic-diffusive-cosmology_repo/edc_book_2/src/sections/ch6_pmns_attempt4_2_theta12_origin.tex,60,\textbf{PDG} & \textbf{Error} & \textbf{Status} \\
smuggling,PDG|CODATA,/Users/igor/ClaudeAI/EDC_Project/elastic-diffusive-cosmology_repo/edc_book_2/src/sections/ch6_pmns_attempt4_2_theta12_origin.tex,67,PDG target & $33.65$ & $0.307$ & --- & --- & \tagBL{} \\
smuggling,PDG|CODATA,/Users/igor/ClaudeAI/EDC_Project/elastic-diffusive-cosmology_repo/edc_book_2/src/sections/ch6_pmns_attempt4_2_theta12_origin.tex,72,\paragraph{Key observation: PDG sits between T1 and T2.}
smuggling,PDG|CODATA,/Users/igor/ClaudeAI/EDC_Project/elastic-diffusive-cosmology_repo/edc_book_2/src/sections/ch6_pmns_attempt4_2_theta12_origin.tex,74,\item T1 (35.26°) \emph{overshoots} PDG (33.65°) by $1.6°$
smuggling,PDG|CODATA,/Users/igor/ClaudeAI/EDC_Project/elastic-diffusive-cosmology_repo/edc_book_2/src/sections/ch6_pmns_attempt4_2_theta12_origin.tex,75,\item T2 (32.00°) \emph{undershoots} PDG by $1.7°$
smuggling,PDG|CODATA,/Users/igor/ClaudeAI/EDC_Project/elastic-diffusive-cosmology_repo/edc_book_2/src/sections/ch6_pmns_attempt4_2_theta12_origin.tex,94,PDG targets & $0.307$ & $0.546$ & $0.022$ & --- \\
smuggling,PDG|CODATA,/Users/igor/ClaudeAI/EDC_Project/elastic-diffusive-cosmology_repo/edc_book_2/src/sections/ch6_pmns_attempt4_2_theta12_origin.tex,123,T2 has marginally better numerical fit. Both bracket the PDG value.
smuggling,PDG|CODATA,/Users/igor/ClaudeAI/EDC_Project/elastic-diffusive-cosmology_repo/edc_book_2/src/sections/ch6_pmns_attempt4_2_theta12_origin.tex,142,\textbf{Both T1 and T2 achieve GREEN ($<10\%$ error) without PDG-smuggling.}
smuggling,PDG|CODATA,/Users/igor/ClaudeAI/EDC_Project/elastic-diffusive-cosmology_repo/edc_book_2/src/sections/ch6_pmns_attempt4_2_theta12_origin.tex,148,"both $\sim 8.5\%$ from PDG, neither calibrated"
smuggling,PDG|CODATA,/Users/igor/ClaudeAI/EDC_Project/elastic-diffusive-cosmology_repo/edc_book_2/src/sections/ch6_pmns_attempt4_2_theta12_origin.tex,157,\item Neither candidate exactly hits PDG ($\pm 1.6°$ bracketing)
smuggling,PDG|CODATA,/Users/igor/ClaudeAI/EDC_Project/elastic-diffusive-cosmology_repo/edc_book_2/src/sections/ch6_pmns_attempt4_2_theta12_origin.tex,165,\textbf{Complete PMNS picture (no PDG-smuggling):}
smuggling,PDG|CODATA,/Users/igor/ClaudeAI/EDC_Project/elastic-diffusive-cosmology_repo/edc_book_2/src/sections/ch6_pmns_attempt4_2_theta12_origin.tex,168,geometry (3\% from PDG)
smuggling,PDG|CODATA,/Users/igor/ClaudeAI/EDC_Project/elastic-diffusive-cosmology_repo/edc_book_2/src/sections/ch6_pmns_attempt4_2_theta12_origin.tex,170,$\sin^2\theta_{13} = 0.025$ (15\% from PDG)
smuggling,PDG|CODATA,/Users/igor/ClaudeAI/EDC_Project/elastic-diffusive-cosmology_repo/edc_book_2/src/sections/ch6_pmns_attempt4_2_theta12_origin.tex,172,$\sin^2\theta_{12} = 0.333$ (8.6\% from PDG)
smuggling,PDG|CODATA,/Users/igor/ClaudeAI/EDC_Project/elastic-diffusive-cosmology_repo/edc_book_2/src/sections/ch6_pmns_attempt4_2_theta12_origin.tex,178,"provides geometric origin for solar angle ($<10\%$ from PDG, no fit);"
smuggling,PDG|CODATA,/Users/igor/ClaudeAI/EDC_Project/elastic-diffusive-cosmology_repo/edc_book_2/src/sections/ch6_pmns_attempt4_2_theta12_origin.tex,185,$\theta_{12}$: $\arctan(1/\sqrt{2})$)---none calibrated to PDG.}
smuggling,PDG|CODATA,/Users/igor/ClaudeAI/EDC_Project/elastic-diffusive-cosmology_repo/edc_book_2/src/sections/ch11_opr20_attemptE_prefactor8_derivation.tex,88,"\item[\ding{55}] Any PDG weak-scale numbers to define $\ell$, $x_1$, or $R_\xi$"
smuggling,PDG|CODATA,/Users/igor/ClaudeAI/EDC_Project/elastic-diffusive-cosmology_repo/edc_book_2/src/sections/ch14_bvp_closure_pack.tex,29,\item Calibration to PDG values (forbidden by design)
smuggling,PDG|CODATA,/Users/igor/ClaudeAI/EDC_Project/elastic-diffusive-cosmology_repo/edc_book_2/src/sections/ch14_bvp_closure_pack.tex,93,\item The spectrum is computed without calibrating to PDG masses
smuggling,PDG|CODATA,/Users/igor/ClaudeAI/EDC_Project/elastic-diffusive-cosmology_repo/edc_book_2/src/sections/ch14_bvp_closure_pack.tex,390,"The derivation must \emph{not} use 3D observables (PDG masses, $M_W$, $G_F$) to"
smuggling,PDG|CODATA,/Users/igor/ClaudeAI/EDC_Project/elastic-diffusive-cosmology_repo/edc_book_2/src/sections/ch14_bvp_closure_pack.tex,425,\item No calibration to PDG values
smuggling,PDG|CODATA,/Users/igor/ClaudeAI/EDC_Project/elastic-diffusive-cosmology_repo/edc_book_2/src/sections/ch14_bvp_closure_pack.tex,566,match $N_{\text{bound}} = 3$ or any PDG value
smuggling,PDG|CODATA,/Users/igor/ClaudeAI/EDC_Project/elastic-diffusive-cosmology_repo/edc_book_2/src/sections/ch14_bvp_closure_pack.tex,921,If $V(\xi)$ or BCs are tuned to reproduce PDG masses $\to$ no predictive power.
smuggling,PDG|CODATA,/Users/igor/ClaudeAI/EDC_Project/elastic-diffusive-cosmology_repo/edc_book_2/src/sections/ch14_bvp_closure_pack.tex,922,\emph{Next step:} Derive parameters from membrane physics only; compare to PDG \emph{after}.
smuggling,PDG|CODATA,/Users/igor/ClaudeAI/EDC_Project/elastic-diffusive-cosmology_repo/edc_book_2/src/sections/ch14_bvp_closure_pack.tex,1218,"All parameters are chosen \emph{a priori}. No fitting to PDG, $M_W$, $G_F$, or"
smuggling,PDG|CODATA,/Users/igor/ClaudeAI/EDC_Project/elastic-diffusive-cosmology_repo/edc_book_2/src/sections/ch14_bvp_closure_pack.tex,1249,nor does it use PDG inputs to define thresholds or counts. It is included to illustrate
smuggling,PDG|CODATA,/Users/igor/ClaudeAI/EDC_Project/elastic-diffusive-cosmology_repo/edc_book_2/src/sections/ch11_opr20_attemptG_derive_alpha_from_action.tex,215,\item[$\times$] PDG mixing angles
smuggling,PDG|CODATA,/Users/igor/ClaudeAI/EDC_Project/elastic-diffusive-cosmology_repo/edc_book_2/src/sections/02_frozen_regime_foundations.tex,42,\item \textbf{Mass ratio:} $m_p/m_e = 6\pi^5 = 1836.118...$ with 0.0018\% error vs.\ CODATA \tagDc{}.
smuggling,PDG|CODATA,/Users/igor/ClaudeAI/EDC_Project/elastic-diffusive-cosmology_repo/edc_book_2/src/sections/02_frozen_regime_foundations.tex,782,"\textbf{Measured:} $1836.15267343 \pm 0.00000011$ (CODATA 2022, low-energy)\\"
smuggling,PDG|CODATA,/Users/igor/ClaudeAI/EDC_Project/elastic-diffusive-cosmology_repo/edc_book_2/src/sections/02_frozen_regime_foundations.tex,795,CODATA $m_p/m_e$ & $1836.15267343$ & $\pm 0.00000011$ \\
smuggling,PDG|CODATA,/Users/igor/ClaudeAI/EDC_Project/elastic-diffusive-cosmology_repo/edc_book_2/src/sections/02_frozen_regime_foundations.tex,797,\textbf{EDC vs CODATA} & & \textbf{0.0018\%} \\
smuggling,PDG|CODATA,/Users/igor/ClaudeAI/EDC_Project/elastic-diffusive-cosmology_repo/edc_book_2/src/sections/02_frozen_regime_foundations.tex,873,"\textbf{Measured:} $\alpha^{-1} = 137.035999177 \pm 0.000000021$ (CODATA 2022, low-energy limit)\\"
smuggling,PDG|CODATA,/Users/igor/ClaudeAI/EDC_Project/elastic-diffusive-cosmology_repo/edc_book_2/src/sections/02_frozen_regime_foundations.tex,885,CODATA 2022 & $\alpha = 0.00729735...$ & $137.036$ \\
smuggling,PDG|CODATA,/Users/igor/ClaudeAI/EDC_Project/elastic-diffusive-cosmology_repo/edc_book_2/src/sections/12_epistemic_map.tex,42,Z$_2$ selection yields $\delta\simeq60^\circ$ \textbf{YELLOW [Dc]+[I]} (5° from PDG) with $J\simeq2.9\times10^{-5}$.
smuggling,PDG|CODATA,/Users/igor/ClaudeAI/EDC_Project/elastic-diffusive-cosmology_repo/edc_book_2/src/sections/12_epistemic_map.tex,124,All values are \tagBL{} (PDG 2024). The ``Ontology'' and ``Dominant Gate'' columns
smuggling,PDG|CODATA,/Users/igor/ClaudeAI/EDC_Project/elastic-diffusive-cosmology_repo/edc_book_2/src/sections/12_epistemic_map.tex,180,Neutron mass & $m_n = 939.565$ MeV & PDG \\
smuggling,PDG|CODATA,/Users/igor/ClaudeAI/EDC_Project/elastic-diffusive-cosmology_repo/edc_book_2/src/sections/12_epistemic_map.tex,181,Proton mass & $m_p = 938.272$ MeV & PDG \\
smuggling,PDG|CODATA,/Users/igor/ClaudeAI/EDC_Project/elastic-diffusive-cosmology_repo/edc_book_2/src/sections/12_epistemic_map.tex,182,Electron mass & $m_e = 0.511$ MeV & PDG \\
smuggling,PDG|CODATA,/Users/igor/ClaudeAI/EDC_Project/elastic-diffusive-cosmology_repo/edc_book_2/src/sections/12_epistemic_map.tex,183,Muon mass & $m_\mu = 105.66$ MeV & PDG \\
smuggling,PDG|CODATA,/Users/igor/ClaudeAI/EDC_Project/elastic-diffusive-cosmology_repo/edc_book_2/src/sections/12_epistemic_map.tex,184,Tau mass & $m_\tau = 1776.9$ MeV & PDG \\
smuggling,PDG|CODATA,/Users/igor/ClaudeAI/EDC_Project/elastic-diffusive-cosmology_repo/edc_book_2/src/sections/12_epistemic_map.tex,185,Pion mass & $m_{\pi^\pm} = 139.57$ MeV & PDG \\
smuggling,PDG|CODATA,/Users/igor/ClaudeAI/EDC_Project/elastic-diffusive-cosmology_repo/edc_book_2/src/sections/12_epistemic_map.tex,197,Neutron & $\tau_n \approx 880$ s & PDG \\
smuggling,PDG|CODATA,/Users/igor/ClaudeAI/EDC_Project/elastic-diffusive-cosmology_repo/edc_book_2/src/sections/12_epistemic_map.tex,198,Muon & $\tau_\mu \approx 2.2 \times 10^{-6}$ s & PDG \\
smuggling,PDG|CODATA,/Users/igor/ClaudeAI/EDC_Project/elastic-diffusive-cosmology_repo/edc_book_2/src/sections/12_epistemic_map.tex,199,Tau & $\tau_\tau \approx 2.9 \times 10^{-13}$ s & PDG \\
smuggling,PDG|CODATA,/Users/igor/ClaudeAI/EDC_Project/elastic-diffusive-cosmology_repo/edc_book_2/src/sections/12_epistemic_map.tex,200,Pion & $\tau_\pi \approx 2.6 \times 10^{-8}$ s & PDG \\
smuggling,PDG|CODATA,/Users/igor/ClaudeAI/EDC_Project/elastic-diffusive-cosmology_repo/edc_book_2/src/sections/12_epistemic_map.tex,201,Electron & $> 10^{28}$ years & PDG (limit) \\
smuggling,PDG|CODATA,/Users/igor/ClaudeAI/EDC_Project/elastic-diffusive-cosmology_repo/edc_book_2/src/sections/12_epistemic_map.tex,231,Fermi constant & $G_F = 1.166 \times 10^{-5}~\text{GeV}^{-2}$ & PDG \\
smuggling,PDG|CODATA,/Users/igor/ClaudeAI/EDC_Project/elastic-diffusive-cosmology_repo/edc_book_2/src/sections/12_epistemic_map.tex,232,$W$ boson mass & $M_W = 80.4$ GeV & PDG \\
smuggling,PDG|CODATA,/Users/igor/ClaudeAI/EDC_Project/elastic-diffusive-cosmology_repo/edc_book_2/src/sections/12_epistemic_map.tex,233,Fine structure const. & $\alpha \approx 1/137$ & CODATA \\
smuggling,PDG|CODATA,/Users/igor/ClaudeAI/EDC_Project/elastic-diffusive-cosmology_repo/edc_book_2/src/sections/12_epistemic_map.tex,424,"OPR-05b & PMNS $\theta_{13}$/$\varepsilon$ & \textcolor{YellowOrange}{\textbf{YELLOW}} [BL$\to$Dc] & $\varepsilon = \lambda/\sqrt{2}$, 15\% from PDG \\"
smuggling,PDG|CODATA,/Users/igor/ClaudeAI/EDC_Project/elastic-diffusive-cosmology_repo/edc_book_2/src/sections/12_epistemic_map.tex,427,OPR-12 & CP phase $\delta$ & \textcolor{YellowOrange}{\textbf{YELLOW}} [Dc]+[I] & $\delta = 60°$ (5° from PDG); Phase Cancellation Thm \\
smuggling,PDG|CODATA,/Users/igor/ClaudeAI/EDC_Project/elastic-diffusive-cosmology_repo/edc_book_2/src/sections/12_epistemic_map.tex,440,\item \textcolor{YellowOrange}{\textbf{Partial:}} $\delta = 60°$ (5° from PDG) via $\mathbb{Z}_2$ sign selection; $J = 2.9 \times 10^{-5}$ (6\%) \tagDc{}+\tagI{}
smuggling,PDG|CODATA,/Users/igor/ClaudeAI/EDC_Project/elastic-diffusive-cosmology_repo/edc_book_2/src/sections/12_epistemic_map.tex,448,\item \textcolor{YellowOrange}{\textbf{Partial:}} $\varepsilon = \lambda/\sqrt{2}$ (Attempt~4.1) predicts reactor scale (15\%); $\theta_{12} = \arctan(1/\sqrt{2})$ (Attempt~4.2) provides geometric
smuggling,PDG|CODATA,/Users/igor/ClaudeAI/EDC_Project/elastic-diffusive-cosmology_repo/edc_book_2/src/sections/12_epistemic_map.tex,486,\item \emph{Status:} Attempt~4 + Z$_2$ parity origin completed; $\delta = 60°$ (5° from PDG); OPR-11 upgraded to YELLOW [Dc]+[P]
smuggling,PDG|CODATA,/Users/igor/ClaudeAI/EDC_Project/elastic-diffusive-cosmology_repo/edc_book_2/src/sections/12_epistemic_map.tex,494,"\item \emph{Status:} Attempts~2--4.2 completed; all three angles now have geometric mechanisms, none calibrated to PDG"
smuggling,PDG|CODATA,/Users/igor/ClaudeAI/EDC_Project/elastic-diffusive-cosmology_repo/edc_book_2/src/sections/12_epistemic_map.tex,498,\item \emph{Result (Attempt~4.1):} $\varepsilon = \lambda/\sqrt{2}$ predicts $\sin^2\theta_{13} = 0.025$ (15\% from PDG) \emph{without fitting} [BL$\to$Dc]
smuggling,PDG|CODATA,/Users/igor/ClaudeAI/EDC_Project/elastic-diffusive-cosmology_repo/edc_book_2/src/sections/12_epistemic_map.tex,499,\item \emph{Result (Attempt~4.2):} $\theta_{12} = \arctan(1/\sqrt{2}) = 35.26°$ provides geometric origin ($8.6\%$ from PDG) \tagDc{}---unified $\sqrt{2}$ factor with $\varepsilon$
smuggling,PDG|CODATA,/Users/igor/ClaudeAI/EDC_Project/elastic-diffusive-cosmology_repo/edc_book_2/src/sections/12_epistemic_map.tex,504,"\textbf{PMNS closure:} OPR-05a GREEN ($\theta_{23}$ from $\mathbb{Z}_6$, 3\%), OPR-05b YELLOW ($\varepsilon = \lambda/\sqrt{2} \to \theta_{13}$, 15\%), OPR-05c YELLOW ($\theta_{12} = \arctan(1/\sqrt{2"
smuggling,PDG|CODATA,/Users/igor/ClaudeAI/EDC_Project/elastic-diffusive-cosmology_repo/edc_book_2/src/sections/ch7_attempt3_cp_phase.tex,30,"sign selection mechanism, yielding $\delta = 60°$ (5° from PDG)."
smuggling,PDG|CODATA,/Users/igor/ClaudeAI/EDC_Project/elastic-diffusive-cosmology_repo/edc_book_2/src/sections/ch7_attempt3_cp_phase.tex,55,\label{eq:ch7_J_pdg} \\
smuggling,PDG|CODATA,/Users/igor/ClaudeAI/EDC_Project/elastic-diffusive-cosmology_repo/edc_book_2/src/sections/ch7_attempt3_cp_phase.tex,57,\label{eq:ch7_delta_pdg} \\
smuggling,PDG|CODATA,/Users/igor/ClaudeAI/EDC_Project/elastic-diffusive-cosmology_repo/edc_book_2/src/sections/ch7_attempt3_cp_phase.tex,59,\label{eq:ch7_rhoeta_pdg}
smuggling,PDG|CODATA,/Users/igor/ClaudeAI/EDC_Project/elastic-diffusive-cosmology_repo/edc_book_2/src/sections/ch7_attempt3_cp_phase.tex,77,"Allow exactly one new parameter calibrated to one PDG input ($\delta$,"
smuggling,PDG|CODATA,/Users/igor/ClaudeAI/EDC_Project/elastic-diffusive-cosmology_repo/edc_book_2/src/sections/ch7_attempt3_cp_phase.tex,158,\textbf{Comparison:} $J_{\text{PDG}} = 3.08 \times 10^{-5}$ --- agreement within \textbf{6\%}!
smuggling,PDG|CODATA,/Users/igor/ClaudeAI/EDC_Project/elastic-diffusive-cosmology_repo/edc_book_2/src/sections/ch7_attempt3_cp_phase.tex,195,"This predicts $\delta = \phi/2 \approx 67°$, compared to PDG $\delta \approx 65°$"
smuggling,PDG|CODATA,/Users/igor/ClaudeAI/EDC_Project/elastic-diffusive-cosmology_repo/edc_book_2/src/sections/ch7_attempt3_cp_phase.tex,206,"\item Track A (O4): predicts $\delta = 120°$, PDG gives $\delta \approx 65°$"
smuggling,PDG|CODATA,/Users/igor/ClaudeAI/EDC_Project/elastic-diffusive-cosmology_repo/edc_book_2/src/sections/ch7_attempt3_cp_phase.tex,285,"Z3 gives $120°$, PDG gives $65°$. Need mechanism to reduce"
smuggling,PDG|CODATA,/Users/igor/ClaudeAI/EDC_Project/elastic-diffusive-cosmology_repo/edc_book_2/src/sections/ch7_attempt3_cp_phase.tex,289,Currently uses PDG magnitudes for $|V_{ub}|$. Need to derive the
smuggling,PDG|CODATA,/Users/igor/ClaudeAI/EDC_Project/elastic-diffusive-cosmology_repo/edc_book_2/src/sections/ch7_attempt3_cp_phase.tex,294,"Z3 gives $\arg(\omega) = 120°$, but PDG $\arctan(\bar\eta/\bar\rho) \approx 65°$."
smuggling,PDG|CODATA,/Users/igor/ClaudeAI/EDC_Project/elastic-diffusive-cosmology_repo/edc_book_2/src/sections/ch7_attempt3_cp_phase.tex,318,\item Attempt~4 predicts $\delta = 60°$ (5° from PDG 65°) with
smuggling,PDG|CODATA,/Users/igor/ClaudeAI/EDC_Project/elastic-diffusive-cosmology_repo/edc_book_2/src/sections/ch7_attempt3_cp_phase.tex,319,$J \simeq 2.9 \times 10^{-5}$ (5\% from PDG).
smuggling,PDG|CODATA,/Users/igor/ClaudeAI/EDC_Project/elastic-diffusive-cosmology_repo/edc_book_2/src/sections/ch6_pmns_attempt4_1_derive_epsilon.tex,21,\item We compare predicted $\theta_{13}$ to PDG \emph{after} the prediction
smuggling,PDG|CODATA,/Users/igor/ClaudeAI/EDC_Project/elastic-diffusive-cosmology_repo/edc_book_2/src/sections/ch6_pmns_attempt4_1_derive_epsilon.tex,59,\textbf{PDG} & \textbf{Error} & \textbf{Status} \\
smuggling,PDG|CODATA,/Users/igor/ClaudeAI/EDC_Project/elastic-diffusive-cosmology_repo/edc_book_2/src/sections/ch6_pmns_attempt4_1_derive_epsilon.tex,66,PDG target & $0.148$ & $0.022$ & --- & --- & \tagBL{} \\
smuggling,PDG|CODATA,/Users/igor/ClaudeAI/EDC_Project/elastic-diffusive-cosmology_repo/edc_book_2/src/sections/ch6_pmns_attempt4_1_derive_epsilon.tex,73,(excluding the PDG-exact value $33.7°$):
smuggling,PDG|CODATA,/Users/igor/ClaudeAI/EDC_Project/elastic-diffusive-cosmology_repo/edc_book_2/src/sections/ch6_pmns_attempt4_1_derive_epsilon.tex,86,PDG targets & $0.307$ & $0.546$ & $0.022$ & --- \\
smuggling,PDG|CODATA,/Users/igor/ClaudeAI/EDC_Project/elastic-diffusive-cosmology_repo/edc_book_2/src/sections/ch6_pmns_attempt4_1_derive_epsilon.tex,91,"\textbf{Key finding:} With $\theta_{12}^0 = 35°$ (a discrete candidate, not PDG-smuggling)"
smuggling,PDG|CODATA,/Users/igor/ClaudeAI/EDC_Project/elastic-diffusive-cosmology_repo/edc_book_2/src/sections/ch6_pmns_attempt4_1_derive_epsilon.tex,102,"$\times 2.7$ smaller than PDG. For C2 to work, the $\kappa$ ratio would need to be"
smuggling,PDG|CODATA,/Users/igor/ClaudeAI/EDC_Project/elastic-diffusive-cosmology_repo/edc_book_2/src/sections/ch6_pmns_attempt4_1_derive_epsilon.tex,120,"\item Predicts $\sin^2\theta_{13} = 0.025$ (15\% from PDG)---not exact, but right scale"
smuggling,PDG|CODATA,/Users/igor/ClaudeAI/EDC_Project/elastic-diffusive-cosmology_repo/edc_book_2/src/sections/ch6_pmns_attempt4_1_derive_epsilon.tex,144,"Wolfenstein scale $\lambda = 0.225$ \tagBL{}, without calibrating to PDG $\theta_{13}$."
smuggling,PDG|CODATA,/Users/igor/ClaudeAI/EDC_Project/elastic-diffusive-cosmology_repo/edc_book_2/src/sections/ch6_pmns_attempt4_1_derive_epsilon.tex,145,"With discrete $\theta_{12}^0 = 35°$, all three PMNS angles match PDG within 15\%."
smuggling,PDG|CODATA,/Users/igor/ClaudeAI/EDC_Project/elastic-diffusive-cosmology_repo/edc_book_2/src/sections/ch6_pmns_attempt4_1_derive_epsilon.tex,159,$\sin^2\theta_{13} \approx 0.025$ (15\% high vs PDG) without tuning; combined with
smuggling,PDG|CODATA,/Users/igor/ClaudeAI/EDC_Project/elastic-diffusive-cosmology_repo/edc_book_2/src/sections/11_gf_derivation.tex,282,\sin^2\theta_W(M_Z) &= 0.2314 \quad \text{(0.08\% from PDG)} \\
smuggling,PDG|CODATA,/Users/igor/ClaudeAI/EDC_Project/elastic-diffusive-cosmology_repo/edc_book_2/src/sections/11_gf_derivation.tex,320,"PDG at 0.08\%. \textbf{This} is the non-trivial, falsifiable prediction."
smuggling,PDG|CODATA,/Users/igor/ClaudeAI/EDC_Project/elastic-diffusive-cosmology_repo/edc_book_2/src/sections/11_gf_derivation.tex,537,"\item Baseline facts: $\alpha$, $G_F$, $v$ from PDG/CODATA \tagBL{}"
smuggling,PDG|CODATA,/Users/igor/ClaudeAI/EDC_Project/elastic-diffusive-cosmology_repo/edc_book_2/src/sections/11_gf_derivation.tex,550,\item[\ding{51}] $\sin^2\theta_W(M_Z) = 0.2314$ (0.08\% from PDG) \tagDer{}
smuggling,PDG|CODATA,/Users/igor/ClaudeAI/EDC_Project/elastic-diffusive-cosmology_repo/edc_book_2/src/sections/11_gf_derivation.tex,621,"with PDG at \textbf{0.08\%}. This is a non-trivial, falsifiable prediction."
smuggling,PDG|CODATA,/Users/igor/ClaudeAI/EDC_Project/elastic-diffusive-cosmology_repo/edc_book_2/src/sections/ch11_gf_full_closure_plan.tex,151,"\item Comparison to PDG values \emph{after} prediction (evaluation, not fitting)"
smuggling,PDG|CODATA,/Users/igor/ClaudeAI/EDC_Project/elastic-diffusive-cosmology_repo/edc_book_2/src/sections/ch11_gf_full_closure_plan.tex,190,RG-run value matches PDG at 0.08\%. Falsifiable. &
smuggling,PDG|CODATA,/Users/igor/ClaudeAI/EDC_Project/elastic-diffusive-cosmology_repo/edc_book_2/src/sections/ch11_gf_full_closure_plan.tex,236,G_F^{\text{PDG}} = 1.1664 \times 10^{-5} \text{ GeV}^{-2}
smuggling,PDG|CODATA,/Users/igor/ClaudeAI/EDC_Project/elastic-diffusive-cosmology_repo/edc_book_2/src/sections/ch11_gf_full_closure_plan.tex,330,$\square$ & Compare to PDG & — & Check $G_F$ prediction \\
smuggling,PDG|CODATA,/Users/igor/ClaudeAI/EDC_Project/elastic-diffusive-cosmology_repo/edc_book_2/src/sections/05_three_generations.tex,514,"\item Baseline: $N_{\text{gen}} = 3$ observed (LEP, PDG) \tagBL{}"
smuggling,PDG|CODATA,/Users/igor/ClaudeAI/EDC_Project/elastic-diffusive-cosmology_repo/edc_book_2/src/sections/05_three_generations.tex,584,"$N_{\text{gen}} = 3$ observed & \tagBL{} & PDG, LEP \\"
smuggling,PDG|CODATA,/Users/igor/ClaudeAI/EDC_Project/elastic-diffusive-cosmology_repo/edc_book_2/src/sections/08_case_pion.tex,90,Helicity suppression $\Gamma \propto m_\ell^2$ & \tagBL{} & SM/PDG \\
smuggling,PDG|CODATA,/Users/igor/ClaudeAI/EDC_Project/elastic-diffusive-cosmology_repo/edc_book_2/src/sections/08_case_pion.tex,91,$\mu$-channel dominance ($99.99\%$) & \tagBL{} & PDG 2024 \\
smuggling,PDG|CODATA,/Users/igor/ClaudeAI/EDC_Project/elastic-diffusive-cosmology_repo/edc_book_2/src/sections/08_case_pion.tex,92,Radiative channels exist & \tagBL{} & PDG 2024 \\
smuggling,PDG|CODATA,/Users/igor/ClaudeAI/EDC_Project/elastic-diffusive-cosmology_repo/edc_book_2/src/sections/08_case_pion.tex,93,"$m_\pi$, $\tau_\pi$ values & \tagBL{} & PDG 2024 \\"
smuggling,PDG|CODATA,/Users/igor/ClaudeAI/EDC_Project/elastic-diffusive-cosmology_repo/edc_book_2/src/sections/08_case_pion.tex,174,\caption{Charged pion properties (PDG 2024) \tagBL{}}
smuggling,M_Z|M_W|G_F,/Users/igor/ClaudeAI/EDC_Project/elastic-diffusive-cosmology_repo/edc_book_2/src/EDC_Part_II_Weak_Sector_rebuild.tex,348,"\textbf{Standard Model terms} (e.g., $W^\pm$, $G_F$, V--A) appear throughout as"
smuggling,M_Z|M_W|G_F,/Users/igor/ClaudeAI/EDC_Project/elastic-diffusive-cosmology_repo/edc_book_2/src/EDC_Part_II_Weak_Sector_rebuild.tex,370,"4 & Electroweak Parameters & $\sin^2\theta_W$, $g^2$, $M_W$ \\"
smuggling,M_Z|M_W|G_F,/Users/igor/ClaudeAI/EDC_Project/elastic-diffusive-cosmology_repo/edc_book_2/src/EDC_Part_II_Weak_Sector_rebuild.tex,376,10 & The Fermi Constant & $G_F$ pathway \\
smuggling,M_Z|M_W|G_F,/Users/igor/ClaudeAI/EDC_Project/elastic-diffusive-cosmology_repo/edc_book_2/src/EDC_Part_II_Weak_Sector_rebuild.tex,378,12 & $G_F$ Closure Attempts & OPR-19/20 work packages \\
smuggling,M_Z|M_W|G_F,/Users/igor/ClaudeAI/EDC_Project/elastic-diffusive-cosmology_repo/edc_book_2/src/EDC_Part_II_Weak_Sector_rebuild.tex,450,"\textit{Derivation of $g^2$, $\sin^2\theta_W$, $G_F$, and $\tau_n$ from EDC first principles.}"
smuggling,M_Z|M_W|G_F,/Users/igor/ClaudeAI/EDC_Project/elastic-diffusive-cosmology_repo/edc_book_2/src/EDC_Part_II_Weak_Sector_rebuild.tex,510,\textit{Structural pathway and numerical closure for $G_F$.}
smuggling,M_Z|M_W|G_F,/Users/igor/ClaudeAI/EDC_Project/elastic-diffusive-cosmology_repo/edc_book_2/src/EDC_Part_II_Weak_Sector_rebuild.tex,552,% CHAPTER 11: G_F CLOSURE ATTEMPTS (NEW)
smuggling,M_Z|M_W|G_F,/Users/igor/ClaudeAI/EDC_Project/elastic-diffusive-cosmology_repo/edc_book_2/src/EDC_Part_II_Weak_Sector_rebuild.tex,554,\chapter{$G_F$ Chain Closure Attempts}
smuggling,M_Z|M_W|G_F,/Users/igor/ClaudeAI/EDC_Project/elastic-diffusive-cosmology_repo/edc_book_2/src/EDC_Part_II_Weak_Sector_rebuild.tex,558,\textit{Detailed record of OPR-19/20 derivation attempts for the $G_F$ chain:
smuggling,M_Z|M_W|G_F,/Users/igor/ClaudeAI/EDC_Project/elastic-diffusive-cosmology_repo/edc_book_2/src/EDC_Part_II_Weak_Sector_rebuild.tex,684,Neutron lifetime & From $G_F$ (circular) & WKB tunneling (geometric) \\
smuggling,M_Z|M_W|G_F,/Users/igor/ClaudeAI/EDC_Project/elastic-diffusive-cosmology_repo/edc_book_2/src/EDC_Part_II_Weak_Sector_rebuild.tex,689,"$\sin^2\theta_W(M_Z)$ & 0.2312 (input) & 0.2314 (predicted, 0.08\% error) \\"
smuggling,M_Z|M_W|G_F,/Users/igor/ClaudeAI/EDC_Project/elastic-diffusive-cosmology_repo/edc_book_2/src/EDC_Part_II_Weak_Sector_rebuild.tex,690,$G_F$ & Input parameter & Self-consistent (0\% error) \\
smuggling,M_Z|M_W|G_F,/Users/igor/ClaudeAI/EDC_Project/elastic-diffusive-cosmology_repo/edc_book_2/src/EDC_Part_II_Weak_Sector_rebuild.tex,691,$\tau_n$ & Computed from $G_F$ & 830 s (6\% error) \\
smuggling,M_Z|M_W|G_F,/Users/igor/ClaudeAI/EDC_Project/elastic-diffusive-cosmology_repo/edc_book_2/src/EDC_Part_II_Weak_Sector_rebuild.tex,692,"$M_W$ & Computed from $g$, $v$ & 80.2 GeV (0.2\% error) \\"
smuggling,M_Z|M_W|G_F,/Users/igor/ClaudeAI/EDC_Project/elastic-diffusive-cosmology_repo/edc_book_2/src/EDC_Part_II_Weak_Sector_rebuild.tex,739,RT-CH3-002 & $G_F$ from 5D Mediator & HIGH & DERIVED (order-of-mag.) \\
smuggling,M_Z|M_W|G_F,/Users/igor/ClaudeAI/EDC_Project/elastic-diffusive-cosmology_repo/edc_book_2/src/EDC_Part_II_Weak_Sector_rebuild.tex,748,Additional results derived (with RG running to $M_Z$):
smuggling,M_Z|M_W|G_F,/Users/igor/ClaudeAI/EDC_Project/elastic-diffusive-cosmology_repo/edc_book_2/src/EDC_Part_II_Weak_Sector_rebuild.tex,756,$M_W$ (W boson mass) & 80.2 GeV & 80.4 GeV & \textbf{0.2\%} \\
smuggling,M_Z|M_W|G_F,/Users/igor/ClaudeAI/EDC_Project/elastic-diffusive-cosmology_repo/edc_book_2/src/EDC_Part_II_Weak_Sector_rebuild.tex,757,$G_F$ (Fermi constant) & $1.166 \times 10^{-5}$ & $1.166 \times 10^{-5}$ & \textbf{0.0\%} \\
smuggling,M_Z|M_W|G_F,/Users/igor/ClaudeAI/EDC_Project/elastic-diffusive-cosmology_repo/edc_book_2/src/EDC_Part_II_Weak_Sector_rebuild.tex,790,Standard RG running must be applied for comparison to experiment at $M_Z$.
smuggling,M_Z|M_W|G_F,/Users/igor/ClaudeAI/EDC_Project/elastic-diffusive-cosmology_repo/edc_book_2/src/EDC_Part_II_Weak_Sector_rebuild.tex,796,\item $M_W$: 21\% error $\to$ \textbf{0.2\%} error
smuggling,M_Z|M_W|G_F,/Users/igor/ClaudeAI/EDC_Project/elastic-diffusive-cosmology_repo/edc_book_2/src/Z6_content_full.tex,1337,"\textbf{Comparison:} Experimental value $\sin^2\theta_W = 0.231$ at $M_Z$ scale,"
smuggling,M_Z|M_W|G_F,/Users/igor/ClaudeAI/EDC_Project/elastic-diffusive-cosmology_repo/edc_book_2/src/Z6_content_full.tex,1341,"$\sim 200$ MeV to $M_Z \sim 91$ GeV shifts this by $\sim -0.02$, yielding"
smuggling,M_Z|M_W|G_F,/Users/igor/ClaudeAI/EDC_Project/elastic-diffusive-cosmology_repo/edc_book_2/src/Z6_content_full.tex,1342,$\sin^2\theta_W(M_Z) \approx 0.23$---in excellent agreement with experiment!
smuggling,M_Z|M_W|G_F,/Users/igor/ClaudeAI/EDC_Project/elastic-diffusive-cosmology_repo/edc_book_2/src/Z6_content_full.tex,1932,"$G_F$ from overlap integral & (open) & Order-of-magnitude, needs refinement \\"
smuggling,M_Z|M_W|G_F,/Users/igor/ClaudeAI/EDC_Project/elastic-diffusive-cosmology_repo/edc_book_2/src/Z6_content_full.tex,1999,\item Precise derivation of $G_F$ from mode overlap integrals (order-of-magnitude achieved)
smuggling,M_Z|M_W|G_F,/Users/igor/ClaudeAI/EDC_Project/elastic-diffusive-cosmology_repo/edc_book_2/src/CH3_electroweak_parameters.tex,3,"% Derivations of g², sin²θ_W, G_F, and τ_n from EDC first principles"
smuggling,M_Z|M_W|G_F,/Users/igor/ClaudeAI/EDC_Project/elastic-diffusive-cosmology_repo/edc_book_2/src/CH3_electroweak_parameters.tex,22,PDG values~\cite{PDG2024} are used to compare the conditional output at $M_Z$.
smuggling,M_Z|M_W|G_F,/Users/igor/ClaudeAI/EDC_Project/elastic-diffusive-cosmology_repo/edc_book_2/src/CH3_electroweak_parameters.tex,26,"\item Weak coupling $g^2$, $M_W$, $G_F$: follow from EW relations once $\sin^2\theta_W$ known \tagDc{}"
smuggling,M_Z|M_W|G_F,/Users/igor/ClaudeAI/EDC_Project/elastic-diffusive-cosmology_repo/edc_book_2/src/CH3_electroweak_parameters.tex,72,"Experiments measure at $M_Z = 91$ GeV. Standard QFT running (loops, screening)"
smuggling,M_Z|M_W|G_F,/Users/igor/ClaudeAI/EDC_Project/elastic-diffusive-cosmology_repo/edc_book_2/src/CH3_electroweak_parameters.tex,73,"gives $\sin^2\theta_W(M_Z) = 0.2314$, matching experiment to 0.08\% \tagBL{}.%"
smuggling,M_Z|M_W|G_F,/Users/igor/ClaudeAI/EDC_Project/elastic-diffusive-cosmology_repo/edc_book_2/src/CH3_electroweak_parameters.tex,74,\footnote{This 0.08\% accuracy is \emph{conditional} on Standard Model RG running being valid between the lattice scale ($\sim 200$ MeV) and $M_Z$ ($91$ GeV). New physics at intermediate scales would
smuggling,M_Z|M_W|G_F,/Users/igor/ClaudeAI/EDC_Project/elastic-diffusive-cosmology_repo/edc_book_2/src/CH3_electroweak_parameters.tex,78,and $M_W = gv/2$ determine the entire sector. No additional parameters \tagDc{}.
smuggling,M_Z|M_W|G_F,/Users/igor/ClaudeAI/EDC_Project/elastic-diffusive-cosmology_repo/edc_book_2/src/CH3_electroweak_parameters.tex,80,\textbf{Step 8: Consistency check with $G_F$.}
smuggling,M_Z|M_W|G_F,/Users/igor/ClaudeAI/EDC_Project/elastic-diffusive-cosmology_repo/edc_book_2/src/CH3_electroweak_parameters.tex,81,The Fermi constant $G_F = g^2/(4\sqrt{2}M_W^2)$ comes out exact---but this is
smuggling,M_Z|M_W|G_F,/Users/igor/ClaudeAI/EDC_Project/elastic-diffusive-cosmology_repo/edc_book_2/src/CH3_electroweak_parameters.tex,106,"Combined with standard RG running to $M_Z = 91.2$ GeV~\cite{PDG2024}, this yields:"
smuggling,M_Z|M_W|G_F,/Users/igor/ClaudeAI/EDC_Project/elastic-diffusive-cosmology_repo/edc_book_2/src/CH3_electroweak_parameters.tex,108,\item Weinberg angle $\sin^2\theta_W(M_Z) = 0.2314$ (\textbf{0.08\%} from experiment)
smuggling,M_Z|M_W|G_F,/Users/igor/ClaudeAI/EDC_Project/elastic-diffusive-cosmology_repo/edc_book_2/src/CH3_electroweak_parameters.tex,109,\item Weak coupling $g^2(M_Z) = 0.4246$ (\textbf{1.1\%} from experiment)
smuggling,M_Z|M_W|G_F,/Users/igor/ClaudeAI/EDC_Project/elastic-diffusive-cosmology_repo/edc_book_2/src/CH3_electroweak_parameters.tex,110,\item W boson mass $M_W = 80.2$ GeV (\textbf{0.2\%} from experiment)
smuggling,M_Z|M_W|G_F,/Users/igor/ClaudeAI/EDC_Project/elastic-diffusive-cosmology_repo/edc_book_2/src/CH3_electroweak_parameters.tex,111,\item Fermi constant $G_F = 1.166 \times 10^{-5}$ GeV$^{-2}$ (\textbf{exact})
smuggling,M_Z|M_W|G_F,/Users/igor/ClaudeAI/EDC_Project/elastic-diffusive-cosmology_repo/edc_book_2/src/CH3_electroweak_parameters.tex,116,The absolute scale requires baseline inputs \tagBL{}: $\alpha(M_Z)$ and Higgs VEV $v$.
smuggling,M_Z|M_W|G_F,/Users/igor/ClaudeAI/EDC_Project/elastic-diffusive-cosmology_repo/edc_book_2/src/CH3_electroweak_parameters.tex,133,$G_F$ (Fermi constant) & $1.17 \times 10^{-5}$ GeV$^{-2}$ & (open) \\
smuggling,M_Z|M_W|G_F,/Users/igor/ClaudeAI/EDC_Project/elastic-diffusive-cosmology_repo/edc_book_2/src/CH3_electroweak_parameters.tex,151,g^2 = \frac{4\pi\alpha(M_Z)}{\sin^2\theta_W(M_Z)}
smuggling,M_Z|M_W|G_F,/Users/igor/ClaudeAI/EDC_Project/elastic-diffusive-cosmology_repo/edc_book_2/src/CH3_electroweak_parameters.tex,154,Using $\alpha(M_Z)^{-1} = 127.9$ \tagBL{} and EDC-derived $\sin^2\theta_W(M_Z) = 0.2314$:
smuggling,M_Z|M_W|G_F,/Users/igor/ClaudeAI/EDC_Project/elastic-diffusive-cosmology_repo/edc_book_2/src/CH3_electroweak_parameters.tex,175,\item $\alpha(M_Z) = 1/127.9$ (running fine structure constant) \tagBL{}
smuggling,M_Z|M_W|G_F,/Users/igor/ClaudeAI/EDC_Project/elastic-diffusive-cosmology_repo/edc_book_2/src/CH3_electroweak_parameters.tex,176,\item $\sin^2\theta_W(M_Z) = 0.2314$ (from Theorem~\ref{thm:ch3_sin2_running}) \tagDc{}
smuggling,M_Z|M_W|G_F,/Users/igor/ClaudeAI/EDC_Project/elastic-diffusive-cosmology_repo/edc_book_2/src/CH3_electroweak_parameters.tex,191,with SM RG running \emph{down} from $M_Z$ to the lattice scale ($g^2 \approx 0.38$).
smuggling,M_Z|M_W|G_F,/Users/igor/ClaudeAI/EDC_Project/elastic-diffusive-cosmology_repo/edc_book_2/src/CH3_electroweak_parameters.tex,194,even though the precise value at $M_Z$ is best computed via the electroweak relation.
smuggling,M_Z|M_W|G_F,/Users/igor/ClaudeAI/EDC_Project/elastic-diffusive-cosmology_repo/edc_book_2/src/CH3_electroweak_parameters.tex,239,\textbf{Comparison:} Experimental value at $M_Z$: $\sin^2\theta_W = 0.231$ (8\% agreement).
smuggling,M_Z|M_W|G_F,/Users/igor/ClaudeAI/EDC_Project/elastic-diffusive-cosmology_repo/edc_book_2/src/CH3_electroweak_parameters.tex,391,\item RG running arrow from lattice scale (200 MeV) to $M_Z$ (91 GeV)
smuggling,M_Z|M_W|G_F,/Users/igor/ClaudeAI/EDC_Project/elastic-diffusive-cosmology_repo/edc_book_2/src/CH3_electroweak_parameters.tex,392,\item Final output: $\sin^2\theta_W(M_Z) = 0.2314$
smuggling,M_Z|M_W|G_F,/Users/igor/ClaudeAI/EDC_Project/elastic-diffusive-cosmology_repo/edc_book_2/src/CH3_electroweak_parameters.tex,417,\begin{theorem}[Renormalization Group Running to $M_Z$]
smuggling,M_Z|M_W|G_F,/Users/igor/ClaudeAI/EDC_Project/elastic-diffusive-cosmology_repo/edc_book_2/src/CH3_electroweak_parameters.tex,425,\Delta\sin^2\theta_W \approx -0.007 \times \log_{10}\left(\frac{M_Z}{\mu_{\text{lattice}}}\right)
smuggling,M_Z|M_W|G_F,/Users/igor/ClaudeAI/EDC_Project/elastic-diffusive-cosmology_repo/edc_book_2/src/CH3_electroweak_parameters.tex,429,Therefore at $M_Z = 91.2$ GeV:
smuggling,M_Z|M_W|G_F,/Users/igor/ClaudeAI/EDC_Project/elastic-diffusive-cosmology_repo/edc_book_2/src/CH3_electroweak_parameters.tex,431,\boxed{\sin^2\theta_W(M_Z) = 0.250 - 0.0186 = 0.2314}
smuggling,M_Z|M_W|G_F,/Users/igor/ClaudeAI/EDC_Project/elastic-diffusive-cosmology_repo/edc_book_2/src/CH3_electroweak_parameters.tex,434,\textbf{Experimental value:} $\sin^2\theta_W(M_Z)^{\text{exp}} = 0.2312$~\cite{PDG2024} \tagBL{}
smuggling,M_Z|M_W|G_F,/Users/igor/ClaudeAI/EDC_Project/elastic-diffusive-cosmology_repo/edc_book_2/src/CH3_electroweak_parameters.tex,569,M_W = \frac{g \cdot v}{2}
smuggling,M_Z|M_W|G_F,/Users/igor/ClaudeAI/EDC_Project/elastic-diffusive-cosmology_repo/edc_book_2/src/CH3_electroweak_parameters.tex,572,where the Higgs VEV $v = (\sqrt{2} G_F)^{-1/2} = 246.2$ GeV \tagBL{}.
smuggling,M_Z|M_W|G_F,/Users/igor/ClaudeAI/EDC_Project/elastic-diffusive-cosmology_repo/edc_book_2/src/CH3_electroweak_parameters.tex,576,\boxed{M_W = \frac{0.6516 \times 246.2}{2} = 80.2 \text{ GeV}}
smuggling,M_Z|M_W|G_F,/Users/igor/ClaudeAI/EDC_Project/elastic-diffusive-cosmology_repo/edc_book_2/src/CH3_electroweak_parameters.tex,579,\textbf{Experimental:} $M_W^{\text{exp}} = 80.4$ GeV~\cite{PDG2024} \tagBL{} --- \textbf{0.2\% agreement}
smuggling,M_Z|M_W|G_F,/Users/igor/ClaudeAI/EDC_Project/elastic-diffusive-cosmology_repo/edc_book_2/src/CH3_electroweak_parameters.tex,583,G_F = \frac{g^2}{4\sqrt{2} M_W^2} = \frac{0.4246}{4\sqrt{2} \times (80.2)^2} = 1.166 \times 10^{-5} \text{ GeV}^{-2}
smuggling,M_Z|M_W|G_F,/Users/igor/ClaudeAI/EDC_Project/elastic-diffusive-cosmology_repo/edc_book_2/src/CH3_electroweak_parameters.tex,586,\textbf{Experimental:} $G_F^{\text{exp}} = 1.166 \times 10^{-5}$ GeV$^{-2}$~\cite{PDG2024} \tagBL{} --- \textbf{exact agreement}
smuggling,M_Z|M_W|G_F,/Users/igor/ClaudeAI/EDC_Project/elastic-diffusive-cosmology_repo/edc_book_2/src/CH3_electroweak_parameters.tex,590,The remarkable agreement for $G_F$ is \emph{not} a coincidence---it reflects the
smuggling,M_Z|M_W|G_F,/Users/igor/ClaudeAI/EDC_Project/elastic-diffusive-cosmology_repo/edc_book_2/src/CH3_electroweak_parameters.tex,598,"Everything else ($g^2$, $M_W$, $G_F$) follows from:"
smuggling,M_Z|M_W|G_F,/Users/igor/ClaudeAI/EDC_Project/elastic-diffusive-cosmology_repo/edc_book_2/src/CH3_electroweak_parameters.tex,601,\item Standard RG running from lattice scale to $M_Z$
smuggling,M_Z|M_W|G_F,/Users/igor/ClaudeAI/EDC_Project/elastic-diffusive-cosmology_repo/edc_book_2/src/CH3_electroweak_parameters.tex,602,"\item Measured values of $\alpha$ and $v$ (or equivalently, $G_F$)"
smuggling,M_Z|M_W|G_F,/Users/igor/ClaudeAI/EDC_Project/elastic-diffusive-cosmology_repo/edc_book_2/src/CH3_electroweak_parameters.tex,609,"G_F = G_5 \int_0^\infty |f_L(\xi)|^4 \, d\xi = G_5 \times I_4"
smuggling,M_Z|M_W|G_F,/Users/igor/ClaudeAI/EDC_Project/elastic-diffusive-cosmology_repo/edc_book_2/src/CH3_electroweak_parameters.tex,625,"title={Quantitative Mode Overlap: Why $G_F \sim 10^{-5}$ GeV$^{-2}$?}, breakable]"
smuggling,M_Z|M_W|G_F,/Users/igor/ClaudeAI/EDC_Project/elastic-diffusive-cosmology_repo/edc_book_2/src/CH3_electroweak_parameters.tex,637,"coupling $[G_F] = [\text{Energy}]^{-2}$, we integrate over the 5th dimension:"
smuggling,M_Z|M_W|G_F,/Users/igor/ClaudeAI/EDC_Project/elastic-diffusive-cosmology_repo/edc_book_2/src/CH3_electroweak_parameters.tex,639,"G_F = G_5 \int_0^\infty d\xi \, |f_L(\xi)|^4 = G_5 \times I_4"
smuggling,M_Z|M_W|G_F,/Users/igor/ClaudeAI/EDC_Project/elastic-diffusive-cosmology_repo/edc_book_2/src/CH3_electroweak_parameters.tex,648,This is correct: $[G_5] \times [I_4] = E^{-3} \times E = E^{-2} = [G_F]$ \tagM{}.
smuggling,M_Z|M_W|G_F,/Users/igor/ClaudeAI/EDC_Project/elastic-diffusive-cosmology_repo/edc_book_2/src/CH3_electroweak_parameters.tex,705,The overlap mechanism gives $G_F = G_5 \times I_4$ with $I_4 = m_0 \sim 0.2$ GeV
smuggling,M_Z|M_W|G_F,/Users/igor/ClaudeAI/EDC_Project/elastic-diffusive-cosmology_repo/edc_book_2/src/CH3_electroweak_parameters.tex,712,"G_F \sim \frac{g_5^2}{M_{5,\mathrm{Pl}}^3} \times I_4 \sim \frac{(4\pi)^2}{(200 \text{ GeV})^3} \times 0.2 \text{ GeV}"
smuggling,M_Z|M_W|G_F,/Users/igor/ClaudeAI/EDC_Project/elastic-diffusive-cosmology_repo/edc_book_2/src/CH3_electroweak_parameters.tex,716,This is within an order of magnitude of $G_F^{\text{exp}} = 1.17 \times 10^{-5}$
smuggling,M_Z|M_W|G_F,/Users/igor/ClaudeAI/EDC_Project/elastic-diffusive-cosmology_repo/edc_book_2/src/CH3_electroweak_parameters.tex,731,Quantitative $G_F = 1.17 \times 10^{-5}$ & Via EW relations & \tagDc{} \\
smuggling,M_Z|M_W|G_F,/Users/igor/ClaudeAI/EDC_Project/elastic-diffusive-cosmology_repo/edc_book_2/src/CH3_electroweak_parameters.tex,736,\textbf{Bottom line:} The mode overlap mechanism explains \emph{why} $G_F$ is small
smuggling,M_Z|M_W|G_F,/Users/igor/ClaudeAI/EDC_Project/elastic-diffusive-cosmology_repo/edc_book_2/src/CH3_electroweak_parameters.tex,899,$M_W$ & $\sim 63$ GeV & 21\% \\
smuggling,M_Z|M_W|G_F,/Users/igor/ClaudeAI/EDC_Project/elastic-diffusive-cosmology_repo/edc_book_2/src/CH3_electroweak_parameters.tex,911,not at the experimental scale $M_Z = 91.2$ GeV.
smuggling,M_Z|M_W|G_F,/Users/igor/ClaudeAI/EDC_Project/elastic-diffusive-cosmology_repo/edc_book_2/src/CH3_electroweak_parameters.tex,971,"applies \emph{here}, not at the electroweak scale $M_Z = 91$ GeV."
smuggling,M_Z|M_W|G_F,/Users/igor/ClaudeAI/EDC_Project/elastic-diffusive-cosmology_repo/edc_book_2/src/CH3_electroweak_parameters.tex,985,Applying standard RG running from 200 MeV to $M_Z$:
smuggling,M_Z|M_W|G_F,/Users/igor/ClaudeAI/EDC_Project/elastic-diffusive-cosmology_repo/edc_book_2/src/CH3_electroweak_parameters.tex,989,\sin^2\theta_W(M_Z) &= 0.2314 \quad \text{(EDC + RG)} \\
smuggling,M_Z|M_W|G_F,/Users/igor/ClaudeAI/EDC_Project/elastic-diffusive-cosmology_repo/edc_book_2/src/CH3_electroweak_parameters.tex,1006,relations $g^2 = 4\pi\alpha/\sin^2\theta_W$ and $M_W = gv/2$ determine
smuggling,M_Z|M_W|G_F,/Users/igor/ClaudeAI/EDC_Project/elastic-diffusive-cosmology_repo/edc_book_2/src/CH3_electroweak_parameters.tex,1035,$M_W$ & $gv/2$ & 80.2 GeV & 80.4 GeV & \textbf{0.2\%} & \checkmark \\
smuggling,M_Z|M_W|G_F,/Users/igor/ClaudeAI/EDC_Project/elastic-diffusive-cosmology_repo/edc_book_2/src/CH3_electroweak_parameters.tex,1036,$G_F$ & $g^2/(4\sqrt{2}M_W^2)$ & $1.166 \times 10^{-5}$ & $1.166 \times 10^{-5}$ & \textrm{---}$^\dagger$ & [BL] \\
smuggling,M_Z|M_W|G_F,/Users/igor/ClaudeAI/EDC_Project/elastic-diffusive-cosmology_repo/edc_book_2/src/CH3_electroweak_parameters.tex,1042,"\noindent{\footnotesize $^\dagger$Using $M_W = gv/2$, the expression $G_F = g^2/(4\sqrt{2}M_W^2)$ reduces identically to $G_F = 1/(\sqrt{2}v^2)$. Hence $G_F$ is fixed by the baseline input $v$ \tagBL{"
smuggling,M_Z|M_W|G_F,/Users/igor/ClaudeAI/EDC_Project/elastic-diffusive-cosmology_repo/edc_book_2/src/CH3_electroweak_parameters.tex,1053,\item Standard RG running from lattice scale ($\sim 200$ MeV) to $M_Z$
smuggling,M_Z|M_W|G_F,/Users/igor/ClaudeAI/EDC_Project/elastic-diffusive-cosmology_repo/edc_book_2/src/CH3_electroweak_parameters.tex,1055,\item Measured values of $\alpha(M_Z)$ \tagBL{} and Higgs VEV $v$ \tagBL{}
smuggling,M_Z|M_W|G_F,/Users/igor/ClaudeAI/EDC_Project/elastic-diffusive-cosmology_repo/edc_book_2/src/CH3_electroweak_parameters.tex,1059,"The absolute normalization (e.g., $G_F = 1/\sqrt{2}v^2$) requires baseline scale"
smuggling,M_Z|M_W|G_F,/Users/igor/ClaudeAI/EDC_Project/elastic-diffusive-cosmology_repo/edc_book_2/src/CH3_electroweak_parameters.tex,1063,"are \tagBL{} $\alpha(M_Z)$ and \tagBL{} $v$, plus standard RG/electroweak relations."
smuggling,M_Z|M_W|G_F,/Users/igor/ClaudeAI/EDC_Project/elastic-diffusive-cosmology_repo/edc_book_2/src/CH3_electroweak_parameters.tex,1081,$\sin^2\theta_W(M_Z)$ & 0.2314 & 0.2312 & Consistency (RG) \\
smuggling,M_Z|M_W|G_F,/Users/igor/ClaudeAI/EDC_Project/elastic-diffusive-cosmology_repo/edc_book_2/src/CH3_electroweak_parameters.tex,1082,"$g^2(M_Z)$ & 0.4246 & 0.42 & Follows from $\alpha$, $\sin^2\theta_W$ \\"
smuggling,M_Z|M_W|G_F,/Users/igor/ClaudeAI/EDC_Project/elastic-diffusive-cosmology_repo/edc_book_2/src/CH3_electroweak_parameters.tex,1083,"$M_W$ & 80.2 GeV & 80.4 GeV & Follows from $g$, $v$ \\"
smuggling,M_Z|M_W|G_F,/Users/igor/ClaudeAI/EDC_Project/elastic-diffusive-cosmology_repo/edc_book_2/src/CH3_electroweak_parameters.tex,1084,$G_F$ & $1.166 \times 10^{-5}$ & $1.166 \times 10^{-5}$ & Self-consistent (exact) \\
smuggling,M_Z|M_W|G_F,/Users/igor/ClaudeAI/EDC_Project/elastic-diffusive-cosmology_repo/edc_book_2/src/CH3_electroweak_parameters.tex,1096,"\item $\alpha(M_Z) = 1/127.9$ (fine structure constant, running) \tagBL{}"
smuggling,M_Z|M_W|G_F,/Users/igor/ClaudeAI/EDC_Project/elastic-diffusive-cosmology_repo/edc_book_2/src/CH3_electroweak_parameters.tex,1097,"\item $v = 246.2$ GeV (Higgs VEV, or equivalently $G_F$) \tagBL{}"
smuggling,M_Z|M_W|G_F,/Users/igor/ClaudeAI/EDC_Project/elastic-diffusive-cosmology_repo/edc_book_2/src/CH3_electroweak_parameters.tex,1102,\textbf{FORBIDDEN:} Claiming $G_F$ is ``predicted'' when $v$ (or $G_F$) was used as input.
smuggling,M_Z|M_W|G_F,/Users/igor/ClaudeAI/EDC_Project/elastic-diffusive-cosmology_repo/edc_book_2/src/CH3_electroweak_parameters.tex,1126,\textbf{THEN} $\sin^2\theta_W(M_Z) = 0.2314$ (0.08\% from exp) \tagDc{}
smuggling,M_Z|M_W|G_F,/Users/igor/ClaudeAI/EDC_Project/elastic-diffusive-cosmology_repo/edc_book_2/src/CH3_electroweak_parameters.tex,1127,\item \textbf{IF} $\sin^2\theta_W(M_Z)$ known \textbf{AND} $\alpha(M_Z)$ known \tagBL{}
smuggling,M_Z|M_W|G_F,/Users/igor/ClaudeAI/EDC_Project/elastic-diffusive-cosmology_repo/edc_book_2/src/CH3_electroweak_parameters.tex,1129,\item \textbf{IF} $g$ and $v$ known \textbf{THEN} $M_W = gv/2$ follows \tagDc{}
smuggling,M_Z|M_W|G_F,/Users/igor/ClaudeAI/EDC_Project/elastic-diffusive-cosmology_repo/edc_book_2/src/CH3_electroweak_parameters.tex,1130,"\item \textbf{IF} $g$ and $M_W$ known \textbf{THEN} $G_F$ follows (consistency, not prediction) \tagDc{}"
smuggling,M_Z|M_W|G_F,/Users/igor/ClaudeAI/EDC_Project/elastic-diffusive-cosmology_repo/edc_book_2/src/CH3_electroweak_parameters.tex,1195,\item[\checkmark] \textbf{$M_W$:} Follows from $M_W = gv/2$.
smuggling,M_Z|M_W|G_F,/Users/igor/ClaudeAI/EDC_Project/elastic-diffusive-cosmology_repo/edc_book_2/src/CH3_electroweak_parameters.tex,1198,\item[\checkmark] \textbf{$G_F$:} Self-consistent with electroweak relations. Exact agreement.
smuggling,M_Z|M_W|G_F,/Users/igor/ClaudeAI/EDC_Project/elastic-diffusive-cosmology_repo/edc_book_2/src/CH3_electroweak_parameters.tex,1200,\item[\checkmark] \textbf{RG running:} Standard one-loop running from lattice scale to $M_Z$
smuggling,M_Z|M_W|G_F,/Users/igor/ClaudeAI/EDC_Project/elastic-diffusive-cosmology_repo/edc_book_2/src/CH3_electroweak_parameters.tex,1220,\item \textbf{$\alpha(M_Z)$ running:} We used the measured $\alpha(M_Z) = 1/127.9$.
smuggling,M_Z|M_W|G_F,/Users/igor/ClaudeAI/EDC_Project/elastic-diffusive-cosmology_repo/edc_book_2/src/meta_part2/01_claim_ledger.tex,20,$\sin^2\theta_W(M_Z) = 0.2314$ after RG running (0.08\% from PDG)%
smuggling,M_Z|M_W|G_F,/Users/igor/ClaudeAI/EDC_Project/elastic-diffusive-cosmology_repo/edc_book_2/src/meta_part2/01_claim_ledger.tex,28,$G_F = g^2/(4\sqrt{2}M_W^2)$ numerical closure%
smuggling,M_Z|M_W|G_F,/Users/igor/ClaudeAI/EDC_Project/elastic-diffusive-cosmology_repo/edc_book_2/src/meta_part2/01_claim_ledger.tex,29,}{Eq.~(3.22) — uses $v$ which depends on $G_F$ (circularity caveat)}{\tagDc}
smuggling,M_Z|M_W|G_F,/Users/igor/ClaudeAI/EDC_Project/elastic-diffusive-cosmology_repo/edc_book_2/src/meta_part2/01_claim_ledger.tex,87,$G_F$ from EW consistency: $\sin^2\theta_W \to g^2 \to M_W \to G_F$%
smuggling,M_Z|M_W|G_F,/Users/igor/ClaudeAI/EDC_Project/elastic-diffusive-cosmology_repo/edc_book_2/src/meta_part2/01_claim_ledger.tex,95,First-principles $G_F$ from 5D action%
smuggling,M_Z|M_W|G_F,/Users/igor/ClaudeAI/EDC_Project/elastic-diffusive-cosmology_repo/edc_book_2/src/figures/fig_mode_overlap.tex,107,{$G_F \propto \dfrac{g^2}{m_\phi^2} \cdot I_4$\\[4pt]
smuggling,M_Z|M_W|G_F,/Users/igor/ClaudeAI/EDC_Project/elastic-diffusive-cosmology_repo/edc_book_2/src/meta_part2/04_evidence_map.tex,33,"$G_F$ GREEN-A/YELLOW-B/RED-C levels, circularity \\[0.5em]"
smuggling,M_Z|M_W|G_F,/Users/igor/ClaudeAI/EDC_Project/elastic-diffusive-cosmology_repo/edc_book_2/src/meta_part2/04_evidence_map.tex,55,\texttt{eq:ch11\_gf\_ew} & 11 & $G_F = g^2/(4\sqrt{2}M_W^2)$ \\
smuggling,M_Z|M_W|G_F,/Users/igor/ClaudeAI/EDC_Project/elastic-diffusive-cosmology_repo/edc_book_2/src/meta_part2/04_evidence_map.tex,68,"PDG 2024 & CKM matrix values, $\sin^2\theta_W(M_Z)$, $G_F$, $M_W$ \\"
smuggling,M_Z|M_W|G_F,/Users/igor/ClaudeAI/EDC_Project/elastic-diffusive-cosmology_repo/edc_book_2/src/sections/ch11_g5_value_closure_attempt3_derive_4pi.tex,69,"$M_W$, $G_F$, $v = 246$ GeV & \textbf{FORBIDDEN as input} & --- \\"
smuggling,M_Z|M_W|G_F,/Users/igor/ClaudeAI/EDC_Project/elastic-diffusive-cosmology_repo/edc_book_2/src/sections/ch11_g5_value_closure_attempt3_derive_4pi.tex,325,"\item Running of coupling (we computed at $r_e$ scale, SM at $M_Z$)"
smuggling,M_Z|M_W|G_F,/Users/igor/ClaudeAI/EDC_Project/elastic-diffusive-cosmology_repo/edc_book_2/src/meta_part2/03_research_timeline.tex,23,Chapter 11 ($G_F$) GREEN-A/YELLOW-B/RED-C framework established%
smuggling,M_Z|M_W|G_F,/Users/igor/ClaudeAI/EDC_Project/elastic-diffusive-cosmology_repo/edc_book_2/src/sections/11_gf_pathway.tex,2,% Section 1.10: Structural Pathway to G_F (Overview)
smuggling,M_Z|M_W|G_F,/Users/igor/ClaudeAI/EDC_Project/elastic-diffusive-cosmology_repo/edc_book_2/src/sections/11_gf_pathway.tex,6,\section{\texorpdfstring{Structural Pathway to $G_F$ (Overview)}{Structural Pathway to GF (Overview)}}
smuggling,M_Z|M_W|G_F,/Users/igor/ClaudeAI/EDC_Project/elastic-diffusive-cosmology_repo/edc_book_2/src/sections/11_gf_pathway.tex,14,The Fermi constant $G_F = 1.17 \times 10^{-5}$ GeV$^{-2}$ \tagBL{} sets the scale
smuggling,M_Z|M_W|G_F,/Users/igor/ClaudeAI/EDC_Project/elastic-diffusive-cosmology_repo/edc_book_2/src/sections/11_gf_pathway.tex,33,EDC achieves exact numerical agreement for $G_F$ through electroweak relations
smuggling,M_Z|M_W|G_F,/Users/igor/ClaudeAI/EDC_Project/elastic-diffusive-cosmology_repo/edc_book_2/src/sections/11_gf_pathway.tex,43,\item Complete derivation: $G_F$ exact from electroweak relations
smuggling,M_Z|M_W|G_F,/Users/igor/ClaudeAI/EDC_Project/elastic-diffusive-cosmology_repo/edc_book_2/src/sections/ch11_gf_full_closure_plan.tex,3,% Chapter 11: G_F Full Closure Plan (No SM-Help Target)
smuggling,M_Z|M_W|G_F,/Users/igor/ClaudeAI/EDC_Project/elastic-diffusive-cosmology_repo/edc_book_2/src/sections/ch11_gf_full_closure_plan.tex,5,% OPR-22: Defines non-circular target for first-principles G_F
smuggling,M_Z|M_W|G_F,/Users/igor/ClaudeAI/EDC_Project/elastic-diffusive-cosmology_repo/edc_book_2/src/sections/ch11_gf_full_closure_plan.tex,8,\subsection{Full Closure Target for \texorpdfstring{$G_F$}{GF} (No-SM-Help)}
smuggling,M_Z|M_W|G_F,/Users/igor/ClaudeAI/EDC_Project/elastic-diffusive-cosmology_repo/edc_book_2/src/sections/ch11_gf_full_closure_plan.tex,11,This subsection presents the \emph{non-circular} target formula for deriving $G_F$
smuggling,M_Z|M_W|G_F,/Users/igor/ClaudeAI/EDC_Project/elastic-diffusive-cosmology_repo/edc_book_2/src/sections/ch11_gf_full_closure_plan.tex,26,\item Claim that $G_F$ is already derived numerically
smuggling,M_Z|M_W|G_F,/Users/igor/ClaudeAI/EDC_Project/elastic-diffusive-cosmology_repo/edc_book_2/src/sections/ch11_gf_full_closure_plan.tex,27,"\item Use measured $G_F$, $v$, or $M_W$ to ``derive'' anything"
smuggling,M_Z|M_W|G_F,/Users/igor/ClaudeAI/EDC_Project/elastic-diffusive-cosmology_repo/edc_book_2/src/sections/ch11_gf_full_closure_plan.tex,44,"G_F^{\text{(legacy)}} = \frac{g_5^2 \, \ell^2}{x_1^2} \cdot I_4"
smuggling,M_Z|M_W|G_F,/Users/igor/ClaudeAI/EDC_Project/elastic-diffusive-cosmology_repo/edc_book_2/src/sections/ch11_gf_full_closure_plan.tex,80,\caption{Epistemic status of each $G_F$ closure factor (OPR-22)}
smuggling,M_Z|M_W|G_F,/Users/igor/ClaudeAI/EDC_Project/elastic-diffusive-cosmology_repo/edc_book_2/src/sections/ch11_gf_full_closure_plan.tex,98,$G_F$ & Full first-principles value & \textbf{[OPEN]} & Combine all above without calibration (OPR-22) \\
smuggling,M_Z|M_W|G_F,/Users/igor/ClaudeAI/EDC_Project/elastic-diffusive-cosmology_repo/edc_book_2/src/sections/ch11_gf_full_closure_plan.tex,105,\item \textbf{Dimensional consistency:} $[G_F] = [E]^{-2}$ verified \tagDc{}
smuggling,M_Z|M_W|G_F,/Users/igor/ClaudeAI/EDC_Project/elastic-diffusive-cosmology_repo/edc_book_2/src/sections/ch11_gf_full_closure_plan.tex,127,\item \textbf{Using $M_W$ to set $m_\phi$:} Identifying $m_\phi = M_W \approx 80$ GeV
smuggling,M_Z|M_W|G_F,/Users/igor/ClaudeAI/EDC_Project/elastic-diffusive-cosmology_repo/edc_book_2/src/sections/ch11_gf_full_closure_plan.tex,131,\item \textbf{Using measured $G_F$ to back-solve:} Setting
smuggling,M_Z|M_W|G_F,/Users/igor/ClaudeAI/EDC_Project/elastic-diffusive-cosmology_repo/edc_book_2/src/sections/ch11_gf_full_closure_plan.tex,135,\item \textbf{Using $v = 246$ GeV:} The Higgs VEV is defined via $G_F$:
smuggling,M_Z|M_W|G_F,/Users/igor/ClaudeAI/EDC_Project/elastic-diffusive-cosmology_repo/edc_book_2/src/sections/ch11_gf_full_closure_plan.tex,136,$v \equiv (\sqrt{2}G_F)^{-1/2}$. Using $v$ as input re-imports $G_F$.
smuggling,M_Z|M_W|G_F,/Users/igor/ClaudeAI/EDC_Project/elastic-diffusive-cosmology_repo/edc_book_2/src/sections/ch11_gf_full_closure_plan.tex,161,\caption{Attack-surface map for $G_F$ derivation (OPR-22)}
smuggling,M_Z|M_W|G_F,/Users/igor/ClaudeAI/EDC_Project/elastic-diffusive-cosmology_repo/edc_book_2/src/sections/ch11_gf_full_closure_plan.tex,168,``You used SM $M_W$ to set mediator mass'' &
smuggling,M_Z|M_W|G_F,/Users/igor/ClaudeAI/EDC_Project/elastic-diffusive-cosmology_repo/edc_book_2/src/sections/ch11_gf_full_closure_plan.tex,173,``You used measured $G_F$ to set coupling'' &
smuggling,M_Z|M_W|G_F,/Users/igor/ClaudeAI/EDC_Project/elastic-diffusive-cosmology_repo/edc_book_2/src/sections/ch11_gf_full_closure_plan.tex,175,is back-solved from $G_F$. &
smuggling,M_Z|M_W|G_F,/Users/igor/ClaudeAI/EDC_Project/elastic-diffusive-cosmology_repo/edc_book_2/src/sections/ch11_gf_full_closure_plan.tex,193,``You claim $G_F$ but rely on SM relations'' &
smuggling,M_Z|M_W|G_F,/Users/igor/ClaudeAI/EDC_Project/elastic-diffusive-cosmology_repo/edc_book_2/src/sections/ch11_gf_full_closure_plan.tex,205,The first-principles $G_F$ derivation (OPR-22) depends on closing three prior items:
smuggling,M_Z|M_W|G_F,/Users/igor/ClaudeAI/EDC_Project/elastic-diffusive-cosmology_repo/edc_book_2/src/sections/ch11_gf_full_closure_plan.tex,215,"\node (GF) [fill=yellow!30, below=1.5cm of ell] {OPR-22\\$G_F$ closure};"
smuggling,M_Z|M_W|G_F,/Users/igor/ClaudeAI/EDC_Project/elastic-diffusive-cosmology_repo/edc_book_2/src/sections/ch11_gf_full_closure_plan.tex,225,$G_F$ and the profile parities needed for OPR-11 (CKM $\mathbb{Z}_2$ selection).
smuggling,M_Z|M_W|G_F,/Users/igor/ClaudeAI/EDC_Project/elastic-diffusive-cosmology_repo/edc_book_2/src/sections/ch11_gf_full_closure_plan.tex,234,"G_F^{\text{pred}} = \frac{g_5^2 \, \ell}{2 x_1^2} \cdot |f_1(0)|^2"
smuggling,M_Z|M_W|G_F,/Users/igor/ClaudeAI/EDC_Project/elastic-diffusive-cosmology_repo/edc_book_2/src/sections/ch11_gf_full_closure_plan.tex,236,G_F^{\text{PDG}} = 1.1664 \times 10^{-5} \text{ GeV}^{-2}
smuggling,M_Z|M_W|G_F,/Users/igor/ClaudeAI/EDC_Project/elastic-diffusive-cosmology_repo/edc_book_2/src/sections/ch11_gf_full_closure_plan.tex,244,\item $\ell \sim 1/M_W \sim 0.01$ fm $\sim 50$ GeV$^{-1}$ (brane thickness)
smuggling,M_Z|M_W|G_F,/Users/igor/ClaudeAI/EDC_Project/elastic-diffusive-cosmology_repo/edc_book_2/src/sections/ch11_gf_full_closure_plan.tex,251,G_F \sim \frac{(0.65)^2 \times (50)^2 \times 5}{\pi^2}
smuggling,M_Z|M_W|G_F,/Users/igor/ClaudeAI/EDC_Project/elastic-diffusive-cosmology_repo/edc_book_2/src/sections/ch11_gf_full_closure_plan.tex,254,\label{eq:ch11_oofm_wrong}
smuggling,M_Z|M_W|G_F,/Users/igor/ClaudeAI/EDC_Project/elastic-diffusive-cosmology_repo/edc_book_2/src/sections/ch11_gf_full_closure_plan.tex,261,\item The brane thickness $\ell$ is not simply $1/M_W$
smuggling,M_Z|M_W|G_F,/Users/igor/ClaudeAI/EDC_Project/elastic-diffusive-cosmology_repo/edc_book_2/src/sections/ch11_gf_full_closure_plan.tex,283,title=\textbf{OPR-22: $G_F$ First-Principles Status}]
smuggling,M_Z|M_W|G_F,/Users/igor/ClaudeAI/EDC_Project/elastic-diffusive-cosmology_repo/edc_book_2/src/sections/ch11_gf_full_closure_plan.tex,287,"OPR-22: RED-C (open) --- ``First-principles $G_F$ requires $g_5$, $m_\phi$, profiles''"
smuggling,M_Z|M_W|G_F,/Users/igor/ClaudeAI/EDC_Project/elastic-diffusive-cosmology_repo/edc_book_2/src/sections/ch11_gf_full_closure_plan.tex,304,\textbf{Book-ready verdict:} The first-principles $G_F$ derivation has a complete
smuggling,M_Z|M_W|G_F,/Users/igor/ClaudeAI/EDC_Project/elastic-diffusive-cosmology_repo/edc_book_2/src/sections/ch11_gf_full_closure_plan.tex,330,$\square$ & Compare to PDG & — & Check $G_F$ prediction \\
smuggling,M_Z|M_W|G_F,/Users/igor/ClaudeAI/EDC_Project/elastic-diffusive-cosmology_repo/edc_book_2/src/figures/fig_mediator_integration.tex,98,"{$G_F \propto \displaystyle\int |f_L|^2 |f_R|^2 \, d\xi = I_4$};"
smuggling,M_Z|M_W|G_F,/Users/igor/ClaudeAI/EDC_Project/elastic-diffusive-cosmology_repo/edc_book_2/src/sections/ch11_opr20_geometric_factor8_attemptC.tex,35,\item[\ding{55}] $M_W = 80$ GeV (target scale)
smuggling,M_Z|M_W|G_F,/Users/igor/ClaudeAI/EDC_Project/elastic-diffusive-cosmology_repo/edc_book_2/src/sections/ch11_opr20_geometric_factor8_attemptC.tex,36,\item[\ding{55}] $G_F = 1.17 \times 10^{-5}$ GeV$^{-2}$
smuggling,M_Z|M_W|G_F,/Users/igor/ClaudeAI/EDC_Project/elastic-diffusive-cosmology_repo/edc_book_2/src/sections/ch11_opr20_geometric_factor8_attemptC.tex,213,"This is 12\% below the observed weak scale ($M_W \approx 80$ GeV), within the"
smuggling,M_Z|M_W|G_F,/Users/igor/ClaudeAI/EDC_Project/elastic-diffusive-cosmology_repo/edc_book_2/src/sections/ch11_opr20_geometric_factor8_attemptC.tex,265,vs $M_W = 80$ GeV) could indicate:
smuggling,M_Z|M_W|G_F,/Users/igor/ClaudeAI/EDC_Project/elastic-diffusive-cosmology_repo/edc_book_2/src/meta_part2/02_decision_log.tex,27,Reviewer will attack ``exact G$_F$ agreement'' as trivial if $v = (\sqrt{2}G_F)^{-1/2}$ is input.
smuggling,M_Z|M_W|G_F,/Users/igor/ClaudeAI/EDC_Project/elastic-diffusive-cosmology_repo/edc_book_2/src/sections/ch11_opr20_attemptH2plus_delta_Rxi_stricter_audit.tex,36,"\item Using $M_Z$, $M_W$, $G_F$, or $v$ to fix $R_\xi$ value"
smuggling,M_Z|M_W|G_F,/Users/igor/ClaudeAI/EDC_Project/elastic-diffusive-cosmology_repo/edc_book_2/src/sections/ch11_opr20_attemptH2plus_delta_Rxi_stricter_audit.tex,61,R_\xi = \frac{\hbar c}{M_Z} \approx 2 \times 10^{-3} \text{ fm}
smuggling,M_Z|M_W|G_F,/Users/igor/ClaudeAI/EDC_Project/elastic-diffusive-cosmology_repo/edc_book_2/src/sections/ch11_opr20_attemptH2plus_delta_Rxi_stricter_audit.tex,70,(specifically $M_Z = 91.2$ GeV). Deriving $R_\xi$ from the EDC action is listed
smuggling,M_Z|M_W|G_F,/Users/igor/ClaudeAI/EDC_Project/elastic-diffusive-cosmology_repo/edc_book_2/src/sections/ch11_opr20_attemptH2plus_delta_Rxi_stricter_audit.tex,224,(2) $R_\xi$ equation-anchored & \textcolor{orange}{PARTIAL} & $R_\xi = \hbar c/M_Z$ \\
smuggling,M_Z|M_W|G_F,/Users/igor/ClaudeAI/EDC_Project/elastic-diffusive-cosmology_repo/edc_book_2/src/sections/ch11_opr20_attemptH2plus_delta_Rxi_stricter_audit.tex,251,"\item \textbf{$R_\xi$ source:} Constrained by $M_Z$ (EW phenomenology), not derived"
smuggling,M_Z|M_W|G_F,/Users/igor/ClaudeAI/EDC_Project/elastic-diffusive-cosmology_repo/edc_book_2/src/sections/ch11_opr20_attemptH2plus_delta_Rxi_stricter_audit.tex,323,action without using $M_Z$ or $M_W$ as input. This would require showing
smuggling,M_Z|M_W|G_F,/Users/igor/ClaudeAI/EDC_Project/elastic-diffusive-cosmology_repo/edc_book_2/src/sections/ch11_opr20_attemptH2plus_delta_Rxi_stricter_audit.tex,394,"\item[$\checkmark$] No $M_W$, $G_F$, $g_2$, $v$ used to derive $\delta$"
smuggling,M_Z|M_W|G_F,/Users/igor/ClaudeAI/EDC_Project/elastic-diffusive-cosmology_repo/edc_book_2/src/sections/ch11_opr20_attemptH2plus_delta_Rxi_stricter_audit.tex,402,\item[$\circ$] $R_\xi$ value constrained by $M_Z$ (EW phenomenology)
smuggling,M_Z|M_W|G_F,/Users/igor/ClaudeAI/EDC_Project/elastic-diffusive-cosmology_repo/edc_book_2/src/sections/13_summary.tex,52,\item Derive $G_F$ from mediator integration (Chapter~3)
smuggling,M_Z|M_W|G_F,/Users/igor/ClaudeAI/EDC_Project/elastic-diffusive-cosmology_repo/edc_book_2/src/sections/13_summary.tex,67,$G_F$ origin & $W$-boson exchange with $g^2/M_W^2$ &
smuggling,M_Z|M_W|G_F,/Users/igor/ClaudeAI/EDC_Project/elastic-diffusive-cosmology_repo/edc_book_2/src/sections/13_summary.tex,100,\item Compute $G_F$ and compare to measured value
smuggling,M_Z|M_W|G_F,/Users/igor/ClaudeAI/EDC_Project/elastic-diffusive-cosmology_repo/edc_book_2/src/sections/ch12_bvp_workpackage.tex,79,\item Provide complete $G_F$ derivation
smuggling,M_Z|M_W|G_F,/Users/igor/ClaudeAI/EDC_Project/elastic-diffusive-cosmology_repo/edc_book_2/src/sections/ch12_bvp_workpackage.tex,124,"For four-fermion processes (like $G_F$), what matters is $I_4 = \int |f_L|^4 d\xi$."
smuggling,M_Z|M_W|G_F,/Users/igor/ClaudeAI/EDC_Project/elastic-diffusive-cosmology_repo/edc_book_2/src/sections/ch12_bvp_workpackage.tex,336,"If we tune $V_0$, $w$, or BCs to reproduce $M_W$ or $G_F$, this is circular."
smuggling,M_Z|M_W|G_F,/Users/igor/ClaudeAI/EDC_Project/elastic-diffusive-cosmology_repo/edc_book_2/src/sections/ch12_bvp_workpackage.tex,339,until $m_\phi = M_Z$ emerges.
smuggling,M_Z|M_W|G_F,/Users/igor/ClaudeAI/EDC_Project/elastic-diffusive-cosmology_repo/edc_book_2/src/sections/ch12_bvp_workpackage.tex,361,\paragraph{\texorpdfstring{Four-point overlap for $G_F$.}{Four-point overlap for GF.}}
smuggling,M_Z|M_W|G_F,/Users/igor/ClaudeAI/EDC_Project/elastic-diffusive-cosmology_repo/edc_book_2/src/sections/ch12_bvp_workpackage.tex,403,overlap integrals are trivial to compute. $G_F$ closure reduces to solving the BVP
smuggling,M_Z|M_W|G_F,/Users/igor/ClaudeAI/EDC_Project/elastic-diffusive-cosmology_repo/edc_book_2/src/sections/ch12_bvp_workpackage.tex,449,\item Prediction of particle masses or $G_F$ value
smuggling,M_Z|M_W|G_F,/Users/igor/ClaudeAI/EDC_Project/elastic-diffusive-cosmology_repo/edc_book_2/src/sections/ch12_bvp_workpackage.tex,472,\item Ch.~11 ($G_F$ pathway): Closure spine $G_{\text{eff}} = g_5^2 \ell |f_1(0)|^2/(2x_1^2)$ (OPR-22) $\to$ defines what $|f_1(0)|^2$ is for
smuggling,M_Z|M_W|G_F,/Users/igor/ClaudeAI/EDC_Project/elastic-diffusive-cosmology_repo/edc_book_2/src/sections/ch12_bvp_workpackage.tex,481,\item OPR-22: Quantitative $G_F$ (if $I_4$ is computed with correct inputs)
smuggling,M_Z|M_W|G_F,/Users/igor/ClaudeAI/EDC_Project/elastic-diffusive-cosmology_repo/edc_book_2/src/sections/ch12_bvp_workpackage.tex,487,\item \textbf{YELLOW $\to$ GREEN:} Solve BVP with physical inputs; show 3 generations; compute $I_4$ for $G_F$
smuggling,M_Z|M_W|G_F,/Users/igor/ClaudeAI/EDC_Project/elastic-diffusive-cosmology_repo/edc_book_2/src/sections/07_ckm_cp.tex,966,\item Chapter 8 ($G_F$ derivation): uses overlap structure for Fermi constant
smuggling,M_Z|M_W|G_F,/Users/igor/ClaudeAI/EDC_Project/elastic-diffusive-cosmology_repo/edc_book_2/src/sections/ch11_opr20_attemptH2_delta_Rxi_hard_audit.tex,15,"% - No SM-smuggling: M_W, M_Z, v, sin²θ_W, G_F may not be used as sources"
smuggling,M_Z|M_W|G_F,/Users/igor/ClaudeAI/EDC_Project/elastic-diffusive-cosmology_repo/edc_book_2/src/sections/ch11_opr20_attemptH2_delta_Rxi_hard_audit.tex,84,electroweak observables ($R_\xi = \hbar c / M_Z$). \tagBL{}+\tagP{}
smuggling,M_Z|M_W|G_F,/Users/igor/ClaudeAI/EDC_Project/elastic-diffusive-cosmology_repo/edc_book_2/src/sections/ch11_opr20_attemptH2_delta_Rxi_hard_audit.tex,113,"\item \textbf{SM observable fitting:} Using $M_Z$, $M_W$, $v$, $\sin^2\theta_W$,"
smuggling,M_Z|M_W|G_F,/Users/igor/ClaudeAI/EDC_Project/elastic-diffusive-cosmology_repo/edc_book_2/src/sections/ch11_opr20_attemptH2_delta_Rxi_hard_audit.tex,114,"$g$, $g'$, or $G_F$ to \emph{determine} $\delta$ or $R_\xi$. These may"
smuggling,M_Z|M_W|G_F,/Users/igor/ClaudeAI/EDC_Project/elastic-diffusive-cosmology_repo/edc_book_2/src/sections/ch11_opr20_attemptH2_delta_Rxi_hard_audit.tex,446,"is defined as $\hbar c / M_Z$, then any ``derivation'' of"
smuggling,M_Z|M_W|G_F,/Users/igor/ClaudeAI/EDC_Project/elastic-diffusive-cosmology_repo/edc_book_2/src/sections/ch11_opr20_attemptH2_delta_Rxi_hard_audit.tex,508,"(e.g., $m_\phi$, $G_F$) vary by $< 10\%$"
smuggling,M_Z|M_W|G_F,/Users/igor/ClaudeAI/EDC_Project/elastic-diffusive-cosmology_repo/edc_book_2/src/sections/ch11_opr20_attemptH2_delta_Rxi_hard_audit.tex,559,$\delta = R_\xi = \dfrac{\hbar c}{M_Z}$\\[2pt]
smuggling,M_Z|M_W|G_F,/Users/igor/ClaudeAI/EDC_Project/elastic-diffusive-cosmology_repo/edc_book_2/src/sections/ch11_opr20_attemptH2_delta_Rxi_hard_audit.tex,662,"\item Using $M_Z$, $M_W$, $v$, $G_F$ to justify the identification"
smuggling,M_Z|M_W|G_F,/Users/igor/ClaudeAI/EDC_Project/elastic-diffusive-cosmology_repo/edc_book_2/src/sections/ch11_opr20_attemptH2_delta_Rxi_hard_audit.tex,684,\item $R_\xi = \hbar c / M_Z \approx 2.2 \times 10^{-3}$ fm [BL]
smuggling,M_Z|M_W|G_F,/Users/igor/ClaudeAI/EDC_Project/elastic-diffusive-cosmology_repo/edc_book_2/src/sections/ch11_opr20_attemptH2_delta_Rxi_hard_audit.tex,694,\item $M_W = 80.4$ GeV [BL]
smuggling,M_Z|M_W|G_F,/Users/igor/ClaudeAI/EDC_Project/elastic-diffusive-cosmology_repo/edc_book_2/src/sections/ch11_opr20_attemptH2_delta_Rxi_hard_audit.tex,695,\item Deviation: $m_\phi / M_W \approx 0.66$ (34\% low)
smuggling,M_Z|M_W|G_F,/Users/igor/ClaudeAI/EDC_Project/elastic-diffusive-cosmology_repo/edc_book_2/src/sections/ch15_opr01_sigma_anchor_derivation.tex,31,"\item[$\times$] $M_W$, $M_Z$, or any electroweak boson masses"
smuggling,M_Z|M_W|G_F,/Users/igor/ClaudeAI/EDC_Project/elastic-diffusive-cosmology_repo/edc_book_2/src/sections/ch15_opr01_sigma_anchor_derivation.tex,32,\item[$\times$] $G_F$ (Fermi constant)
smuggling,M_Z|M_W|G_F,/Users/igor/ClaudeAI/EDC_Project/elastic-diffusive-cosmology_repo/edc_book_2/src/sections/ch15_opr01_sigma_anchor_derivation.tex,35,\item[$\times$] $\alpha(M_Z)$ or running couplings
smuggling,M_Z|M_W|G_F,/Users/igor/ClaudeAI/EDC_Project/elastic-diffusive-cosmology_repo/edc_book_2/src/sections/ch11_g5_canonical_and_kk.tex,10,This subsection tightens the $G_F$ derivation chain by:
smuggling,M_Z|M_W|G_F,/Users/igor/ClaudeAI/EDC_Project/elastic-diffusive-cosmology_repo/edc_book_2/src/sections/ch11_g5_canonical_and_kk.tex,76,[G_F] &= [E]^{-2} \quad \text{(Fermi constant)} \label{eq:ch11_dim_GF}
smuggling,M_Z|M_W|G_F,/Users/igor/ClaudeAI/EDC_Project/elastic-diffusive-cosmology_repo/edc_book_2/src/sections/ch11_g5_canonical_and_kk.tex,144,The identification $m_\phi \sim M_W \approx 80$ GeV is currently \tagI{}:
smuggling,M_Z|M_W|G_F,/Users/igor/ClaudeAI/EDC_Project/elastic-diffusive-cosmology_repo/edc_book_2/src/sections/ch11_g5_canonical_and_kk.tex,146,m_\phi \sim M_W \quad\Rightarrow\quad \ell \sim \frac{\pi}{M_W} \approx 0.04 \text{ fm}
smuggling,M_Z|M_W|G_F,/Users/igor/ClaudeAI/EDC_Project/elastic-diffusive-cosmology_repo/edc_book_2/src/sections/ch11_g5_canonical_and_kk.tex,160,"\item[[I]:] The numerical value $m_\phi \sim M_W$ (calibration, not derivation)"
smuggling,M_Z|M_W|G_F,/Users/igor/ClaudeAI/EDC_Project/elastic-diffusive-cosmology_repo/edc_book_2/src/sections/ch11_g5_canonical_and_kk.tex,177,\item OPR-20: ``$m_\phi \sim M_W$ identified''
smuggling,M_Z|M_W|G_F,/Users/igor/ClaudeAI/EDC_Project/elastic-diffusive-cosmology_repo/edc_book_2/src/sections/09_va_structure.tex,168,\item The numerical value of $G_F$---see Chapter 11
smuggling,M_Z|M_W|G_F,/Users/igor/ClaudeAI/EDC_Project/elastic-diffusive-cosmology_repo/edc_book_2/src/sections/09_va_structure.tex,263,\item The numerical value of $G_F$ is not computed; see Ch.~11 for the pathway.
smuggling,M_Z|M_W|G_F,/Users/igor/ClaudeAI/EDC_Project/elastic-diffusive-cosmology_repo/edc_book_2/src/sections/09_va_structure.tex,1139,\item \textbf{Fermi constant:} Quantitative $G_F$ requires thick-brane profile (Ch.~11).
smuggling,M_Z|M_W|G_F,/Users/igor/ClaudeAI/EDC_Project/elastic-diffusive-cosmology_repo/edc_book_2/src/sections/ch17_opr19_g5_from_action.tex,13,"% - NO SM observables as inputs (M_W, G_F, v, sin²θ_W)"
smuggling,M_Z|M_W|G_F,/Users/igor/ClaudeAI/EDC_Project/elastic-diffusive-cosmology_repo/edc_book_2/src/sections/ch17_opr19_g5_from_action.tex,398,"\item[\ding{51}] No SM observables used as inputs ($M_W, G_F, v, \sin^2\theta_W$ absent)"
smuggling,M_Z|M_W|G_F,/Users/igor/ClaudeAI/EDC_Project/elastic-diffusive-cosmology_repo/edc_book_2/src/sections/ch18_opr20_mediator_mass_from_eigenvalue.tex,33,\item Why $m_{\text{med}} \approx M_W$ numerically (not attempted)
smuggling,M_Z|M_W|G_F,/Users/igor/ClaudeAI/EDC_Project/elastic-diffusive-cosmology_repo/edc_book_2/src/sections/ch18_opr20_mediator_mass_from_eigenvalue.tex,55,"$M_W = g v / 2$, where $v = 246$~GeV is the vacuum expectation value. In EDC, we seek"
smuggling,M_Z|M_W|G_F,/Users/igor/ClaudeAI/EDC_Project/elastic-diffusive-cosmology_repo/edc_book_2/src/sections/ch18_opr20_mediator_mass_from_eigenvalue.tex,407,\textbf{Note:} The full $G_F$ expression includes additional fermion overlap factors
smuggling,M_Z|M_W|G_F,/Users/igor/ClaudeAI/EDC_Project/elastic-diffusive-cosmology_repo/edc_book_2/src/sections/ch18_opr20_mediator_mass_from_eigenvalue.tex,464,\item[\ding{51}] No $M_W$ used as input
smuggling,M_Z|M_W|G_F,/Users/igor/ClaudeAI/EDC_Project/elastic-diffusive-cosmology_repo/edc_book_2/src/sections/ch18_opr20_mediator_mass_from_eigenvalue.tex,465,\item[\ding{51}] No $M_Z$ used as input (except in $R_\xi$ if declared \tagBL{})
smuggling,M_Z|M_W|G_F,/Users/igor/ClaudeAI/EDC_Project/elastic-diffusive-cosmology_repo/edc_book_2/src/sections/ch18_opr20_mediator_mass_from_eigenvalue.tex,466,\item[\ding{51}] No $G_F$ used as input
smuggling,M_Z|M_W|G_F,/Users/igor/ClaudeAI/EDC_Project/elastic-diffusive-cosmology_repo/edc_book_2/src/sections/ch18_opr20_mediator_mass_from_eigenvalue.tex,543,\item \textbf{OPR-22}: First-principles $G_F$ (will use $m_{\text{med}}$ from here)
smuggling,M_Z|M_W|G_F,/Users/igor/ClaudeAI/EDC_Project/elastic-diffusive-cosmology_repo/edc_book_2/src/sections/ch11_g5_value_closure_attempt2_coefficient.tex,65,"\item[\ding{55}] Importing $M_W$, $G_F$, or $v = 246$ GeV"
smuggling,M_Z|M_W|G_F,/Users/igor/ClaudeAI/EDC_Project/elastic-diffusive-cosmology_repo/edc_book_2/src/sections/ch11_opr20_factor8_forensic.tex,30,"shifts, junction effects, or geometric factors---without importing $M_W$ or $G_F$?"
smuggling,M_Z|M_W|G_F,/Users/igor/ClaudeAI/EDC_Project/elastic-diffusive-cosmology_repo/edc_book_2/src/sections/ch11_opr20_factor8_forensic.tex,59,\item[\ding{55}] $M_W = 80$ GeV (would make analysis circular)
smuggling,M_Z|M_W|G_F,/Users/igor/ClaudeAI/EDC_Project/elastic-diffusive-cosmology_repo/edc_book_2/src/sections/ch11_opr20_factor8_forensic.tex,60,\item[\ding{55}] $G_F = 1.17 \times 10^{-5}$ GeV$^{-2}$
smuggling,M_Z|M_W|G_F,/Users/igor/ClaudeAI/EDC_Project/elastic-diffusive-cosmology_repo/edc_book_2/src/sections/01_how_we_got_here.tex,16,interaction strength is set by the Fermi constant $G_F$ \tagBL{}.
smuggling,M_Z|M_W|G_F,/Users/igor/ClaudeAI/EDC_Project/elastic-diffusive-cosmology_repo/edc_book_2/src/sections/ch11_opr20_attemptH_delta_equals_Rxi.tex,25,\item Independent derivation of $M_W$ or weak scale
smuggling,M_Z|M_W|G_F,/Users/igor/ClaudeAI/EDC_Project/elastic-diffusive-cosmology_repo/edc_book_2/src/sections/ch11_opr20_attemptH_delta_equals_Rxi.tex,206,boson mass $M_W = 80.4$ GeV. This is \emph{not} fed back into the derivation;
smuggling,M_Z|M_W|G_F,/Users/igor/ClaudeAI/EDC_Project/elastic-diffusive-cosmology_repo/edc_book_2/src/sections/ch11_opr20_attemptH_delta_equals_Rxi.tex,214,"\item[$\times$] No $M_W$, $G_F$, $g_2$, or $v$ used as inputs"
smuggling,M_Z|M_W|G_F,/Users/igor/ClaudeAI/EDC_Project/elastic-diffusive-cosmology_repo/edc_book_2/src/sections/ch11_opr20_attemptH_delta_equals_Rxi.tex,323,The predicted $m_\phi \approx 54$ GeV is 33\% below $M_W = 80.4$ GeV. This
smuggling,M_Z|M_W|G_F,/Users/igor/ClaudeAI/EDC_Project/elastic-diffusive-cosmology_repo/edc_book_2/src/sections/ch11_g5_ell_suppression_attempt2.tex,62,\item $M_W = 80$ GeV (would make $f_{\text{geom}}$ circular)
smuggling,M_Z|M_W|G_F,/Users/igor/ClaudeAI/EDC_Project/elastic-diffusive-cosmology_repo/edc_book_2/src/sections/ch11_g5_ell_suppression_attempt2.tex,63,\item $G_F = 1.17 \times 10^{-5}$ GeV$^{-2}$ (target of derivation)
smuggling,M_Z|M_W|G_F,/Users/igor/ClaudeAI/EDC_Project/elastic-diffusive-cosmology_repo/edc_book_2/src/sections/ch11_g5_ell_suppression_attempt2.tex,64,\item $v = 246$ GeV (defined via $G_F$)
smuggling,M_Z|M_W|G_F,/Users/igor/ClaudeAI/EDC_Project/elastic-diffusive-cosmology_repo/edc_book_2/src/sections/ch11_g5_ell_suppression_attempt2.tex,113,The Candidate A prediction $m_\phi \approx 620$ GeV overshoots $M_W = 80$ GeV by
smuggling,M_Z|M_W|G_F,/Users/igor/ClaudeAI/EDC_Project/elastic-diffusive-cosmology_repo/edc_book_2/src/sections/ch11_g5_ell_suppression_attempt2.tex,129,\item[\ding{55}] Overshoots $M_W$ by factor $\sim 8$
smuggling,M_Z|M_W|G_F,/Users/igor/ClaudeAI/EDC_Project/elastic-diffusive-cosmology_repo/edc_book_2/src/sections/ch11_g5_ell_suppression_attempt2.tex,274,"$M_W$, and $\kappa$ is derivable from brane action, Candidate B gains support"
smuggling,M_Z|M_W|G_F,/Users/igor/ClaudeAI/EDC_Project/elastic-diffusive-cosmology_repo/edc_book_2/src/sections/ch19_opr22_geff_from_exchange.tex,43,"\item We do NOT use $G_F$, $M_W$, $M_Z$, $v$, or $\sin^2\theta_W$ as inputs"
smuggling,M_Z|M_W|G_F,/Users/igor/ClaudeAI/EDC_Project/elastic-diffusive-cosmology_repo/edc_book_2/src/sections/ch19_opr22_geff_from_exchange.tex,44,"\item We call the result $G_{\text{eff}}$, not $G_F$, to distinguish computed from measured"
smuggling,M_Z|M_W|G_F,/Users/igor/ClaudeAI/EDC_Project/elastic-diffusive-cosmology_repo/edc_book_2/src/sections/ch19_opr22_geff_from_exchange.tex,117,"In the Standard Model, the Fermi constant $G_F$ characterizes the strength of weak"
smuggling,M_Z|M_W|G_F,/Users/igor/ClaudeAI/EDC_Project/elastic-diffusive-cosmology_repo/edc_book_2/src/sections/ch19_opr22_geff_from_exchange.tex,120,"\mathcal{L}_{\text{Fermi}} = -\frac{G_F}{\sqrt{2}} \, j^\mu j_\mu"
smuggling,M_Z|M_W|G_F,/Users/igor/ClaudeAI/EDC_Project/elastic-diffusive-cosmology_repo/edc_book_2/src/sections/ch19_opr22_geff_from_exchange.tex,125,"In the Standard Model, $G_F$ is computed from the W boson exchange:"
smuggling,M_Z|M_W|G_F,/Users/igor/ClaudeAI/EDC_Project/elastic-diffusive-cosmology_repo/edc_book_2/src/sections/ch19_opr22_geff_from_exchange.tex,127,\frac{G_F}{\sqrt{2}} = \frac{g^2}{8 M_W^2}
smuggling,M_Z|M_W|G_F,/Users/igor/ClaudeAI/EDC_Project/elastic-diffusive-cosmology_repo/edc_book_2/src/sections/ch19_opr22_geff_from_exchange.tex,130,where $g$ is the SU(2)$_L$ gauge coupling and $M_W$ is the W boson mass.
smuggling,M_Z|M_W|G_F,/Users/igor/ClaudeAI/EDC_Project/elastic-diffusive-cosmology_repo/edc_book_2/src/sections/ch19_opr22_geff_from_exchange.tex,753,"G_F = 1.1663788(6) \times 10^{-5} \, \text{GeV}^{-2}"
smuggling,M_Z|M_W|G_F,/Users/igor/ClaudeAI/EDC_Project/elastic-diffusive-cosmology_repo/edc_book_2/src/sections/ch19_opr22_geff_from_exchange.tex,770,This is $\mathcal{O}(10^2)$ times larger than $G_F$.
smuggling,M_Z|M_W|G_F,/Users/igor/ClaudeAI/EDC_Project/elastic-diffusive-cosmology_repo/edc_book_2/src/sections/ch19_opr22_geff_from_exchange.tex,773,$G_{\text{eff}} \sim G_F$ requires either:
smuggling,M_Z|M_W|G_F,/Users/igor/ClaudeAI/EDC_Project/elastic-diffusive-cosmology_repo/edc_book_2/src/sections/ch19_opr22_geff_from_exchange.tex,782,independently of whether $G_{\text{eff}}$ numerically matches $G_F$.
smuggling,M_Z|M_W|G_F,/Users/igor/ClaudeAI/EDC_Project/elastic-diffusive-cosmology_repo/edc_book_2/src/sections/ch10_electroweak_bridge.tex,12,"physics) and electroweak observables (mediator mass, $G_F$). It consolidates results"
smuggling,M_Z|M_W|G_F,/Users/igor/ClaudeAI/EDC_Project/elastic-diffusive-cosmology_repo/edc_book_2/src/sections/ch10_electroweak_bridge.tex,22,connects them to the $G_F$ derivation spine (Ch.~11). It does \emph{not} create
smuggling,M_Z|M_W|G_F,/Users/igor/ClaudeAI/EDC_Project/elastic-diffusive-cosmology_repo/edc_book_2/src/sections/ch10_electroweak_bridge.tex,68,\item \textbf{3D shadow:} Mediator mass $m_\phi$; effective coupling $G_F$.
smuggling,M_Z|M_W|G_F,/Users/igor/ClaudeAI/EDC_Project/elastic-diffusive-cosmology_repo/edc_book_2/src/sections/ch10_electroweak_bridge.tex,71,"\textbf{Standard Model terms} (e.g., $M_W$, $M_Z$, $G_F$) appear as \textbf{3D observational"
smuggling,M_Z|M_W|G_F,/Users/igor/ClaudeAI/EDC_Project/elastic-diffusive-cosmology_repo/edc_book_2/src/sections/ch10_electroweak_bridge.tex,114,The electroweak vacuum expectation $R_\xi = \hbar c / M_Z \approx 2.2 \times 10^{-3}$ fm
smuggling,M_Z|M_W|G_F,/Users/igor/ClaudeAI/EDC_Project/elastic-diffusive-cosmology_repo/edc_book_2/src/sections/ch10_electroweak_bridge.tex,123,"with $M_W$, $M_Z$, but not ``predicted'' without deriving $\delta$ \tagDc{}+\tagP{}."
smuggling,M_Z|M_W|G_F,/Users/igor/ClaudeAI/EDC_Project/elastic-diffusive-cosmology_repo/edc_book_2/src/sections/ch10_electroweak_bridge.tex,125,\textbf{Step 8: The overlap integral $I_4$ controls $G_F$.}
smuggling,M_Z|M_W|G_F,/Users/igor/ClaudeAI/EDC_Project/elastic-diffusive-cosmology_repo/edc_book_2/src/sections/ch10_electroweak_bridge.tex,136,\item Numerical $G_F$ without solving BVP with physical inputs
smuggling,M_Z|M_W|G_F,/Users/igor/ClaudeAI/EDC_Project/elastic-diffusive-cosmology_repo/edc_book_2/src/sections/ch10_electroweak_bridge.tex,143,$\to$ mode profile $f(\xi)$ (5D) $\to$ overlap $I_4$ (5D) $\to$ $G_F$ (3D shadow).
smuggling,M_Z|M_W|G_F,/Users/igor/ClaudeAI/EDC_Project/elastic-diffusive-cosmology_repo/edc_book_2/src/sections/ch10_electroweak_bridge.tex,246,"\node (GF) [draw, rounded corners, left of=I4, xshift=-1.0cm] {$G_F$};"
smuggling,M_Z|M_W|G_F,/Users/igor/ClaudeAI/EDC_Project/elastic-diffusive-cosmology_repo/edc_book_2/src/sections/ch10_electroweak_bridge.tex,299,brane scalar predicts single mediator. LHC data (no new resonances above $M_Z$)
smuggling,M_Z|M_W|G_F,/Users/igor/ClaudeAI/EDC_Project/elastic-diffusive-cosmology_repo/edc_book_2/src/sections/ch10_electroweak_bridge.tex,340,\item $R_\xi = \hbar c / M_Z \approx 2.2 \times 10^{-3}$ fm is the electroweak
smuggling,M_Z|M_W|G_F,/Users/igor/ClaudeAI/EDC_Project/elastic-diffusive-cosmology_repo/edc_book_2/src/sections/ch10_electroweak_bridge.tex,351,"\item $R_\xi$ is defined via $M_Z$, which is an \emph{electroweak observable} \tagBL{}."
smuggling,M_Z|M_W|G_F,/Users/igor/ClaudeAI/EDC_Project/elastic-diffusive-cosmology_repo/edc_book_2/src/sections/ch10_electroweak_bridge.tex,352,\item Using $R_\xi$ as input and then ``deriving'' mediator mass $\sim M_Z$ is
smuggling,M_Z|M_W|G_F,/Users/igor/ClaudeAI/EDC_Project/elastic-diffusive-cosmology_repo/edc_book_2/src/sections/ch10_electroweak_bridge.tex,361,"$M_Z$, $M_W$, $v$, or $G_F$ as input."
smuggling,M_Z|M_W|G_F,/Users/igor/ClaudeAI/EDC_Project/elastic-diffusive-cosmology_repo/edc_book_2/src/sections/ch10_electroweak_bridge.tex,381,of 4--8 from $M_W$. This was puzzling until BC provenance was clarified:
smuggling,M_Z|M_W|G_F,/Users/igor/ClaudeAI/EDC_Project/elastic-diffusive-cosmology_repo/edc_book_2/src/sections/ch10_electroweak_bridge.tex,398,"\item Compare to $M_W$, $M_Z$ as a \emph{prediction}"
smuggling,M_Z|M_W|G_F,/Users/igor/ClaudeAI/EDC_Project/elastic-diffusive-cosmology_repo/edc_book_2/src/sections/ch10_electroweak_bridge.tex,408,"\item Reporting: ``If $\delta = R_\xi$, then $m_\phi \approx 54$ GeV (33\% from $M_W$)''"
smuggling,M_Z|M_W|G_F,/Users/igor/ClaudeAI/EDC_Project/elastic-diffusive-cosmology_repo/edc_book_2/src/sections/ch10_electroweak_bridge.tex,415,\item Claiming: ``EDC predicts $M_W$'' (without deriving $\delta$)
smuggling,M_Z|M_W|G_F,/Users/igor/ClaudeAI/EDC_Project/elastic-diffusive-cosmology_repo/edc_book_2/src/sections/ch10_electroweak_bridge.tex,416,\item Fitting: ``We chose $\alpha$ to get $m_\phi = M_W$'' (tuning)
smuggling,M_Z|M_W|G_F,/Users/igor/ClaudeAI/EDC_Project/elastic-diffusive-cosmology_repo/edc_book_2/src/sections/ch10_electroweak_bridge.tex,417,\item Hiding: Using $R_\xi$ (which contains $M_Z$) and claiming no SM input
smuggling,M_Z|M_W|G_F,/Users/igor/ClaudeAI/EDC_Project/elastic-diffusive-cosmology_repo/edc_book_2/src/sections/ch10_electroweak_bridge.tex,445,The electroweak scale $R_\xi = \hbar c / M_Z$ is a plausible candidate for
smuggling,M_Z|M_W|G_F,/Users/igor/ClaudeAI/EDC_Project/elastic-diffusive-cosmology_repo/edc_book_2/src/sections/ch10_electroweak_bridge.tex,449,"\item \textbf{3D shadow: $G_F$, $m_\phi$ emerge from 5D pipeline.}"
smuggling,M_Z|M_W|G_F,/Users/igor/ClaudeAI/EDC_Project/elastic-diffusive-cosmology_repo/edc_book_2/src/sections/ch10_electroweak_bridge.tex,479,\item Ch.~11 ($G_F$ derivation): BC form + $\alpha$ value (once determined)
smuggling,M_Z|M_W|G_F,/Users/igor/ClaudeAI/EDC_Project/elastic-diffusive-cosmology_repo/edc_book_2/src/sections/ch11_gf_sanity_skeleton.tex,3,% G_F Sanity Skeleton: Chain Map + Dimensional Checks + Attack Surface
smuggling,M_Z|M_W|G_F,/Users/igor/ClaudeAI/EDC_Project/elastic-diffusive-cosmology_repo/edc_book_2/src/sections/ch11_gf_sanity_skeleton.tex,4,% Status: Audit-ready scaffold for G_F pathway (OPR-19--22)
smuggling,M_Z|M_W|G_F,/Users/igor/ClaudeAI/EDC_Project/elastic-diffusive-cosmology_repo/edc_book_2/src/sections/ch11_gf_sanity_skeleton.tex,7,"\subsection{\texorpdfstring{$G_F$}{GF} Sanity Skeleton: Chain, Dimensions, and Open Inputs}"
smuggling,M_Z|M_W|G_F,/Users/igor/ClaudeAI/EDC_Project/elastic-diffusive-cosmology_repo/edc_book_2/src/sections/ch11_gf_sanity_skeleton.tex,30,$G_F$ definition & $G_F = 1.166 \times 10^{-5}$ GeV$^{-2}$ & \tagBL{} & Reference target \\
smuggling,M_Z|M_W|G_F,/Users/igor/ClaudeAI/EDC_Project/elastic-diffusive-cosmology_repo/edc_book_2/src/sections/ch11_gf_sanity_skeleton.tex,31,$G_F$ from $W$ exchange & $G_F = g^2/(4\sqrt{2}M_W^2)$ & \tagBL{} & SM relation \\
smuggling,M_Z|M_W|G_F,/Users/igor/ClaudeAI/EDC_Project/elastic-diffusive-cosmology_repo/edc_book_2/src/sections/ch11_gf_sanity_skeleton.tex,33,$M_W$ from Higgs & $M_W = gv/2$ & \tagBL{} & Uses $v = (\sqrt{2}G_F)^{-1/2}$ \\
smuggling,M_Z|M_W|G_F,/Users/igor/ClaudeAI/EDC_Project/elastic-diffusive-cosmology_repo/edc_book_2/src/sections/ch11_gf_sanity_skeleton.tex,36,"\textbf{Circularity:} & \multicolumn{3}{l}{$v$ depends on $G_F$ $\Rightarrow$ ``$G_F$ exact'' is consistency, not prediction} \\"
smuggling,M_Z|M_W|G_F,/Users/igor/ClaudeAI/EDC_Project/elastic-diffusive-cosmology_repo/edc_book_2/src/sections/ch11_gf_sanity_skeleton.tex,41,RG running to $M_Z$ & Standard $\beta$-functions & \tagBL{} & None (physics) \\
smuggling,M_Z|M_W|G_F,/Users/igor/ClaudeAI/EDC_Project/elastic-diffusive-cosmology_repo/edc_book_2/src/sections/ch11_gf_sanity_skeleton.tex,59,The Fermi constant has dimension $[G_F] = [E]^{-2}$ in natural units.
smuggling,M_Z|M_W|G_F,/Users/igor/ClaudeAI/EDC_Project/elastic-diffusive-cosmology_repo/edc_book_2/src/sections/ch11_gf_sanity_skeleton.tex,78,"In the SM, $G_F \sim 1/v^2 \sim 1/M_W^2$. In EDC:"
smuggling,M_Z|M_W|G_F,/Users/igor/ClaudeAI/EDC_Project/elastic-diffusive-cosmology_repo/edc_book_2/src/sections/ch11_gf_sanity_skeleton.tex,80,\item The \emph{mediator mass} $m_\phi$ sets the scale (not $M_W$ directly)
smuggling,M_Z|M_W|G_F,/Users/igor/ClaudeAI/EDC_Project/elastic-diffusive-cosmology_repo/edc_book_2/src/sections/ch11_gf_sanity_skeleton.tex,81,\item For consistency: $m_\phi \sim M_W \sim 80$ GeV
smuggling,M_Z|M_W|G_F,/Users/igor/ClaudeAI/EDC_Project/elastic-diffusive-cosmology_repo/edc_book_2/src/sections/ch11_gf_sanity_skeleton.tex,88,has the correct dimension $[E]^{-2}$ for matching $G_F$.
smuggling,M_Z|M_W|G_F,/Users/igor/ClaudeAI/EDC_Project/elastic-diffusive-cosmology_repo/edc_book_2/src/sections/ch11_gf_sanity_skeleton.tex,104,"\emph{from} $G_F$. Using $v$ to compute $M_W$, then $G_F$ from $M_W$,"
smuggling,M_Z|M_W|G_F,/Users/igor/ClaudeAI/EDC_Project/elastic-diffusive-cosmology_repo/edc_book_2/src/sections/ch11_gf_sanity_skeleton.tex,110,\item \textbf{$m_\phi \sim M_W$ identification:} If we \emph{choose} $m_\phi = M_W$
smuggling,M_Z|M_W|G_F,/Users/igor/ClaudeAI/EDC_Project/elastic-diffusive-cosmology_repo/edc_book_2/src/sections/ch11_gf_sanity_skeleton.tex,111,"to match $G_F$, that is calibration, not derivation."
smuggling,M_Z|M_W|G_F,/Users/igor/ClaudeAI/EDC_Project/elastic-diffusive-cosmology_repo/edc_book_2/src/sections/ch11_gf_sanity_skeleton.tex,115,"to give the right $G_F$, that is smuggling."
smuggling,M_Z|M_W|G_F,/Users/igor/ClaudeAI/EDC_Project/elastic-diffusive-cosmology_repo/edc_book_2/src/sections/ch11_gf_sanity_skeleton.tex,126,\item Implicit use of $G_F$ to ``derive'' $G_F$
smuggling,M_Z|M_W|G_F,/Users/igor/ClaudeAI/EDC_Project/elastic-diffusive-cosmology_repo/edc_book_2/src/sections/ch11_gf_sanity_skeleton.tex,167,\item OPR-22: Complete $G_F$ derivation without SM circularity
smuggling,M_Z|M_W|G_F,/Users/igor/ClaudeAI/EDC_Project/elastic-diffusive-cosmology_repo/edc_book_2/src/sections/ch11_gf_sanity_skeleton.tex,173,The true independent prediction is $\sin^2\theta_W = 1/4$; numerical $G_F$ closure
smuggling,M_Z|M_W|G_F,/Users/igor/ClaudeAI/EDC_Project/elastic-diffusive-cosmology_repo/edc_book_2/src/sections/ch11_gf_sanity_skeleton.tex,174,"uses SM relations (consistency, not derivation). First-principles $G_F$ requires"
smuggling,M_Z|M_W|G_F,/Users/igor/ClaudeAI/EDC_Project/elastic-diffusive-cosmology_repo/edc_book_2/src/sections/ch11_gf_sanity_skeleton.tex,194,22 & $G_F$ & Combine 19--21: $G_F = g_5^2 I_4 / m_\phi^2$ & First-principles value \\
smuggling,M_Z|M_W|G_F,/Users/igor/ClaudeAI/EDC_Project/elastic-diffusive-cosmology_repo/edc_book_2/src/sections/ch11_gf_sanity_skeleton.tex,205,"G_F = \frac{g_5^2 \, I_4}{m_\phi^2} \text{ (OPR-22)}"
smuggling,M_Z|M_W|G_F,/Users/igor/ClaudeAI/EDC_Project/elastic-diffusive-cosmology_repo/edc_book_2/src/sections/ch11_gf_sanity_skeleton.tex,210,"Until then, $G_F$ numerical closure relies on SM electroweak relations,"
smuggling,M_Z|M_W|G_F,/Users/igor/ClaudeAI/EDC_Project/elastic-diffusive-cosmology_repo/edc_book_2/src/sections/ch11_opr20_attemptF_mediator_bvp_junction.tex,48,\paragraph{\texorpdfstring{Connection to $G_F$ chain.}{Connection to GF chain.}}
smuggling,M_Z|M_W|G_F,/Users/igor/ClaudeAI/EDC_Project/elastic-diffusive-cosmology_repo/edc_book_2/src/sections/ch11_opr20_attemptD_interpretation_robin_overcount.tex,48,\item[\ding{55}] $M_W = 80$ GeV or any SM weak scale target
smuggling,M_Z|M_W|G_F,/Users/igor/ClaudeAI/EDC_Project/elastic-diffusive-cosmology_repo/edc_book_2/src/sections/ch11_opr20_attemptD_interpretation_robin_overcount.tex,49,\item[\ding{55}] $G_F = 1.17 \times 10^{-5}$ GeV$^{-2}$
smuggling,M_Z|M_W|G_F,/Users/igor/ClaudeAI/EDC_Project/elastic-diffusive-cosmology_repo/edc_book_2/src/sections/ch11_opr20_attemptD_interpretation_robin_overcount.tex,93,\textbf{Status:} This overshoots $M_W \approx 80$ GeV by factor $\sim 4$. \tagP{}
smuggling,M_Z|M_W|G_F,/Users/igor/ClaudeAI/EDC_Project/elastic-diffusive-cosmology_repo/edc_book_2/src/sections/ch11_opr20_attemptD_interpretation_robin_overcount.tex,106,\textbf{Status:} This undershoots $M_W$ by factor $\sim 1.6$. \tagP{}
smuggling,M_Z|M_W|G_F,/Users/igor/ClaudeAI/EDC_Project/elastic-diffusive-cosmology_repo/edc_book_2/src/sections/ch11_opr20_attemptD_interpretation_robin_overcount.tex,141,\textbf{Interpretation} & \textbf{$\ell_{\text{eff}}$} & \textbf{Factor} & \textbf{$m_\phi$ (GeV)} & \textbf{vs $M_W$} & \textbf{Status} \\
smuggling,M_Z|M_W|G_F,/Users/igor/ClaudeAI/EDC_Project/elastic-diffusive-cosmology_repo/edc_book_2/src/sections/ch11_opr20_attemptD_interpretation_robin_overcount.tex,542,tension with $M_W = 80$ GeV
smuggling,M_Z|M_W|G_F,/Users/igor/ClaudeAI/EDC_Project/elastic-diffusive-cosmology_repo/edc_book_2/src/sections/ch16_opr04_delta_derivation.tex,47,$R_\xi$ & Diffusion scale & Correlation length: $R_\xi = \hbar c/M_Z$ & \tagBL{} \\
smuggling,M_Z|M_W|G_F,/Users/igor/ClaudeAI/EDC_Project/elastic-diffusive-cosmology_repo/edc_book_2/src/sections/ch16_opr04_delta_derivation.tex,56,\item $R_\xi \approx 2.16 \times 10^{-3}$ fm \tagBL{} — anchored to $M_Z$
smuggling,M_Z|M_W|G_F,/Users/igor/ClaudeAI/EDC_Project/elastic-diffusive-cosmology_repo/edc_book_2/src/sections/ch16_opr04_delta_derivation.tex,346,\Delta = \delta = R_\xi = \frac{\hbar c}{M_Z} \approx 2.17 \times 10^{-3} \text{ fm}
smuggling,M_Z|M_W|G_F,/Users/igor/ClaudeAI/EDC_Project/elastic-diffusive-cosmology_repo/edc_book_2/src/sections/ch16_opr04_delta_derivation.tex,441,"\item[$\times$] No $M_W$, $G_F$, $v_{\rm EW} = 246$ GeV, $\sin^2\theta_W$ used"
smuggling,M_Z|M_W|G_F,/Users/igor/ClaudeAI/EDC_Project/elastic-diffusive-cosmology_repo/edc_book_2/src/sections/ch16_opr04_delta_derivation.tex,473,\item $R_\xi = \hbar c/M_Z \approx 2.16 \times 10^{-3}$ fm \tagBL{}
smuggling,M_Z|M_W|G_F,/Users/igor/ClaudeAI/EDC_Project/elastic-diffusive-cosmology_repo/edc_book_2/src/sections/ch16_opr04_delta_derivation.tex,560,"\textbf{No SM parameters} ($M_W$, $G_F$, $v = 246$ GeV, $\sin^2\theta_W$)"
smuggling,M_Z|M_W|G_F,/Users/igor/ClaudeAI/EDC_Project/elastic-diffusive-cosmology_repo/edc_book_2/src/sections/ch16_opr04_delta_derivation.tex,561,\textbf{enter the derivation chain.} The only baseline input is $M_Z$ for
smuggling,M_Z|M_W|G_F,/Users/igor/ClaudeAI/EDC_Project/elastic-diffusive-cosmology_repo/edc_book_2/src/sections/ch20_epistemic_summary_closure_status.tex,139,$R_\xi$ & Diffusion / correlation & $\sim \hbar c / M_Z$ \\
smuggling,M_Z|M_W|G_F,/Users/igor/ClaudeAI/EDC_Project/elastic-diffusive-cosmology_repo/edc_book_2/src/sections/ch20_epistemic_summary_closure_status.tex,563,"No Standard Model observable ($M_W$, $G_F$, $v$, $\sin^2\theta_W$) is used as input."
smuggling,M_Z|M_W|G_F,/Users/igor/ClaudeAI/EDC_Project/elastic-diffusive-cosmology_repo/edc_book_2/src/sections/11_gf_derivation.tex,10,This chapter consolidates the EDC treatment of the Fermi constant $G_F$:
smuggling,M_Z|M_W|G_F,/Users/igor/ClaudeAI/EDC_Project/elastic-diffusive-cosmology_repo/edc_book_2/src/sections/11_gf_derivation.tex,12,\item Structural pathway: $G_F$ emerges from integrating out a 5D mediator \tagDc{}
smuggling,M_Z|M_W|G_F,/Users/igor/ClaudeAI/EDC_Project/elastic-diffusive-cosmology_repo/edc_book_2/src/sections/11_gf_derivation.tex,13,\item Numerical closure: $G_F$ exact from electroweak relations + $\sin^2\theta_W = 1/4$ \tagDc{}
smuggling,M_Z|M_W|G_F,/Users/igor/ClaudeAI/EDC_Project/elastic-diffusive-cosmology_repo/edc_book_2/src/sections/11_gf_derivation.tex,17,\textbf{What is NOT claimed:} We do not derive the numerical value of $G_F$
smuggling,M_Z|M_W|G_F,/Users/igor/ClaudeAI/EDC_Project/elastic-diffusive-cosmology_repo/edc_book_2/src/sections/11_gf_derivation.tex,19,incorporate the measured $\alpha$ and $v$ (or equivalently $G_F$ itself).
smuggling,M_Z|M_W|G_F,/Users/igor/ClaudeAI/EDC_Project/elastic-diffusive-cosmology_repo/edc_book_2/src/sections/11_gf_derivation.tex,20,The structural claim is that $G_F$'s \emph{smallness} has geometric origin.
smuggling,M_Z|M_W|G_F,/Users/igor/ClaudeAI/EDC_Project/elastic-diffusive-cosmology_repo/edc_book_2/src/sections/11_gf_derivation.tex,36,\item \textbf{3D shadow:} Fermi constant $G_F$ as effective contact coupling.
smuggling,M_Z|M_W|G_F,/Users/igor/ClaudeAI/EDC_Project/elastic-diffusive-cosmology_repo/edc_book_2/src/sections/11_gf_derivation.tex,39,\textbf{Standard Model} takes $G_F$ as measured input; EDC derives its smallness from
smuggling,M_Z|M_W|G_F,/Users/igor/ClaudeAI/EDC_Project/elastic-diffusive-cosmology_repo/edc_book_2/src/sections/11_gf_derivation.tex,70,"$G_F \sim G_5 \int_0^\infty |f_L(\xi)|^4 \, d\xi = G_5 \times I_4$, where $[I_4] = E$."
smuggling,M_Z|M_W|G_F,/Users/igor/ClaudeAI/EDC_Project/elastic-diffusive-cosmology_repo/edc_book_2/src/sections/11_gf_derivation.tex,76,four-fermion vertex with coupling $G_F$. The ``weakness'' of weak interactions is
smuggling,M_Z|M_W|G_F,/Users/igor/ClaudeAI/EDC_Project/elastic-diffusive-cosmology_repo/edc_book_2/src/sections/11_gf_derivation.tex,86,The Fermi constant $G_F \approx 1.17 \times 10^{-5}$ GeV$^{-2}$ sets the scale of
smuggling,M_Z|M_W|G_F,/Users/igor/ClaudeAI/EDC_Project/elastic-diffusive-cosmology_repo/edc_book_2/src/sections/11_gf_derivation.tex,88,exchange with $G_F = \sqrt{2}g^2/(8M_W^2)$. But \emph{why} is $G_F$ so small?
smuggling,M_Z|M_W|G_F,/Users/igor/ClaudeAI/EDC_Project/elastic-diffusive-cosmology_repo/edc_book_2/src/sections/11_gf_derivation.tex,93,mediator. The smallness of $G_F$ reflects:
smuggling,M_Z|M_W|G_F,/Users/igor/ClaudeAI/EDC_Project/elastic-diffusive-cosmology_repo/edc_book_2/src/sections/11_gf_derivation.tex,116,RG running from lattice scale to $M_Z$ using known beta functions.
smuggling,M_Z|M_W|G_F,/Users/igor/ClaudeAI/EDC_Project/elastic-diffusive-cosmology_repo/edc_book_2/src/sections/11_gf_derivation.tex,120,"$M_W = gv/2$, $G_F = g^2/(4\sqrt{2}M_W^2)$."
smuggling,M_Z|M_W|G_F,/Users/igor/ClaudeAI/EDC_Project/elastic-diffusive-cosmology_repo/edc_book_2/src/sections/11_gf_derivation.tex,123,The Higgs VEV $v = (\sqrt{2}G_F)^{-1/2} = 246.2$ GeV is experimentally
smuggling,M_Z|M_W|G_F,/Users/igor/ClaudeAI/EDC_Project/elastic-diffusive-cosmology_repo/edc_book_2/src/sections/11_gf_derivation.tex,124,determined \emph{from} $G_F$ (muon decay). Therefore:
smuggling,M_Z|M_W|G_F,/Users/igor/ClaudeAI/EDC_Project/elastic-diffusive-cosmology_repo/edc_book_2/src/sections/11_gf_derivation.tex,125,\textbf{$G_F$ ``exact agreement'' is a consistency closure within
smuggling,M_Z|M_W|G_F,/Users/igor/ClaudeAI/EDC_Project/elastic-diffusive-cosmology_repo/edc_book_2/src/sections/11_gf_derivation.tex,139,$G_F = g^2/(4\sqrt{2}M_W^2)$ from electroweak relations;
smuggling,M_Z|M_W|G_F,/Users/igor/ClaudeAI/EDC_Project/elastic-diffusive-cosmology_repo/edc_book_2/src/sections/11_gf_derivation.tex,156,First-principles $G_F$ without using $\alpha$ or $v$ as inputs;
smuggling,M_Z|M_W|G_F,/Users/igor/ClaudeAI/EDC_Project/elastic-diffusive-cosmology_repo/edc_book_2/src/sections/11_gf_derivation.tex,168,G_F = 1.1663787(6) \times 10^{-5}~\text{GeV}^{-2}
smuggling,M_Z|M_W|G_F,/Users/igor/ClaudeAI/EDC_Project/elastic-diffusive-cosmology_repo/edc_book_2/src/sections/11_gf_derivation.tex,172,"In the Standard Model, $G_F$ arises from $W$-boson exchange \tagBL{}:"
smuggling,M_Z|M_W|G_F,/Users/igor/ClaudeAI/EDC_Project/elastic-diffusive-cosmology_repo/edc_book_2/src/sections/11_gf_derivation.tex,174,G_F = \frac{\sqrt{2}}{8} \frac{g^2}{M_W^2} = \frac{g^2}{4\sqrt{2} M_W^2}
smuggling,M_Z|M_W|G_F,/Users/igor/ClaudeAI/EDC_Project/elastic-diffusive-cosmology_repo/edc_book_2/src/sections/11_gf_derivation.tex,177,where $g \approx 0.65$ is the $SU(2)_L$ gauge coupling and $M_W \approx 80.4$ GeV.
smuggling,M_Z|M_W|G_F,/Users/igor/ClaudeAI/EDC_Project/elastic-diffusive-cosmology_repo/edc_book_2/src/sections/11_gf_derivation.tex,179,\paragraph{\texorpdfstring{Why is $G_F$ small?}{Why is GF small?}}
smuggling,M_Z|M_W|G_F,/Users/igor/ClaudeAI/EDC_Project/elastic-diffusive-cosmology_repo/edc_book_2/src/sections/11_gf_derivation.tex,180,"In the SM, this is ``explained'' by $M_W$ being heavy. But why is $M_W \approx 80$ GeV?"
smuggling,M_Z|M_W|G_F,/Users/igor/ClaudeAI/EDC_Project/elastic-diffusive-cosmology_repo/edc_book_2/src/sections/11_gf_derivation.tex,182,"$G_F \sim 1/v^2$ is ultimately unexplained---it's an input, not an output."
smuggling,M_Z|M_W|G_F,/Users/igor/ClaudeAI/EDC_Project/elastic-diffusive-cosmology_repo/edc_book_2/src/sections/11_gf_derivation.tex,244,of fermion modes combine to produce the small effective coupling $G_F$ \tagDc{}.
smuggling,M_Z|M_W|G_F,/Users/igor/ClaudeAI/EDC_Project/elastic-diffusive-cosmology_repo/edc_book_2/src/sections/11_gf_derivation.tex,277,\begin{theorem}[$G_F$ from Electroweak Unification {\normalfont \tagDc{}}]
smuggling,M_Z|M_W|G_F,/Users/igor/ClaudeAI/EDC_Project/elastic-diffusive-cosmology_repo/edc_book_2/src/sections/11_gf_derivation.tex,280,"(Chapter~\ref{ch:z6_program}), after RG running to $M_Z$:"
smuggling,M_Z|M_W|G_F,/Users/igor/ClaudeAI/EDC_Project/elastic-diffusive-cosmology_repo/edc_book_2/src/sections/11_gf_derivation.tex,282,\sin^2\theta_W(M_Z) &= 0.2314 \quad \text{(0.08\% from PDG)} \\
smuggling,M_Z|M_W|G_F,/Users/igor/ClaudeAI/EDC_Project/elastic-diffusive-cosmology_repo/edc_book_2/src/sections/11_gf_derivation.tex,284,M_W &= \frac{gv}{2} = \frac{0.6516 \times 246.2}{2} = 80.2 \text{ GeV}
smuggling,M_Z|M_W|G_F,/Users/igor/ClaudeAI/EDC_Project/elastic-diffusive-cosmology_repo/edc_book_2/src/sections/11_gf_derivation.tex,290,G_F = \frac{g^2}{4\sqrt{2}M_W^2} = \frac{0.4246}{4\sqrt{2}(80.2)^2}
smuggling,M_Z|M_W|G_F,/Users/igor/ClaudeAI/EDC_Project/elastic-diffusive-cosmology_repo/edc_book_2/src/sections/11_gf_derivation.tex,296,\textbf{Experimental:} $G_F^{\text{exp}} = 1.166 \times 10^{-5}$ GeV$^{-2}$
smuggling,M_Z|M_W|G_F,/Users/igor/ClaudeAI/EDC_Project/elastic-diffusive-cosmology_repo/edc_book_2/src/sections/11_gf_derivation.tex,302,The ``exact agreement'' for $G_F$ reflects the self-consistency of electroweak
smuggling,M_Z|M_W|G_F,/Users/igor/ClaudeAI/EDC_Project/elastic-diffusive-cosmology_repo/edc_book_2/src/sections/11_gf_derivation.tex,306,from $G_F$ via $v = (\sqrt{2}G_F)^{-1/2}$. Since we use $v$ as input to compute
smuggling,M_Z|M_W|G_F,/Users/igor/ClaudeAI/EDC_Project/elastic-diffusive-cosmology_repo/edc_book_2/src/sections/11_gf_derivation.tex,307,"$M_W$, and then derive $G_F$ from $M_W$, the ``exact'' result is a consistency"
smuggling,M_Z|M_W|G_F,/Users/igor/ClaudeAI/EDC_Project/elastic-diffusive-cosmology_repo/edc_book_2/src/sections/11_gf_derivation.tex,308,identity. This is analogous to computing $G_F$ from $G_F$---not a derivation.
smuggling,M_Z|M_W|G_F,/Users/igor/ClaudeAI/EDC_Project/elastic-diffusive-cosmology_repo/edc_book_2/src/sections/11_gf_derivation.tex,319,"After RG running, this gives $\sin^2\theta_W(M_Z) = 0.2314$, which agrees with"
smuggling,M_Z|M_W|G_F,/Users/igor/ClaudeAI/EDC_Project/elastic-diffusive-cosmology_repo/edc_book_2/src/sections/11_gf_derivation.tex,322,"Everything else ($g^2$, $M_W$, $G_F$) follows from:"
smuggling,M_Z|M_W|G_F,/Users/igor/ClaudeAI/EDC_Project/elastic-diffusive-cosmology_repo/edc_book_2/src/sections/11_gf_derivation.tex,325,\item Standard RG running from lattice scale to $M_Z$ \tagBL{}
smuggling,M_Z|M_W|G_F,/Users/igor/ClaudeAI/EDC_Project/elastic-diffusive-cosmology_repo/edc_book_2/src/sections/11_gf_derivation.tex,326,\item Measured values of $\alpha$ and $v$ (where $v$ depends on $G_F$) \tagBL{}
smuggling,M_Z|M_W|G_F,/Users/igor/ClaudeAI/EDC_Project/elastic-diffusive-cosmology_repo/edc_book_2/src/sections/11_gf_derivation.tex,329,\textbf{Bottom line:} $G_F$ numerical closure is \emph{conditional} on SM
smuggling,M_Z|M_W|G_F,/Users/igor/ClaudeAI/EDC_Project/elastic-diffusive-cosmology_repo/edc_book_2/src/sections/11_gf_derivation.tex,334,\subsection{\texorpdfstring{Mode Overlap: Why $G_F$ Is Small}{Mode Overlap: Why GF Is Small}}
smuggling,M_Z|M_W|G_F,/Users/igor/ClaudeAI/EDC_Project/elastic-diffusive-cosmology_repo/edc_book_2/src/sections/11_gf_derivation.tex,343,"$[G_F] = [E]^{-2}$, we integrate over the fifth dimension \tagDc{}:"
smuggling,M_Z|M_W|G_F,/Users/igor/ClaudeAI/EDC_Project/elastic-diffusive-cosmology_repo/edc_book_2/src/sections/11_gf_derivation.tex,345,"G_F = G_5 \int_0^\infty d\xi \, |f_L(\xi)|^4 = G_5 \times I_4"
smuggling,M_Z|M_W|G_F,/Users/igor/ClaudeAI/EDC_Project/elastic-diffusive-cosmology_repo/edc_book_2/src/sections/11_gf_derivation.tex,358,This is correct: $[G_5] \times [I_4] = E^{-3} \times E = E^{-2} = [G_F]$ \tagM{}.
smuggling,M_Z|M_W|G_F,/Users/igor/ClaudeAI/EDC_Project/elastic-diffusive-cosmology_repo/edc_book_2/src/sections/11_gf_derivation.tex,366,\caption{\textbf{Mode overlap determines $G_F$ magnitude.}
smuggling,M_Z|M_W|G_F,/Users/igor/ClaudeAI/EDC_Project/elastic-diffusive-cosmology_repo/edc_book_2/src/sections/11_gf_derivation.tex,416,The overlap mechanism gives $G_F = G_5 \times I_4$ with $I_4 = m_0 \sim 0.2$ GeV
smuggling,M_Z|M_W|G_F,/Users/igor/ClaudeAI/EDC_Project/elastic-diffusive-cosmology_repo/edc_book_2/src/sections/11_gf_derivation.tex,430,G_F \sim \frac{(4\pi)^2}{(200 \text{ GeV})^3} \times 0.2 \text{ GeV}
smuggling,M_Z|M_W|G_F,/Users/igor/ClaudeAI/EDC_Project/elastic-diffusive-cosmology_repo/edc_book_2/src/sections/11_gf_derivation.tex,435,This is within an order of magnitude of $G_F^{\text{exp}} = 1.17 \times 10^{-5}$
smuggling,M_Z|M_W|G_F,/Users/igor/ClaudeAI/EDC_Project/elastic-diffusive-cosmology_repo/edc_book_2/src/sections/11_gf_derivation.tex,443,closure}. The numerical value of $G_F$ is correctly obtained via electroweak
smuggling,M_Z|M_W|G_F,/Users/igor/ClaudeAI/EDC_Project/elastic-diffusive-cosmology_repo/edc_book_2/src/sections/11_gf_derivation.tex,450,of why $G_F$ is small:
smuggling,M_Z|M_W|G_F,/Users/igor/ClaudeAI/EDC_Project/elastic-diffusive-cosmology_repo/edc_book_2/src/sections/11_gf_derivation.tex,537,"\item Baseline facts: $\alpha$, $G_F$, $v$ from PDG/CODATA \tagBL{}"
smuggling,M_Z|M_W|G_F,/Users/igor/ClaudeAI/EDC_Project/elastic-diffusive-cosmology_repo/edc_book_2/src/sections/11_gf_derivation.tex,543,\item Chapter 10 (Electroweak unification): uses $G_F$ structural form
smuggling,M_Z|M_W|G_F,/Users/igor/ClaudeAI/EDC_Project/elastic-diffusive-cosmology_repo/edc_book_2/src/sections/11_gf_derivation.tex,544,\item Neutron lifetime derivation (Paper 3): uses $G_F$ in rate calculation
smuggling,M_Z|M_W|G_F,/Users/igor/ClaudeAI/EDC_Project/elastic-diffusive-cosmology_repo/edc_book_2/src/sections/11_gf_derivation.tex,545,"\item OPR-19, OPR-20, OPR-21, OPR-22: $G_F$ first-principles open problems"
smuggling,M_Z|M_W|G_F,/Users/igor/ClaudeAI/EDC_Project/elastic-diffusive-cosmology_repo/edc_book_2/src/sections/11_gf_derivation.tex,550,\item[\ding{51}] $\sin^2\theta_W(M_Z) = 0.2314$ (0.08\% from PDG) \tagDer{}
smuggling,M_Z|M_W|G_F,/Users/igor/ClaudeAI/EDC_Project/elastic-diffusive-cosmology_repo/edc_book_2/src/sections/11_gf_derivation.tex,551,\item[\ding{51}] $G_F$ exact via EW relations (with $v$ caveat) \tagDc{}
smuggling,M_Z|M_W|G_F,/Users/igor/ClaudeAI/EDC_Project/elastic-diffusive-cosmology_repo/edc_book_2/src/sections/11_gf_derivation.tex,555,\item[$\circ$] First-principles $G_F$: \textbf{OPEN} (OPR-22)
smuggling,M_Z|M_W|G_F,/Users/igor/ClaudeAI/EDC_Project/elastic-diffusive-cosmology_repo/edc_book_2/src/sections/11_gf_derivation.tex,560,\subsection{\texorpdfstring{Summary: What Determines $G_F$?}{Summary: What Determines GF?}}
smuggling,M_Z|M_W|G_F,/Users/igor/ClaudeAI/EDC_Project/elastic-diffusive-cosmology_repo/edc_book_2/src/sections/11_gf_derivation.tex,565,\caption{What determines $G_F$ in EDC (color-coded by derivation level)}
smuggling,M_Z|M_W|G_F,/Users/igor/ClaudeAI/EDC_Project/elastic-diffusive-cosmology_repo/edc_book_2/src/sections/11_gf_derivation.tex,574,$M_W = gv/2$ & Higgs mechanism (+$v$ caveat) & \tagDc{} & GREEN-A \\
smuggling,M_Z|M_W|G_F,/Users/igor/ClaudeAI/EDC_Project/elastic-diffusive-cosmology_repo/edc_book_2/src/sections/11_gf_derivation.tex,575,$G_F = g^2/(4\sqrt{2}M_W^2)$ & Electroweak relation & \tagDc{} & GREEN-A \\
smuggling,M_Z|M_W|G_F,/Users/igor/ClaudeAI/EDC_Project/elastic-diffusive-cosmology_repo/edc_book_2/src/sections/11_gf_derivation.tex,585,First-principles $G_F$ & Complete derivation & (open) & RED-C (OPR-22) \\
smuggling,M_Z|M_W|G_F,/Users/igor/ClaudeAI/EDC_Project/elastic-diffusive-cosmology_repo/edc_book_2/src/sections/11_gf_derivation.tex,603,$G_F$ via EW relations ($v$ caveat) & GREEN-A & \tagDc{} \\
smuggling,M_Z|M_W|G_F,/Users/igor/ClaudeAI/EDC_Project/elastic-diffusive-cosmology_repo/edc_book_2/src/sections/11_gf_derivation.tex,610,First-principles $G_F$ & RED-C & (open) (OPR-22) \\
smuggling,M_Z|M_W|G_F,/Users/igor/ClaudeAI/EDC_Project/elastic-diffusive-cosmology_repo/edc_book_2/src/sections/11_gf_derivation.tex,620,"After standard RG running, this gives $\sin^2\theta_W(M_Z) = 0.2314$, agreeing"
smuggling,M_Z|M_W|G_F,/Users/igor/ClaudeAI/EDC_Project/elastic-diffusive-cosmology_repo/edc_book_2/src/sections/11_gf_derivation.tex,626,"\item $G_F = 1.166 \times 10^{-5}$ GeV$^{-2}$ from electroweak relations,"
smuggling,M_Z|M_W|G_F,/Users/igor/ClaudeAI/EDC_Project/elastic-diffusive-cosmology_repo/edc_book_2/src/sections/11_gf_derivation.tex,627,\textbf{but} this uses $v$ which is itself determined from $G_F$.
smuggling,M_Z|M_W|G_F,/Users/igor/ClaudeAI/EDC_Project/elastic-diffusive-cosmology_repo/edc_book_2/src/sections/11_gf_derivation.tex,635,Mode overlap suppression explains \emph{why} $G_F$ is small (qualitative).
smuggling,M_Z|M_W|G_F,/Users/igor/ClaudeAI/EDC_Project/elastic-diffusive-cosmology_repo/edc_book_2/src/sections/11_gf_derivation.tex,643,agreement after RG). The $G_F$ numerical closure is a consistency check within
smuggling,M_Z|M_W|G_F,/Users/igor/ClaudeAI/EDC_Project/elastic-diffusive-cosmology_repo/edc_book_2/src/sections/ch11_g5_ell_value_closure_attempt.tex,25,"\item Use $M_W$, $G_F$, or $v = 246$ GeV to fix parameters (forbidden)"
smuggling,M_Z|M_W|G_F,/Users/igor/ClaudeAI/EDC_Project/elastic-diffusive-cosmology_repo/edc_book_2/src/sections/ch11_g5_ell_value_closure_attempt.tex,68,m_\phi \sim M_W \quad\Rightarrow\quad
smuggling,M_Z|M_W|G_F,/Users/igor/ClaudeAI/EDC_Project/elastic-diffusive-cosmology_repo/edc_book_2/src/sections/ch11_g5_ell_value_closure_attempt.tex,69,\ell_{\text{L1}} = \frac{x_1}{M_W} \sim \frac{\pi}{80\text{ GeV}} \approx 0.04 \text{ fm}
smuggling,M_Z|M_W|G_F,/Users/igor/ClaudeAI/EDC_Project/elastic-diffusive-cosmology_repo/edc_book_2/src/sections/ch11_g5_ell_value_closure_attempt.tex,77,\textbf{Problem:} Using $M_W = 80$ GeV as input \emph{imports the weak scale}.
smuggling,M_Z|M_W|G_F,/Users/igor/ClaudeAI/EDC_Project/elastic-diffusive-cosmology_repo/edc_book_2/src/sections/ch11_g5_ell_value_closure_attempt.tex,80,"\textbf{Would be [Dc] if:} We could derive $M_W$ from $(\sigma, r_e)$ independently."
smuggling,M_Z|M_W|G_F,/Users/igor/ClaudeAI/EDC_Project/elastic-diffusive-cosmology_repo/edc_book_2/src/sections/ch11_g5_ell_value_closure_attempt.tex,143,This overshoots $M_W$ by a factor $\sim 8$. The discrepancy suggests either
smuggling,M_Z|M_W|G_F,/Users/igor/ClaudeAI/EDC_Project/elastic-diffusive-cosmology_repo/edc_book_2/src/sections/ch11_g5_ell_value_closure_attempt.tex,229,"To get $G_F \sim 10^{-5}$ GeV$^{-2}$, we would need $I_4 \sim 10^{-5}$ GeV,"
smuggling,M_Z|M_W|G_F,/Users/igor/ClaudeAI/EDC_Project/elastic-diffusive-cosmology_repo/edc_book_2/src/sections/ch11_g5_ell_value_closure_attempt.tex,245,"\ell &= 0.04 \text{ fm} \approx 0.2 \text{ GeV}^{-1} \quad \text{(L1, via $M_W$)} \\"
smuggling,M_Z|M_W|G_F,/Users/igor/ClaudeAI/EDC_Project/elastic-diffusive-cosmology_repo/edc_book_2/src/sections/ch11_g5_ell_value_closure_attempt.tex,254,G_F^{\text{(legacy)}} = \frac{g^2 \ell^2 I_4}{x_1^2}
smuggling,M_Z|M_W|G_F,/Users/igor/ClaudeAI/EDC_Project/elastic-diffusive-cosmology_repo/edc_book_2/src/sections/ch11_g5_ell_value_closure_attempt.tex,256,"I_4 = \frac{G_F \, x_1^2}{g^2 \ell^2}"
smuggling,M_Z|M_W|G_F,/Users/igor/ClaudeAI/EDC_Project/elastic-diffusive-cosmology_repo/edc_book_2/src/sections/ch11_g5_ell_value_closure_attempt.tex,258,With $G_F = 1.17 \times 10^{-5}$ GeV$^{-2}$:
smuggling,M_Z|M_W|G_F,/Users/igor/ClaudeAI/EDC_Project/elastic-diffusive-cosmology_repo/edc_book_2/src/sections/ch11_g5_ell_value_closure_attempt.tex,283,\item L1 uses $M_W$ as input (forbidden for first-principles claim)
smuggling,M_Z|M_W|G_F,/Users/igor/ClaudeAI/EDC_Project/elastic-diffusive-cosmology_repo/edc_book_2/src/sections/ch11_g5_ell_value_closure_attempt.tex,302,L1: $\ell = \pi/M_W$ & \textcolor{red}{\ding{55}} & Uses $M_W$ as input \\
smuggling,M_Z|M_W|G_F,/Users/igor/ClaudeAI/EDC_Project/elastic-diffusive-cosmology_repo/edc_book_2/src/sections/ch11_g5_ell_value_closure_attempt.tex,333,\item \textbf{L1 ($\ell = \pi/M_W$):} Uses SM input; forbidden for first-principles.
smuggling,M_Z|M_W|G_F,/Users/igor/ClaudeAI/EDC_Project/elastic-diffusive-cosmology_repo/edc_book_2/src/sections/ch11_g5_ell_value_closure_attempt.tex,347,\item Derive $\ell$ from membrane geometry without importing $M_W$
smuggling,M_Z|M_W|G_F,/Users/igor/ClaudeAI/EDC_Project/elastic-diffusive-cosmology_repo/edc_book_2/src/sections/ch11_g5_ell_value_closure_attempt.tex,348,"\item Or: derive $M_W$ itself from $(\sigma, r_e)$"
smuggling,M_Z|M_W|G_F,/Users/igor/ClaudeAI/EDC_Project/elastic-diffusive-cosmology_repo/edc_book_2/src/sections/ch11_g5_ell_value_closure_attempt.tex,365,"$\ell$ value & $\pi/M_W$ \tagI{} & Derive from $(\sigma, r_e)$ only \\"
smuggling,M_Z|M_W|G_F,/Users/igor/ClaudeAI/EDC_Project/elastic-diffusive-cosmology_repo/edc_book_2/src/sections/ch11_g5_ell_value_closure_attempt.tex,378,back-check consistency without using $M_W$
smuggling,M_Z|M_W|G_F,/Users/igor/ClaudeAI/EDC_Project/elastic-diffusive-cosmology_repo/edc_book_2/src/sections/05_three_generations.tex,521,\item Chapter 8 ($G_F$): Overlap integrals use generation profiles
smuggling,M_Z|M_W|G_F,/Users/igor/ClaudeAI/EDC_Project/elastic-diffusive-cosmology_repo/edc_book_2/src/sections/ch11_opr20_attemptG_derive_alpha_from_action.tex,211,\item[$\times$] $M_W = 80$ GeV
smuggling,M_Z|M_W|G_F,/Users/igor/ClaudeAI/EDC_Project/elastic-diffusive-cosmology_repo/edc_book_2/src/sections/ch11_opr20_attemptG_derive_alpha_from_action.tex,212,\item[$\times$] $G_F = 1.17 \times 10^{-5}$ GeV$^{-2}$
smuggling,M_Z|M_W|G_F,/Users/igor/ClaudeAI/EDC_Project/elastic-diffusive-cosmology_repo/edc_book_2/src/sections/06_case_muon.tex,23,"Coupling: Same V$-$A structure, $G_F$ from $W$ exchange"
smuggling,M_Z|M_W|G_F,/Users/igor/ClaudeAI/EDC_Project/elastic-diffusive-cosmology_repo/edc_book_2/src/sections/ch11_opr20_attemptE_prefactor8_derivation.tex,72,\quad \text{(12\% below } M_W \approx 80 \text{ GeV)}
smuggling,M_Z|M_W|G_F,/Users/igor/ClaudeAI/EDC_Project/elastic-diffusive-cosmology_repo/edc_book_2/src/sections/ch11_opr20_attemptE_prefactor8_derivation.tex,87,"\item[\ding{55}] $M_W = 80$ GeV, $G_F$, $g_2$, $v = 246$ GeV"
smuggling,M_Z|M_W|G_F,/Users/igor/ClaudeAI/EDC_Project/elastic-diffusive-cosmology_repo/edc_book_2/src/sections/ch11_opr20_attemptE_prefactor8_derivation.tex,97,\item[\ding{51}] Comparison to $M_W$ only as \tagBL{} sanity check at the end
smuggling,M_Z|M_W|G_F,/Users/igor/ClaudeAI/EDC_Project/elastic-diffusive-cosmology_repo/edc_book_2/src/sections/ch11_opr20_attemptE_prefactor8_derivation.tex,207,"compared to $M_W \approx 80$ GeV. To hit exactly 80 GeV, we would need an additional"
smuggling,M_Z|M_W|G_F,/Users/igor/ClaudeAI/EDC_Project/elastic-diffusive-cosmology_repo/edc_book_2/src/sections/ch11_opr20_attemptE_prefactor8_derivation.tex,211,\label{eq:ch11_E_missing_factor}
smuggling,M_Z|M_W|G_F,/Users/igor/ClaudeAI/EDC_Project/elastic-diffusive-cosmology_repo/edc_book_2/src/sections/ch11_opr20_attemptE_prefactor8_derivation.tex,418,tension with $M_W = 80$ GeV as an open question (potentially testable).
smuggling,M_Z|M_W|G_F,/Users/igor/ClaudeAI/EDC_Project/elastic-diffusive-cosmology_repo/edc_book_2/src/sections/ch14_bvp_closure_pack.tex,30,\item Claims about $N_{\text{gen}} = 3$ or specific $G_F$ values
smuggling,M_Z|M_W|G_F,/Users/igor/ClaudeAI/EDC_Project/elastic-diffusive-cosmology_repo/edc_book_2/src/sections/ch14_bvp_closure_pack.tex,51,"closure of OPR-02 (generations), OPR-22 ($G_F$ spine), and CKM/PMNS overlaps."
smuggling,M_Z|M_W|G_F,/Users/igor/ClaudeAI/EDC_Project/elastic-diffusive-cosmology_repo/edc_book_2/src/sections/ch14_bvp_closure_pack.tex,80,Boundary conditions & Eigenvalue $x_1$ (first root) & OPR-22: $G_F$ spine scale \\
smuggling,M_Z|M_W|G_F,/Users/igor/ClaudeAI/EDC_Project/elastic-diffusive-cosmology_repo/edc_book_2/src/sections/ch14_bvp_closure_pack.tex,390,"The derivation must \emph{not} use 3D observables (PDG masses, $M_W$, $G_F$) to"
smuggling,M_Z|M_W|G_F,/Users/igor/ClaudeAI/EDC_Project/elastic-diffusive-cosmology_repo/edc_book_2/src/sections/ch14_bvp_closure_pack.tex,627,\paragraph{Role in $G_F$ spine.}
smuggling,M_Z|M_W|G_F,/Users/igor/ClaudeAI/EDC_Project/elastic-diffusive-cosmology_repo/edc_book_2/src/sections/ch14_bvp_closure_pack.tex,628,"In Ch13, $x_1$ sets the scale for effective couplings: $G_F \propto 1/(x_1 \cdot \text{scale}^2)$."
smuggling,M_Z|M_W|G_F,/Users/igor/ClaudeAI/EDC_Project/elastic-diffusive-cosmology_repo/edc_book_2/src/sections/ch14_bvp_closure_pack.tex,870,Ch13 & $G_F$ spine predictive & $x_1$ computed; scale from membrane only \\
smuggling,M_Z|M_W|G_F,/Users/igor/ClaudeAI/EDC_Project/elastic-diffusive-cosmology_repo/edc_book_2/src/sections/ch14_bvp_closure_pack.tex,947,title=\textbf{Feeds: Ch13 $G_F$ Spine}]
smuggling,M_Z|M_W|G_F,/Users/igor/ClaudeAI/EDC_Project/elastic-diffusive-cosmology_repo/edc_book_2/src/sections/ch14_bvp_closure_pack.tex,949,The $G_F$ derivation pathway requires:
smuggling,M_Z|M_W|G_F,/Users/igor/ClaudeAI/EDC_Project/elastic-diffusive-cosmology_repo/edc_book_2/src/sections/ch14_bvp_closure_pack.tex,1218,"All parameters are chosen \emph{a priori}. No fitting to PDG, $M_W$, $G_F$, or"
smuggling,M_Z|M_W|G_F,/Users/igor/ClaudeAI/EDC_Project/elastic-diffusive-cosmology_repo/edc_book_2/src/sections/ch14_opr21_closure_derivation.tex,667,"\item[$\checkmark$] Are any SM observables ($M_W$, $G_F$, $v$, $\sin^2\theta_W$)"
smuggling,M_Z|M_W|G_F,/Users/igor/ClaudeAI/EDC_Project/elastic-diffusive-cosmology_repo/edc_book_2/src/sections/ch14_opr21_closure_derivation.tex,793,"\textbf{No-smuggling}: \checkmark No SM observables ($M_W$, $G_F$, $v$, $\sin^2\theta_W$) used as inputs."
smuggling,M_Z|M_W|G_F,/Users/igor/ClaudeAI/EDC_Project/elastic-diffusive-cosmology_repo/edc_book_2/src/sections/12_epistemic_map.tex,44,"\textit{$G_F$:} sanity skeleton + \textbf{closure spine derived} ($G_{\text{eff}} = g_5^2 \ell |f_1(0)|^2/(2x_1^2)$ [Dc], OPR-22; no-smuggling guardrails explicit); numeric closure \textbf{YELLOW [Dc]"
smuggling,M_Z|M_W|G_F,/Users/igor/ClaudeAI/EDC_Project/elastic-diffusive-cosmology_repo/edc_book_2/src/sections/12_epistemic_map.tex,47,"\textit{Latest:} OPR-20 Attempt G: Derive $\alpha$ from brane physics; \textbf{natural $\alpha = 2\pi$} from $\alpha = \ell/\delta$ with $\delta = R_\xi$ [Dc]+[P]; falls inside target range [5.5, 15]"
smuggling,M_Z|M_W|G_F,/Users/igor/ClaudeAI/EDC_Project/elastic-diffusive-cosmology_repo/edc_book_2/src/sections/12_epistemic_map.tex,50,"\textbf{Verdict (Part II):} Flavor numerics largely locked; gauge ``where/how'' fixed [P]; $G_F$ attack-surface mapped---true closure awaits BVP + $(g_5,m_\phi)$ from 5D first principles (no SM-circul"
smuggling,M_Z|M_W|G_F,/Users/igor/ClaudeAI/EDC_Project/elastic-diffusive-cosmology_repo/edc_book_2/src/sections/12_epistemic_map.tex,231,Fermi constant & $G_F = 1.166 \times 10^{-5}~\text{GeV}^{-2}$ & PDG \\
smuggling,M_Z|M_W|G_F,/Users/igor/ClaudeAI/EDC_Project/elastic-diffusive-cosmology_repo/edc_book_2/src/sections/12_epistemic_map.tex,232,$W$ boson mass & $M_W = 80.4$ GeV & PDG \\
smuggling,M_Z|M_W|G_F,/Users/igor/ClaudeAI/EDC_Project/elastic-diffusive-cosmology_repo/edc_book_2/src/sections/12_epistemic_map.tex,305,$G_F$ derivation & Compute overlap integral in thick-brane background \\
smuggling,M_Z|M_W|G_F,/Users/igor/ClaudeAI/EDC_Project/elastic-diffusive-cosmology_repo/edc_book_2/src/sections/12_epistemic_map.tex,337,"\node[font=\scriptsize, align=center] at (2.5,0.5) {$G_F$, $M_W$,\\SM formulas};"
smuggling,M_Z|M_W|G_F,/Users/igor/ClaudeAI/EDC_Project/elastic-diffusive-cosmology_repo/edc_book_2/src/sections/12_epistemic_map.tex,354,"\node[font=\scriptsize, align=center] at (-2.5,5.6) {Lifetime values,\\$G_F$ derivation};"
smuggling,M_Z|M_W|G_F,/Users/igor/ClaudeAI/EDC_Project/elastic-diffusive-cosmology_repo/edc_book_2/src/sections/12_epistemic_map.tex,381,\item Derivation of $G_F$ from the 5D action
smuggling,M_Z|M_W|G_F,/Users/igor/ClaudeAI/EDC_Project/elastic-diffusive-cosmology_repo/edc_book_2/src/sections/12_epistemic_map.tex,429,OPR-22 & $G_F$ first-principles & \textcolor{YellowOrange}{\textbf{YELLOW}} [Dc]+[OPEN] & Closure spine [Dc]; no-smuggling guardrails; numerics [OPEN] \\
smuggling,M_Z|M_W|G_F,/Users/igor/ClaudeAI/EDC_Project/elastic-diffusive-cosmology_repo/edc_book_2/src/sections/12_epistemic_map.tex,452,\paragraph{\texorpdfstring{$G_F$ and Weak Coupling (Chapter~\ref{sec:gf_pathway}).}{GF and Weak Coupling.}}
smuggling,M_Z|M_W|G_F,/Users/igor/ClaudeAI/EDC_Project/elastic-diffusive-cosmology_repo/edc_book_2/src/sections/12_epistemic_map.tex,466,"counting, pion decay, $G_F$ derivation, neutrino masses"
smuggling,M_Z|M_W|G_F,/Users/igor/ClaudeAI/EDC_Project/elastic-diffusive-cosmology_repo/edc_book_2/src/sections/12_epistemic_map.tex,469,"\item \textbf{KK reduction} --- needed for $g_5$, $m_\phi$; quantitative $G_F$"
smuggling,M_Z|M_W|G_F,/Users/igor/ClaudeAI/EDC_Project/elastic-diffusive-cosmology_repo/edc_book_2/src/sections/12_epistemic_map.tex,515,\textbf{P2: $G_F$ Chain (OPR-19--22) --- CLOSURE SPINE DERIVED [Dc]+[OPEN]}
smuggling,M_Z|M_W|G_F,/Users/igor/ClaudeAI/EDC_Project/elastic-diffusive-cosmology_repo/edc_book_2/src/sections/12_epistemic_map.tex,525,\item \emph{Payoff:} First-principles $G_F$ without SM circularity---framework non-circular by construction
smuggling,M_Z|M_W|G_F,/Users/igor/ClaudeAI/EDC_Project/elastic-diffusive-cosmology_repo/edc_book_2/src/sections/12_epistemic_map.tex,527,\noindent\emph{G$_F$ chain:} OPR-19/20/22 now have derivation spines [Dc]. Value closure attempt (\S\ref{sec:ch11_value_closure_attempt}) identified G1 as promising coupling formula; $\ell$ requires e
smuggling,M_Z|M_W|G_F,/Users/igor/ClaudeAI/EDC_Project/elastic-diffusive-cosmology_repo/edc_book_2/src/sections/ch11_opr20_attemptG_BC_provenance.tex,195,\item Closer to $M_W = 80$ GeV (12\% vs 56\% discrepancy)
smuggling,M_Z|M_W|G_F,/Users/igor/ClaudeAI/EDC_Project/elastic-diffusive-cosmology_repo/edc_book_2/src/sections/00_reader_contract.tex,23,an effective coupling ($G_F$).
smuggling,M_Z|M_W|G_F,/Users/igor/ClaudeAI/EDC_Project/elastic-diffusive-cosmology_repo/edc_book_2/src/sections/ch11_opr20_attemptH1_mediator_identity.tex,18,"$G_F$ chain, and thereby fix the correct BC class (DD vs NN vs Robin) from"
smuggling,M_Z|M_W|G_F,/Users/igor/ClaudeAI/EDC_Project/elastic-diffusive-cosmology_repo/edc_book_2/src/sections/ch11_opr20_attemptH1_mediator_identity.tex,26,\item Numerical value of $M_W$ (that remains a [BL] comparison)
smuggling,M_Z|M_W|G_F,/Users/igor/ClaudeAI/EDC_Project/elastic-diffusive-cosmology_repo/edc_book_2/src/sections/ch11_opr20_attemptH1_mediator_identity.tex,167,"brane-localized SU(2)$_L$ picture (OPR-17). Mass is 33\% below $M_W$, which"
smuggling,M_Z|M_W|G_F,/Users/igor/ClaudeAI/EDC_Project/elastic-diffusive-cosmology_repo/edc_book_2/src/sections/ch11_opr20_attemptH1_mediator_identity.tex,199,"\item \textbf{KK $A_\mu$ ($n=1$):} $x_1 = \pi$, $m_\phi \approx 70$ GeV (12\% below $M_W$)"
smuggling,M_Z|M_W|G_F,/Users/igor/ClaudeAI/EDC_Project/elastic-diffusive-cosmology_repo/edc_book_2/src/sections/ch11_opr20_attemptH1_mediator_identity.tex,200,"\item \textbf{Brane-localized scalar:} $x_1 \approx 2.4$, $m_\phi \approx 54$ GeV (33\% below $M_W$)"
smuggling,M_Z|M_W|G_F,/Users/igor/ClaudeAI/EDC_Project/elastic-diffusive-cosmology_repo/edc_book_2/src/sections/ch11_opr20_attemptH1_mediator_identity.tex,330,\item \textbf{Rationale:} Closer to $M_W = 80.4$ GeV (12\% vs 33\%)
smuggling,v.*=.*246|vev.*246,/Users/igor/ClaudeAI/EDC_Project/elastic-diffusive-cosmology_repo/edc_book_2/src/CH3_electroweak_parameters.tex,572,where the Higgs VEV $v = (\sqrt{2} G_F)^{-1/2} = 246.2$ GeV \tagBL{}.
smuggling,v.*=.*246|vev.*246,/Users/igor/ClaudeAI/EDC_Project/elastic-diffusive-cosmology_repo/edc_book_2/src/CH3_electroweak_parameters.tex,1097,"\item $v = 246.2$ GeV (Higgs VEV, or equivalently $G_F$) \tagBL{}"
smuggling,v.*=.*246|vev.*246,/Users/igor/ClaudeAI/EDC_Project/elastic-diffusive-cosmology_repo/edc_book_2/src/sections/ch18_opr20_mediator_mass_from_eigenvalue.tex,55,"$M_W = g v / 2$, where $v = 246$~GeV is the vacuum expectation value. In EDC, we seek"
smuggling,v.*=.*246|vev.*246,/Users/igor/ClaudeAI/EDC_Project/elastic-diffusive-cosmology_repo/edc_book_2/src/sections/ch18_opr20_mediator_mass_from_eigenvalue.tex,467,\item[\ding{51}] No $v = 246$~GeV used as input
smuggling,v.*=.*246|vev.*246,/Users/igor/ClaudeAI/EDC_Project/elastic-diffusive-cosmology_repo/edc_book_2/src/sections/ch11_g5_ell_value_closure_attempt.tex,25,"\item Use $M_W$, $G_F$, or $v = 246$ GeV to fix parameters (forbidden)"
smuggling,v.*=.*246|vev.*246,/Users/igor/ClaudeAI/EDC_Project/elastic-diffusive-cosmology_repo/edc_book_2/src/sections/ch14_bvp_closure_pack.tex,1219,$v = 246$~GeV. The toy potential does NOT close OPR-21 or OPR-02.
smuggling,v.*=.*246|vev.*246,/Users/igor/ClaudeAI/EDC_Project/elastic-diffusive-cosmology_repo/edc_book_2/src/sections/ch11_g5_value_closure_attempt2_coefficient.tex,65,"\item[\ding{55}] Importing $M_W$, $G_F$, or $v = 246$ GeV"
smuggling,v.*=.*246|vev.*246,/Users/igor/ClaudeAI/EDC_Project/elastic-diffusive-cosmology_repo/edc_book_2/src/sections/ch15_opr01_sigma_anchor_derivation.tex,33,\item[$\times$] $v = 246$ GeV (Higgs VEV)
smuggling,v.*=.*246|vev.*246,/Users/igor/ClaudeAI/EDC_Project/elastic-diffusive-cosmology_repo/edc_book_2/src/sections/ch11_opr20_attemptE_prefactor8_derivation.tex,87,"\item[\ding{55}] $M_W = 80$ GeV, $G_F$, $g_2$, $v = 246$ GeV"
smuggling,v.*=.*246|vev.*246,/Users/igor/ClaudeAI/EDC_Project/elastic-diffusive-cosmology_repo/edc_book_2/src/sections/ch16_opr04_delta_derivation.tex,441,"\item[$\times$] No $M_W$, $G_F$, $v_{\rm EW} = 246$ GeV, $\sin^2\theta_W$ used"
smuggling,v.*=.*246|vev.*246,/Users/igor/ClaudeAI/EDC_Project/elastic-diffusive-cosmology_repo/edc_book_2/src/sections/ch16_opr04_delta_derivation.tex,560,"\textbf{No SM parameters} ($M_W$, $G_F$, $v = 246$ GeV, $\sin^2\theta_W$)"
smuggling,v.*=.*246|vev.*246,/Users/igor/ClaudeAI/EDC_Project/elastic-diffusive-cosmology_repo/edc_book_2/src/sections/ch11_gf_full_closure_plan.tex,135,\item \textbf{Using $v = 246$ GeV:} The Higgs VEV is defined via $G_F$:
smuggling,v.*=.*246|vev.*246,/Users/igor/ClaudeAI/EDC_Project/elastic-diffusive-cosmology_repo/edc_book_2/src/sections/ch11_g5_value_closure_attempt3_derive_4pi.tex,69,"$M_W$, $G_F$, $v = 246$ GeV & \textbf{FORBIDDEN as input} & --- \\"
smuggling,v.*=.*246|vev.*246,/Users/igor/ClaudeAI/EDC_Project/elastic-diffusive-cosmology_repo/edc_book_2/src/sections/ch11_g5_ell_suppression_attempt2.tex,64,\item $v = 246$ GeV (defined via $G_F$)
smuggling,v.*=.*246|vev.*246,/Users/igor/ClaudeAI/EDC_Project/elastic-diffusive-cosmology_repo/edc_book_2/src/sections/ch11_opr20_attemptG_derive_alpha_from_action.tex,213,\item[$\times$] $v = 246$ GeV (Higgs VEV)
smuggling,v.*=.*246|vev.*246,/Users/igor/ClaudeAI/EDC_Project/elastic-diffusive-cosmology_repo/edc_book_2/src/sections/11_gf_derivation.tex,123,The Higgs VEV $v = (\sqrt{2}G_F)^{-1/2} = 246.2$ GeV is experimentally
smuggling,v.*=.*246|vev.*246,/Users/igor/ClaudeAI/EDC_Project/elastic-diffusive-cosmology_repo/edc_book_2/src/sections/11_gf_derivation.tex,181,That requires the Higgs mechanism with a VEV $v \approx 246$ GeV. The hierarchy
smuggling,v.*=.*246|vev.*246,/Users/igor/ClaudeAI/EDC_Project/elastic-diffusive-cosmology_repo/edc_book_2/src/sections/11_gf_derivation.tex,284,M_W &= \frac{gv}{2} = \frac{0.6516 \times 246.2}{2} = 80.2 \text{ GeV}
smuggling,v.*=.*246|vev.*246,/Users/igor/ClaudeAI/EDC_Project/elastic-diffusive-cosmology_repo/edc_book_2/src/sections/ch11_gf_sanity_skeleton.tex,103,\item \textbf{$v = 246$ GeV input:} The Higgs VEV is experimentally determined
smuggling,alpha.*M_Z|\\alpha\(M,/Users/igor/ClaudeAI/EDC_Project/elastic-diffusive-cosmology_repo/edc_book_2/src/CH3_electroweak_parameters.tex,116,The absolute scale requires baseline inputs \tagBL{}: $\alpha(M_Z)$ and Higgs VEV $v$.
smuggling,alpha.*M_Z|\\alpha\(M,/Users/igor/ClaudeAI/EDC_Project/elastic-diffusive-cosmology_repo/edc_book_2/src/CH3_electroweak_parameters.tex,151,g^2 = \frac{4\pi\alpha(M_Z)}{\sin^2\theta_W(M_Z)}
smuggling,alpha.*M_Z|\\alpha\(M,/Users/igor/ClaudeAI/EDC_Project/elastic-diffusive-cosmology_repo/edc_book_2/src/CH3_electroweak_parameters.tex,154,Using $\alpha(M_Z)^{-1} = 127.9$ \tagBL{} and EDC-derived $\sin^2\theta_W(M_Z) = 0.2314$:
smuggling,alpha.*M_Z|\\alpha\(M,/Users/igor/ClaudeAI/EDC_Project/elastic-diffusive-cosmology_repo/edc_book_2/src/CH3_electroweak_parameters.tex,175,\item $\alpha(M_Z) = 1/127.9$ (running fine structure constant) \tagBL{}
smuggling,alpha.*M_Z|\\alpha\(M,/Users/igor/ClaudeAI/EDC_Project/elastic-diffusive-cosmology_repo/edc_book_2/src/CH3_electroweak_parameters.tex,1055,\item Measured values of $\alpha(M_Z)$ \tagBL{} and Higgs VEV $v$ \tagBL{}
smuggling,alpha.*M_Z|\\alpha\(M,/Users/igor/ClaudeAI/EDC_Project/elastic-diffusive-cosmology_repo/edc_book_2/src/CH3_electroweak_parameters.tex,1063,"are \tagBL{} $\alpha(M_Z)$ and \tagBL{} $v$, plus standard RG/electroweak relations."
smuggling,alpha.*M_Z|\\alpha\(M,/Users/igor/ClaudeAI/EDC_Project/elastic-diffusive-cosmology_repo/edc_book_2/src/CH3_electroweak_parameters.tex,1096,"\item $\alpha(M_Z) = 1/127.9$ (fine structure constant, running) \tagBL{}"
smuggling,alpha.*M_Z|\\alpha\(M,/Users/igor/ClaudeAI/EDC_Project/elastic-diffusive-cosmology_repo/edc_book_2/src/CH3_electroweak_parameters.tex,1127,\item \textbf{IF} $\sin^2\theta_W(M_Z)$ known \textbf{AND} $\alpha(M_Z)$ known \tagBL{}
smuggling,alpha.*M_Z|\\alpha\(M,/Users/igor/ClaudeAI/EDC_Project/elastic-diffusive-cosmology_repo/edc_book_2/src/CH3_electroweak_parameters.tex,1220,\item \textbf{$\alpha(M_Z)$ running:} We used the measured $\alpha(M_Z) = 1/127.9$.
smuggling,alpha.*M_Z|\\alpha\(M,/Users/igor/ClaudeAI/EDC_Project/elastic-diffusive-cosmology_repo/edc_book_2/src/sections/ch15_opr01_sigma_anchor_derivation.tex,35,\item[$\times$] $\alpha(M_Z)$ or running couplings
smuggling,baseline|\\tagBL,/Users/igor/ClaudeAI/EDC_Project/elastic-diffusive-cosmology_repo/edc_book_2/src/CH4_lepton_mass_candidates.tex,37,\item $\alpha = 1/137.036$ — fine structure constant at Thomson limit \tagBL{}
smuggling,baseline|\\tagBL,/Users/igor/ClaudeAI/EDC_Project/elastic-diffusive-cosmology_repo/edc_book_2/src/CH4_lepton_mass_candidates.tex,38,\item $\hbar c = 197.3$ MeV$\cdot$fm \tagBL{}
smuggling,baseline|\\tagBL,/Users/igor/ClaudeAI/EDC_Project/elastic-diffusive-cosmology_repo/edc_book_2/src/CH4_lepton_mass_candidates.tex,54,$m_e$ (experiment) & 0.511 MeV & \tagBL{} \\
smuggling,baseline|\\tagBL,/Users/igor/ClaudeAI/EDC_Project/elastic-diffusive-cosmology_repo/edc_book_2/src/CH4_lepton_mass_candidates.tex,99,$m_\mu/m_e$ (experiment) & 206.77 & \tagBL{} \\
smuggling,baseline|\\tagBL,/Users/igor/ClaudeAI/EDC_Project/elastic-diffusive-cosmology_repo/edc_book_2/src/CH4_lepton_mass_candidates.tex,130,Experimental value: $m_\mu = 105.66$ MeV \tagBL{} — deviation 1.2\%.
smuggling,baseline|\\tagBL,/Users/igor/ClaudeAI/EDC_Project/elastic-diffusive-cosmology_repo/edc_book_2/src/CH4_lepton_mass_candidates.tex,151,This holds experimentally to $\sim 0.001\%$ accuracy \tagBL{}.
smuggling,baseline|\\tagBL,/Users/igor/ClaudeAI/EDC_Project/elastic-diffusive-cosmology_repo/edc_book_2/src/CH4_lepton_mass_candidates.tex,176,$m_\tau$ (experiment) & 1776.9 MeV & \tagBL{} \\
smuggling,baseline|\\tagBL,/Users/igor/ClaudeAI/EDC_Project/elastic-diffusive-cosmology_repo/edc_book_2/src/EDC_Part_II_Weak_Sector_rebuild.tex,95,\newcommand{\tagBL}{\textcolor{brown}{\textbf{[BL]}}}
smuggling,baseline|\\tagBL,/Users/igor/ClaudeAI/EDC_Project/elastic-diffusive-cosmology_repo/edc_book_2/src/EDC_Part_II_Weak_Sector_rebuild.tex,132,\newcommand{\edcBaseline}[1]{\textbf{\textcolor{gray!70!black}{Standard Model \tagBL{}:}}\\#1\par\medskip}
smuggling,baseline|\\tagBL,/Users/igor/ClaudeAI/EDC_Project/elastic-diffusive-cosmology_repo/edc_book_2/src/EDC_Part_II_Weak_Sector_rebuild.tex,287,"explicit evidence tag (\tagBL{}, \tagDer{}, \tagDc{}, \tagI{}, \tagP{}, \tagM{}), and"
smuggling,baseline|\\tagBL,/Users/igor/ClaudeAI/EDC_Project/elastic-diffusive-cosmology_repo/edc_book_2/src/EDC_Part_II_Weak_Sector_rebuild.tex,288,the derivation chain from postulates to predictions is fully traceable. All \tagBL{}
smuggling,baseline|\\tagBL,/Users/igor/ClaudeAI/EDC_Project/elastic-diffusive-cosmology_repo/edc_book_2/src/EDC_Part_II_Weak_Sector_rebuild.tex,316,\tagBL{}  & \textbf{Baseline} --- Accepted external facts (PDG/CODATA). \\
smuggling,baseline|\\tagBL,/Users/igor/ClaudeAI/EDC_Project/elastic-diffusive-cosmology_repo/edc_book_2/src/EDC_Part_II_Weak_Sector_rebuild.tex,846,\tagBL{} & Baseline & From PDG/CODATA \\
smuggling,baseline|\\tagBL,/Users/igor/ClaudeAI/EDC_Project/elastic-diffusive-cosmology_repo/edc_book_2/src/bib/part2_backbone.bib,5,% A) Empirical baseline (CODATA/PDG)
smuggling,baseline|\\tagBL,/Users/igor/ClaudeAI/EDC_Project/elastic-diffusive-cosmology_repo/edc_book_2/src/bib/part2_backbone.bib,17,% A) EMPIRICAL BASELINE
smuggling,baseline|\\tagBL,/Users/igor/ClaudeAI/EDC_Project/elastic-diffusive-cosmology_repo/edc_book_2/src/_shared/meta/edc_stoplight_legend.tex,30,May be falsified (baseline attempt fails) or simply not attempted.
smuggling,baseline|\\tagBL,/Users/igor/ClaudeAI/EDC_Project/elastic-diffusive-cosmology_repo/edc_book_2/src/_shared/meta/edc_stoplight_legend.tex,61,"\textsf{[BL]} & Baseline: external reference (PDG, CODATA) \\"
smuggling,baseline|\\tagBL,/Users/igor/ClaudeAI/EDC_Project/elastic-diffusive-cosmology_repo/edc_book_2/src/Z6_content_full.tex,58,"\item What is already established (axioms, postulates, baseline facts)"
smuggling,baseline|\\tagBL,/Users/igor/ClaudeAI/EDC_Project/elastic-diffusive-cosmology_repo/edc_book_2/src/Z6_content_full.tex,755,E_{\text{disl}} = \Delta m c^2 = (m_n - m_p)c^2 = 1.293 \text{ MeV} \quad \tagBL{}
smuggling,baseline|\\tagBL,/Users/igor/ClaudeAI/EDC_Project/elastic-diffusive-cosmology_repo/edc_book_2/src/Z6_content_full.tex,763,Comparable to QCD string tension $\sigma_{\text{QCD}} \sim 1$ GeV/fm \tagBL{}.
smuggling,baseline|\\tagBL,/Users/igor/ClaudeAI/EDC_Project/elastic-diffusive-cosmology_repo/edc_book_2/src/Z6_content_full.tex,842,This gives lifetime $\tau_n \sim 880$ s \tagBL{}.
smuggling,baseline|\\tagBL,/Users/igor/ClaudeAI/EDC_Project/elastic-diffusive-cosmology_repo/edc_book_2/src/Z6_content_full.tex,925,\item $M_{\text{eff}} = m_p = 938$ MeV/$c^2$ (proton mass) \tagBL{}
smuggling,baseline|\\tagBL,/Users/igor/ClaudeAI/EDC_Project/elastic-diffusive-cosmology_repo/edc_book_2/src/Z6_content_full.tex,1007,This is within \textbf{6\%} of the experimental value $\tau_n^{\text{exp}} = 879$ s \tagBL{}!
smuggling,baseline|\\tagBL,/Users/igor/ClaudeAI/EDC_Project/elastic-diffusive-cosmology_repo/edc_book_2/src/Z6_content_full.tex,1022,$M_{\text{eff}} = m_p$ & Identified (nucleon must reorganize) & \tagP{}/\tagBL{} \\
smuggling,baseline|\\tagBL,/Users/igor/ClaudeAI/EDC_Project/elastic-diffusive-cosmology_repo/edc_book_2/src/Z6_content_full.tex,1029,$\tau_n^{\text{exp}} = 879$ s & Experimental & \tagBL{} \\
smuggling,baseline|\\tagBL,/Users/igor/ClaudeAI/EDC_Project/elastic-diffusive-cosmology_repo/edc_book_2/src/Z6_content_full.tex,1083,$M_{\text{eff}}$ (mass) & $\times 17$ & \tagBL{} & $= m_p$ (fixed by experiment) \\
smuggling,baseline|\\tagBL,/Users/igor/ClaudeAI/EDC_Project/elastic-diffusive-cosmology_repo/edc_book_2/src/Z6_content_full.tex,1109,$M_{\text{eff}}$ & 938 MeV & $<0.001$\% (\tagBL{}) & $17\times$ & negligible \\
smuggling,baseline|\\tagBL,/Users/igor/ClaudeAI/EDC_Project/elastic-diffusive-cosmology_repo/edc_book_2/src/Z6_content_full.tex,1367,This explains why bound neutrons do not decay \tagBL{}.
smuggling,baseline|\\tagBL,/Users/igor/ClaudeAI/EDC_Project/elastic-diffusive-cosmology_repo/edc_book_2/src/Z6_content_full.tex,1640,\tagBL{}
smuggling,baseline|\\tagBL,/Users/igor/ClaudeAI/EDC_Project/elastic-diffusive-cosmology_repo/edc_book_2/src/Z6_content_full.tex,1690,\tagBL{}
smuggling,baseline|\\tagBL,/Users/igor/ClaudeAI/EDC_Project/elastic-diffusive-cosmology_repo/edc_book_2/src/Z6_content_full.tex,1763,Koide formula observed & \tagBL{} (experimental) \\
smuggling,baseline|\\tagBL,/Users/igor/ClaudeAI/EDC_Project/elastic-diffusive-cosmology_repo/edc_book_2/src/Z6_content_full.tex,1804,Three generations exist & \tagBL{} (experimental fact) \\
smuggling,baseline|\\tagBL,/Users/igor/ClaudeAI/EDC_Project/elastic-diffusive-cosmology_repo/edc_book_2/src/Z6_content_full.tex,1807,Koide formula holds & \tagBL{} (experimental fact) \\
smuggling,baseline|\\tagBL,/Users/igor/ClaudeAI/EDC_Project/elastic-diffusive-cosmology_repo/edc_book_2/src/sections/07_ckm_cp.tex,3,"% Status: [Dc] baseline computed, FALSIFIED — breaking required"
smuggling,baseline|\\tagBL,/Users/igor/ClaudeAI/EDC_Project/elastic-diffusive-cosmology_repo/edc_book_2/src/sections/07_ckm_cp.tex,18,\item $\mathbb{Z}_3$ DFT baseline computed \tagDc{} $\to$ \textbf{strongly falsified}
smuggling,baseline|\\tagBL,/Users/igor/ClaudeAI/EDC_Project/elastic-diffusive-cosmology_repo/edc_book_2/src/sections/07_ckm_cp.tex,92,\item[Attempt 1: DFT baseline \tagDc{}:]
smuggling,baseline|\\tagBL,/Users/igor/ClaudeAI/EDC_Project/elastic-diffusive-cosmology_repo/edc_book_2/src/sections/07_ckm_cp.tex,141,DFT baseline analysis applies. This chapter computes that baseline and shows
smuggling,baseline|\\tagBL,/Users/igor/ClaudeAI/EDC_Project/elastic-diffusive-cosmology_repo/edc_book_2/src/sections/07_ckm_cp.tex,155,$\mathbb{Z}_3$ DFT baseline: all $|V_{ij}|^2 = 1/3$;
smuggling,baseline|\\tagBL,/Users/igor/ClaudeAI/EDC_Project/elastic-diffusive-cosmology_repo/edc_book_2/src/sections/07_ckm_cp.tex,175,\subsection{The CKM Matrix: Baseline Facts}
smuggling,baseline|\\tagBL,/Users/igor/ClaudeAI/EDC_Project/elastic-diffusive-cosmology_repo/edc_book_2/src/sections/07_ckm_cp.tex,176,\label{sec:ch7_baseline}
smuggling,baseline|\\tagBL,/Users/igor/ClaudeAI/EDC_Project/elastic-diffusive-cosmology_repo/edc_book_2/src/sections/07_ckm_cp.tex,178,The CKM matrix connects weak eigenstates to mass eigenstates for quarks \tagBL{}:
smuggling,baseline|\\tagBL,/Users/igor/ClaudeAI/EDC_Project/elastic-diffusive-cosmology_repo/edc_book_2/src/sections/07_ckm_cp.tex,187,The observed CKM matrix elements (magnitudes) are \tagBL{}:
smuggling,baseline|\\tagBL,/Users/igor/ClaudeAI/EDC_Project/elastic-diffusive-cosmology_repo/edc_book_2/src/sections/07_ckm_cp.tex,211,\subsection{\texorpdfstring{Attempt 1: $\mathbb{Z}_3$ DFT Baseline for CKM}{Attempt 1: Z3 DFT Baseline for CKM}}
smuggling,baseline|\\tagBL,/Users/igor/ClaudeAI/EDC_Project/elastic-diffusive-cosmology_repo/edc_book_2/src/sections/07_ckm_cp.tex,212,\label{sec:ch7_dft_baseline}
smuggling,baseline|\\tagBL,/Users/igor/ClaudeAI/EDC_Project/elastic-diffusive-cosmology_repo/edc_book_2/src/sections/07_ckm_cp.tex,265,"Both options fail, but \textbf{Option B is closer} and serves as the baseline"
smuggling,baseline|\\tagBL,/Users/igor/ClaudeAI/EDC_Project/elastic-diffusive-cosmology_repo/edc_book_2/src/sections/07_ckm_cp.tex,282,\subsubsection{DFT Baseline Predictions}
smuggling,baseline|\\tagBL,/Users/igor/ClaudeAI/EDC_Project/elastic-diffusive-cosmology_repo/edc_book_2/src/sections/07_ckm_cp.tex,309,\caption{CKM: DFT baseline vs.\ PDG magnitudes}
smuggling,baseline|\\tagBL,/Users/igor/ClaudeAI/EDC_Project/elastic-diffusive-cosmology_repo/edc_book_2/src/sections/07_ckm_cp.tex,313,\textbf{Element} & \textbf{DFT} & \textbf{PDG 2024} \tagBL{} & \textbf{Ratio} & \textbf{Status} \\
smuggling,baseline|\\tagBL,/Users/igor/ClaudeAI/EDC_Project/elastic-diffusive-cosmology_repo/edc_book_2/src/sections/07_ckm_cp.tex,329,title=\textbf{Verdict: DFT Baseline STRONGLY FALSIFIED}]
smuggling,baseline|\\tagBL,/Users/igor/ClaudeAI/EDC_Project/elastic-diffusive-cosmology_repo/edc_book_2/src/sections/07_ckm_cp.tex,356,From the PDG data \tagBL{}:
smuggling,baseline|\\tagBL,/Users/igor/ClaudeAI/EDC_Project/elastic-diffusive-cosmology_repo/edc_book_2/src/sections/07_ckm_cp.tex,366,The Wolfenstein parametrization captures this hierarchy \tagBL{}:
smuggling,baseline|\\tagBL,/Users/igor/ClaudeAI/EDC_Project/elastic-diffusive-cosmology_repo/edc_book_2/src/sections/07_ckm_cp.tex,377,"$\lambda^2$, $\lambda^3$ relative to the DFT baseline \tagDc{}."
smuggling,baseline|\\tagBL,/Users/igor/ClaudeAI/EDC_Project/elastic-diffusive-cosmology_repo/edc_book_2/src/sections/07_ckm_cp.tex,450,This is the opposite of the DFT baseline: instead of maximal misalignment
smuggling,baseline|\\tagBL,/Users/igor/ClaudeAI/EDC_Project/elastic-diffusive-cosmology_repo/edc_book_2/src/sections/07_ckm_cp.tex,835,"In the Wolfenstein parametrization \tagBL{}, the CKM elements scale as:"
smuggling,baseline|\\tagBL,/Users/igor/ClaudeAI/EDC_Project/elastic-diffusive-cosmology_repo/edc_book_2/src/sections/07_ckm_cp.tex,931,\tagBL{}:
smuggling,baseline|\\tagBL,/Users/igor/ClaudeAI/EDC_Project/elastic-diffusive-cosmology_repo/edc_book_2/src/sections/07_ckm_cp.tex,960,\item Baseline facts: PDG 2024 CKM values \tagBL{}
smuggling,baseline|\\tagBL,/Users/igor/ClaudeAI/EDC_Project/elastic-diffusive-cosmology_repo/edc_book_2/src/sections/07_ckm_cp.tex,991,\item \textbf{Attempt 1: $\mathbb{Z}_3$ DFT baseline computed} \tagDc{}:
smuggling,baseline|\\tagBL,/Users/igor/ClaudeAI/EDC_Project/elastic-diffusive-cosmology_repo/edc_book_2/src/sections/07_ckm_cp.tex,1024,Attempt 1: DFT baseline computed & GREEN & \tagDc{} \\
smuggling,baseline|\\tagBL,/Users/igor/ClaudeAI/EDC_Project/elastic-diffusive-cosmology_repo/edc_book_2/src/sections/07_ckm_cp.tex,1041,\textbf{Bottom line:} The $\mathbb{Z}_3$ baseline analysis that worked partially
smuggling,baseline|\\tagBL,/Users/igor/ClaudeAI/EDC_Project/elastic-diffusive-cosmology_repo/edc_book_2/src/sections/ch6_pmns_attempt3_z6_refinement.tex,16,The Attempt~2 baseline produces the correct atmospheric mixing angle but gives:
smuggling,baseline|\\tagBL,/Users/igor/ClaudeAI/EDC_Project/elastic-diffusive-cosmology_repo/edc_book_2/src/sections/ch6_pmns_attempt3_z6_refinement.tex,70,A3-0 & No phases (baseline) & Yes & 0.137 & 0.564 & 0.0075 & Mixed \\
smuggling,baseline|\\tagBL,/Users/igor/ClaudeAI/EDC_Project/elastic-diffusive-cosmology_repo/edc_book_2/src/sections/ch6_pmns_attempt3_z6_refinement.tex,87,All variants with physical (non-removable) phases produce \emph{worse} results than the baseline.
smuggling,baseline|\\tagBL,/Users/igor/ClaudeAI/EDC_Project/elastic-diffusive-cosmology_repo/edc_book_2/src/sections/ch6_pmns_attempt3_z6_refinement.tex,122,angles beyond the Attempt~2 baseline. Physical (non-removable) phases uniformly degrade
smuggling,baseline|\\tagBL,/Users/igor/ClaudeAI/EDC_Project/elastic-diffusive-cosmology_repo/edc_book_2/src/sections/03_unified_pipeline.tex,127,available phase space are allowed/\tagBL{}. This is purely kinematic
smuggling,baseline|\\tagBL,/Users/igor/ClaudeAI/EDC_Project/elastic-diffusive-cosmology_repo/edc_book_2/src/sections/ch6_pmns_attempt2.tex,55,DFT baseline & All $|U_{\alpha i}|^2 = 1/3$ (Attempt 1) & 0 \\
smuggling,baseline|\\tagBL,/Users/igor/ClaudeAI/EDC_Project/elastic-diffusive-cosmology_repo/edc_book_2/src/sections/ch6_pmns_attempt2.tex,78,\caption{Track A results vs.\ PDG 2024 \tagBL{}}
smuggling,baseline|\\tagBL,/Users/igor/ClaudeAI/EDC_Project/elastic-diffusive-cosmology_repo/edc_book_2/src/sections/ch6_pmns_attempt2.tex,85,PDG 2024 \tagBL{} & 0.307 & 0.546 & 0.022 & --- & --- \\
smuggling,baseline|\\tagBL,/Users/igor/ClaudeAI/EDC_Project/elastic-diffusive-cosmology_repo/edc_book_2/src/sections/ch6_pmns_attempt2.tex,87,DFT baseline & 0.500 & 0.500 & 0.333 & 0.91 & \textcolor{red}{RED} \\
smuggling,baseline|\\tagBL,/Users/igor/ClaudeAI/EDC_Project/elastic-diffusive-cosmology_repo/edc_book_2/src/sections/ch6_pmns_attempt2.tex,173,$U_{\text{PMNS}}$ exists & GREEN & \tagBL{} & Observed \\
smuggling,baseline|\\tagBL,/Users/igor/ClaudeAI/EDC_Project/elastic-diffusive-cosmology_repo/edc_book_2/src/sections/ch6_pmns_attempt2.tex,174,$\mathbb{Z}_3$ DFT baseline & FALSIFIED & \tagDc{} & $\theta_{13}$ off by $\times 15$ (Attempt 1) \\
smuggling,baseline|\\tagBL,/Users/igor/ClaudeAI/EDC_Project/elastic-diffusive-cosmology_repo/edc_book_2/src/sections/ch6_pmns_attempt4_menu.tex,7,\subsection{Attempt 4: Rank-2 Baseline and Double-Path Mechanisms}
smuggling,baseline|\\tagBL,/Users/igor/ClaudeAI/EDC_Project/elastic-diffusive-cosmology_repo/edc_book_2/src/sections/ch6_pmns_attempt4_menu.tex,18,\paragraph{A4-1: Rank-2 baseline + reactor perturbation.}
smuggling,baseline|\\tagBL,/Users/igor/ClaudeAI/EDC_Project/elastic-diffusive-cosmology_repo/edc_book_2/src/sections/ch6_pmns_attempt4_menu.tex,132,can be produced by a rank-2 baseline with small reactor perturbation.
smuggling,baseline|\\tagBL,/Users/igor/ClaudeAI/EDC_Project/elastic-diffusive-cosmology_repo/edc_book_2/src/sections/ch6_pmns_attempt4_menu.tex,188,\item PMNS structure: rank-2 baseline + reactor perturbation [I]
smuggling,baseline|\\tagBL,/Users/igor/ClaudeAI/EDC_Project/elastic-diffusive-cosmology_repo/edc_book_2/src/sections/11_gf_pathway.tex,14,The Fermi constant $G_F = 1.17 \times 10^{-5}$ GeV$^{-2}$ \tagBL{} sets the scale
smuggling,baseline|\\tagBL,/Users/igor/ClaudeAI/EDC_Project/elastic-diffusive-cosmology_repo/edc_book_2/src/meta_part2/01_claim_ledger.tex,57,$Z_3$ DFT baseline gives $|V_{ij}|^2 = 1/3$%
smuggling,baseline|\\tagBL,/Users/igor/ClaudeAI/EDC_Project/elastic-diffusive-cosmology_repo/edc_book_2/src/CH3_electroweak_parameters.tex,21,\textbf{Baseline comparison \tagBL{}:} RG running (SM 1-loop beta functions) and
smuggling,baseline|\\tagBL,/Users/igor/ClaudeAI/EDC_Project/elastic-diffusive-cosmology_repo/edc_book_2/src/CH3_electroweak_parameters.tex,68,"neutral current (short-range, massive via Higgs mechanism) \tagBL{}."
smuggling,baseline|\\tagBL,/Users/igor/ClaudeAI/EDC_Project/elastic-diffusive-cosmology_repo/edc_book_2/src/CH3_electroweak_parameters.tex,73,"gives $\sin^2\theta_W(M_Z) = 0.2314$, matching experiment to 0.08\% \tagBL{}.%"
smuggling,baseline|\\tagBL,/Users/igor/ClaudeAI/EDC_Project/elastic-diffusive-cosmology_repo/edc_book_2/src/CH3_electroweak_parameters.tex,83,are self-consistent by construction \tagBL{}.
smuggling,baseline|\\tagBL,/Users/igor/ClaudeAI/EDC_Project/elastic-diffusive-cosmology_repo/edc_book_2/src/CH3_electroweak_parameters.tex,116,The absolute scale requires baseline inputs \tagBL{}: $\alpha(M_Z)$ and Higgs VEV $v$.
smuggling,baseline|\\tagBL,/Users/igor/ClaudeAI/EDC_Project/elastic-diffusive-cosmology_repo/edc_book_2/src/CH3_electroweak_parameters.tex,154,Using $\alpha(M_Z)^{-1} = 127.9$ \tagBL{} and EDC-derived $\sin^2\theta_W(M_Z) = 0.2314$:
smuggling,baseline|\\tagBL,/Users/igor/ClaudeAI/EDC_Project/elastic-diffusive-cosmology_repo/edc_book_2/src/CH3_electroweak_parameters.tex,159,\textbf{Experimental:} $g^2_{\text{exp}} = 0.42$ \tagBL{} --- \textbf{1.1\% agreement}
smuggling,baseline|\\tagBL,/Users/igor/ClaudeAI/EDC_Project/elastic-diffusive-cosmology_repo/edc_book_2/src/CH3_electroweak_parameters.tex,175,\item $\alpha(M_Z) = 1/127.9$ (running fine structure constant) \tagBL{}
smuggling,baseline|\\tagBL,/Users/igor/ClaudeAI/EDC_Project/elastic-diffusive-cosmology_repo/edc_book_2/src/CH3_electroweak_parameters.tex,434,\textbf{Experimental value:} $\sin^2\theta_W(M_Z)^{\text{exp}} = 0.2312$~\cite{PDG2024} \tagBL{}
smuggling,baseline|\\tagBL,/Users/igor/ClaudeAI/EDC_Project/elastic-diffusive-cosmology_repo/edc_book_2/src/CH3_electroweak_parameters.tex,443,\item \textbf{Evolved} to experimental scales by standard RG running \tagBL{}
smuggling,baseline|\\tagBL,/Users/igor/ClaudeAI/EDC_Project/elastic-diffusive-cosmology_repo/edc_book_2/src/CH3_electroweak_parameters.tex,465,Experimental value: $\tau_n^{\text{exp}} = 879$ s \tagBL{} --- \textbf{6\% agreement}.
smuggling,baseline|\\tagBL,/Users/igor/ClaudeAI/EDC_Project/elastic-diffusive-cosmology_repo/edc_book_2/src/CH3_electroweak_parameters.tex,474,M_{\text{eff}} = m_p = 938.3 \text{ MeV}/c^2 \quad \tagBL{}
smuggling,baseline|\\tagBL,/Users/igor/ClaudeAI/EDC_Project/elastic-diffusive-cosmology_repo/edc_book_2/src/CH3_electroweak_parameters.tex,529,$M_{\text{eff}} = m_p$ & Nucleon must reorganize & \tagP{}/\tagBL{} \\
smuggling,baseline|\\tagBL,/Users/igor/ClaudeAI/EDC_Project/elastic-diffusive-cosmology_repo/edc_book_2/src/CH3_electroweak_parameters.tex,572,where the Higgs VEV $v = (\sqrt{2} G_F)^{-1/2} = 246.2$ GeV \tagBL{}.
smuggling,baseline|\\tagBL,/Users/igor/ClaudeAI/EDC_Project/elastic-diffusive-cosmology_repo/edc_book_2/src/CH3_electroweak_parameters.tex,579,\textbf{Experimental:} $M_W^{\text{exp}} = 80.4$ GeV~\cite{PDG2024} \tagBL{} --- \textbf{0.2\% agreement}
smuggling,baseline|\\tagBL,/Users/igor/ClaudeAI/EDC_Project/elastic-diffusive-cosmology_repo/edc_book_2/src/CH3_electroweak_parameters.tex,586,\textbf{Experimental:} $G_F^{\text{exp}} = 1.166 \times 10^{-5}$ GeV$^{-2}$~\cite{PDG2024} \tagBL{} --- \textbf{exact agreement}
smuggling,baseline|\\tagBL,/Users/igor/ClaudeAI/EDC_Project/elastic-diffusive-cosmology_repo/edc_book_2/src/CH3_electroweak_parameters.tex,1007,everything else. \emph{Geometry fixes the mixing angle; baseline inputs
smuggling,baseline|\\tagBL,/Users/igor/ClaudeAI/EDC_Project/elastic-diffusive-cosmology_repo/edc_book_2/src/CH3_electroweak_parameters.tex,1008,"\tagBL{} ($\alpha$, $v$) fix the absolute scale.}"
smuggling,baseline|\\tagBL,/Users/igor/ClaudeAI/EDC_Project/elastic-diffusive-cosmology_repo/edc_book_2/src/CH3_electroweak_parameters.tex,1042,"\noindent{\footnotesize $^\dagger$Using $M_W = gv/2$, the expression $G_F = g^2/(4\sqrt{2}M_W^2)$ reduces identically to $G_F = 1/(\sqrt{2}v^2)$. Hence $G_F$ is fixed by the baseline input $v$ \tagBL{"
smuggling,baseline|\\tagBL,/Users/igor/ClaudeAI/EDC_Project/elastic-diffusive-cosmology_repo/edc_book_2/src/CH3_electroweak_parameters.tex,1055,\item Measured values of $\alpha(M_Z)$ \tagBL{} and Higgs VEV $v$ \tagBL{}
smuggling,baseline|\\tagBL,/Users/igor/ClaudeAI/EDC_Project/elastic-diffusive-cosmology_repo/edc_book_2/src/CH3_electroweak_parameters.tex,1059,"The absolute normalization (e.g., $G_F = 1/\sqrt{2}v^2$) requires baseline scale"
smuggling,baseline|\\tagBL,/Users/igor/ClaudeAI/EDC_Project/elastic-diffusive-cosmology_repo/edc_book_2/src/CH3_electroweak_parameters.tex,1060,input $v$ \tagBL{}.
smuggling,baseline|\\tagBL,/Users/igor/ClaudeAI/EDC_Project/elastic-diffusive-cosmology_repo/edc_book_2/src/CH3_electroweak_parameters.tex,1063,"are \tagBL{} $\alpha(M_Z)$ and \tagBL{} $v$, plus standard RG/electroweak relations."
smuggling,baseline|\\tagBL,/Users/igor/ClaudeAI/EDC_Project/elastic-diffusive-cosmology_repo/edc_book_2/src/CH3_electroweak_parameters.tex,1096,"\item $\alpha(M_Z) = 1/127.9$ (fine structure constant, running) \tagBL{}"
smuggling,baseline|\\tagBL,/Users/igor/ClaudeAI/EDC_Project/elastic-diffusive-cosmology_repo/edc_book_2/src/CH3_electroweak_parameters.tex,1097,"\item $v = 246.2$ GeV (Higgs VEV, or equivalently $G_F$) \tagBL{}"
smuggling,baseline|\\tagBL,/Users/igor/ClaudeAI/EDC_Project/elastic-diffusive-cosmology_repo/edc_book_2/src/CH3_electroweak_parameters.tex,1098,\item SM beta functions for RG running \tagBL{}
smuggling,baseline|\\tagBL,/Users/igor/ClaudeAI/EDC_Project/elastic-diffusive-cosmology_repo/edc_book_2/src/CH3_electroweak_parameters.tex,1115,"\item Baseline: Standard EW unification relations ($e = g\sin\theta_W$, etc.) \tagBL{}"
smuggling,baseline|\\tagBL,/Users/igor/ClaudeAI/EDC_Project/elastic-diffusive-cosmology_repo/edc_book_2/src/CH3_electroweak_parameters.tex,1116,\item Baseline: SM RG beta functions \tagBL{}
smuggling,baseline|\\tagBL,/Users/igor/ClaudeAI/EDC_Project/elastic-diffusive-cosmology_repo/edc_book_2/src/CH3_electroweak_parameters.tex,1125,SM RG running \tagBL{}
smuggling,baseline|\\tagBL,/Users/igor/ClaudeAI/EDC_Project/elastic-diffusive-cosmology_repo/edc_book_2/src/CH3_electroweak_parameters.tex,1127,\item \textbf{IF} $\sin^2\theta_W(M_Z)$ known \textbf{AND} $\alpha(M_Z)$ known \tagBL{}
smuggling,baseline|\\tagBL,/Users/igor/ClaudeAI/EDC_Project/elastic-diffusive-cosmology_repo/edc_book_2/src/sections/ch10_electroweak_bridge.tex,305,$\xi \to -\xi$ reflection \tagBL{}.
smuggling,baseline|\\tagBL,/Users/igor/ClaudeAI/EDC_Project/elastic-diffusive-cosmology_repo/edc_book_2/src/sections/ch10_electroweak_bridge.tex,341,vacuum scale \tagBL{}.
smuggling,baseline|\\tagBL,/Users/igor/ClaudeAI/EDC_Project/elastic-diffusive-cosmology_repo/edc_book_2/src/sections/ch10_electroweak_bridge.tex,351,"\item $R_\xi$ is defined via $M_Z$, which is an \emph{electroweak observable} \tagBL{}."
smuggling,baseline|\\tagBL,/Users/igor/ClaudeAI/EDC_Project/elastic-diffusive-cosmology_repo/edc_book_2/src/sections/ch10_electroweak_bridge.tex,466,"\item Membrane parameters: $\sigma$, $r_e$, $\ell$ from Foundation chapters \tagP{}/\tagBL{}"
smuggling,baseline|\\tagBL,/Users/igor/ClaudeAI/EDC_Project/elastic-diffusive-cosmology_repo/edc_book_2/src/sections/07_case_tau.tex,11,\edcBaseline{
smuggling,baseline|\\tagBL,/Users/igor/ClaudeAI/EDC_Project/elastic-diffusive-cosmology_repo/edc_book_2/src/sections/07_case_tau.tex,45,$m_\tau \approx 1777$~MeV \tagBL{}. If the thick-brane
smuggling,baseline|\\tagBL,/Users/igor/ClaudeAI/EDC_Project/elastic-diffusive-cosmology_repo/edc_book_2/src/sections/07_case_tau.tex,177,% OBSERVATIONAL BASELINES
smuggling,baseline|\\tagBL,/Users/igor/ClaudeAI/EDC_Project/elastic-diffusive-cosmology_repo/edc_book_2/src/sections/07_case_tau.tex,180,\subsubsection{Observational Baselines}
smuggling,baseline|\\tagBL,/Users/igor/ClaudeAI/EDC_Project/elastic-diffusive-cosmology_repo/edc_book_2/src/sections/07_case_tau.tex,183,"\tagBL{}, not outputs of the model."
smuggling,baseline|\\tagBL,/Users/igor/ClaudeAI/EDC_Project/elastic-diffusive-cosmology_repo/edc_book_2/src/sections/07_case_tau.tex,187,\caption{Tau lepton properties (PDG 2024) \tagBL{}}
smuggling,baseline|\\tagBL,/Users/igor/ClaudeAI/EDC_Project/elastic-diffusive-cosmology_repo/edc_book_2/src/sections/07_case_tau.tex,188,\label{tab:tau-baselines}
smuggling,baseline|\\tagBL,/Users/igor/ClaudeAI/EDC_Project/elastic-diffusive-cosmology_repo/edc_book_2/src/sections/07_case_tau.tex,193,Mass $m_\tau$ & $1776.86 \pm 0.12$~MeV & \tagBL{} \\
smuggling,baseline|\\tagBL,/Users/igor/ClaudeAI/EDC_Project/elastic-diffusive-cosmology_repo/edc_book_2/src/sections/07_case_tau.tex,194,Lifetime $\tau_\tau$ & $(290.3 \pm 0.5) \times 10^{-15}$~s & \tagBL{} \\
smuggling,baseline|\\tagBL,/Users/igor/ClaudeAI/EDC_Project/elastic-diffusive-cosmology_repo/edc_book_2/src/sections/07_case_tau.tex,195,BR($\tau \to e\nu\bar{\nu}$) & $(17.82 \pm 0.04)\%$ & \tagBL{} \\
smuggling,baseline|\\tagBL,/Users/igor/ClaudeAI/EDC_Project/elastic-diffusive-cosmology_repo/edc_book_2/src/sections/07_case_tau.tex,196,BR($\tau \to \mu\nu\bar{\nu}$) & $(17.39 \pm 0.04)\%$ & \tagBL{} \\
smuggling,baseline|\\tagBL,/Users/igor/ClaudeAI/EDC_Project/elastic-diffusive-cosmology_repo/edc_book_2/src/sections/07_case_tau.tex,197,BR(leptonic total) & $\approx 35\%$ & \tagBL{} \\
smuggling,baseline|\\tagBL,/Users/igor/ClaudeAI/EDC_Project/elastic-diffusive-cosmology_repo/edc_book_2/src/sections/07_case_tau.tex,198,BR(hadronic total) & $\approx 65\%$ & \tagBL{} \\
smuggling,baseline|\\tagBL,/Users/igor/ClaudeAI/EDC_Project/elastic-diffusive-cosmology_repo/edc_book_2/src/sections/07_case_tau.tex,205,in Table~\ref{tab:tau-baselines} are \emph{facts about nature} that any viable
smuggling,baseline|\\tagBL,/Users/igor/ClaudeAI/EDC_Project/elastic-diffusive-cosmology_repo/edc_book_2/src/sections/07_case_tau.tex,239,broader set of outputs because $m_\tau c^2 \approx 1777$ MeV \tagBL{} provides a much larger energy budget.
smuggling,baseline|\\tagBL,/Users/igor/ClaudeAI/EDC_Project/elastic-diffusive-cosmology_repo/edc_book_2/src/sections/07_case_tau.tex,339,$\tau \to e\nu\bar{\nu}$ & $17.82\%$ & \tagBL{} & Allowed by $\mathcal{A}_{\tau \to e}$ \tagDc{} \\
smuggling,baseline|\\tagBL,/Users/igor/ClaudeAI/EDC_Project/elastic-diffusive-cosmology_repo/edc_book_2/src/sections/07_case_tau.tex,340,$\tau \to \mu\nu\bar{\nu}$ & $17.39\%$ & \tagBL{} & Allowed by $\mathcal{A}_{\tau \to \mu}$ \tagDc{} \\
smuggling,baseline|\\tagBL,/Users/igor/ClaudeAI/EDC_Project/elastic-diffusive-cosmology_repo/edc_book_2/src/sections/07_case_tau.tex,341,$\tau \to e\gamma$ & $< 3.3 \times 10^{-8}$ & \tagBL{} & LFV; selection rule violation \tagP{} \\
smuggling,baseline|\\tagBL,/Users/igor/ClaudeAI/EDC_Project/elastic-diffusive-cosmology_repo/edc_book_2/src/sections/07_case_tau.tex,342,$\tau \to \mu\gamma$ & $< 4.2 \times 10^{-8}$ & \tagBL{} & LFV; selection rule violation \tagP{} \\
smuggling,baseline|\\tagBL,/Users/igor/ClaudeAI/EDC_Project/elastic-diffusive-cosmology_repo/edc_book_2/src/sections/07_case_tau.tex,343,$\tau \to eee$ & $< 2.7 \times 10^{-8}$ & \tagBL{} & Mode mismatch hypothesis \tagP{} \\
smuggling,baseline|\\tagBL,/Users/igor/ClaudeAI/EDC_Project/elastic-diffusive-cosmology_repo/edc_book_2/src/sections/07_case_tau.tex,349,is an observational fact \tagBL{}. We do not claim to derive this ratio;
smuggling,baseline|\\tagBL,/Users/igor/ClaudeAI/EDC_Project/elastic-diffusive-cosmology_repo/edc_book_2/src/sections/07_case_tau.tex,363,\caption{Tau decay channels and energy thresholds \tagBL{}}
smuggling,baseline|\\tagBL,/Users/igor/ClaudeAI/EDC_Project/elastic-diffusive-cosmology_repo/edc_book_2/src/sections/07_case_tau.tex,378,kinematically allowed \tagBL{}. The branching ratios then depend on phase space and mode
smuggling,baseline|\\tagBL,/Users/igor/ClaudeAI/EDC_Project/elastic-diffusive-cosmology_repo/edc_book_2/src/sections/07_case_tau.tex,564,$\tau_\tau$ is \tagBL{}; deriving it requires quantitative
smuggling,baseline|\\tagBL,/Users/igor/ClaudeAI/EDC_Project/elastic-diffusive-cosmology_repo/edc_book_2/src/sections/01_how_we_got_here.tex,16,interaction strength is set by the Fermi constant $G_F$ \tagBL{}.
smuggling,baseline|\\tagBL,/Users/igor/ClaudeAI/EDC_Project/elastic-diffusive-cosmology_repo/edc_book_2/src/sections/01_how_we_got_here.tex,26,"\item explicit about what is baseline data versus hypothesis,"
smuggling,baseline|\\tagBL,/Users/igor/ClaudeAI/EDC_Project/elastic-diffusive-cosmology_repo/edc_book_2/src/sections/01_how_we_got_here.tex,73,The phenomena we must explain include \tagBL{}:
smuggling,baseline|\\tagBL,/Users/igor/ClaudeAI/EDC_Project/elastic-diffusive-cosmology_repo/edc_book_2/src/sections/ch11_opr20_attemptH2_delta_Rxi_hard_audit.tex,76,\textbf{Definition D2: Membrane correlation length $R_\xi$} \tagDef{}+\tagBL{}
smuggling,baseline|\\tagBL,/Users/igor/ClaudeAI/EDC_Project/elastic-diffusive-cosmology_repo/edc_book_2/src/sections/ch11_opr20_attemptH2_delta_Rxi_hard_audit.tex,84,electroweak observables ($R_\xi = \hbar c / M_Z$). \tagBL{}+\tagP{}
smuggling,baseline|\\tagBL,/Users/igor/ClaudeAI/EDC_Project/elastic-diffusive-cosmology_repo/edc_book_2/src/sections/ch11_opr20_attemptH2_delta_Rxi_hard_audit.tex,679,observations. \tagBL{}+\tagI{}
smuggling,baseline|\\tagBL,/Users/igor/ClaudeAI/EDC_Project/elastic-diffusive-cosmology_repo/edc_book_2/src/sections/06_neutrinos_edge_modes.tex,137,"For flavor mixing (PMNS matrix), EDC provides a \emph{computed baseline}: if the"
smuggling,baseline|\\tagBL,/Users/igor/ClaudeAI/EDC_Project/elastic-diffusive-cosmology_repo/edc_book_2/src/sections/06_neutrinos_edge_modes.tex,140,"$|U_{\alpha i}|^2 = 1/3$. This baseline predicts $\sin^2\theta_{13} = 1/3$,"
smuggling,baseline|\\tagBL,/Users/igor/ClaudeAI/EDC_Project/elastic-diffusive-cosmology_repo/edc_book_2/src/sections/06_neutrinos_edge_modes.tex,142,"The DFT baseline is therefore \emph{falsified}, indicating that $\mathbb{Z}_3$"
smuggling,baseline|\\tagBL,/Users/igor/ClaudeAI/EDC_Project/elastic-diffusive-cosmology_repo/edc_book_2/src/sections/06_neutrinos_edge_modes.tex,157,$\mathbb{Z}_3$ DFT baseline for PMNS.
smuggling,baseline|\\tagBL,/Users/igor/ClaudeAI/EDC_Project/elastic-diffusive-cosmology_repo/edc_book_2/src/sections/06_neutrinos_edge_modes.tex,195,DFT baseline (PMNS) & $\mathbb{Z}_3$ symmetric mass &
smuggling,baseline|\\tagBL,/Users/igor/ClaudeAI/EDC_Project/elastic-diffusive-cosmology_repo/edc_book_2/src/sections/06_neutrinos_edge_modes.tex,199,Breaking requirement & Falsified baseline &
smuggling,baseline|\\tagBL,/Users/igor/ClaudeAI/EDC_Project/elastic-diffusive-cosmology_repo/edc_book_2/src/sections/06_neutrinos_edge_modes.tex,213,\caption{Neutrino baseline facts \tagBL{}}
smuggling,baseline|\\tagBL,/Users/igor/ClaudeAI/EDC_Project/elastic-diffusive-cosmology_repo/edc_book_2/src/sections/06_neutrinos_edge_modes.tex,214,\label{tab:ch6_baselines}
smuggling,baseline|\\tagBL,/Users/igor/ClaudeAI/EDC_Project/elastic-diffusive-cosmology_repo/edc_book_2/src/sections/06_neutrinos_edge_modes.tex,412,fifth dimension \tagBL{}:
smuggling,baseline|\\tagBL,/Users/igor/ClaudeAI/EDC_Project/elastic-diffusive-cosmology_repo/edc_book_2/src/sections/06_neutrinos_edge_modes.tex,481,Overlap integral formalism & GREEN & \tagBL{} & Standard KK reduction \\
smuggling,baseline|\\tagBL,/Users/igor/ClaudeAI/EDC_Project/elastic-diffusive-cosmology_repo/edc_book_2/src/sections/06_neutrinos_edge_modes.tex,557,The observed V--A structure of weak currents \tagBL{}:
smuggling,baseline|\\tagBL,/Users/igor/ClaudeAI/EDC_Project/elastic-diffusive-cosmology_repo/edc_book_2/src/sections/06_neutrinos_edge_modes.tex,572,"mass eigenstates $(\nu_1, \nu_2, \nu_3)$ by the PMNS matrix \tagBL{}:"
smuggling,baseline|\\tagBL,/Users/igor/ClaudeAI/EDC_Project/elastic-diffusive-cosmology_repo/edc_book_2/src/sections/06_neutrinos_edge_modes.tex,580,The observed mixing angles (PDG 2024) \tagBL{}:
smuggling,baseline|\\tagBL,/Users/igor/ClaudeAI/EDC_Project/elastic-diffusive-cosmology_repo/edc_book_2/src/sections/06_neutrinos_edge_modes.tex,615,$U_{\text{PMNS}}$ exists & GREEN & \tagBL{} & Observed \\
smuggling,baseline|\\tagBL,/Users/igor/ClaudeAI/EDC_Project/elastic-diffusive-cosmology_repo/edc_book_2/src/sections/06_neutrinos_edge_modes.tex,628,% Include the PMNS symmetry baseline calculation (Attempt 1)
smuggling,baseline|\\tagBL,/Users/igor/ClaudeAI/EDC_Project/elastic-diffusive-cosmology_repo/edc_book_2/src/sections/06_neutrinos_edge_modes.tex,664,undetermined \tagBL{}. The key observable is neutrinoless double-beta decay
smuggling,baseline|\\tagBL,/Users/igor/ClaudeAI/EDC_Project/elastic-diffusive-cosmology_repo/edc_book_2/src/sections/06_neutrinos_edge_modes.tex,784,Current data: All observations consistent with EDC predictions \tagBL{}.
smuggling,baseline|\\tagBL,/Users/igor/ClaudeAI/EDC_Project/elastic-diffusive-cosmology_repo/edc_book_2/src/sections/06_neutrinos_edge_modes.tex,800,PMNS: $\mathbb{Z}_3$ DFT baseline (Attempt 1) & FALSIFIED & \tagDc{} \\
smuggling,baseline|\\tagBL,/Users/igor/ClaudeAI/EDC_Project/elastic-diffusive-cosmology_repo/edc_book_2/src/sections/06_neutrinos_edge_modes.tex,816,"$\mathbb{Z}_3$ \tagI{}, and four computed PMNS approaches: the DFT baseline (Attempt~1)"
smuggling,baseline|\\tagBL,/Users/igor/ClaudeAI/EDC_Project/elastic-diffusive-cosmology_repo/edc_book_2/src/sections/06_neutrinos_edge_modes.tex,820,and Attempt~4 identifies the \emph{structure} (rank-2 baseline + reactor perturbation)
smuggling,baseline|\\tagBL,/Users/igor/ClaudeAI/EDC_Project/elastic-diffusive-cosmology_repo/edc_book_2/src/meta_part2/04_evidence_map.tex,52,\texttt{eq:ch7\_dft\_ckm} & 7 & DFT baseline $|V_{ij}|^2 = 1/3$ \\
smuggling,baseline|\\tagBL,/Users/igor/ClaudeAI/EDC_Project/elastic-diffusive-cosmology_repo/edc_book_2/src/sections/ch11_opr20_attemptH1_mediator_identity.tex,51,\paragraph{5D gauge field decomposition \tagBL{}.}
smuggling,baseline|\\tagBL,/Users/igor/ClaudeAI/EDC_Project/elastic-diffusive-cosmology_repo/edc_book_2/src/sections/ch11_opr20_attemptH1_mediator_identity.tex,105,\item Parity: even (+) \tagBL{}
smuggling,baseline|\\tagBL,/Users/igor/ClaudeAI/EDC_Project/elastic-diffusive-cosmology_repo/edc_book_2/src/sections/ch11_opr20_attemptH1_mediator_identity.tex,118,\item Parity: even (+) \tagBL{}
smuggling,baseline|\\tagBL,/Users/igor/ClaudeAI/EDC_Project/elastic-diffusive-cosmology_repo/edc_book_2/src/sections/ch11_opr20_attemptH1_mediator_identity.tex,130,\item Parity: odd ($-$) \tagBL{}
smuggling,baseline|\\tagBL,/Users/igor/ClaudeAI/EDC_Project/elastic-diffusive-cosmology_repo/edc_book_2/src/sections/ch11_opr20_attemptH1_mediator_identity.tex,276,"5D gauge decomposition ($A_\mu$, $A_5$) & \tagBL{} & Standard orbifold physics \\"
smuggling,baseline|\\tagBL,/Users/igor/ClaudeAI/EDC_Project/elastic-diffusive-cosmology_repo/edc_book_2/src/sections/ch11_opr20_attemptH1_mediator_identity.tex,277,"Parity $\to$ BC mapping & \tagBL{} & Even=Neumann, Odd=Dirichlet \\"
smuggling,baseline|\\tagBL,/Users/igor/ClaudeAI/EDC_Project/elastic-diffusive-cosmology_repo/edc_book_2/src/sections/ch11_opr20_attemptH1_mediator_identity.tex,323,\subsubsection{H1.7: Recommended Baseline and Future Work}
smuggling,baseline|\\tagBL,/Users/igor/ClaudeAI/EDC_Project/elastic-diffusive-cosmology_repo/edc_book_2/src/sections/ch11_opr20_attemptH1_mediator_identity.tex,324,\label{sec:attemptH1_baseline}
smuggling,baseline|\\tagBL,/Users/igor/ClaudeAI/EDC_Project/elastic-diffusive-cosmology_repo/edc_book_2/src/sections/ch11_opr20_attemptH1_mediator_identity.tex,326,\paragraph{Recommended baseline [P].}
smuggling,baseline|\\tagBL,/Users/igor/ClaudeAI/EDC_Project/elastic-diffusive-cosmology_repo/edc_book_2/src/sections/ch11_opr20_attemptH1_mediator_identity.tex,331,"\item \textbf{Caveat:} If OPR-17 settles on brane-localized SU(2)$_L$, switch to Robin baseline"
smuggling,baseline|\\tagBL,/Users/igor/ClaudeAI/EDC_Project/elastic-diffusive-cosmology_repo/edc_book_2/src/sections/ch11_g5_value_closure_attempt2_coefficient.tex,73,\item[\ding{51}] Action normalization conventions \tagBL{}
smuggling,baseline|\\tagBL,/Users/igor/ClaudeAI/EDC_Project/elastic-diffusive-cosmology_repo/edc_book_2/src/sections/ch11_g5_value_closure_attempt2_coefficient.tex,103,$1/4$ (gauge action) & $-\frac{1}{4}F_{\mu\nu}F^{\mu\nu}$ & varies & — & \tagBL{} & absorbed \\
smuggling,baseline|\\tagBL,/Users/igor/ClaudeAI/EDC_Project/elastic-diffusive-cosmology_repo/edc_book_2/src/sections/ch11_g5_value_closure_attempt2_coefficient.tex,104,$1/(4\pi)$ (SI/Heaviside) & Unit system & varies & — & \tagBL{} & convention \\
smuggling,baseline|\\tagBL,/Users/igor/ClaudeAI/EDC_Project/elastic-diffusive-cosmology_repo/edc_book_2/src/sections/02_geometry_interface.tex,85,"shorter than $\sim 10^{34}$ years \tagBL{}, the claim that the proton is a"
smuggling,baseline|\\tagBL,/Users/igor/ClaudeAI/EDC_Project/elastic-diffusive-cosmology_repo/edc_book_2/src/sections/ch18_opr20_mediator_mass_from_eigenvalue.tex,465,\item[\ding{51}] No $M_Z$ used as input (except in $R_\xi$ if declared \tagBL{})
smuggling,baseline|\\tagBL,/Users/igor/ClaudeAI/EDC_Project/elastic-diffusive-cosmology_repo/edc_book_2/src/sections/00_reader_contract.tex,12,"carries one evidence label: \tagBL{} baseline, \tagDer{} derived, \tagDc{} derived"
smuggling,baseline|\\tagBL,/Users/igor/ClaudeAI/EDC_Project/elastic-diffusive-cosmology_repo/edc_book_2/src/_shared/meta/edc_meta_macros.tex,16,\providecommand{\tagBL}{\textsf{[BL]}}
smuggling,baseline|\\tagBL,/Users/igor/ClaudeAI/EDC_Project/elastic-diffusive-cosmology_repo/edc_book_2/src/sections/05_neutron_story.tex,115,"where $Q_{n\to p} \equiv (m_n - m_p)c^2$ is the measured Q-value \tagBL{}, and the other terms are non-negative."
smuggling,baseline|\\tagBL,/Users/igor/ClaudeAI/EDC_Project/elastic-diffusive-cosmology_repo/edc_book_2/src/sections/05_neutron_story.tex,121,"Q_{n\to p} \approx 1.293~\mathrm{MeV}\quad\text{\tagBL{}},"
smuggling,baseline|\\tagBL,/Users/igor/ClaudeAI/EDC_Project/elastic-diffusive-cosmology_repo/edc_book_2/src/sections/05_neutron_story.tex,126,m_\mu c^2 \approx 105.7~\mathrm{MeV}\quad\text{\tagBL{}}.
smuggling,baseline|\\tagBL,/Users/igor/ClaudeAI/EDC_Project/elastic-diffusive-cosmology_repo/edc_book_2/src/sections/05_neutron_story.tex,133,"$m_e c^2\approx 0.511~\mathrm{MeV}$ \tagBL{}, leaving room for neutrino energy and recoil."
smuggling,baseline|\\tagBL,/Users/igor/ClaudeAI/EDC_Project/elastic-diffusive-cosmology_repo/edc_book_2/src/sections/05_neutron_story.tex,136,\textbf{Electron channel} \tagBL{}/\tagDc{}:
smuggling,baseline|\\tagBL,/Users/igor/ClaudeAI/EDC_Project/elastic-diffusive-cosmology_repo/edc_book_2/src/sections/05_neutron_story.tex,141,\textbf{Muon channel} \tagBL{}/\tagDc{}:
smuggling,baseline|\\tagBL,/Users/igor/ClaudeAI/EDC_Project/elastic-diffusive-cosmology_repo/edc_book_2/src/sections/05_three_generations.tex,106,observed \tagBL{}.
smuggling,baseline|\\tagBL,/Users/igor/ClaudeAI/EDC_Project/elastic-diffusive-cosmology_repo/edc_book_2/src/sections/05_three_generations.tex,298,KK tower exists & Yes & \textcolor{green!50!black}{\textbf{GREEN}} & Standard 5D reduction \tagBL{} \\
smuggling,baseline|\\tagBL,/Users/igor/ClaudeAI/EDC_Project/elastic-diffusive-cosmology_repo/edc_book_2/src/sections/05_three_generations.tex,339,symmetries. For example \tagBL{}:
smuggling,baseline|\\tagBL,/Users/igor/ClaudeAI/EDC_Project/elastic-diffusive-cosmology_repo/edc_book_2/src/sections/05_three_generations.tex,459,\textbf{Current experimental status} \tagBL{}:
smuggling,baseline|\\tagBL,/Users/igor/ClaudeAI/EDC_Project/elastic-diffusive-cosmology_repo/edc_book_2/src/sections/05_three_generations.tex,514,"\item Baseline: $N_{\text{gen}} = 3$ observed (LEP, PDG) \tagBL{}"
smuggling,baseline|\\tagBL,/Users/igor/ClaudeAI/EDC_Project/elastic-diffusive-cosmology_repo/edc_book_2/src/sections/05_three_generations.tex,584,"$N_{\text{gen}} = 3$ observed & \tagBL{} & PDG, LEP \\"
smuggling,baseline|\\tagBL,/Users/igor/ClaudeAI/EDC_Project/elastic-diffusive-cosmology_repo/edc_book_2/src/sections/ch17_opr19_g5_from_action.tex,135,\item Length conversion: $1 \text{ fm} = 5.0677 \text{ GeV}^{-1}$ \tagBL{}
smuggling,baseline|\\tagBL,/Users/igor/ClaudeAI/EDC_Project/elastic-diffusive-cosmology_repo/edc_book_2/src/sections/ch11_g5_value_closure_attempt3_derive_4pi.tex,42,\item We use canonical gauge theory conventions \tagBL{}
smuggling,baseline|\\tagBL,/Users/igor/ClaudeAI/EDC_Project/elastic-diffusive-cosmology_repo/edc_book_2/src/sections/ch11_g5_value_closure_attempt3_derive_4pi.tex,63,$\hbar c = 197.3$ MeV$\cdot$fm & Physical constant & \tagBL{} \\
smuggling,baseline|\\tagBL,/Users/igor/ClaudeAI/EDC_Project/elastic-diffusive-cosmology_repo/edc_book_2/src/sections/ch11_g5_value_closure_attempt3_derive_4pi.tex,64,$V(r) = g^2/(4\pi r)$ convention & Standard gauge theory & \tagBL{} \\
smuggling,baseline|\\tagBL,/Users/igor/ClaudeAI/EDC_Project/elastic-diffusive-cosmology_repo/edc_book_2/src/sections/ch11_g5_value_closure_attempt3_derive_4pi.tex,68,SM $g_2^2 \approx 0.40$ & \textbf{Comparison only} & \tagBL{} \\
smuggling,baseline|\\tagBL,/Users/igor/ClaudeAI/EDC_Project/elastic-diffusive-cosmology_repo/edc_book_2/src/sections/ch11_g5_value_closure_attempt3_derive_4pi.tex,142,\item Convention $V = g^2/(4\pi r)$: \tagBL{} (standard physics)
smuggling,baseline|\\tagBL,/Users/igor/ClaudeAI/EDC_Project/elastic-diffusive-cosmology_repo/edc_book_2/src/sections/ch11_g5_value_closure_attempt3_derive_4pi.tex,213,\item Mode normalization: \tagBL{} (standard QFT)
smuggling,baseline|\\tagBL,/Users/igor/ClaudeAI/EDC_Project/elastic-diffusive-cosmology_repo/edc_book_2/src/sections/ch11_g5_value_closure_attempt3_derive_4pi.tex,231,ambiguity in $g$ \tagBL{}.
smuggling,baseline|\\tagBL,/Users/igor/ClaudeAI/EDC_Project/elastic-diffusive-cosmology_repo/edc_book_2/src/sections/ch11_g5_value_closure_attempt3_derive_4pi.tex,243,"\textbf{We adopt the standard Coulomb convention} \tagBL{}, which is universal"
smuggling,baseline|\\tagBL,/Users/igor/ClaudeAI/EDC_Project/elastic-diffusive-cosmology_repo/edc_book_2/src/sections/ch11_g5_value_closure_attempt3_derive_4pi.tex,259,Route 1: Gauge convention & Gauss's law in 3D & $C = 4\pi$ & \tagBL{}+\tagDc{} \\
smuggling,baseline|\\tagBL,/Users/igor/ClaudeAI/EDC_Project/elastic-diffusive-cosmology_repo/edc_book_2/src/sections/ch11_g5_value_closure_attempt3_derive_4pi.tex,294,\hbar c &= 197.3 \text{ MeV}\cdot\text{fm} && \tagBL{} \\
smuggling,baseline|\\tagBL,/Users/igor/ClaudeAI/EDC_Project/elastic-diffusive-cosmology_repo/edc_book_2/src/sections/02_frozen_regime_foundations.tex,780,title=\textbf{3D Baseline (empirical)} \tagBL{}]
smuggling,baseline|\\tagBL,/Users/igor/ClaudeAI/EDC_Project/elastic-diffusive-cosmology_repo/edc_book_2/src/sections/02_frozen_regime_foundations.tex,871,title=\textbf{3D Baseline (empirical)} \tagBL{}]
smuggling,baseline|\\tagBL,/Users/igor/ClaudeAI/EDC_Project/elastic-diffusive-cosmology_repo/edc_book_2/src/sections/ch11_gf_sanity_skeleton.tex,30,$G_F$ definition & $G_F = 1.166 \times 10^{-5}$ GeV$^{-2}$ & \tagBL{} & Reference target \\
smuggling,baseline|\\tagBL,/Users/igor/ClaudeAI/EDC_Project/elastic-diffusive-cosmology_repo/edc_book_2/src/sections/ch11_gf_sanity_skeleton.tex,31,$G_F$ from $W$ exchange & $G_F = g^2/(4\sqrt{2}M_W^2)$ & \tagBL{} & SM relation \\
smuggling,baseline|\\tagBL,/Users/igor/ClaudeAI/EDC_Project/elastic-diffusive-cosmology_repo/edc_book_2/src/sections/ch11_gf_sanity_skeleton.tex,32,"$g^2$ from $\alpha$, $\theta_W$ & $g^2 = 4\pi\alpha/\sin^2\theta_W$ & \tagBL{} & Uses measured $\alpha$ \\"
smuggling,baseline|\\tagBL,/Users/igor/ClaudeAI/EDC_Project/elastic-diffusive-cosmology_repo/edc_book_2/src/sections/ch11_gf_sanity_skeleton.tex,33,$M_W$ from Higgs & $M_W = gv/2$ & \tagBL{} & Uses $v = (\sqrt{2}G_F)^{-1/2}$ \\
smuggling,baseline|\\tagBL,/Users/igor/ClaudeAI/EDC_Project/elastic-diffusive-cosmology_repo/edc_book_2/src/sections/ch11_gf_sanity_skeleton.tex,41,RG running to $M_Z$ & Standard $\beta$-functions & \tagBL{} & None (physics) \\
smuggling,baseline|\\tagBL,/Users/igor/ClaudeAI/EDC_Project/elastic-diffusive-cosmology_repo/edc_book_2/src/sections/ch11_gf_sanity_skeleton.tex,108,"measurement (QED, not weak). \textbf{Status:} Legitimate baseline \tagBL{}."
smuggling,baseline|\\tagBL,/Users/igor/ClaudeAI/EDC_Project/elastic-diffusive-cosmology_repo/edc_book_2/src/sections/ch7_z2_parity_origin.tex,138,PDG comparison ($\delta = 65°$) & \tagBL{} & Evaluation only \\
smuggling,baseline|\\tagBL,/Users/igor/ClaudeAI/EDC_Project/elastic-diffusive-cosmology_repo/edc_book_2/src/sections/09_case_electron.tex,11,\edcBaseline{
smuggling,baseline|\\tagBL,/Users/igor/ClaudeAI/EDC_Project/elastic-diffusive-cosmology_repo/edc_book_2/src/sections/09_case_electron.tex,54,when heavier channels are suppressed \tagBL{}/\tagDc{}
smuggling,baseline|\\tagBL,/Users/igor/ClaudeAI/EDC_Project/elastic-diffusive-cosmology_repo/edc_book_2/src/sections/09_case_electron.tex,59,\item We do \textbf{not} derive $m_e = 0.511$ MeV; this is \tagBL{} (PDG).
smuggling,baseline|\\tagBL,/Users/igor/ClaudeAI/EDC_Project/elastic-diffusive-cosmology_repo/edc_book_2/src/sections/09_case_electron.tex,61,is \tagBL{}.
smuggling,baseline|\\tagBL,/Users/igor/ClaudeAI/EDC_Project/elastic-diffusive-cosmology_repo/edc_book_2/src/sections/09_case_electron.tex,153,\subsubsection{PDG Baselines}
smuggling,baseline|\\tagBL,/Users/igor/ClaudeAI/EDC_Project/elastic-diffusive-cosmology_repo/edc_book_2/src/sections/09_case_electron.tex,158,\caption{Electron baseline properties (PDG 2024) \tagBL{}}
smuggling,baseline|\\tagBL,/Users/igor/ClaudeAI/EDC_Project/elastic-diffusive-cosmology_repo/edc_book_2/src/sections/09_case_electron.tex,159,\label{tab:electron_baselines}
smuggling,baseline|\\tagBL,/Users/igor/ClaudeAI/EDC_Project/elastic-diffusive-cosmology_repo/edc_book_2/src/sections/09_case_electron.tex,182,with $Q$-value $Q_\beta = 1.293$ MeV \tagBL{} (PDG).
smuggling,baseline|\\tagBL,/Users/igor/ClaudeAI/EDC_Project/elastic-diffusive-cosmology_repo/edc_book_2/src/sections/09_case_electron.tex,217,\caption{Lepton channel selection in neutron $\beta^-$ decay \tagBL{}}
smuggling,baseline|\\tagBL,/Users/igor/ClaudeAI/EDC_Project/elastic-diffusive-cosmology_repo/edc_book_2/src/sections/09_case_electron.tex,302,there is no kinematically allowed charged final state \tagBL{}.
smuggling,baseline|\\tagBL,/Users/igor/ClaudeAI/EDC_Project/elastic-diffusive-cosmology_repo/edc_book_2/src/sections/09_case_electron.tex,435,\tagBL{}. For the electron:
smuggling,baseline|\\tagBL,/Users/igor/ClaudeAI/EDC_Project/elastic-diffusive-cosmology_repo/edc_book_2/src/sections/09_case_electron.tex,492,kinematic level \tagBL{}.
smuggling,baseline|\\tagBL,/Users/igor/ClaudeAI/EDC_Project/elastic-diffusive-cosmology_repo/edc_book_2/src/sections/09_case_electron.tex,511,Electron compositeness scale & High-energy scattering limits \tagBL{} \\
smuggling,baseline|\\tagBL,/Users/igor/ClaudeAI/EDC_Project/elastic-diffusive-cosmology_repo/edc_book_2/src/sections/ch11_gf_full_closure_plan.tex,146,\textbf{ALLOWED --- Legitimate baseline inputs:}
smuggling,baseline|\\tagBL,/Users/igor/ClaudeAI/EDC_Project/elastic-diffusive-cosmology_repo/edc_book_2/src/meta_part2/03_research_timeline.tex,33,"Chapter 7 Attempt 1: $Z_3$ DFT baseline computed, falsified against PDG%"
smuggling,baseline|\\tagBL,/Users/igor/ClaudeAI/EDC_Project/elastic-diffusive-cosmology_repo/edc_book_2/src/sections/11_gf_derivation.tex,115,\item[Standard physics step \tagBL{}:]
smuggling,baseline|\\tagBL,/Users/igor/ClaudeAI/EDC_Project/elastic-diffusive-cosmology_repo/edc_book_2/src/sections/11_gf_derivation.tex,163,\subsection{Baseline: The Fermi Constant in Standard Model}
smuggling,baseline|\\tagBL,/Users/igor/ClaudeAI/EDC_Project/elastic-diffusive-cosmology_repo/edc_book_2/src/sections/11_gf_derivation.tex,164,\label{sec:ch11_baseline}
smuggling,baseline|\\tagBL,/Users/igor/ClaudeAI/EDC_Project/elastic-diffusive-cosmology_repo/edc_book_2/src/sections/11_gf_derivation.tex,166,The Fermi constant is the effective coupling strength of weak interactions \tagBL{}:
smuggling,baseline|\\tagBL,/Users/igor/ClaudeAI/EDC_Project/elastic-diffusive-cosmology_repo/edc_book_2/src/sections/11_gf_derivation.tex,172,"In the Standard Model, $G_F$ arises from $W$-boson exchange \tagBL{}:"
smuggling,baseline|\\tagBL,/Users/igor/ClaudeAI/EDC_Project/elastic-diffusive-cosmology_repo/edc_book_2/src/sections/11_gf_derivation.tex,297,\tagBL{} --- \textbf{exact within adopted EW identities}.
smuggling,baseline|\\tagBL,/Users/igor/ClaudeAI/EDC_Project/elastic-diffusive-cosmology_repo/edc_book_2/src/sections/11_gf_derivation.tex,324,\item Standard electroweak unification relations \tagBL{}
smuggling,baseline|\\tagBL,/Users/igor/ClaudeAI/EDC_Project/elastic-diffusive-cosmology_repo/edc_book_2/src/sections/11_gf_derivation.tex,325,\item Standard RG running from lattice scale to $M_Z$ \tagBL{}
smuggling,baseline|\\tagBL,/Users/igor/ClaudeAI/EDC_Project/elastic-diffusive-cosmology_repo/edc_book_2/src/sections/11_gf_derivation.tex,326,\item Measured values of $\alpha$ and $v$ (where $v$ depends on $G_F$) \tagBL{}
smuggling,baseline|\\tagBL,/Users/igor/ClaudeAI/EDC_Project/elastic-diffusive-cosmology_repo/edc_book_2/src/sections/11_gf_derivation.tex,537,"\item Baseline facts: $\alpha$, $G_F$, $v$ from PDG/CODATA \tagBL{}"
smuggling,baseline|\\tagBL,/Users/igor/ClaudeAI/EDC_Project/elastic-diffusive-cosmology_repo/edc_book_2/src/sections/11_gf_derivation.tex,538,"\item Standard physics: Electroweak unification relations, RG running \tagBL{}"
smuggling,baseline|\\tagBL,/Users/igor/ClaudeAI/EDC_Project/elastic-diffusive-cosmology_repo/edc_book_2/src/sections/10_case_neutrino.tex,12,\edcBaseline{
smuggling,baseline|\\tagBL,/Users/igor/ClaudeAI/EDC_Project/elastic-diffusive-cosmology_repo/edc_book_2/src/sections/10_case_neutrino.tex,182,\subsubsection{PDG Baselines}
smuggling,baseline|\\tagBL,/Users/igor/ClaudeAI/EDC_Project/elastic-diffusive-cosmology_repo/edc_book_2/src/sections/10_case_neutrino.tex,187,\caption{Neutrino baseline properties (PDG 2024) \tagBL{}}
smuggling,baseline|\\tagBL,/Users/igor/ClaudeAI/EDC_Project/elastic-diffusive-cosmology_repo/edc_book_2/src/sections/10_case_neutrino.tex,188,\label{tab:neutrino_baselines}
smuggling,baseline|\\tagBL,/Users/igor/ClaudeAI/EDC_Project/elastic-diffusive-cosmology_repo/edc_book_2/src/sections/10_case_neutrino.tex,207,which is suppressed by the large gauge boson masses \tagBL{}.
smuggling,baseline|\\tagBL,/Users/igor/ClaudeAI/EDC_Project/elastic-diffusive-cosmology_repo/edc_book_2/src/sections/10_case_neutrino.tex,247,\caption{Neutrino ledger contributions in representative decays \tagBL{}}
smuggling,baseline|\\tagBL,/Users/igor/ClaudeAI/EDC_Project/elastic-diffusive-cosmology_repo/edc_book_2/src/sections/10_case_neutrino.tex,271,right-handed antineutrinos) couple to weak interactions \tagBL{}.
smuggling,baseline|\\tagBL,/Users/igor/ClaudeAI/EDC_Project/elastic-diffusive-cosmology_repo/edc_book_2/src/sections/10_case_neutrino.tex,313,which is the standard V$-$A current \tagBL{}.
smuggling,baseline|\\tagBL,/Users/igor/ClaudeAI/EDC_Project/elastic-diffusive-cosmology_repo/edc_book_2/src/sections/10_case_neutrino.tex,509,\tagBL{}.
smuggling,baseline|\\tagBL,/Users/igor/ClaudeAI/EDC_Project/elastic-diffusive-cosmology_repo/edc_book_2/src/sections/10_case_neutrino.tex,527,Dirac vs Majorana nature & Neutrinoless double-beta decay \tagBL{} \\
smuggling,baseline|\\tagBL,/Users/igor/ClaudeAI/EDC_Project/elastic-diffusive-cosmology_repo/edc_book_2/src/sections/10_case_neutrino.tex,528,Sterile neutrino coupling & Short-baseline oscillation anomalies \tagBL{} \\
smuggling,baseline|\\tagBL,/Users/igor/ClaudeAI/EDC_Project/elastic-diffusive-cosmology_repo/edc_book_2/src/sections/10_case_neutrino.tex,530,Mass hierarchy origin & Normal vs inverted ordering \tagBL{}/(open) \\
smuggling,baseline|\\tagBL,/Users/igor/ClaudeAI/EDC_Project/elastic-diffusive-cosmology_repo/edc_book_2/src/sections/ch11_g5_ell_suppression_attempt2.tex,73,\item $\hbar c = 197.3$ MeV$\cdot$fm \tagBL{}
smuggling,baseline|\\tagBL,/Users/igor/ClaudeAI/EDC_Project/elastic-diffusive-cosmology_repo/edc_book_2/src/sections/ch11_opr20_attemptG_BC_provenance.tex,58,\paragraph{Standard orbifold convention \tagBL{}.}
smuggling,baseline|\\tagBL,/Users/igor/ClaudeAI/EDC_Project/elastic-diffusive-cosmology_repo/edc_book_2/src/sections/ch11_opr20_attemptG_BC_provenance.tex,191,\textbf{Baseline (canonical):} $x_1 = \pi$ (Dirichlet or first KK Neumann)
smuggling,baseline|\\tagBL,/Users/igor/ClaudeAI/EDC_Project/elastic-diffusive-cosmology_repo/edc_book_2/src/sections/ch11_opr20_attemptG_BC_provenance.tex,222,\item \textbf{Attempt G\_BC:} BC choice is a [P] fork; baseline $x_1 = \pi$
smuggling,baseline|\\tagBL,/Users/igor/ClaudeAI/EDC_Project/elastic-diffusive-cosmology_repo/edc_book_2/src/sections/ch11_opr20_attemptG_BC_provenance.tex,292,\item Identified canonical baseline: $x_1 = \pi$ [P]
smuggling,baseline|\\tagBL,/Users/igor/ClaudeAI/EDC_Project/elastic-diffusive-cosmology_repo/edc_book_2/src/sections/09_va_structure.tex,13,\item Standard 5D Dirac equation with position-dependent mass \tagBL{}
smuggling,baseline|\\tagBL,/Users/igor/ClaudeAI/EDC_Project/elastic-diffusive-cosmology_repo/edc_book_2/src/sections/09_va_structure.tex,14,"\item Domain-wall zero mode localization~\cite{JackiwRebbi1976,Kaplan1992} \tagBL{}"
smuggling,baseline|\\tagBL,/Users/igor/ClaudeAI/EDC_Project/elastic-diffusive-cosmology_repo/edc_book_2/src/sections/09_va_structure.tex,177,\item Domain-wall localization math: \tagBL{} (established physics)
smuggling,baseline|\\tagBL,/Users/igor/ClaudeAI/EDC_Project/elastic-diffusive-cosmology_repo/edc_book_2/src/sections/09_va_structure.tex,196,This is the \emph{observed 3D shadow} \tagBL{}. The EDC question is: what 5D
smuggling,baseline|\\tagBL,/Users/igor/ClaudeAI/EDC_Project/elastic-diffusive-cosmology_repo/edc_book_2/src/sections/09_va_structure.tex,204,"\emph{accurate}---it correctly parametrizes the 3D shadow \tagBL{}. However,"
smuggling,baseline|\\tagBL,/Users/igor/ClaudeAI/EDC_Project/elastic-diffusive-cosmology_repo/edc_book_2/src/sections/09_va_structure.tex,218,\item The 5D Dirac equation with $\xi$-dependent mass $m(\xi)$ \tagBL{}
smuggling,baseline|\\tagBL,/Users/igor/ClaudeAI/EDC_Project/elastic-diffusive-cosmology_repo/edc_book_2/src/sections/09_va_structure.tex,279,\textbf{The equation.} The 5D Dirac equation with position-dependent mass is \tagBL{}:
smuggling,baseline|\\tagBL,/Users/igor/ClaudeAI/EDC_Project/elastic-diffusive-cosmology_repo/edc_book_2/src/sections/09_va_structure.tex,300,Define the 4D chiral projectors \tagBL{}:
smuggling,baseline|\\tagBL,/Users/igor/ClaudeAI/EDC_Project/elastic-diffusive-cosmology_repo/edc_book_2/src/sections/09_va_structure.tex,335,separating chiralities gives the coupled first-order equations \tagBL{}:
smuggling,baseline|\\tagBL,/Users/igor/ClaudeAI/EDC_Project/elastic-diffusive-cosmology_repo/edc_book_2/src/sections/09_va_structure.tex,361,\subsection{The Domain Wall Mechanism (Baseline)}
smuggling,baseline|\\tagBL,/Users/igor/ClaudeAI/EDC_Project/elastic-diffusive-cosmology_repo/edc_book_2/src/sections/09_va_structure.tex,363,"First, let us recall what is already known from standard physics \tagBL{}."
smuggling,baseline|\\tagBL,/Users/igor/ClaudeAI/EDC_Project/elastic-diffusive-cosmology_repo/edc_book_2/src/sections/09_va_structure.tex,598,\item The empirical bound on RH current admixture (3D baseline)
smuggling,baseline|\\tagBL,/Users/igor/ClaudeAI/EDC_Project/elastic-diffusive-cosmology_repo/edc_book_2/src/sections/09_va_structure.tex,635,\subsubsection{The 3D Empirical Baseline}
smuggling,baseline|\\tagBL,/Users/igor/ClaudeAI/EDC_Project/elastic-diffusive-cosmology_repo/edc_book_2/src/sections/09_va_structure.tex,642,\qquad \text{(3D empirical baseline \tagBL{})}
smuggling,baseline|\\tagBL,/Users/igor/ClaudeAI/EDC_Project/elastic-diffusive-cosmology_repo/edc_book_2/src/sections/09_va_structure.tex,750,\item The empirical baseline: $R_{\text{LR}} < 10^{-3}$ from experiment \tagBL{}
smuggling,baseline|\\tagBL,/Users/igor/ClaudeAI/EDC_Project/elastic-diffusive-cosmology_repo/edc_book_2/src/sections/09_va_structure.tex,756,"baseline.} If the derived membrane parameters yield $\mu < 3.5$, the model"
smuggling,baseline|\\tagBL,/Users/igor/ClaudeAI/EDC_Project/elastic-diffusive-cosmology_repo/edc_book_2/src/sections/09_va_structure.tex,1052,Gauge coupling $g_2$ value & \tagBL{} & Input from SM \\
smuggling,baseline|\\tagBL,/Users/igor/ClaudeAI/EDC_Project/elastic-diffusive-cosmology_repo/edc_book_2/src/sections/09_va_structure.tex,1125,This mechanism uses standard 5D Dirac physics \tagBL{} plus one EDC postulate
smuggling,baseline|\\tagBL,/Users/igor/ClaudeAI/EDC_Project/elastic-diffusive-cosmology_repo/edc_book_2/src/sections/09_va_structure.tex,1157,5D Dirac equation & Standard QFT & \tagBL{} \\
smuggling,baseline|\\tagBL,/Users/igor/ClaudeAI/EDC_Project/elastic-diffusive-cosmology_repo/edc_book_2/src/sections/09_va_structure.tex,1158,Chiral projectors $P_{L/R}$ & Standard QFT & \tagBL{} \\
smuggling,baseline|\\tagBL,/Users/igor/ClaudeAI/EDC_Project/elastic-diffusive-cosmology_repo/edc_book_2/src/sections/09_va_structure.tex,1159,"Domain wall localization & Jackiw--Rebbi/Kaplan~\cite{JackiwRebbi1976,Kaplan1992} & \tagBL{} \\"
smuggling,baseline|\\tagBL,/Users/igor/ClaudeAI/EDC_Project/elastic-diffusive-cosmology_repo/edc_book_2/src/sections/ch6_pmns_attempt4_2_theta12_origin.tex,49,"Epistemic tag: \textbf{[BL$\to$Dc]}---uses $\lambda$~\tagBL{}, transformation is geometric."
smuggling,baseline|\\tagBL,/Users/igor/ClaudeAI/EDC_Project/elastic-diffusive-cosmology_repo/edc_book_2/src/sections/ch6_pmns_attempt4_2_theta12_origin.tex,67,PDG target & $33.65$ & $0.307$ & --- & --- & \tagBL{} \\
smuggling,baseline|\\tagBL,/Users/igor/ClaudeAI/EDC_Project/elastic-diffusive-cosmology_repo/edc_book_2/src/sections/ch6_pmns_attempt4_2_theta12_origin.tex,115,"\item Uses $\lambda$~\tagBL{}, transformation is geometric~[BL$\to$Dc]"
smuggling,baseline|\\tagBL,/Users/igor/ClaudeAI/EDC_Project/elastic-diffusive-cosmology_repo/edc_book_2/src/sections/ch6_pmns_attempt4_2_theta12_origin.tex,152,because it requires no baseline input and connects to the $\sqrt{2}$ factor
smuggling,baseline|\\tagBL,/Users/igor/ClaudeAI/EDC_Project/elastic-diffusive-cosmology_repo/edc_book_2/src/sections/12_epistemic_map.tex,23,\item \textbf{Baseline facts [BL]:} 3D shadows that any valid model must reproduce.
smuggling,baseline|\\tagBL,/Users/igor/ClaudeAI/EDC_Project/elastic-diffusive-cosmology_repo/edc_book_2/src/sections/12_epistemic_map.tex,47,"\textit{Latest:} OPR-20 Attempt G: Derive $\alpha$ from brane physics; \textbf{natural $\alpha = 2\pi$} from $\alpha = \ell/\delta$ with $\delta = R_\xi$ [Dc]+[P]; falls inside target range [5.5, 15]"
smuggling,baseline|\\tagBL,/Users/igor/ClaudeAI/EDC_Project/elastic-diffusive-cosmology_repo/edc_book_2/src/sections/12_epistemic_map.tex,57,it is baseline physics \tagBL{} that any framework must reproduce.
smuggling,baseline|\\tagBL,/Users/igor/ClaudeAI/EDC_Project/elastic-diffusive-cosmology_repo/edc_book_2/src/sections/12_epistemic_map.tex,124,All values are \tagBL{} (PDG 2024). The ``Ontology'' and ``Dominant Gate'' columns
smuggling,baseline|\\tagBL,/Users/igor/ClaudeAI/EDC_Project/elastic-diffusive-cosmology_repo/edc_book_2/src/sections/12_epistemic_map.tex,159,\tagBL{} & Baseline & Established experimental fact or Standard Model result \\
smuggling,baseline|\\tagBL,/Users/igor/ClaudeAI/EDC_Project/elastic-diffusive-cosmology_repo/edc_book_2/src/sections/12_epistemic_map.tex,168,\subsection{Baseline Facts: The 3D Shadows EDC Must Reproduce}
smuggling,baseline|\\tagBL,/Users/igor/ClaudeAI/EDC_Project/elastic-diffusive-cosmology_repo/edc_book_2/src/sections/12_epistemic_map.tex,213,$n \to p + e^- + \bar\nu_e$ & $\approx 100\%$ & \tagBL{} \\
smuggling,baseline|\\tagBL,/Users/igor/ClaudeAI/EDC_Project/elastic-diffusive-cosmology_repo/edc_book_2/src/sections/12_epistemic_map.tex,214,$\mu^- \to e^- + \bar\nu_e + \nu_\mu$ & $\approx 100\%$ & \tagBL{} \\
smuggling,baseline|\\tagBL,/Users/igor/ClaudeAI/EDC_Project/elastic-diffusive-cosmology_repo/edc_book_2/src/sections/12_epistemic_map.tex,215,$\tau^- \to e^- + \bar\nu_e + \nu_\tau$ & $\approx 17.8\%$ & \tagBL{} \\
smuggling,baseline|\\tagBL,/Users/igor/ClaudeAI/EDC_Project/elastic-diffusive-cosmology_repo/edc_book_2/src/sections/12_epistemic_map.tex,216,$\tau^- \to \mu^- + \bar\nu_\mu + \nu_\tau$ & $\approx 17.4\%$ & \tagBL{} \\
smuggling,baseline|\\tagBL,/Users/igor/ClaudeAI/EDC_Project/elastic-diffusive-cosmology_repo/edc_book_2/src/sections/12_epistemic_map.tex,217,$\tau^- \to \text{hadrons} + \nu_\tau$ & $\approx 64.8\%$ & \tagBL{} \\
smuggling,baseline|\\tagBL,/Users/igor/ClaudeAI/EDC_Project/elastic-diffusive-cosmology_repo/edc_book_2/src/sections/12_epistemic_map.tex,218,$\pi^+ \to \mu^+ + \nu_\mu$ & $\approx 99.99\%$ & \tagBL{} \\
smuggling,baseline|\\tagBL,/Users/igor/ClaudeAI/EDC_Project/elastic-diffusive-cosmology_repo/edc_book_2/src/sections/12_epistemic_map.tex,219,$\pi^+ \to e^+ + \nu_e$ & $\approx 0.012\%$ & \tagBL{} \\
smuggling,baseline|\\tagBL,/Users/igor/ClaudeAI/EDC_Project/elastic-diffusive-cosmology_repo/edc_book_2/src/sections/12_epistemic_map.tex,288,$R_{e/\mu}$ scaling & $\propto (m_e/m_\mu)^2$ & \tagBL{} + \tagP{} \\
smuggling,baseline|\\tagBL,/Users/igor/ClaudeAI/EDC_Project/elastic-diffusive-cosmology_repo/edc_book_2/src/sections/12_epistemic_map.tex,333,% Baseline region
smuggling,baseline|\\tagBL,/Users/igor/ClaudeAI/EDC_Project/elastic-diffusive-cosmology_repo/edc_book_2/src/sections/12_epistemic_map.tex,335,"\node[font=\small\bfseries, green!50!black] at (0,1.2) {BASELINE (Established)};"
smuggling,baseline|\\tagBL,/Users/igor/ClaudeAI/EDC_Project/elastic-diffusive-cosmology_repo/edc_book_2/src/sections/12_epistemic_map.tex,404,"baseline, (iii)~the CKM apex $(\bar\rho, \bar\eta)$ and a $\delta$ refinement"
smuggling,baseline|\\tagBL,/Users/igor/ClaudeAI/EDC_Project/elastic-diffusive-cosmology_repo/edc_book_2/src/sections/12_epistemic_map.tex,447,\item \textcolor{OliveGreen}{\textbf{Closed:}} DFT baseline falsified; $\theta_{23} \approx 45°$ derived from $\mathbb{Z}_6$ geometry (3\% accuracy) \tagDc{}
smuggling,baseline|\\tagBL,/Users/igor/ClaudeAI/EDC_Project/elastic-diffusive-cosmology_repo/edc_book_2/src/sections/12_epistemic_map.tex,524,\item \emph{Suppression attempt (OPR-20):} Candidate A predicts $m_\phi \approx 620$ GeV (8$\times$ overshoot). \textbf{Factor-8 forensic:} BC route CLOSED [Dc] (max factor-4). \textbf{Attempt C (
smuggling,baseline|\\tagBL,/Users/igor/ClaudeAI/EDC_Project/elastic-diffusive-cosmology_repo/edc_book_2/src/sections/ch16_opr04_delta_derivation.tex,47,$R_\xi$ & Diffusion scale & Correlation length: $R_\xi = \hbar c/M_Z$ & \tagBL{} \\
smuggling,baseline|\\tagBL,/Users/igor/ClaudeAI/EDC_Project/elastic-diffusive-cosmology_repo/edc_book_2/src/sections/ch16_opr04_delta_derivation.tex,56,\item $R_\xi \approx 2.16 \times 10^{-3}$ fm \tagBL{} — anchored to $M_Z$
smuggling,baseline|\\tagBL,/Users/igor/ClaudeAI/EDC_Project/elastic-diffusive-cosmology_repo/edc_book_2/src/sections/ch16_opr04_delta_derivation.tex,347,\quad \tagP{}+\tagBL{}
smuggling,baseline|\\tagBL,/Users/igor/ClaudeAI/EDC_Project/elastic-diffusive-cosmology_repo/edc_book_2/src/sections/ch16_opr04_delta_derivation.tex,473,\item $R_\xi = \hbar c/M_Z \approx 2.16 \times 10^{-3}$ fm \tagBL{}
smuggling,baseline|\\tagBL,/Users/igor/ClaudeAI/EDC_Project/elastic-diffusive-cosmology_repo/edc_book_2/src/sections/ch16_opr04_delta_derivation.tex,561,\textbf{enter the derivation chain.} The only baseline input is $M_Z$ for
smuggling,baseline|\\tagBL,/Users/igor/ClaudeAI/EDC_Project/elastic-diffusive-cosmology_repo/edc_book_2/src/sections/ch16_opr04_delta_derivation.tex,562,"the $R_\xi$ anchor, which is \tagBL{} (external, not claimed as derived)."
smuggling,baseline|\\tagBL,/Users/igor/ClaudeAI/EDC_Project/elastic-diffusive-cosmology_repo/edc_book_2/src/sections/ch11_opr20_attemptD_interpretation_robin_overcount.tex,64,\textbf{Tagging protocol:} Each claim carries \tagBL{}/\tagDc{}/\tagI{}/\tagP{}/[OPEN].
smuggling,baseline|\\tagBL,/Users/igor/ClaudeAI/EDC_Project/elastic-diffusive-cosmology_repo/edc_book_2/src/sections/ch4_attempt3B_em_options.tex,16,\subsubsection{Book I Baseline}
smuggling,baseline|\\tagBL,/Users/igor/ClaudeAI/EDC_Project/elastic-diffusive-cosmology_repo/edc_book_2/src/sections/05_case_neutron.tex,12,\edcBaseline{
smuggling,baseline|\\tagBL,/Users/igor/ClaudeAI/EDC_Project/elastic-diffusive-cosmology_repo/edc_book_2/src/sections/05_case_neutron.tex,222,\paragraph{Baseline observable \tagBL{}.}
smuggling,baseline|\\tagBL,/Users/igor/ClaudeAI/EDC_Project/elastic-diffusive-cosmology_repo/edc_book_2/src/sections/05_case_neutron.tex,229,$\Delta m_{np} = m_n - m_p \approx 1.293$ MeV \tagBL{}.
smuggling,baseline|\\tagBL,/Users/igor/ClaudeAI/EDC_Project/elastic-diffusive-cosmology_repo/edc_book_2/src/sections/05_case_neutron.tex,231,EDC does not dispute the baseline; it supplies an interface mechanism that makes
smuggling,baseline|\\tagBL,/Users/igor/ClaudeAI/EDC_Project/elastic-diffusive-cosmology_repo/edc_book_2/src/sections/05_case_neutron.tex,511,\paragraph{Baseline kinematic gate \tagBL{}.}
smuggling,baseline|\\tagBL,/Users/igor/ClaudeAI/EDC_Project/elastic-diffusive-cosmology_repo/edc_book_2/src/sections/05_case_neutron.tex,520,"For $\ell = e$ one has $m_e \approx 0.511$ MeV \tagBL{}, hence $Q_\beta(e) > 0$,"
smuggling,baseline|\\tagBL,/Users/igor/ClaudeAI/EDC_Project/elastic-diffusive-cosmology_repo/edc_book_2/src/sections/05_case_neutron.tex,528,"For $\ell = \mu$ one has $m_\mu \approx 105.7$ MeV \tagBL{}, hence"
smuggling,baseline|\\tagBL,/Users/igor/ClaudeAI/EDC_Project/elastic-diffusive-cosmology_repo/edc_book_2/src/sections/05_case_neutron.tex,545,"This is a kinematic fact \tagBL{}, not an EDC-specific assumption."
smuggling,baseline|\\tagBL,/Users/igor/ClaudeAI/EDC_Project/elastic-diffusive-cosmology_repo/edc_book_2/src/sections/05_case_neutron.tex,565,"external energy source. This is standard relativistic kinematics \tagBL{}, not an"
smuggling,baseline|\\tagBL,/Users/igor/ClaudeAI/EDC_Project/elastic-diffusive-cosmology_repo/edc_book_2/src/sections/05_case_neutron.tex,570,\emph{what is purely kinematic} (baseline gating) from \emph{what is mechanistic}
smuggling,baseline|\\tagBL,/Users/igor/ClaudeAI/EDC_Project/elastic-diffusive-cosmology_repo/edc_book_2/src/sections/05_case_neutron.tex,594,\paragraph{V--A structure \tagBL{}.}
smuggling,baseline|\\tagBL,/Users/igor/ClaudeAI/EDC_Project/elastic-diffusive-cosmology_repo/edc_book_2/src/sections/05_case_neutron.tex,649,1.293$ MeV \tagBL{} (PDG neutron--proton mass difference).
smuggling,baseline|\\tagBL,/Users/igor/ClaudeAI/EDC_Project/elastic-diffusive-cosmology_repo/edc_book_2/src/sections/05_case_neutron.tex,663,$E_e$ & Electron kinetic + rest mass & \tagBL{} & MeV & 3D output \\
smuggling,baseline|\\tagBL,/Users/igor/ClaudeAI/EDC_Project/elastic-diffusive-cosmology_repo/edc_book_2/src/sections/05_case_neutron.tex,664,$E_{\bar{\nu}}$ & Antineutrino energy & \tagBL{} & MeV & 3D output \\
smuggling,baseline|\\tagBL,/Users/igor/ClaudeAI/EDC_Project/elastic-diffusive-cosmology_repo/edc_book_2/src/sections/05_case_neutron.tex,674,\multicolumn{5}{@{}l@{}}{\textbf{Numerical benchmark} \tagBL{}:
smuggling,baseline|\\tagBL,/Users/igor/ClaudeAI/EDC_Project/elastic-diffusive-cosmology_repo/edc_book_2/src/sections/05_case_neutron.tex,763,Neutron lifetime $\tau_n$ & $879.4 \pm 0.6$ s & \tagBL{} & PDG 2024 \\
smuggling,baseline|\\tagBL,/Users/igor/ClaudeAI/EDC_Project/elastic-diffusive-cosmology_repo/edc_book_2/src/sections/05_case_neutron.tex,764,Mass difference $\Delta m_{np}$ & 1.293 MeV & \tagBL{} & CODATA \\
smuggling,baseline|\\tagBL,/Users/igor/ClaudeAI/EDC_Project/elastic-diffusive-cosmology_repo/edc_book_2/src/sections/05_case_neutron.tex,765,$Q$-value ($n \to p + e + \bar{\nu}$) & 0.782 MeV & \tagBL{} & Kinematic endpoint \\
smuggling,baseline|\\tagBL,/Users/igor/ClaudeAI/EDC_Project/elastic-diffusive-cosmology_repo/edc_book_2/src/sections/05_case_neutron.tex,766,Proton recoil & $\sim$ keV & \tagBL{} & Small due to mass ratio \\
smuggling,baseline|\\tagBL,/Users/igor/ClaudeAI/EDC_Project/elastic-diffusive-cosmology_repo/edc_book_2/src/sections/05_case_neutron.tex,831,\textbf{(1) Baseline observable} \tagBL{}:\\
smuggling,baseline|\\tagBL,/Users/igor/ClaudeAI/EDC_Project/elastic-diffusive-cosmology_repo/edc_book_2/src/sections/05_case_neutron.tex,837,"\tagBL{}, not as a tuning target. Any mapping $\tau_n \leftrightarrow"
smuggling,baseline|\\tagBL,/Users/igor/ClaudeAI/EDC_Project/elastic-diffusive-cosmology_repo/edc_book_2/src/sections/ch11_opr20_factor8_forensic.tex,256,1 (baseline) & 1 & 620 & $8\times$ over & --- \\
smuggling,baseline|\\tagBL,/Users/igor/ClaudeAI/EDC_Project/elastic-diffusive-cosmology_repo/edc_book_2/src/sections/08_case_pion.tex,12,\edcBaseline{
smuggling,baseline|\\tagBL,/Users/igor/ClaudeAI/EDC_Project/elastic-diffusive-cosmology_repo/edc_book_2/src/sections/08_case_pion.tex,89,\multicolumn{3}{l}{\textit{Baseline facts (external):}} \\
smuggling,baseline|\\tagBL,/Users/igor/ClaudeAI/EDC_Project/elastic-diffusive-cosmology_repo/edc_book_2/src/sections/08_case_pion.tex,90,Helicity suppression $\Gamma \propto m_\ell^2$ & \tagBL{} & SM/PDG \\
smuggling,baseline|\\tagBL,/Users/igor/ClaudeAI/EDC_Project/elastic-diffusive-cosmology_repo/edc_book_2/src/sections/08_case_pion.tex,91,$\mu$-channel dominance ($99.99\%$) & \tagBL{} & PDG 2024 \\
smuggling,baseline|\\tagBL,/Users/igor/ClaudeAI/EDC_Project/elastic-diffusive-cosmology_repo/edc_book_2/src/sections/08_case_pion.tex,92,Radiative channels exist & \tagBL{} & PDG 2024 \\
smuggling,baseline|\\tagBL,/Users/igor/ClaudeAI/EDC_Project/elastic-diffusive-cosmology_repo/edc_book_2/src/sections/08_case_pion.tex,93,"$m_\pi$, $\tau_\pi$ values & \tagBL{} & PDG 2024 \\"
smuggling,baseline|\\tagBL,/Users/igor/ClaudeAI/EDC_Project/elastic-diffusive-cosmology_repo/edc_book_2/src/sections/08_case_pion.tex,131,with a characteristic energy scale $m_\pi c^2 \approx 140$~MeV \tagBL{}.
smuggling,baseline|\\tagBL,/Users/igor/ClaudeAI/EDC_Project/elastic-diffusive-cosmology_repo/edc_book_2/src/sections/08_case_pion.tex,167,% OBSERVATIONAL BASELINES
smuggling,baseline|\\tagBL,/Users/igor/ClaudeAI/EDC_Project/elastic-diffusive-cosmology_repo/edc_book_2/src/sections/08_case_pion.tex,170,\subsubsection{Observational Baselines}
smuggling,baseline|\\tagBL,/Users/igor/ClaudeAI/EDC_Project/elastic-diffusive-cosmology_repo/edc_book_2/src/sections/08_case_pion.tex,174,\caption{Charged pion properties (PDG 2024) \tagBL{}}
smuggling,baseline|\\tagBL,/Users/igor/ClaudeAI/EDC_Project/elastic-diffusive-cosmology_repo/edc_book_2/src/sections/08_case_pion.tex,175,\label{tab:pion-baselines}
smuggling,baseline|\\tagBL,/Users/igor/ClaudeAI/EDC_Project/elastic-diffusive-cosmology_repo/edc_book_2/src/sections/08_case_pion.tex,180,"Mass $m_{\pi^+}$ & $139.570\,39(18)$~MeV/$c^2$ & \tagBL{} \\"
smuggling,baseline|\\tagBL,/Users/igor/ClaudeAI/EDC_Project/elastic-diffusive-cosmology_repo/edc_book_2/src/sections/08_case_pion.tex,181,Lifetime $\tau_{\pi^+}$ & $2.6033(5) \times 10^{-8}$~s & \tagBL{} \\
smuggling,baseline|\\tagBL,/Users/igor/ClaudeAI/EDC_Project/elastic-diffusive-cosmology_repo/edc_book_2/src/sections/08_case_pion.tex,182,BR($\pi^+ \to \mu^+\nu_\mu$) & $99.98770(4)\%$ & \tagBL{} \\
smuggling,baseline|\\tagBL,/Users/igor/ClaudeAI/EDC_Project/elastic-diffusive-cosmology_repo/edc_book_2/src/sections/08_case_pion.tex,183,BR($\pi^+ \to e^+\nu_e$) & $1.230(4) \times 10^{-4}$ & \tagBL{} \\
smuggling,baseline|\\tagBL,/Users/igor/ClaudeAI/EDC_Project/elastic-diffusive-cosmology_repo/edc_book_2/src/sections/08_case_pion.tex,189,suppression} phenomenon \tagBL{}.
smuggling,baseline|\\tagBL,/Users/igor/ClaudeAI/EDC_Project/elastic-diffusive-cosmology_repo/edc_book_2/src/sections/08_case_pion.tex,192,Additional channels exist at sub-dominant levels \tagBL{}: radiative decays
smuggling,baseline|\\tagBL,/Users/igor/ClaudeAI/EDC_Project/elastic-diffusive-cosmology_repo/edc_book_2/src/sections/08_case_pion.tex,279,the $\mu$-channel \tagBL{}.}
smuggling,baseline|\\tagBL,/Users/igor/ClaudeAI/EDC_Project/elastic-diffusive-cosmology_repo/edc_book_2/src/sections/08_case_pion.tex,315,\subsubsection{Helicity Suppression: Baseline vs.\ EDC Interpretation}
smuggling,baseline|\\tagBL,/Users/igor/ClaudeAI/EDC_Project/elastic-diffusive-cosmology_repo/edc_book_2/src/sections/08_case_pion.tex,317,\paragraph{Standard Model scaling \tagBL{}.}
smuggling,baseline|\\tagBL,/Users/igor/ClaudeAI/EDC_Project/elastic-diffusive-cosmology_repo/edc_book_2/src/sections/08_case_pion.tex,324,"\approx 8100$, matching observation \tagBL{}."
smuggling,baseline|\\tagBL,/Users/igor/ClaudeAI/EDC_Project/elastic-diffusive-cosmology_repo/edc_book_2/src/sections/08_case_pion.tex,368,"Until this is done, we treat the $m_\ell^2$ scaling as \tagBL{} and the"
smuggling,baseline|\\tagBL,/Users/igor/ClaudeAI/EDC_Project/elastic-diffusive-cosmology_repo/edc_book_2/src/sections/08_case_pion.tex,373,factor.} We accept it as a baseline fact \tagBL{} and show that the EDC
smuggling,baseline|\\tagBL,/Users/igor/ClaudeAI/EDC_Project/elastic-diffusive-cosmology_repo/edc_book_2/src/sections/08_case_pion.tex,408,$\tau_\pi \approx 26$~ns \tagBL{}.
smuggling,baseline|\\tagBL,/Users/igor/ClaudeAI/EDC_Project/elastic-diffusive-cosmology_repo/edc_book_2/src/sections/08_case_pion.tex,601,\item[Helicity suppression] $\Gamma \propto m_\ell^2$ scaling (baseline fact)
smuggling,baseline|\\tagBL,/Users/igor/ClaudeAI/EDC_Project/elastic-diffusive-cosmology_repo/edc_book_2/src/sections/04_ontology.tex,128,\textbf{Key feature}: Helicity suppression factor $(m_e/m_\mu)^2$ is a baseline
smuggling,baseline|\\tagBL,/Users/igor/ClaudeAI/EDC_Project/elastic-diffusive-cosmology_repo/edc_book_2/src/sections/04_ontology.tex,129,fact \tagBL{}; EDC interprets it as a consequence of boundary conditions
smuggling,baseline|\\tagBL,/Users/igor/ClaudeAI/EDC_Project/elastic-diffusive-cosmology_repo/edc_book_2/src/sections/ch7_attempt3_cp_phase.tex,52,The Standard Model CP violation is characterized by \tagBL{}:
smuggling,baseline|\\tagBL,/Users/igor/ClaudeAI/EDC_Project/elastic-diffusive-cosmology_repo/edc_book_2/src/sections/04a_unified_master_figure.tex,51,not derived here. All values are \tagBL{}.}
smuggling,baseline|\\tagBL,/Users/igor/ClaudeAI/EDC_Project/elastic-diffusive-cosmology_repo/edc_book_2/src/sections/04a_unified_master_figure.tex,86,\textbf{Kinematic gate} \tagBL{}/\tagDc{}:
smuggling,baseline|\\tagBL,/Users/igor/ClaudeAI/EDC_Project/elastic-diffusive-cosmology_repo/edc_book_2/src/sections/04a_unified_master_figure.tex,95,"forbidden. This is baseline physics, not an EDC-specific claim."
smuggling,baseline|\\tagBL,/Users/igor/ClaudeAI/EDC_Project/elastic-diffusive-cosmology_repo/edc_book_2/src/sections/ch11_g5_ell_value_closure_attempt.tex,163,\hbar c &= 197.3 \text{ MeV}\cdot\text{fm} \tagBL{} \\
smuggling,baseline|\\tagBL,/Users/igor/ClaudeAI/EDC_Project/elastic-diffusive-cosmology_repo/edc_book_2/src/sections/ch6_pmns_attempt1.tex,2,% Chapter 6 Subsection: PMNS Attempt 1 — Z₃ Symmetry Baseline
smuggling,baseline|\\tagBL,/Users/igor/ClaudeAI/EDC_Project/elastic-diffusive-cosmology_repo/edc_book_2/src/sections/ch6_pmns_attempt1.tex,3,% Status: Negative result — DFT baseline falsified by θ₁₃
smuggling,baseline|\\tagBL,/Users/igor/ClaudeAI/EDC_Project/elastic-diffusive-cosmology_repo/edc_book_2/src/sections/ch6_pmns_attempt1.tex,6,\subsection{Attempt PMNS-1: Symmetry Baseline and Minimal Breaking}
smuggling,baseline|\\tagBL,/Users/igor/ClaudeAI/EDC_Project/elastic-diffusive-cosmology_repo/edc_book_2/src/sections/ch6_pmns_attempt1.tex,16,\subsubsection{The Discrete Fourier Transform Baseline}
smuggling,baseline|\\tagBL,/Users/igor/ClaudeAI/EDC_Project/elastic-diffusive-cosmology_repo/edc_book_2/src/sections/ch6_pmns_attempt1.tex,17,\label{sec:ch6_dft_baseline}
smuggling,baseline|\\tagBL,/Users/igor/ClaudeAI/EDC_Project/elastic-diffusive-cosmology_repo/edc_book_2/src/sections/ch6_pmns_attempt1.tex,67,Using the standard PMNS parametrization \tagBL{}:
smuggling,baseline|\\tagBL,/Users/igor/ClaudeAI/EDC_Project/elastic-diffusive-cosmology_repo/edc_book_2/src/sections/ch6_pmns_attempt1.tex,90,\caption{DFT baseline vs.\ observed PMNS angles}
smuggling,baseline|\\tagBL,/Users/igor/ClaudeAI/EDC_Project/elastic-diffusive-cosmology_repo/edc_book_2/src/sections/ch6_pmns_attempt1.tex,94,\textbf{Angle} & \textbf{DFT Prediction} & \textbf{PDG 2024} \tagBL{} & \textbf{Ratio} & \textbf{Status} \\
smuggling,baseline|\\tagBL,/Users/igor/ClaudeAI/EDC_Project/elastic-diffusive-cosmology_repo/edc_book_2/src/sections/ch6_pmns_attempt1.tex,104,title=\textbf{Verdict: DFT Baseline FALSIFIED}]
smuggling,baseline|\\tagBL,/Users/igor/ClaudeAI/EDC_Project/elastic-diffusive-cosmology_repo/edc_book_2/src/sections/ch6_pmns_attempt1.tex,117,The failure of the DFT baseline identifies the key requirement: the electron
smuggling,baseline|\\tagBL,/Users/igor/ClaudeAI/EDC_Project/elastic-diffusive-cosmology_repo/edc_book_2/src/sections/ch6_pmns_attempt1.tex,157,"For reference, the tri-bimaximal (TBM) mixing pattern \tagBL{}:"
smuggling,baseline|\\tagBL,/Users/igor/ClaudeAI/EDC_Project/elastic-diffusive-cosmology_repo/edc_book_2/src/sections/ch6_pmns_attempt1.tex,169,TBM arises from discrete flavor symmetries like $A_4$ or $S_4$ \tagBL{}.
smuggling,baseline|\\tagBL,/Users/igor/ClaudeAI/EDC_Project/elastic-diffusive-cosmology_repo/edc_book_2/src/sections/ch6_pmns_attempt1.tex,192,$U_{\text{PMNS}}$ exists & GREEN & \tagBL{} & Observed \\
smuggling,baseline|\\tagBL,/Users/igor/ClaudeAI/EDC_Project/elastic-diffusive-cosmology_repo/edc_book_2/src/sections/ch6_pmns_attempt1.tex,193,$\mathbb{Z}_3$ DFT baseline computed & GREEN & \tagDc{} & Eq.~\eqref{eq:ch6_dft_matrix} \\
smuggling,baseline|\\tagBL,/Users/igor/ClaudeAI/EDC_Project/elastic-diffusive-cosmology_repo/edc_book_2/src/sections/ch6_pmns_attempt1.tex,206,negative baseline}:
smuggling,baseline|\\tagBL,/Users/igor/ClaudeAI/EDC_Project/elastic-diffusive-cosmology_repo/edc_book_2/src/sections/ch11_opr20_attemptE_prefactor8_derivation.tex,97,\item[\ding{51}] Comparison to $M_W$ only as \tagBL{} sanity check at the end
smuggling,baseline|\\tagBL,/Users/igor/ClaudeAI/EDC_Project/elastic-diffusive-cosmology_repo/edc_book_2/src/meta_part2/02_decision_log.tex,36,"Ch7 CKM: compute $Z_3$ DFT baseline first, then falsify, then overlap model%"
smuggling,baseline|\\tagBL,/Users/igor/ClaudeAI/EDC_Project/elastic-diffusive-cosmology_repo/edc_book_2/src/meta_part2/02_decision_log.tex,41,"(a) Skip baseline, go directly to overlap — rejected as loses pedagogical value;"
smuggling,baseline|\\tagBL,/Users/igor/ClaudeAI/EDC_Project/elastic-diffusive-cosmology_repo/edc_book_2/src/meta_part2/02_decision_log.tex,42,(b) Only show baseline failure — rejected as leaves no constructive path forward%
smuggling,baseline|\\tagBL,/Users/igor/ClaudeAI/EDC_Project/elastic-diffusive-cosmology_repo/edc_book_2/src/sections/ch20_epistemic_summary_closure_status.tex,153,"\noindent\textbf{Legend:} \textbf{[Dc]} = structurally derived given stated primitives; \textbf{[P]} = primitive/ansatz input; \textbf{[M]} = model-dependent (e.g., specific kink family); \textbf{[Der"
smuggling,baseline|\\tagBL,/Users/igor/ClaudeAI/EDC_Project/elastic-diffusive-cosmology_repo/edc_book_2/src/sections/ch20_epistemic_summary_closure_status.tex,284,$r_e$ (electron radius) & Classical electron radius & Lattice scale $\mu_{\text{lattice}} = \hbar c / r_e$ & \tagBL{} \\
smuggling,baseline|\\tagBL,/Users/igor/ClaudeAI/EDC_Project/elastic-diffusive-cosmology_repo/edc_book_2/src/sections/06_case_muon.tex,19,\edcBaseline{
smuggling,baseline|\\tagBL,/Users/igor/ClaudeAI/EDC_Project/elastic-diffusive-cosmology_repo/edc_book_2/src/sections/06_case_muon.tex,187,\caption{Neutron vs.\ Muon in thick-brane ontology \tagBL{}/\tagP{}}
smuggling,baseline|\\tagBL,/Users/igor/ClaudeAI/EDC_Project/elastic-diffusive-cosmology_repo/edc_book_2/src/sections/06_case_muon.tex,198,Lifetime & 878.4~s \tagBL{} & $2.197 \times 10^{-6}$~s \tagBL{} \\
smuggling,baseline|\\tagBL,/Users/igor/ClaudeAI/EDC_Project/elastic-diffusive-cosmology_repo/edc_book_2/src/sections/06_case_muon.tex,227,"E_{\mathrm{brane}}(t_0) \approx m_\mu c^2 \approx 105.7~\text{MeV} \quad \text{\tagBL{}},"
smuggling,baseline|\\tagBL,/Users/igor/ClaudeAI/EDC_Project/elastic-diffusive-cosmology_repo/edc_book_2/src/sections/06_case_muon.tex,312,This is the dominant decay channel \tagBL{}.
smuggling,baseline|\\tagBL,/Users/igor/ClaudeAI/EDC_Project/elastic-diffusive-cosmology_repo/edc_book_2/src/sections/06_case_muon.tex,334,is either forbidden by conservation laws or suppressed below $10^{-12}$ \tagBL{}.
smuggling,baseline|\\tagBL,/Users/igor/ClaudeAI/EDC_Project/elastic-diffusive-cosmology_repo/edc_book_2/src/sections/06_case_muon.tex,360,$\mu^- \to e^- + \gamma$ & $< 4.2 \times 10^{-13}$ & \tagBL{} & LFV; selection rule violation \tagP{} \\
smuggling,baseline|\\tagBL,/Users/igor/ClaudeAI/EDC_Project/elastic-diffusive-cosmology_repo/edc_book_2/src/sections/06_case_muon.tex,361,$\mu^- \to e^- + e^+ + e^-$ & $< 1.0 \times 10^{-12}$ & \tagBL{} & Mode mismatch hypothesis \tagP{} \\
smuggling,baseline|\\tagBL,/Users/igor/ClaudeAI/EDC_Project/elastic-diffusive-cosmology_repo/edc_book_2/src/sections/06_case_muon.tex,362,$\mu^- \to e^- + \nu_e + \bar{\nu}_\mu$ & Not observed & \tagBL{} & Wrong lepton numbers \tagDc{} \\
smuggling,baseline|\\tagBL,/Users/igor/ClaudeAI/EDC_Project/elastic-diffusive-cosmology_repo/edc_book_2/src/sections/06_case_muon.tex,377,A key empirical signature is the V--A chirality structure of weak outputs \tagBL{}.
smuggling,baseline|\\tagBL,/Users/igor/ClaudeAI/EDC_Project/elastic-diffusive-cosmology_repo/edc_book_2/src/sections/06_case_muon.tex,603,"\item $\tau_\mu = 2.197 \times 10^{-6}$~s is \tagBL{} (baseline, not derived)"
smuggling,baseline|\\tagBL,/Users/igor/ClaudeAI/EDC_Project/elastic-diffusive-cosmology_repo/edc_book_2/src/sections/ch6_pmns_attempt4_1_derive_epsilon.tex,39,"Epistemic tag: \textbf{[BL$\to$Dc]}---$\lambda$ is \tagBL{}, the $\sqrt{2}$ factor is geometric."
smuggling,baseline|\\tagBL,/Users/igor/ClaudeAI/EDC_Project/elastic-diffusive-cosmology_repo/edc_book_2/src/sections/ch6_pmns_attempt4_1_derive_epsilon.tex,66,PDG target & $0.148$ & $0.022$ & --- & --- & \tagBL{} \\
smuggling,baseline|\\tagBL,/Users/igor/ClaudeAI/EDC_Project/elastic-diffusive-cosmology_repo/edc_book_2/src/sections/ch6_pmns_attempt4_1_derive_epsilon.tex,119,\item No new \tagI{} dependency (uses only $\lambda$ \tagBL{} + geometric transformation)
smuggling,baseline|\\tagBL,/Users/igor/ClaudeAI/EDC_Project/elastic-diffusive-cosmology_repo/edc_book_2/src/sections/ch6_pmns_attempt4_1_derive_epsilon.tex,144,"Wolfenstein scale $\lambda = 0.225$ \tagBL{}, without calibrating to PDG $\theta_{13}$."
smuggling,baseline|\\tagBL,/Users/igor/ClaudeAI/EDC_Project/elastic-diffusive-cosmology_repo/edc_book_2/src/sections/ch6_pmns_attempt4_1_derive_epsilon.tex,158,"Wolfenstein $\lambda$ \tagBL{} and a geometric $\sqrt{2}$, predicting"
smuggling,137\.03|0\.511|938|939,/Users/igor/ClaudeAI/EDC_Project/elastic-diffusive-cosmology_repo/edc_book_2/src/CH4_lepton_mass_candidates.tex,37,\item $\alpha = 1/137.036$ — fine structure constant at Thomson limit \tagBL{}
smuggling,137\.03|0\.511|938|939,/Users/igor/ClaudeAI/EDC_Project/elastic-diffusive-cosmology_repo/edc_book_2/src/CH4_lepton_mass_candidates.tex,44,m_e^{(\mathrm{EDC})} = \pi \times \sqrt{\frac{1}{137.036} \times 5.86 \times 3.121 \times 10^{-3} \times 197.3}
smuggling,137\.03|0\.511|938|939,/Users/igor/ClaudeAI/EDC_Project/elastic-diffusive-cosmology_repo/edc_book_2/src/CH4_lepton_mass_candidates.tex,54,$m_e$ (experiment) & 0.511 MeV & \tagBL{} \\
smuggling,137\.03|0\.511|938|939,/Users/igor/ClaudeAI/EDC_Project/elastic-diffusive-cosmology_repo/edc_book_2/src/CH4_lepton_mass_candidates.tex,90,= \frac{3}{2} \times 137.036 = 205.55
smuggling,137\.03|0\.511|938|939,/Users/igor/ClaudeAI/EDC_Project/elastic-diffusive-cosmology_repo/edc_book_2/src/CH4_lepton_mass_candidates.tex,191,$m_e$ & $\pi\sqrt{\alpha\sigma\Delta\hbar c}$ & 0.508 MeV & 0.511 MeV & [P] \\
smuggling,137\.03|0\.511|938|939,/Users/igor/ClaudeAI/EDC_Project/elastic-diffusive-cosmology_repo/edc_book_2/src/CH3_electroweak_parameters.tex,474,M_{\text{eff}} = m_p = 938.3 \text{ MeV}/c^2 \quad \tagBL{}
smuggling,137\.03|0\.511|938|939,/Users/igor/ClaudeAI/EDC_Project/elastic-diffusive-cosmology_repo/edc_book_2/src/CH3_electroweak_parameters.tex,497,S_{\text{single}} = \frac{a}{\pi}\sqrt{2 M_{\text{eff}} V_0} = \frac{1 \text{ fm}}{\pi}\sqrt{2 \times 938 \times 59} \text{ MeV}
smuggling,137\.03|0\.511|938|939,/Users/igor/ClaudeAI/EDC_Project/elastic-diffusive-cosmology_repo/edc_book_2/src/Z6_content_full.tex,925,\item $M_{\text{eff}} = m_p = 938$ MeV/$c^2$ (proton mass) \tagBL{}
smuggling,137\.03|0\.511|938|939,/Users/igor/ClaudeAI/EDC_Project/elastic-diffusive-cosmology_repo/edc_book_2/src/Z6_content_full.tex,938,M_{\text{eff}} = m_p = 938.3 \text{ MeV}/c^2
smuggling,137\.03|0\.511|938|939,/Users/igor/ClaudeAI/EDC_Project/elastic-diffusive-cosmology_repo/edc_book_2/src/Z6_content_full.tex,964,\sqrt{2 M_{\text{eff}} V_0} &= \sqrt{2 \times 938 \times 59} \text{ MeV} = 333 \text{ MeV} \\
smuggling,137\.03|0\.511|938|939,/Users/igor/ClaudeAI/EDC_Project/elastic-diffusive-cosmology_repo/edc_book_2/src/Z6_content_full.tex,1109,$M_{\text{eff}}$ & 938 MeV & $<0.001$\% (\tagBL{}) & $17\times$ & negligible \\
smuggling,137\.03|0\.511|938|939,/Users/igor/ClaudeAI/EDC_Project/elastic-diffusive-cosmology_repo/edc_book_2/src/Z6_content_full.tex,1647,1 & Electron ($e$) & 0.511 & 1 \\
smuggling,137\.03|0\.511|938|939,/Users/igor/ClaudeAI/EDC_Project/elastic-diffusive-cosmology_repo/edc_book_2/src/Z6_content_full.tex,1735,= \frac{0.511 + 105.7 + 1777}{(0.715 + 10.28 + 42.16)^2} = \frac{1883.2}{2827.0} = 0.6662
smuggling,137\.03|0\.511|938|939,/Users/igor/ClaudeAI/EDC_Project/elastic-diffusive-cosmology_repo/edc_book_2/src/sections/04a_unified_master_figure.tex,88,Q_\beta(e) &= m_n - m_p - m_e = 1.293 - 0.511 = 0.782~\text{MeV} > 0
smuggling,137\.03|0\.511|938|939,/Users/igor/ClaudeAI/EDC_Project/elastic-diffusive-cosmology_repo/edc_book_2/src/sections/05_neutron_story.tex,133,"$m_e c^2\approx 0.511~\mathrm{MeV}$ \tagBL{}, leaving room for neutrino energy and recoil."
smuggling,137\.03|0\.511|938|939,/Users/igor/ClaudeAI/EDC_Project/elastic-diffusive-cosmology_repo/edc_book_2/src/sections/05_neutron_story.tex,138,Q_{n\to p} - m_e c^2 \approx 1.293 - 0.511 = 0.782~\text{MeV} > 0 \quad \Rightarrow \quad \text{OPEN}
smuggling,137\.03|0\.511|938|939,/Users/igor/ClaudeAI/EDC_Project/elastic-diffusive-cosmology_repo/edc_book_2/src/sections/05_case_neutron.tex,520,"For $\ell = e$ one has $m_e \approx 0.511$ MeV \tagBL{}, hence $Q_\beta(e) > 0$,"
smuggling,137\.03|0\.511|938|939,/Users/igor/ClaudeAI/EDC_Project/elastic-diffusive-cosmology_repo/edc_book_2/src/sections/05_case_neutron.tex,523,Q_\beta(e) \approx 1.293 - 0.511 = 0.782~\text{MeV} > 0.
smuggling,137\.03|0\.511|938|939,/Users/igor/ClaudeAI/EDC_Project/elastic-diffusive-cosmology_repo/edc_book_2/src/sections/05_case_neutron.tex,556,$m_p + m_\mu + m_\nu \approx 938.3 + 105.7 + 0 = 1044$ MeV.
smuggling,137\.03|0\.511|938|939,/Users/igor/ClaudeAI/EDC_Project/elastic-diffusive-cosmology_repo/edc_book_2/src/sections/05_case_neutron.tex,557,\item \textbf{Comparison}: But $m_n c^2 \approx 939.6$ MeV $<$ 1044 MeV.
smuggling,137\.03|0\.511|938|939,/Users/igor/ClaudeAI/EDC_Project/elastic-diffusive-cosmology_repo/edc_book_2/src/sections/09_case_electron.tex,13,Mass: $m_e = 0.511$ MeV (lightest charged particle)\\
smuggling,137\.03|0\.511|938|939,/Users/igor/ClaudeAI/EDC_Project/elastic-diffusive-cosmology_repo/edc_book_2/src/sections/09_case_electron.tex,59,\item We do \textbf{not} derive $m_e = 0.511$ MeV; this is \tagBL{} (PDG).
smuggling,137\.03|0\.511|938|939,/Users/igor/ClaudeAI/EDC_Project/elastic-diffusive-cosmology_repo/edc_book_2/src/sections/09_case_electron.tex,200,\item $e^-$ channel: $m_e = 0.511$ MeV $< Q_\beta$ \checkmark\ (allowed)
smuggling,137\.03|0\.511|938|939,/Users/igor/ClaudeAI/EDC_Project/elastic-diffusive-cosmology_repo/edc_book_2/src/sections/09_case_electron.tex,223,$e^-$ & 0.511 MeV & $+0.782$ MeV & Allowed \\
smuggling,137\.03|0\.511|938|939,/Users/igor/ClaudeAI/EDC_Project/elastic-diffusive-cosmology_repo/edc_book_2/src/sections/09_case_electron.tex,460,$n$ (input) & $939.57$ MeV & 0 & 0 & 0 & \\
smuggling,137\.03|0\.511|938|939,/Users/igor/ClaudeAI/EDC_Project/elastic-diffusive-cosmology_repo/edc_book_2/src/sections/09_case_electron.tex,462,$p$ (output) & $938.27$ MeV & $p_p$ & $+1$ & 0 & \\
smuggling,137\.03|0\.511|938|939,/Users/igor/ClaudeAI/EDC_Project/elastic-diffusive-cosmology_repo/edc_book_2/src/sections/09_case_electron.tex,507,Origin of $m_e = 0.511$ MeV & Mode spectrum derivation from brane geometry
smuggling,137\.03|0\.511|938|939,/Users/igor/ClaudeAI/EDC_Project/elastic-diffusive-cosmology_repo/edc_book_2/src/sections/12_epistemic_map.tex,108,Neutron & $939.565$ & $879.4$ s & Bulk-core junction &
smuggling,137\.03|0\.511|938|939,/Users/igor/ClaudeAI/EDC_Project/elastic-diffusive-cosmology_repo/edc_book_2/src/sections/12_epistemic_map.tex,116,Electron & $0.511$ & $> 10^{28}$ yr & Brane defect (ground) &
smuggling,137\.03|0\.511|938|939,/Users/igor/ClaudeAI/EDC_Project/elastic-diffusive-cosmology_repo/edc_book_2/src/sections/12_epistemic_map.tex,180,Neutron mass & $m_n = 939.565$ MeV & PDG \\
smuggling,137\.03|0\.511|938|939,/Users/igor/ClaudeAI/EDC_Project/elastic-diffusive-cosmology_repo/edc_book_2/src/sections/12_epistemic_map.tex,181,Proton mass & $m_p = 938.272$ MeV & PDG \\
smuggling,137\.03|0\.511|938|939,/Users/igor/ClaudeAI/EDC_Project/elastic-diffusive-cosmology_repo/edc_book_2/src/sections/12_epistemic_map.tex,182,Electron mass & $m_e = 0.511$ MeV & PDG \\
smuggling,137\.03|0\.511|938|939,/Users/igor/ClaudeAI/EDC_Project/elastic-diffusive-cosmology_repo/edc_book_2/src/sections/02_frozen_regime_foundations.tex,873,"\textbf{Measured:} $\alpha^{-1} = 137.035999177 \pm 0.000000021$ (CODATA 2022, low-energy limit)\\"
smuggling,137\.03|0\.511|938|939,/Users/igor/ClaudeAI/EDC_Project/elastic-diffusive-cosmology_repo/edc_book_2/src/sections/02_frozen_regime_foundations.tex,885,CODATA 2022 & $\alpha = 0.00729735...$ & $137.036$ \\
smuggling,137\.03|0\.511|938|939,/Users/igor/ClaudeAI/EDC_Project/elastic-diffusive-cosmology_repo/edc_book_2/src/sections/02_frozen_regime_foundations.tex,922,$\alpha$ prediction & --- & 0.0067\% error & $1/137.036$ & Frozen \\
