{
  "parameters": {
    "L0_fm": 1.0,
    "delta_fm": 0.10515447546127349,
    "sigma_MeV_fm2": 8.818479179715897,
    "E0_MeV": 8.818479179715897,
    "omega_b_MeV": 8.818479179715897,
    "M_eff_MeV": 938.272,
    "Delta_V_MeV": 1.2930000000000064
  },
  "results": [
    {
      "c_pi_ratio": 1.0,
      "omega_c_MeV": 197.327,
      "J_barrier_MeV": 0.0007854857060977052,
      "gamma_b": 9.493270072289634e-08,
      "Upsilon": 1.0765200981736033e-08,
      "E_fluct_MeV": 3.843659251497635,
      "E_fluct_keV": 3843.659251497635,
      "Theta": 0.33639818605049465,
      "E_fluct_ok": false,
      "Upsilon_ok": false,
      "Theta_ok": false,
      "status": "\u2717"
    },
    {
      "c_pi_ratio": 0.3,
      "omega_c_MeV": 59.198100000000004,
      "J_barrier_MeV": 0.02850411686023995,
      "gamma_b": 3.4449675840785214e-06,
      "Upsilon": 3.906532536814933e-07,
      "E_fluct_MeV": 3.8436592514976335,
      "E_fluct_keV": 3843.6592514976337,
      "Theta": 0.33639818605049476,
      "E_fluct_ok": false,
      "Upsilon_ok": false,
      "Theta_ok": false,
      "status": "\u2717"
    },
    {
      "c_pi_ratio": 0.1,
      "omega_c_MeV": 19.7327,
      "J_barrier_MeV": 0.6431618865124025,
      "gamma_b": 7.773164351008641e-05,
      "Upsilon": 8.814631403664625e-06,
      "E_fluct_MeV": 3.8436592514976335,
      "E_fluct_keV": 3843.6592514976337,
      "Theta": 0.33639818605049476,
      "E_fluct_ok": false,
      "Upsilon_ok": false,
      "Theta_ok": false,
      "status": "\u2717"
    }
  ],
  "target": {
    "E_fluct_keV": [
      20,
      50
    ],
    "Theta": [
      55,
      60
    ],
    "Upsilon": [
      0.1,
      10
    ]
  }
}