{
  "status": "COMPLETED",
  "params": {
    "C": 100.0,
    "sigma": 8.82,
    "delta": 0.1,
    "tau": 20.0,
    "L0": 1.0,
    "k": 2.0,
    "mechanism": "A3"
  },
  "extrema": {
    "has_metastability": true,
    "q_B": 0.09476489647123273,
    "q_n": 0.373169401444625,
    "V_B": 50.30584038132771,
    "V_n": 47.439067225403576,
    "V_barrier": 2.866773155924136
  },
  "bounce_canonical": {
    "Q_n": 0.9140410277880444,
    "Q_B": 0.25465586757381053,
    "delta_Q": 0.6593851602142339,
    "V_n": 47.439067225403576,
    "B_canonical_MeV_fm": 1.7648294089221128,
    "B_over_hbar": 0.008943680207058562,
    "method": "canonical_Q"
  },
  "bounce_q": {
    "V_n": 47.439067225403576,
    "B_q_MeV_fm": 1.764827990827653,
    "B_over_hbar": 0.008943673020537708,
    "method": "non_canonical_q"
  },
  "scaling": {
    "V_barrier_MeV": 2.866773155924136,
    "omega_n_per_fm": 3.7875082017002297,
    "omega_B_per_fm": 7.411946426652949,
    "omega_typ_per_fm": 5.298377853787964,
    "hbar_omega_MeV": 1045.5129029062116,
    "V_over_hbar_omega": 0.0027419777871276084,
    "delta_q_fm": 0.2784045049733923,
    "delta_Q_MeV_half_fm": 0.6593882205422434,
    "M_n_MeV": 9.147292330792794,
    "sqrt_2MV_MeV": 7.241990348420455,
    "B_estimate_MeV_fm": 2.0162027379740817,
    "B_over_hbar_estimate": 0.010217572548300555
  },
  "Gamma0_Hz": 2.5281025513453482e+23,
  "B_required_for_tau_n": 60.66571107820679,
  "B_deficit": 60.65676740518625,
  "large_factors": {
    "L0_over_delta": 10.0,
    "(L0/delta)^2": 100.0,
    "(L0/delta)^3": 1000.0,
    "area_ratio": 99.99999999999999,
    "Z3_legs": 3,
    "4pi_solid_angle": 12.566370614359172,
    "current_B_over_hbar": 0.008943673020537708,
    "required_B_over_hbar": 60.0,
    "required_multiplier": 6708.653129672746,
    "conclusions": [
      "Required multiplier = 7e+03 is very large [NO-GO likely]",
      "No simple geometric factor (L0/\u03b4)^n with n\u22643 is sufficient [Dc]",
      "Mechanism requires either: (a) new physics, (b) different barrier, or (c) non-WKB [OPEN]"
    ]
  },
  "conclusion": "NO-GO"
}