{
  "status": "SUCCESS",
  "has_metastability": true,
  "extrema": {
    "has_metastability": true,
    "q_B": 0.09476489647123273,
    "q_n": 0.373169401444625,
    "V_B": 50.30584038132771,
    "V_n": 47.439067225403576,
    "V_barrier": 2.866773155924136,
    "V_0": 51.18000000000004
  },
  "frequencies": {
    "V_pp_n": 131.21990605213793,
    "V_pp_B": -289.514119344858,
    "M_n": 9.147292330792794,
    "M_B": 5.269934356247571,
    "omega_n_sq": 14.345218377946507,
    "omega_B_sq": -54.93694983157342,
    "omega_n": 3.7875082017002297,
    "omega_B": 7.411946426652949,
    "well_stable": 1.0,
    "barrier_unstable": 1.0
  },
  "prefactor": {
    "omega_n_per_fm": 3.7875082017002297,
    "omega_B_per_fm": 7.411946426652949,
    "Gamma0_simple_per_fm": 0.6028006523016869,
    "Gamma0_full_per_fm": 0.843263025798982,
    "Gamma0_simple_Hz": 1.8071963556004574e+23,
    "Gamma0_full_Hz": 2.5281025513453482e+23,
    "tau0_simple_s": 5.533433026804334e-24,
    "tau0_full_s": 3.95553574149056e-24
  },
  "action": {
    "S_over_hbar_c": 1.764827990827653,
    "S_over_hbar": 0.008943673020537708,
    "E_level": 47.439067225403576,
    "exp_minus_S": 0.9910962026561257
  },
  "Gamma_full_Hz": 2.5055928385636378e+23,
  "Gamma_simple_Hz": 1.791105445489603e+23,
  "tau_full_s": 3.9910714327123575e-24,
  "tau_simple_s": 5.583144211404302e-24,
  "tau_target_s": 879.0,
  "tau_ratio_full": 4.5404680690698036e-27,
  "tau_ratio_simple": 6.351699899208535e-27,
  "params": {
    "C": 100.0,
    "sigma": 8.82,
    "delta": 0.1,
    "tau": 20.0,
    "L0": 1.0,
    "k": 2.0,
    "mechanism": "A3"
  }
}