{
  "demo_results": {
    "n_trajectories": 100,
    "n_escaped": 7,
    "escape_fraction": 0.07,
    "mean_escape_time": 1107.3714285705662,
    "std_escape_time": 504.9832889572355,
    "median_escape_time": 1099.619999999145,
    "min_escape_time": 161.87999999999775,
    "max_escape_time": 1817.1699999984924,
    "kramers_prediction": 2342.068788363825,
    "escape_times": [
      2000.0,
      2000.0,
      2000.0,
      2000.0,
      2000.0,
      2000.0,
      2000.0,
      2000.0,
      1099.619999999145,
      1817.1699999984924,
      2000.0,
      2000.0,
      2000.0,
      2000.0,
      2000.0,
      2000.0,
      2000.0,
      2000.0,
      2000.0,
      2000.0,
      2000.0,
      2000.0,
      2000.0,
      2000.0,
      2000.0,
      2000.0,
      2000.0,
      2000.0,
      2000.0,
      2000.0,
      2000.0,
      2000.0,
      2000.0,
      2000.0,
      2000.0,
      2000.0,
      2000.0,
      2000.0,
      2000.0,
      2000.0,
      2000.0,
      2000.0,
      2000.0,
      2000.0,
      2000.0,
      2000.0,
      2000.0,
      2000.0,
      2000.0,
      2000.0,
      913.8399999993139,
      2000.0,
      2000.0,
      2000.0,
      2000.0,
      832.8599999993876,
      2000.0,
      2000.0,
      2000.0,
      2000.0,
      2000.0,
      1359.8899999989083,
      2000.0,
      2000.0,
      2000.0,
      2000.0,
      2000.0,
      2000.0,
      2000.0,
      2000.0,
      2000.0,
      2000.0,
      2000.0,
      2000.0,
      2000.0,
      2000.0,
      2000.0,
      2000.0,
      2000.0,
      2000.0,
      2000.0,
      1566.3399999987205,
      2000.0,
      2000.0,
      161.87999999999775,
      2000.0,
      2000.0,
      2000.0,
      2000.0,
      2000.0,
      2000.0,
      2000.0,
      2000.0,
      2000.0,
      2000.0,
      2000.0,
      2000.0,
      2000.0,
      2000.0,
      2000.0
    ],
    "params": {
      "V0": 1.0,
      "a": 1.0,
      "delta_V": 0.1,
      "gamma": 0.5,
      "T_eff": 0.1,
      "Delta_V": 0.901883405590219,
      "q_n": 0.9872575496092981,
      "q_p": -1.0122731892658958,
      "q_b": 0.025015654370328905,
      "omega_n": 2.7741899053825914,
      "omega_b": 1.9981217691715114
    }
  },
  "scan_results": [
    {
      "n_trajectories": 50,
      "n_escaped": 43,
      "escape_fraction": 0.86,
      "mean_escape_time": 229.3795348836288,
      "std_escape_time": 164.40112108406848,
      "median_escape_time": 212.86999999995138,
      "min_escape_time": 8.969999999999853,
      "max_escape_time": 654.1999999995501,
      "kramers_prediction": 66.17422586559084,
      "escape_times": [
        212.09999999995208,
        538.6999999996551,
        147.14000000001116,
        308.6199999998643,
        236.54999999992984,
        116.9100000000229,
        60.76999999999648,
        452.18999999973374,
        104.75000000001668,
        304.86999999986773,
        257.03999999991123,
        34.83000000000164,
        217.16999999994746,
        196.0099999999667,
        403.509999999778,
        654.1999999995501,
        22.210000000000672,
        661.7422586559085,
        426.2899999997573,
        575.1799999996219,
        661.7422586559085,
        661.7422586559085,
        205.8199999999578,
        661.7422586559085,
        249.7899999999178,
        661.7422586559085,
        40.380000000000535,
        214.35999999995002,
        474.5699999997134,
        261.84999999990686,
        661.7422586559085,
        424.36999999975905,
        210.68999999995336,
        212.86999999995138,
        42.23000000000017,
        248.87999999991862,
        396.85999999978407,
        447.98999999973756,
        117.44000000002318,
        91.28000000000979,
        137.39000000002002,
        92.13000000001023,
        11.609999999999797,
        8.969999999999853,
        291.84999999987957,
        71.72999999999979,
        661.7422586559085,
        91.04000000000967,
        33.73000000000186,
        216.44999999994812
      ],
      "params": {
        "V0": 0.55,
        "a": 1.0,
        "delta_V": 0.1,
        "gamma": 0.5,
        "T_eff": 0.1,
        "Delta_V": 0.4534385241948868,
        "q_n": 0.9764472077158165,
        "q_p": -1.0219962107147882,
        "q_b": 0.045549046775305566,
        "omega_n": 2.0230581767239664,
        "omega_b": 1.4786165414433463
      },
      "target_DV_over_T": 5,
      "actual_DV_over_T": 4.5343852419488675
    },
    {
      "n_trajectories": 50,
      "n_escaped": 32,
      "escape_fraction": 0.64,
      "mean_escape_time": 1215.2021875019377,
      "std_escape_time": 882.2130516005723,
      "median_escape_time": 886.7849999993385,
      "min_escape_time": 42.91000000000003,
      "max_escape_time": 3372.990000027204,
      "kramers_prediction": 352.0694708877233,
      "escape_times": [
        1336.8199999989292,
        3372.990000027204,
        3520.694708877233,
        3520.694708877233,
        745.9599999994666,
        2396.160000005882,
        3520.694708877233,
        1390.3499999988805,
        3520.694708877233,
        1442.9399999988327,
        2196.3800000015212,
        3520.694708877233,
        782.7099999994332,
        1547.3999999987377,
        309.1099999998639,
        85.65000000000691,
        3520.694708877233,
        3520.694708877233,
        3520.694708877233,
        3520.694708877233,
        628.4299999995735,
        1900.5099999984166,
        1364.9799999989036,
        3520.694708877233,
        3520.694708877233,
        630.4199999995717,
        3286.8900000253248,
        770.9799999994439,
        719.7099999994905,
        854.4599999993679,
        42.91000000000003,
        3520.694708877233,
        733.399999999478,
        3520.694708877233,
        485.8999999997031,
        393.7299999997869,
        140.9500000000168,
        3520.694708877233,
        1367.979999998901,
        3520.694708877233,
        919.1099999993091,
        459.30999999972727,
        1430.649999998844,
        1873.9999999984407,
        3073.0800000206577,
        1615.8599999986754,
        3520.694708877233,
        3520.694708877233,
        586.7399999996114,
        3520.694708877233
      ],
      "params": {
        "V0": 0.7700000000000001,
        "a": 1.0,
        "delta_V": 0.1,
        "gamma": 0.5,
        "T_eff": 0.1,
        "Delta_V": 0.6724495461383883,
        "q_n": 0.983352914349766,
        "q_p": -1.0158547582725181,
        "q_b": 0.03250186650737119,
        "omega_n": 2.419694711413001,
        "omega_b": 1.7522097845131108
      },
      "target_DV_over_T": 7,
      "actual_DV_over_T": 6.724495461383882
    },
    {
      "n_trajectories": 50,
      "n_escaped": 30,
      "escape_fraction": 0.6,
      "mean_escape_time": 9994.751000051598,
      "std_escape_time": 6472.476544623216,
      "median_escape_time": 9240.705000155282,
      "min_escape_time": 196.41999999996634,
      "max_escape_time": 21446.71999950081,
      "kramers_prediction": 2152.3099222561127,