{
  "tau_map": {
    "Theta_values": [
      3,
      5,
      6,
      7,
      8,
      9,
      10,
      12,
      15
    ],
    "Upsilon_values": [
      0.1,
      0.3,
      1.0,
      3.0,
      10.0
    ],
    "tau_mean": [
      [
        91.98278244882319,
        65.02760842942936,
        64.015047517864,
        106.249050120669,
        256.34270663923263
      ],
      [
        505.88447830412326,
        423.0873578580604,
        459.10389153984806,
        551.585734091888,
        469.6020591242745
      ],
      [
        1259.632765544713,
        1112.858877923876,
        1343.968011073408,
        1504.2941275400765,
        594.7419813601591
      ],
      [
        3392.6015499842615,
        2932.7172400124773,
        3415.003317318812,
        3759.5321762630697,
        1682.717042153889
      ],
      [
        7496.398670863416,
        6918.344088015809,
        7790.757463325891,
        10458.356061308157,
        4468.175418229271
      ],
      [
        11689.085605990009,
        11533.834353884595,
        12025.069018322592,
        12955.678080324007,
        12342.903382851322
      ],
      [
        13802.39803746868,
        14167.323834747634,
        13924.952385913586,
        12768.02047233524,
        14480.249005279107
      ],
      [
        15867.59893285499,
        15879.008002266935,
        13595.686898646247,
        16534.108564951643,
        15369.008272336221
      ],
      [
        10274.824246333603,
        Infinity,
        20403.374872607357,
        16475.19961406319,
        Infinity
      ]
    ],
    "tau_median": [
      [
        63.94254943380544,
        44.90216831840473,
        43.11298807165595,
        70.16339152250121,
        188.95244815664327
      ],
      [
        360.93395864353056,
        283.89661168395673,
        326.5842002561444,
        467.74426584883327,
        453.83620457418533
      ],
      [
        894.540076370856,
        781.2661991273353,
        917.0136816798904,
        1198.0451026176172,
        604.5152095495228
      ],
      [
        2317.7366221766074,
        2093.3383863356476,
        2411.8950478049724,
        3210.339879649541,
        1669.2626302586666
      ],
      [
        5471.698556552465,
        5100.590042795213,
        5833.788600925336,
        9004.81406008322,
        4426.677160762409
      ],
      [
        10486.21026221749,
        9987.524438631197,
        10557.35957964426,
        12357.284917426847,
        12594.177386816556
      ],
      [
        13461.239157964832,
        14087.019337831001,
        13933.555217296796,
        11641.104841617249,
        13828.71926422837
      ],
      [
        16429.28899946434,
        14701.43134166686,
        11277.736096396591,
        16545.342987614622,
        19081.03929840126
      ],
      [
        10274.824246333603,
        Infinity,
        25718.928040192066,
        16475.19961406319,
        Infinity
      ]
    ],
    "escape_fraction": [
      [
        1.0,
        1.0,
        1.0,
        1.0,
        0.974
      ],
      [
        0.999,
        1.0,
        1.0,
        0.875,
        0.391
      ],
      [
        1.0,
        1.0,
        1.0,
        0.837,
        0.2
      ],
      [
        0.999,
        1.0,
        1.0,
        0.866,
        0.197
      ],
      [
        0.975,
        0.98,
        0.959,
        0.83,
        0.196
      ],
      [
        0.73,
        0.783,
        0.706,
        0.536,
        0.213
      ],
      [
        0.418,
        0.387,
        0.342,
        0.232,
        0.092
      ],
      [
        0.068,
        0.064,
        0.049,
        0.031,
        0.011
      ],
      [
        0.002,
        0.0,
        0.004,
        0.002,
        0.0
      ]
    ],
    "regimes": [
      [
        "TURNOVER",
        "TURNOVER",
        "TURNOVER",
        "TURNOVER",
        "TURNOVER"
      ],
      [
        "TURNOVER",
        "TURNOVER",
        "TURNOVER",
        "TURNOVER",
        "TURNOVER"
      ],
      [
        "TURNOVER",
        "TURNOVER",
        "TURNOVER",
        "TURNOVER",
        "TURNOVER"
      ],
      [
        "TURNOVER",
        "TURNOVER",
        "TURNOVER",
        "TURNOVER",
        "TURNOVER"
      ],
      [
        "TURNOVER",
        "TURNOVER",
        "TURNOVER",
        "TURNOVER",
        "TURNOVER"
      ],
      [
        "TURNOVER",
        "TURNOVER",
        "TURNOVER",
        "TURNOVER",
        "TURNOVER"
      ],
      [
        "TURNOVER",
        "TURNOVER",
        "TURNOVER",
        "TURNOVER",
        "TURNOVER"
      ],
      [
        "TURNOVER",
        "TURNOVER",
        "TURNOVER",
        "TURNOVER",
        "TURNOVER"
      ],
      [
        "TURNOVER",
        "TURNOVER",
        "TURNOVER",
        "TURNOVER",
        "TURNOVER"
      ]
    ]
  },
  "contour_879": {
    "verdict": "VIABLE: \u03c4=879s at \u0398=6.0, \u03a5=0.30 (NATURAL)",
    "n_matches": 11,
    "best_match": {
      "Theta": 6.0,
      "Upsilon": 0.3,
      "tau_measured": 1112.858877923876,
      "log_tau_error": 0.10245121969689075,
      "fine_tuning": "NATURAL",
      "regime": "TURNOVER",
      "warnings": []
    },
    "matches": [
      {
        "Theta": 6.0,
        "Upsilon": 0.3,
        "tau_measured": 1112.858877923876,
        "log_tau_error": 0.10245121969689075,
        "fine_tuning": "NATURAL",
        "regime": "TURNOVER",
        "warnings": []
      },
      {
        "Theta": 6.0,
        "Upsilon": 0.1,
        "tau_measured": 1259.632765544713,
        "log_tau_error": 0.15625507389787163,
        "fine_tuning": "NATURAL",
        "regime": "TURNOVER",
        "warnings": []
      },
      {
        "Theta": 6.0,
        "Upsilon": 10.0,
        "tau_measured": 594.7419813601591,
        "log_tau_error": 0.1696602797230411,
        "fine_tuning": "NATURAL",
        "regime": "TURNOVER",
        "warnings": []
      },
      {
        "Theta": 6.0,
        "Upsilon": 1.0,
        "tau_measured": 1343.968011073408,
        "log_tau_error": 0.18440005675442572,
        "fine_tuning": "NATURAL",
        "regime": "TURNOVER",
        "warnings": []
      },
      {
        "Theta": 5.0,
        "Upsilon": 3.0,
        "tau_measured": 551.585734091888,
        "log_tau_error": 0.2023758497767969,
        "fine_tuning": "NATURAL",
        "regime": "TURNOVER",
        "warnings": []
      },
      {
        "Theta": 6.0,
        "Upsilon": 3.0,
        "tau_measured": 1504.2941275400765,
        "log_tau_error": 0.2333438850374474,
        "fine_tuning": "NATURAL",
        "regime": "TURNOVER",
        "warnings": []
      },
      {
        "Theta": 5.0,
        "Upsilon": 0.1,
        "tau_measured": 505.88447830412326,
        "log_tau_error": 0.23993752061140405,
        "fine_tuning": "NATURAL",
        "regime": "TURNOVER",
        "warnings": []
      },
      {
        "Theta": 5.0,
        "Upsilon": 10.0,
        "tau_measured": 469.6020591242745,
        "log_tau_error": 0.2722588825234187,
        "fine_tuning": "NATURAL",
        "regime": "TURNOVER",
        "warnings": []
      },
      {
        "Theta": 7.0,
        "Upsilon": 10.0,
        "tau_measured": 1682.717042153889,
        "log_tau_error": 0.28202221810784334,
        "fine_tuning": "NATURAL",
        "regime": "TURNOVER",
        "warnings": []
      },
      {
        "Theta": 5.0,
        "Upsilon": 1.0,
        "tau_measured": 459.10389153984806,
        "log_tau_error": 0.2820779010463279,
        "fine_tuning": "NATURAL",
        "regime": "TURNOVER",
        "warnings": []
      },
      {
        "Theta": 5.0,
        "Upsilon": 0.3,
        "tau_measured": 423.0873578580604,
        "log_tau_error": 0.3175588265671325,
        "fine_tuning": "NATURAL",
        "regime": "TURNOVER",
        "warnings": []
      }
    ]
  },