\BOOKMARK [0][]{chapter*.1}{\376\377\000P\000r\000e\000f\000a\000c\000e}{}% 1
\BOOKMARK [0][]{chapter*.3}{\376\377\000L\000i\000s\000t\000\040\000o\000f\000\040\000F\000i\000g\000u\000r\000e\000s}{}% 2
\BOOKMARK [0][]{chapter*.4}{\376\377\000L\000i\000s\000t\000\040\000o\000f\000\040\000T\000a\000b\000l\000e\000s}{}% 3
\BOOKMARK [-1][]{part.1}{\376\377\000I\000\040\000T\000o\000p\000o\000l\000o\000g\000i\000c\000a\000l\000\040\000F\000o\000u\000n\000d\000a\000t\000i\000o\000n\000s}{}% 4
\BOOKMARK [0][]{chapter.1}{\376\377\0001\000\040\000A\000n\000c\000h\000o\000r\000\040\000J\000u\000n\000c\000t\000i\000o\000n\000\040\000a\000s\000\040\000T\000o\000p\000o\000l\000o\000g\000i\000c\000a\000l\000\040\000G\000r\000o\000u\000n\000d\000\040\000S\000t\000a\000t\000e}{part.1}% 5
\BOOKMARK [1][]{section.1.1}{\376\377\0001\000.\0001\000\040\000T\000h\000e\000\040\000S\000t\000a\000b\000i\000l\000i\000t\000y\000\040\000P\000u\000z\000z\000l\000e}{chapter.1}% 6
\BOOKMARK [1][]{section.1.2}{\376\377\0001\000.\0002\000\040\000T\000h\000e\000\040\000Y\000-\000J\000u\000n\000c\000t\000i\000o\000n\000\040\000M\000o\000d\000e\000l}{chapter.1}% 7
\BOOKMARK [2][]{subsection.1.2.1}{\376\377\0001\000.\0002\000.\0001\000\040\000P\000o\000s\000t\000u\000l\000a\000t\000e\000:\000\040\000A\000n\000c\000h\000o\000r\000\040\000a\000s\000\040\000T\000o\000p\000o\000l\000o\000g\000i\000c\000a\000l\000\040\000A\000n\000c\000h\000o\000r}{section.1.2}% 8
\BOOKMARK [2][]{subsection.1.2.2}{\376\377\0001\000.\0002\000.\0002\000\040\0005\000D\000\040\000E\000n\000e\000r\000g\000y\000\040\000F\000u\000n\000c\000t\000i\000o\000n\000a\000l}{section.1.2}% 9
\BOOKMARK [2][]{subsection.1.2.3}{\376\377\0001\000.\0002\000.\0003\000\040\000F\000u\000n\000c\000t\000i\000o\000n\000a\000l\000\040\000R\000o\000l\000e}{section.1.2}% 10
\BOOKMARK [1][]{section.1.3}{\376\377\0001\000.\0003\000\040\000R\000o\000u\000t\000e\000\040\000A\000:\000\040\000T\000o\000p\000o\000l\000o\000g\000i\000c\000a\000l\000\040\000P\000r\000o\000o\000f\000\040\000o\000f\000\040\000S\000t\000a\000b\000i\000l\000i\000t\000y}{chapter.1}% 11
\BOOKMARK [2][]{subsection.1.3.1}{\376\377\0001\000.\0003\000.\0001\000\040\000L\000e\000m\000m\000a\000\040\0001\000:\000\040\000T\000o\000p\000o\000l\000o\000g\000i\000c\000a\000l\000\040\000P\000r\000o\000t\000e\000c\000t\000i\000o\000n}{section.1.3}% 12
\BOOKMARK [2][]{subsection.1.3.2}{\376\377\0001\000.\0003\000.\0002\000\040\000L\000e\000m\000m\000a\000\040\0002\000:\000\040\000N\000a\000m\000b\000u\040\023\000G\000o\000t\000o\000\040\000E\000n\000e\000r\000g\000y}{section.1.3}% 13
\BOOKMARK [2][]{subsection.1.3.3}{\376\377\0001\000.\0003\000.\0003\000\040\000T\000h\000e\000o\000r\000e\000m\000:\000\040\000S\000t\000e\000i\000n\000e\000r\000\040\000O\000p\000t\000i\000m\000a\000l\000i\000t\000y}{section.1.3}% 14
\BOOKMARK [2][]{subsection.1.3.4}{\376\377\0001\000.\0003\000.\0004\000\040\000C\000o\000r\000o\000l\000l\000a\000r\000y\000:\000\040\000A\000n\000c\000h\000o\000r\000\040\000a\000s\000\040\000M\000i\000n\000i\000m\000u\000m}{section.1.3}% 15
\BOOKMARK [1][]{section.1.4}{\376\377\0001\000.\0004\000\040\000R\000o\000u\000t\000e\000\040\000B\000:\000\040\000C\000r\000y\000s\000t\000a\000l\000l\000o\000g\000r\000a\000p\000h\000i\000c\000\040\000D\000e\000r\000i\000v\000a\000t\000i\000o\000n}{chapter.1}% 16
\BOOKMARK [2][]{subsection.1.4.1}{\376\377\0001\000.\0004\000.\0001\000\040\000P\000o\000s\000t\000u\000l\000a\000t\000e\000\040\000P\0002\000:\000\040\000W\000o\000r\000l\000d\000s\000h\000e\000e\000t\000\040\000I\000n\000t\000e\000r\000a\000c\000t\000i\000o\000n\000s}{section.1.4}% 17
\BOOKMARK [2][]{subsection.1.4.2}{\376\377\0001\000.\0004\000.\0002\000\040\000K\000e\000p\000l\000e\000r\040\023\000H\000a\000l\000e\000s\000\040\000L\000e\000m\000m\000a}{section.1.4}% 18
\BOOKMARK [2][]{subsection.1.4.3}{\376\377\0001\000.\0004\000.\0003\000\040\000C\000r\000y\000s\000t\000a\000l\000l\000i\000z\000a\000t\000i\000o\000n\000\040\000C\000h\000a\000i\000n}{section.1.4}% 19
\BOOKMARK [1][]{section.1.5}{\376\377\0001\000.\0005\000\040\000C\000o\000n\000v\000e\000r\000g\000e\000n\000c\000e\000\040\000o\000f\000\040\000R\000o\000u\000t\000e\000s}{chapter.1}% 20
\BOOKMARK [1][]{section.1.6}{\376\377\0001\000.\0006\000\040\000R\000o\000l\000e\000\040\000o\000f\000\040\000B\000o\000u\000n\000d\000a\000r\000y\000\040\000C\000o\000n\000d\000i\000t\000i\000o\000n\000s}{chapter.1}% 21
\BOOKMARK [1][]{section.1.7}{\376\377\0001\000.\0007\000\040\000E\000p\000i\000s\000t\000e\000m\000i\000c\000\040\000S\000t\000a\000t\000u\000s}{chapter.1}% 22
\BOOKMARK [1][]{section.1.8}{\376\377\0001\000.\0008\000\040\000F\000a\000l\000s\000i\000f\000i\000a\000b\000i\000l\000i\000t\000y}{chapter.1}% 23
\BOOKMARK [1][]{section.1.9}{\376\377\0001\000.\0009\000\040\000S\000u\000m\000m\000a\000r\000y}{chapter.1}% 24
\BOOKMARK [0][]{chapter.2}{\376\377\0002\000\040\000J\000u\000n\000c\000t\000i\000o\000n\000\040\000S\000y\000m\000m\000e\000t\000r\000i\000e\000s}{part.1}% 25
\BOOKMARK [1][]{section.2.1}{\376\377\0002\000.\0001\000\040\000C\000r\000y\000s\000t\000a\000l\000l\000i\000z\000a\000t\000i\000o\000n\000\040\000f\000r\000o\000m\000\040\000S\0005}{chapter.2}% 26
\BOOKMARK [2][]{subsection.2.1.1}{\376\377\0002\000.\0001\000.\0001\000\040\000W\000h\000a\000t\000\040\000`\000`\000C\000r\000y\000s\000t\000a\000l\000l\000i\000z\000a\000t\000i\000o\000n\000'\000'\000\040\000M\000e\000a\000n\000s\000\040\000i\000n\000\040\000E\000D\000C}{section.2.1}% 27
\BOOKMARK [2][]{subsection.2.1.2}{\376\377\0002\000.\0001\000.\0002\000\040\000R\000o\000u\000t\000e\000\040\000B\000\040\000R\000e\000c\000a\000p\000:\000\040\000F\000r\000o\000m\000\040\000P\0002\000\040\000t\000o\000\040\000Z\0006}{section.2.1}% 28
\BOOKMARK [2][]{subsection.2.1.3}{\376\377\0002\000.\0001\000.\0003\000\040\000T\000h\000e\000\040\000C\000r\000y\000s\000t\000a\000l\000l\000i\000z\000a\000t\000i\000o\000n\000\040\000C\000l\000a\000i\000m}{section.2.1}% 29
\BOOKMARK [1][]{section.2.2}{\376\377\0002\000.\0002\000\040\000S\000u\000b\000g\000r\000o\000u\000p\000\040\000S\000t\000r\000u\000c\000t\000u\000r\000e}{chapter.2}% 30
\BOOKMARK [2][]{subsection.2.2.1}{\376\377\0002\000.\0002\000.\0001\000\040\000M\000a\000t\000h\000e\000m\000a\000t\000i\000c\000a\000l\000\040\000S\000t\000a\000t\000e\000m\000e\000n\000t}{section.2.2}% 31
\BOOKMARK [2][]{subsection.2.2.2}{\376\377\0002\000.\0002\000.\0002\000\040\000E\000D\000C\000-\000N\000a\000t\000i\000v\000e\000\040\000I\000n\000t\000e\000r\000p\000r\000e\000t\000a\000t\000i\000o\000n}{section.2.2}% 32
\BOOKMARK [2][]{subsection.2.2.3}{\376\377\0002\000.\0002\000.\0003\000\040\000C\000o\000n\000n\000e\000c\000t\000i\000o\000n\000\040\000t\000o\000\040\000J\000u\000n\000c\000t\000i\000o\000n\000\040\000S\000t\000a\000t\000e\000s}{section.2.2}% 33
\BOOKMARK [1][]{section.2.3}{\376\377\0002\000.\0003\000\040\000M\0006\000\040\000L\000a\000t\000t\000i\000c\000e\000\040\000S\000t\000r\000u\000c\000t\000u\000r\000e}{chapter.2}% 34
\BOOKMARK [2][]{subsection.2.3.1}{\376\377\0002\000.\0003\000.\0001\000\040\000F\000r\000o\000m\000\040\000J\000u\000n\000c\000t\000i\000o\000n\000s\000\040\000t\000o\000\040\000C\000o\000o\000r\000d\000i\000n\000a\000t\000i\000o\000n}{section.2.3}% 35
\BOOKMARK [2][]{subsection.2.3.2}{\376\377\0002\000.\0003\000.\0002\000\040\000W\000h\000y\000\040\000n\000\040\000=\000\040\0006\000:\000\040\000T\000h\000e\000\040\000D\000u\000a\000l\000i\000t\000y\000\040\000A\000r\000g\000u\000m\000e\000n\000t}{section.2.3}% 36
\BOOKMARK [2][]{subsection.2.3.3}{\376\377\0002\000.\0003\000.\0003\000\040\000S\000i\000t\000e\000s\000,\000\040\000E\000d\000g\000e\000s\000,\000\040\000a\000n\000d\000\040\000P\000i\000n\000n\000i\000n\000g}{section.2.3}% 37
\BOOKMARK [2][]{subsection.2.3.4}{\376\377\0002\000.\0003\000.\0004\000\040\000A\000l\000l\000o\000w\000e\000d\000\040\000C\000o\000o\000r\000d\000i\000n\000a\000t\000i\000o\000n\000\040\000S\000e\000t}{section.2.3}% 38
\BOOKMARK [2][]{subsection.2.3.5}{\376\377\0002\000.\0003\000.\0005\000\040\000T\000h\000e\000\040\000F\000o\000r\000b\000i\000d\000d\000e\000n\000\040\000Z\000o\000n\000e}{section.2.3}% 39
\BOOKMARK [1][]{section.2.4}{\376\377\0002\000.\0004\000\040\000S\000u\000m\000m\000a\000r\000y}{chapter.2}% 40
\BOOKMARK [1][]{section.2.5}{\376\377\0002\000.\0005\000\040\000E\000p\000i\000s\000t\000e\000m\000i\000c\000\040\000S\000t\000a\000t\000u\000s}{chapter.2}% 41
\BOOKMARK [1][]{section.2.6}{\376\377\0002\000.\0006\000\040\000N\000o\000t\000a\000t\000i\000o\000n\000\040\000S\000u\000m\000m\000a\000r\000y}{chapter.2}% 42
\BOOKMARK [0][]{chapter.3}{\376\377\0003\000\040\000M\000e\000t\000a\000s\000t\000a\000b\000l\000e\000\040\000J\000u\000n\000c\000t\000i\000o\000n}{part.1}% 43
\BOOKMARK [1][]{section.3.1}{\376\377\0003\000.\0001\000\040\000T\000h\000e\000\040\000n\000\040\000P\000u\000z\000z\000l\000e}{chapter.3}% 44
\BOOKMARK [1][]{section.3.2}{\376\377\0003\000.\0002\000\040\000Z\0003\000\040\000C\000o\000n\000f\000i\000g\000u\000r\000a\000t\000i\000o\000n\000\040\000a\000s\000\040\000M\000e\000t\000a\000s\000t\000a\000b\000l\000e\000\040\000B\000r\000a\000n\000c\000h}{chapter.3}% 45
\BOOKMARK [2][]{subsection.3.2.1}{\376\377\0003\000.\0002\000.\0001\000\040\000C\000o\000n\000f\000i\000g\000u\000r\000a\000t\000i\000o\000n\000\040\000S\000p\000a\000c\000e}{section.3.2}% 46
\BOOKMARK [2][]{subsection.3.2.2}{\376\377\0003\000.\0002\000.\0002\000\040\000R\000e\000a\000c\000t\000i\000o\000n\000\040\000C\000o\000o\000r\000d\000i\000n\000a\000t\000e\000\040\000q}{section.3.2}% 47
\BOOKMARK [2][]{subsection.3.2.3}{\376\377\0003\000.\0002\000.\0003\000\040\000Z\0003\000-\000S\000y\000m\000m\000e\000t\000r\000i\000c\000\040\000v\000s\000.\000\040\000Z\0003\000-\000B\000r\000o\000k\000e\000n}{section.3.2}% 48
\BOOKMARK [1][]{section.3.3}{\376\377\0003\000.\0003\000\040\000D\000o\000u\000b\000l\000e\000-\000W\000e\000l\000l\000\040\000P\000o\000t\000e\000n\000t\000i\000a\000l\000\040\000V\000\050\000q\000\051}{chapter.3}% 49
\BOOKMARK [2][]{subsection.3.3.1}{\376\377\0003\000.\0003\000.\0001\000\040\000E\000f\000f\000e\000c\000t\000i\000v\000e\000\040\000P\000o\000t\000e\000n\000t\000i\000a\000l}{section.3.3}% 50
\BOOKMARK [2][]{subsection.3.3.2}{\376\377\0003\000.\0003\000.\0002\000\040\000E\000n\000e\000r\000g\000y\000\040\000L\000e\000v\000e\000l\000s}{section.3.3}% 51
\BOOKMARK [2][]{subsection.3.3.3}{\376\377\0003\000.\0003\000.\0003\000\040\000S\000h\000a\000p\000e\000:\000\040\000P\000a\000r\000t\000i\000a\000l\000\040\000G\000e\000o\000m\000e\000t\000r\000i\000c\000\040\000C\000l\000o\000s\000u\000r\000e}{section.3.3}% 52
\BOOKMARK [1][]{section.3.4}{\376\377\0003\000.\0004\000\040\000B\000a\000r\000r\000i\000e\000r\000\040\000H\000e\000i\000g\000h\000t\000:\000\040\000V\000B\000=\000\040\0002\000\040\000m\000n\000p}{chapter.3}% 53
\BOOKMARK [2][]{subsection.3.4.1}{\376\377\0003\000.\0004\000.\0001\000\040\000E\000m\000p\000i\000r\000i\000c\000a\000l\000\040\000I\000n\000p\000u\000t}{section.3.4}% 54
\BOOKMARK [2][]{subsection.3.4.2}{\376\377\0003\000.\0004\000.\0002\000\040\000N\000u\000m\000e\000r\000i\000c\000a\000l\000\040\000D\000i\000s\000c\000o\000v\000e\000r\000y}{section.3.4}% 55
\BOOKMARK [2][]{subsection.3.4.3}{\376\377\0003\000.\0004\000.\0003\000\040\000G\000e\000o\000m\000e\000t\000r\000i\000c\000\040\000M\000o\000t\000i\000v\000a\000t\000i\000o\000n}{section.3.4}% 56
\BOOKMARK [2][]{subsection.3.4.4}{\376\377\0003\000.\0004\000.\0004\000\040\000P\000h\000y\000s\000i\000c\000a\000l\000\040\000P\000i\000c\000t\000u\000r\000e}{section.3.4}% 57
\BOOKMARK [2][]{subsection.3.4.5}{\376\377\0003\000.\0004\000.\0005\000\040\000R\000e\000m\000a\000i\000n\000i\000n\000g\000\040\000O\000p\000e\000n\000\040\000S\000t\000e\000p}{section.3.4}% 58
\BOOKMARK [1][]{section.3.5}{\376\377\0003\000.\0005\000\040\000P\000r\000e\000v\000i\000e\000w\000:\000\040\000B\000a\000r\000r\000i\000e\000r\000-\000L\000i\000m\000i\000t\000e\000d\000\040\000T\000r\000a\000n\000s\000i\000t\000i\000o\000n}{chapter.3}% 59
\BOOKMARK [2][]{subsection.3.5.1}{\376\377\0003\000.\0005\000.\0001\000\040\000W\000h\000a\000t\000\040\000C\000h\000a\000p\000t\000e\000r\000\040\000?\000?\000\040\000E\000s\000t\000a\000b\000l\000i\000s\000h\000e\000s}{section.3.5}% 60
\BOOKMARK [2][]{subsection.3.5.2}{\376\377\0003\000.\0005\000.\0002\000\040\000W\000h\000a\000t\000\040\000C\000h\000a\000p\000t\000e\000r\000s\000\040\000?\000?\040\023\000?\000?\000\040\000E\000s\000t\000a\000b\000l\000i\000s\000h}{section.3.5}% 61
\BOOKMARK [2][]{subsection.3.5.3}{\376\377\0003\000.\0005\000.\0003\000\040\000W\000h\000a\000t\000\040\000C\000h\000a\000p\000t\000e\000r\000\040\000?\000?\000\040\000C\000o\000m\000p\000u\000t\000e\000s}{section.3.5}% 62
\BOOKMARK [1][]{section.3.6}{\376\377\0003\000.\0006\000\040\000E\000p\000i\000s\000t\000e\000m\000i\000c\000\040\000S\000t\000a\000t\000u\000s}{chapter.3}% 63
\BOOKMARK [1][]{section.3.7}{\376\377\0003\000.\0007\000\040\000F\000a\000l\000s\000i\000f\000i\000a\000b\000i\000l\000i\000t\000y}{chapter.3}% 64
\BOOKMARK [1][]{section.3.8}{\376\377\0003\000.\0008\000\040\000S\000u\000m\000m\000a\000r\000y}{chapter.3}% 65
\BOOKMARK [-1][]{part.2}{\376\377\000I\000I\000\040\000P\000i\000n\000n\000i\000n\000g\000\040\000M\000e\000c\000h\000a\000n\000i\000s\000m}{}% 66
\BOOKMARK [0][]{chapter.4}{\376\377\0004\000\040\000F\000r\000o\000m\000\040\000B\000r\000a\000n\000e\000\040\000T\000e\000n\000s\000i\000o\000n\000\040\000t\000o\000\040\000P\000i\000n\000n\000i\000n\000g\000\040\000C\000o\000n\000s\000t\000a\000n\000t}{part.2}% 67
\BOOKMARK [1][]{section.4.1}{\376\377\0004\000.\0001\000\040\000T\000h\000e\000\040\000C\000e\000n\000t\000r\000a\000l\000\040\000C\000o\000n\000n\000e\000c\000t\000i\000o\000n}{chapter.4}% 68
\BOOKMARK [1][]{section.4.2}{\376\377\0004\000.\0002\000\040\000C\000o\000n\000t\000a\000c\000t\000\040\000G\000e\000o\000m\000e\000t\000r\000y}{chapter.4}% 69
\BOOKMARK [2][]{subsection.4.2.1}{\376\377\0004\000.\0002\000.\0001\000\040\000T\000h\000e\000\040\000P\000h\000y\000s\000i\000c\000a\000l\000\040\000S\000e\000t\000u\000p}{section.4.2}% 70
\BOOKMARK [2][]{subsection.4.2.2}{\376\377\0004\000.\0002\000.\0002\000\040\000P\000r\000i\000m\000a\000l\000\040\000B\000o\000n\000d\000\040\000S\000t\000r\000u\000c\000t\000u\000r\000e}{section.4.2}% 71
\BOOKMARK [2][]{subsection.4.2.3}{\376\377\0004\000.\0002\000.\0003\000\040\000C\000o\000n\000t\000a\000c\000t\000\040\000S\000u\000r\000f\000a\000c\000e\000\040\000M\000o\000d\000e\000l\000s}{section.4.2}% 72
\BOOKMARK [2][]{subsection.4.2.4}{\376\377\0004\000.\0002\000.\0004\000\040\000T\000h\000e\000\040\000G\000e\000o\000m\000e\000t\000r\000i\000c\000\040\000M\000e\000a\000n\000\040\000P\000r\000i\000n\000c\000i\000p\000l\000e}{section.4.2}% 73
\BOOKMARK [1][]{section.4.3}{\376\377\0004\000.\0003\000\040\000E\000n\000e\000r\000g\000y\000\040\000o\000f\000\040\000C\000o\000n\000t\000a\000c\000t}{chapter.4}% 74
\BOOKMARK [2][]{subsection.4.3.1}{\376\377\0004\000.\0003\000.\0001\000\040\000M\000a\000t\000c\000h\000e\000d\000\040\000v\000s\000.\000\040\000M\000i\000s\000m\000a\000t\000c\000h\000e\000d\000\040\000S\000t\000a\000t\000e\000s}{section.4.3}% 75
\BOOKMARK [2][]{subsection.4.3.2}{\376\377\0004\000.\0003\000.\0002\000\040\000S\000c\000a\000l\000i\000n\000g\000\040\000B\000r\000i\000d\000g\000e\000:\000\040\000W\000h\000y\000\040\000Q\000u\000a\000d\000r\000a\000t\000i\000c\000\040\000i\000n\000\040\000q\000?}{section.4.3}% 76
\BOOKMARK [2][]{subsection.4.3.3}{\376\377\0004\000.\0003\000.\0003\000\040\000T\000o\000t\000a\000l\000\040\000M\000i\000s\000m\000a\000t\000c\000h\000\040\000E\000n\000e\000r\000g\000y}{section.4.3}% 77
\BOOKMARK [1][]{section.4.4}{\376\377\0004\000.\0004\000\040\000T\000h\000e\000\040\000P\000i\000n\000n\000i\000n\000g\000\040\000F\000o\000r\000m\000u\000l\000a}{chapter.4}% 78
\BOOKMARK [2][]{subsection.4.4.1}{\376\377\0004\000.\0004\000.\0001\000\040\000D\000e\000f\000i\000n\000i\000t\000i\000o\000n\000\040\000o\000f\000\040\000K}{section.4.4}% 79
\BOOKMARK [2][]{subsection.4.4.2}{\376\377\0004\000.\0004\000.\0002\000\040\000T\000h\000e\000\040\000G\000e\000o\000m\000e\000t\000r\000i\000c\000\040\000F\000a\000c\000t\000o\000r\000\040\000f}{section.4.4}% 80
\BOOKMARK [1][]{section.4.5}{\376\377\0004\000.\0005\000\040\000T\000h\000e\000\040\000f\000\040\000F\000a\000c\000t\000o\000r\000:\000\040\000S\000t\000a\000t\000u\000s\000\040\000a\000n\000d\000\040\000O\000p\000e\000n\000\040\000Q\000u\000e\000s\000t\000i\000o\000n\000s}{chapter.4}% 81
\BOOKMARK [1][]{section.4.6}{\376\377\0004\000.\0006\000\040\000T\000h\000e\000\040\000P\000i\000n\000n\000i\000n\000g\000\040\000C\000o\000n\000s\000t\000a\000n\000t\000:\000\040\000F\000i\000n\000a\000l\000\040\000F\000o\000r\000m\000u\000l\000a}{chapter.4}% 82
\BOOKMARK [1][]{section.4.7}{\376\377\0004\000.\0007\000\040\000N\000u\000m\000e\000r\000i\000c\000a\000l\000\040\000V\000a\000l\000u\000e}{chapter.4}% 83
\BOOKMARK [2][]{subsection.4.7.1}{\376\377\0004\000.\0007\000.\0001\000\040\000M\000o\000d\000e\000l\000\040\000C\000a\000l\000c\000u\000l\000a\000t\000i\000o\000n}{section.4.7}% 84
\BOOKMARK [2][]{subsection.4.7.2}{\376\377\0004\000.\0007\000.\0002\000\040\000C\000o\000n\000s\000i\000s\000t\000e\000n\000c\000y\000\040\000C\000h\000e\000c\000k\000\040\000\050\000N\000o\000t\000\040\000a\000\040\000F\000i\000t\000\051}{section.4.7}% 85
\BOOKMARK [2][]{subsection.4.7.3}{\376\377\0004\000.\0007\000.\0003\000\040\000S\000e\000n\000s\000i\000t\000i\000v\000i\000t\000y\000\040\000A\000n\000a\000l\000y\000s\000i\000s}{section.4.7}% 86
\BOOKMARK [1][]{section.4.8}{\376\377\0004\000.\0008\000\040\000I\000n\000p\000u\000t\000/\000O\000u\000t\000p\000u\000t\000\040\000S\000u\000m\000m\000a\000r\000y}{chapter.4}% 87
\BOOKMARK [1][]{section.4.9}{\376\377\0004\000.\0009\000\040\000S\000u\000m\000m\000a\000r\000y}{chapter.4}% 88
\BOOKMARK [0][]{chapter.5}{\376\377\0005\000\040\000T\000h\000e\000\040\000M\0006\000\040\000C\000o\000o\000r\000d\000i\000n\000a\000t\000i\000o\000n\000\040\000L\000a\000t\000t\000i\000c\000e}{part.2}% 89
\BOOKMARK [1][]{section.5.1}{\376\377\0005\000.\0001\000\040\000T\000h\000e\000\040\000C\000o\000o\000r\000d\000i\000n\000a\000t\000i\000o\000n\000\040\000Q\000u\000e\000s\000t\000i\000o\000n}{chapter.5}% 90
\BOOKMARK [1][]{section.5.2}{\376\377\0005\000.\0002\000\040\000P\000r\000i\000m\000a\000l\000\040\000a\000n\000d\000\040\000D\000u\000a\000l\000\040\000G\000r\000a\000p\000h\000s}{chapter.5}% 91
\BOOKMARK [2][]{subsection.5.2.1}{\376\377\0005\000.\0002\000.\0001\000\040\000T\000h\000e\000\040\000P\000r\000i\000m\000a\000l\000\040\000G\000r\000a\000p\000h\000\040\000G}{section.5.2}% 92
\BOOKMARK [2][]{subsection.5.2.2}{\376\377\0005\000.\0002\000.\0002\000\040\000T\000h\000e\000\040\000D\000u\000a\000l\000\040\000G\000r\000a\000p\000h\000\040\000G\000*}{section.5.2}% 93
\BOOKMARK [1][]{section.5.3}{\376\377\0005\000.\0003\000\040\000D\000e\000r\000i\000v\000a\000t\000i\000o\000n\000:\000\040\000n\000=\000\040\0006}{chapter.5}% 94
\BOOKMARK [2][]{subsection.5.3.1}{\376\377\0005\000.\0003\000.\0001\000\040\000S\000t\000e\000p\000\040\0001\000:\000\040\000Z\0006\000\040\000S\000y\000m\000m\000e\000t\000r\000y\000\040\000f\000r\000o\000m\000\040\0001\0002\0000\000\260\000\040\000A\000n\000g\000l\000e\000s}{section.5.3}% 95
\BOOKMARK [2][]{subsection.5.3.2}{\376\377\0005\000.\0003\000.\0002\000\040\000S\000t\000e\000p\000\040\0002\000:\000\040\000H\000e\000x\000a\000g\000o\000n\000a\000l\000\040\000F\000a\000c\000e\000s}{section.5.3}% 96
\BOOKMARK [2][]{subsection.5.3.3}{\376\377\0005\000.\0003\000.\0003\000\040\000S\000t\000e\000p\000\040\0003\000:\000\040\000D\000u\000a\000l\000\040\000G\000r\000a\000p\000h\000\040\000C\000o\000o\000r\000d\000i\000n\000a\000t\000i\000o\000n}{section.5.3}% 97
\BOOKMARK [2][]{subsection.5.3.4}{\376\377\0005\000.\0003\000.\0004\000\040\000F\000o\000r\000m\000a\000l\000\040\000S\000t\000a\000t\000e\000m\000e\000n\000t}{section.5.3}% 98
\BOOKMARK [1][]{section.5.4}{\376\377\0005\000.\0004\000\040\000P\000h\000y\000s\000i\000c\000a\000l\000\040\000I\000n\000t\000e\000r\000p\000r\000e\000t\000a\000t\000i\000o\000n}{chapter.5}% 99
\BOOKMARK [1][]{section.5.5}{\376\377\0005\000.\0005\000\040\000A\000l\000l\000o\000w\000e\000d\000\040\000C\000o\000o\000r\000d\000i\000n\000a\000t\000i\000o\000n\000\040\000S\000e\000t}{chapter.5}% 100
\BOOKMARK [2][]{subsection.5.5.1}{\376\377\0005\000.\0005\000.\0001\000\040\000F\000r\000o\000m\000\040\000Z\0006\000\040\000t\000o\000\040\000S\000\040\000=\000\040\000\173\0002\000a\000\040\0003\000b\000\175}{section.5.5}% 101
\BOOKMARK [2][]{subsection.5.5.2}{\376\377\0005\000.\0005\000.\0002\000\040\000F\000i\000r\000s\000t\000\040\0002\0003\000\040\000A\000l\000l\000o\000w\000e\000d\000\040\000V\000a\000l\000u\000e\000s}{section.5.5}% 102
\BOOKMARK [1][]{section.5.6}{\376\377\0005\000.\0006\000\040\000T\000h\000e\000\040\000F\000o\000r\000b\000i\000d\000d\000e\000n\000\040\000Z\000o\000n\000e}{chapter.5}% 103
\BOOKMARK [2][]{subsection.5.6.1}{\376\377\0005\000.\0006\000.\0001\000\040\000D\000e\000f\000i\000n\000i\000t\000i\000o\000n}{section.5.6}% 104
\BOOKMARK [2][]{subsection.5.6.2}{\376\377\0005\000.\0006\000.\0002\000\040\000W\000h\000y\000\040\000T\000h\000i\000s\000\040\000M\000a\000t\000t\000e\000r\000s}{section.5.6}% 105
\BOOKMARK [1][]{section.5.7}{\376\377\0005\000.\0007\000\040\000F\000r\000u\000s\000t\000r\000a\000t\000i\000o\000n\000\040\000D\000i\000s\000t\000a\000n\000c\000e}{chapter.5}% 106
\BOOKMARK [1][]{section.5.8}{\376\377\0005\000.\0008\000\040\000C\000o\000o\000r\000d\000i\000n\000a\000t\000i\000o\000n\000\040\000f\000r\000o\000m\000\040\000M\000a\000s\000s\000\040\000N\000u\000m\000b\000e\000r}{chapter.5}% 107
\BOOKMARK [1][]{section.5.9}{\376\377\0005\000.\0009\000\040\000C\000o\000n\000n\000e\000c\000t\000i\000o\000n\000\040\000t\000o\000\040\000L\000a\000t\000e\000r\000\040\000C\000h\000a\000p\000t\000e\000r\000s}{chapter.5}% 108
\BOOKMARK [1][]{section.5.10}{\376\377\0005\000.\0001\0000\000\040\000A\000s\000s\000u\000m\000p\000t\000i\000o\000n\000s\000\040\000a\000n\000d\000\040\000S\000t\000a\000t\000u\000s}{chapter.5}% 109
\BOOKMARK [1][]{section.5.11}{\376\377\0005\000.\0001\0001\000\040\000S\000u\000m\000m\000a\000r\000y}{chapter.5}% 110
\BOOKMARK [-1][]{part.3}{\376\377\000I\000I\000I\000\040\000M\000e\000t\000a\000s\000t\000a\000b\000l\000e\000\040\000L\000i\000f\000e\000t\000i\000m\000e}{}% 111
\BOOKMARK [0][]{chapter.6}{\376\377\0006\000\040\000I\000n\000s\000t\000a\000n\000t\000o\000n\000\040\000D\000e\000r\000i\000v\000a\000t\000i\000o\000n}{part.3}% 112
\BOOKMARK [1][]{section.6.1}{\376\377\0006\000.\0001\000\040\000E\000u\000c\000l\000i\000d\000e\000a\000n\000\040\000T\000u\000n\000n\000e\000l\000i\000n\000g\000\040\000i\000n\000\040\000E\000D\000C}{chapter.6}% 113
\BOOKMARK [2][]{subsection.6.1.1}{\376\377\0006\000.\0001\000.\0001\000\040\000R\000e\000c\000a\000p\000:\000\040\000T\000h\000e\000\040\000T\000u\000n\000n\000e\000l\000i\000n\000g\000\040\000P\000r\000o\000b\000l\000e\000m}{section.6.1}% 114
\BOOKMARK [2][]{subsection.6.1.2}{\376\377\0006\000.\0001\000.\0002\000\040\000W\000h\000y\000\040\000I\000n\000s\000t\000a\000n\000t\000o\000n\000s\000?}{section.6.1}% 115
\BOOKMARK [1][]{section.6.2}{\376\377\0006\000.\0002\000\040\000E\000f\000f\000e\000c\000t\000i\000v\000e\000\040\0001\000D\000\040\000A\000c\000t\000i\000o\000n}{chapter.6}% 116
\BOOKMARK [2][]{subsection.6.2.1}{\376\377\0006\000.\0002\000.\0001\000\040\000F\000r\000o\000m\000\040\0005\000D\000\040\000t\000o\000\040\0001\000D\000:\000\040\000T\000h\000e\000\040\000R\000e\000d\000u\000c\000t\000i\000o\000n\000\040\000C\000o\000r\000r\000i\000d\000o\000r}{section.6.2}% 117
\BOOKMARK [2][]{subsection.6.2.2}{\376\377\0006\000.\0002\000.\0002\000\040\000E\000f\000f\000e\000c\000t\000i\000v\000e\000\040\000M\000a\000s\000s\000\040\000M\000\050\000q\000\051}{section.6.2}% 118
\BOOKMARK [2][]{subsection.6.2.3}{\376\377\0006\000.\0002\000.\0003\000\040\000E\000f\000f\000e\000c\000t\000i\000v\000e\000\040\000P\000o\000t\000e\000n\000t\000i\000a\000l\000\040\000V\000\050\000q\000\051}{section.6.2}% 119
\BOOKMARK [1][]{section.6.3}{\376\377\0006\000.\0003\000\040\000E\000u\000c\000l\000i\000d\000e\000a\000n\000\040\000A\000c\000t\000i\000o\000n\000\040\000a\000n\000d\000\040\000B\000o\000u\000n\000c\000e}{chapter.6}% 120
\BOOKMARK [2][]{subsection.6.3.1}{\376\377\0006\000.\0003\000.\0001\000\040\000W\000i\000c\000k\000\040\000R\000o\000t\000a\000t\000i\000o\000n}{section.6.3}% 121
\BOOKMARK [2][]{subsection.6.3.2}{\376\377\0006\000.\0003\000.\0002\000\040\000T\000h\000e\000\040\000B\000o\000u\000n\000c\000e\000\040\000S\000o\000l\000u\000t\000i\000o\000n}{section.6.3}% 122
\BOOKMARK [2][]{subsection.6.3.3}{\376\377\0006\000.\0003\000.\0003\000\040\000E\000u\000c\000l\000i\000d\000e\000a\000n\000\040\000A\000c\000t\000i\000o\000n\000\040\000o\000f\000\040\000t\000h\000e\000\040\000B\000o\000u\000n\000c\000e}{section.6.3}% 123
\BOOKMARK [2][]{subsection.6.3.4}{\376\377\0006\000.\0003\000.\0004\000\040\000P\000a\000r\000a\000m\000e\000t\000r\000i\000c\000\040\000F\000o\000r\000m\000\040\000i\000n\000\040\000E\000D\000C}{section.6.3}% 124
\BOOKMARK [1][]{section.6.4}{\376\377\0006\000.\0004\000\040\000D\000e\000c\000a\000y\000\040\000R\000a\000t\000e\000\040\000a\000n\000d\000\040\000L\000i\000f\000e\000t\000i\000m\000e}{chapter.6}% 125
\BOOKMARK [2][]{subsection.6.4.1}{\376\377\0006\000.\0004\000.\0001\000\040\000T\000u\000n\000n\000e\000l\000i\000n\000g\000\040\000R\000a\000t\000e\000\040\000F\000o\000r\000m\000u\000l\000a}{section.6.4}% 126
\BOOKMARK [2][]{subsection.6.4.2}{\376\377\0006\000.\0004\000.\0002\000\040\000P\000r\000e\000f\000a\000c\000t\000o\000r\000\040\000A}{section.6.4}% 127
\BOOKMARK [2][]{subsection.6.4.3}{\376\377\0006\000.\0004\000.\0003\000\040\000O\000s\000c\000i\000l\000l\000a\000t\000i\000o\000n\000\040\000F\000r\000e\000q\000u\000e\000n\000c\000y\000\040\0000}{section.6.4}% 128
\BOOKMARK [2][]{subsection.6.4.4}{\376\377\0006\000.\0004\000.\0004\000\040\000L\000i\000f\000e\000t\000i\000m\000e\000\040\000F\000o\000r\000m\000u\000l\000a}{section.6.4}% 129
\BOOKMARK [1][]{section.6.5}{\376\377\0006\000.\0005\000\040\000F\000o\000r\000w\000a\000r\000d\000\040\000R\000e\000f\000e\000r\000e\000n\000c\000e\000s}{chapter.6}% 130
\BOOKMARK [1][]{section.6.6}{\376\377\0006\000.\0006\000\040\000E\000p\000i\000s\000t\000e\000m\000i\000c\000\040\000S\000t\000a\000t\000u\000s}{chapter.6}% 131
\BOOKMARK [1][]{section.6.7}{\376\377\0006\000.\0007\000\040\000F\000a\000l\000s\000i\000f\000i\000a\000b\000i\000l\000i\000t\000y}{chapter.6}% 132
\BOOKMARK [1][]{section.6.8}{\376\377\0006\000.\0008\000\040\000S\000u\000m\000m\000a\000r\000y}{chapter.6}% 133
\BOOKMARK [0][]{chapter.7}{\376\377\0007\000\040\000=\000\040\0002\000\040\000f\000r\000o\000m\000\040\000H\000o\000m\000o\000t\000o\000p\000y}{part.3}% 134
\BOOKMARK [1][]{section.7.1}{\376\377\0007\000.\0001\000\040\000T\000h\000e\000\040\000W\000i\000n\000d\000i\000n\000g\000\040\000N\000u\000m\000b\000e\000r}{chapter.7}% 135
\BOOKMARK [2][]{subsection.7.1.1}{\376\377\0007\000.\0001\000.\0001\000\040\000T\000o\000p\000o\000l\000o\000g\000i\000c\000a\000l\000\040\000I\000n\000v\000a\000r\000i\000a\000n\000t}{section.7.1}% 136
\BOOKMARK [2][]{subsection.7.1.2}{\376\377\0007\000.\0001\000.\0002\000\040\000W\000i\000n\000d\000i\000n\000g\000\040\000a\000n\000d\000\040\000t\000h\000e\000\040\000I\000n\000s\000t\000a\000n\000t\000o\000n}{section.7.1}% 137
\BOOKMARK [1][]{section.7.2}{\376\377\0007\000.\0002\000\040\0001\000\050\000S\0001\000\051\000\040\000=\000\040\000Z}{chapter.7}% 138
\BOOKMARK [2][]{subsection.7.2.1}{\376\377\0007\000.\0002\000.\0001\000\040\000T\000h\000e\000\040\000F\000u\000n\000d\000a\000m\000e\000n\000t\000a\000l\000\040\000G\000r\000o\000u\000p}{section.7.2}% 139
\BOOKMARK [2][]{subsection.7.2.2}{\376\377\0007\000.\0002\000.\0002\000\040\000I\000n\000t\000e\000r\000p\000r\000e\000t\000a\000t\000i\000o\000n}{section.7.2}% 140
\BOOKMARK [1][]{section.7.3}{\376\377\0007\000.\0003\000\040\000P\000h\000y\000s\000i\000c\000a\000l\000\040\000W\000i\000n\000d\000i\000n\000g\000\040\000i\000n\000\040\000E\000D\000C}{chapter.7}% 141
\BOOKMARK [2][]{subsection.7.3.1}{\376\377\0007\000.\0003\000.\0001\000\040\000T\000h\000e\000\040\000C\000o\000m\000p\000a\000c\000t\000\040\000D\000i\000m\000e\000n\000s\000i\000o\000n}{section.7.3}% 142
\BOOKMARK [2][]{subsection.7.3.2}{\376\377\0007\000.\0003\000.\0002\000\040\000J\000u\000n\000c\000t\000i\000o\000n\000\040\000S\000t\000a\000t\000e\000s\000\040\000a\000n\000d\000\040\000W\000i\000n\000d\000i\000n\000g}{section.7.3}% 143
\BOOKMARK [2][]{subsection.7.3.3}{\376\377\0007\000.\0003\000.\0003\000\040\000M\000i\000n\000i\000m\000a\000l\000\040\000T\000r\000a\000n\000s\000i\000t\000i\000o\000n}{section.7.3}% 144
\BOOKMARK [1][]{section.7.4}{\376\377\0007\000.\0004\000\040\000D\000e\000r\000i\000v\000a\000t\000i\000o\000n\000:\000\040\000=\000\040\0002}{chapter.7}% 145
\BOOKMARK [2][]{subsection.7.4.1}{\376\377\0007\000.\0004\000.\0001\000\040\000T\000h\000e\000\040\000W\000i\000n\000d\000i\000n\000g\000\040\000I\000n\000t\000e\000g\000r\000a\000l}{section.7.4}% 146
\BOOKMARK [2][]{subsection.7.4.2}{\376\377\0007\000.\0004\000.\0002\000\040\000A\000c\000t\000i\000o\000n\000\040\000N\000o\000r\000m\000a\000l\000i\000z\000a\000t\000i\000o\000n}{section.7.4}% 147
\BOOKMARK [2][]{subsection.7.4.3}{\376\377\0007\000.\0004\000.\0003\000\040\000T\000h\000e\000\040\000E\000D\000C\000\040\000R\000e\000s\000u\000l\000t}{section.7.4}% 148
\BOOKMARK [2][]{subsection.7.4.4}{\376\377\0007\000.\0004\000.\0004\000\040\000W\000h\000a\000t\000\040\000=\000\040\0002\000\040\000I\000s\000\040\000N\000O\000T}{section.7.4}% 149
\BOOKMARK [1][]{section.7.5}{\376\377\0007\000.\0005\000\040\000E\000p\000i\000s\000t\000e\000m\000i\000c\000\040\000S\000t\000a\000t\000u\000s}{chapter.7}% 150
\BOOKMARK [1][]{section.7.6}{\376\377\0007\000.\0006\000\040\000F\000a\000l\000s\000i\000f\000i\000a\000b\000i\000l\000i\000t\000y}{chapter.7}% 151
\BOOKMARK [1][]{section.7.7}{\376\377\0007\000.\0007\000\040\000S\000u\000m\000m\000a\000r\000y}{chapter.7}% 152
\BOOKMARK [0][]{chapter.8}{\376\377\0008\000\040\000L\0000\000/\000\040\000S\000c\000a\000l\000e\000\040\000R\000a\000t\000i\000o}{part.3}% 153
\BOOKMARK [1][]{section.8.1}{\376\377\0008\000.\0001\000\040\000T\000w\000o\000\040\000L\000e\000n\000g\000t\000h\000\040\000S\000c\000a\000l\000e\000s}{chapter.8}% 154
\BOOKMARK [2][]{subsection.8.1.1}{\376\377\0008\000.\0001\000.\0001\000\040\000T\000h\000e\000\040\000J\000u\000n\000c\000t\000i\000o\000n\000\040\000E\000x\000t\000e\000n\000t\000\040\000L\0000}{section.8.1}% 155
\BOOKMARK [2][]{subsection.8.1.2}{\376\377\0008\000.\0001\000.\0002\000\040\000T\000h\000e\000\040\000B\000r\000a\000n\000e\000\040\000S\000c\000a\000l\000e\000\040}{section.8.1}% 156
\BOOKMARK [2][]{subsection.8.1.3}{\376\377\0008\000.\0001\000.\0003\000\040\000D\000i\000m\000e\000n\000s\000i\000o\000n\000a\000l\000\040\000C\000o\000n\000s\000i\000s\000t\000e\000n\000c\000y}{section.8.1}% 157
\BOOKMARK [1][]{section.8.2}{\376\377\0008\000.\0002\000\040\000T\000h\000e\000\040\0002\000\040\000H\000y\000p\000o\000t\000h\000e\000s\000i\000s}{chapter.8}% 158
\BOOKMARK [2][]{subsection.8.2.1}{\376\377\0008\000.\0002\000.\0001\000\040\000S\000t\000a\000t\000e\000m\000e\000n\000t}{section.8.2}% 159
\BOOKMARK [2][]{subsection.8.2.2}{\376\377\0008\000.\0002\000.\0002\000\040\000N\000u\000m\000e\000r\000i\000c\000a\000l\000\040\000I\000m\000p\000l\000i\000c\000a\000t\000i\000o\000n\000s}{section.8.2}% 160
\BOOKMARK [2][]{subsection.8.2.3}{\376\377\0008\000.\0002\000.\0003\000\040\000F\000o\000r\000\040\000M\000e\000t\000a\000s\000t\000a\000b\000l\000e\000\040\000L\000i\000f\000e\000t\000i\000m\000e}{section.8.2}% 161
\BOOKMARK [1][]{section.8.3}{\376\377\0008\000.\0003\000\040\000G\000e\000o\000m\000e\000t\000r\000i\000c\000\040\000M\000o\000t\000i\000v\000a\000t\000i\000o\000n}{chapter.8}% 162
\BOOKMARK [2][]{subsection.8.3.1}{\376\377\0008\000.\0003\000.\0001\000\040\000A\000p\000p\000r\000o\000a\000c\000h\000\040\0001\000:\000\040\000S\000t\000a\000n\000d\000i\000n\000g\000\040\000W\000a\000v\000e\000\040\000i\000n\000\040\000C\000o\000m\000p\000a\000c\000t\000\040\000D\000i\000m\000e\000n\000s\000i\000o\000n}{section.8.3}% 163
\BOOKMARK [2][]{subsection.8.3.2}{\376\377\0008\000.\0003\000.\0002\000\040\000A\000p\000p\000r\000o\000a\000c\000h\000\040\0002\000:\000\040\000T\000w\000o\000-\000F\000o\000l\000d\000\040\000W\000i\000n\000d\000i\000n\000g}{section.8.3}% 164
\BOOKMARK [2][]{subsection.8.3.3}{\376\377\0008\000.\0003\000.\0003\000\040\000A\000p\000p\000r\000o\000a\000c\000h\000\040\0003\000:\000\040\000S\000t\000e\000i\000n\000e\000r\000\040\000J\000u\000n\000c\000t\000i\000o\000n\000\040\000w\000i\000t\000h\000\040\000R\000e\000g\000u\000l\000a\000r\000i\000z\000a\000t\000i\000o\000n}{section.8.3}% 165
\BOOKMARK [2][]{subsection.8.3.4}{\376\377\0008\000.\0003\000.\0004\000\040\000S\000u\000m\000m\000a\000r\000y\000\040\000o\000f\000\040\000G\000e\000o\000m\000e\000t\000r\000i\000c\000\040\000A\000p\000p\000r\000o\000a\000c\000h\000e\000s}{section.8.3}% 166
\BOOKMARK [1][]{section.8.4}{\376\377\0008\000.\0004\000\040\000P\000o\000t\000e\000n\000t\000i\000a\000l\000-\000T\000h\000e\000o\000r\000e\000t\000i\000c\000\040\000A\000p\000p\000r\000o\000a\000c\000h\000\040\000\050\0005\000D\000\051}{chapter.8}% 167
\BOOKMARK [2][]{subsection.8.4.1}{\376\377\0008\000.\0004\000.\0001\000\040\000S\000e\000t\000u\000p}{section.8.4}% 168
\BOOKMARK [2][]{subsection.8.4.2}{\376\377\0008\000.\0004\000.\0002\000\040\000C\000h\000a\000r\000a\000c\000t\000e\000r\000i\000s\000t\000i\000c\000\040\000S\000c\000a\000l\000e}{section.8.4}% 169
\BOOKMARK [2][]{subsection.8.4.3}{\376\377\0008\000.\0004\000.\0003\000\040\000D\000i\000m\000e\000n\000s\000i\000o\000n\000a\000l\000\040\000A\000r\000g\000u\000m\000e\000n\000t}{section.8.4}% 170
\BOOKMARK [1][]{section.8.5}{\376\377\0008\000.\0005\000\040\000T\000e\000n\000s\000i\000o\000n\000\040\000w\000i\000t\000h\000\040\000O\000b\000s\000e\000r\000v\000a\000b\000l\000e\000s}{chapter.8}% 171
\BOOKMARK [2][]{subsection.8.5.1}{\376\377\0008\000.\0005\000.\0001\000\040\000T\000h\000e\000\040\0002\000\040\000v\000s\000\040\0003\000\040\000Q\000u\000e\000s\000t\000i\000o\000n}{section.8.5}% 172
\BOOKMARK [2][]{subsection.8.5.2}{\376\377\0008\000.\0005\000.\0002\000\040\000I\000m\000p\000a\000c\000t\000\040\000o\000n\000\040\000M\000e\000t\000a\000s\000t\000a\000b\000l\000e\000\040\000L\000i\000f\000e\000t\000i\000m\000e}{section.8.5}% 173
\BOOKMARK [2][]{subsection.8.5.3}{\376\377\0008\000.\0005\000.\0003\000\040\000R\000e\000s\000o\000l\000u\000t\000i\000o\000n}{section.8.5}% 174
\BOOKMARK [1][]{section.8.6}{\376\377\0008\000.\0006\000\040\000E\000p\000i\000s\000t\000e\000m\000i\000c\000\040\000S\000t\000a\000t\000u\000s}{chapter.8}% 175
\BOOKMARK [1][]{section.8.7}{\376\377\0008\000.\0007\000\040\000F\000a\000l\000s\000i\000f\000i\000a\000b\000i\000l\000i\000t\000y}{chapter.8}% 176
\BOOKMARK [1][]{section.8.8}{\376\377\0008\000.\0008\000\040\000S\000u\000m\000m\000a\000r\000y}{chapter.8}% 177
\BOOKMARK [0][]{chapter.9}{\376\377\0009\000\040\000n\000=\000\040\0008\0008\0000\000s\000\040\000P\000r\000e\000d\000i\000c\000t\000i\000o\000n}{part.3}% 178
\BOOKMARK [1][]{section.9.1}{\376\377\0009\000.\0001\000\040\000A\000s\000s\000e\000m\000b\000l\000y\000\040\000M\000a\000p}{chapter.9}% 179
\BOOKMARK [2][]{subsection.9.1.1}{\376\377\0009\000.\0001\000.\0001\000\040\000E\000p\000i\000s\000t\000e\000m\000i\000c\000\040\000F\000l\000o\000w}{section.9.1}% 180
\BOOKMARK [1][]{section.9.2}{\376\377\0009\000.\0002\000\040\000T\000h\000e\000\040\000E\000x\000p\000o\000n\000e\000n\000t\000:\000\040\000S\000E\000/}{chapter.9}% 181
\BOOKMARK [2][]{subsection.9.2.1}{\376\377\0009\000.\0002\000.\0001\000\040\000C\000o\000m\000p\000u\000t\000a\000t\000i\000o\000n}{section.9.2}% 182
\BOOKMARK [2][]{subsection.9.2.2}{\376\377\0009\000.\0002\000.\0002\000\040\000C\000o\000n\000s\000t\000a\000n\000t\000s\000\040\000T\000a\000b\000l\000e}{section.9.2}% 183
\BOOKMARK [2][]{subsection.9.2.3}{\376\377\0009\000.\0002\000.\0003\000\040\000E\000x\000p\000o\000n\000e\000n\000t\000i\000a\000l\000\040\000F\000a\000c\000t\000o\000r}{section.9.2}% 184
\BOOKMARK [1][]{section.9.3}{\376\377\0009\000.\0003\000\040\000T\000h\000e\000\040\000P\000r\000e\000f\000a\000c\000t\000o\000r\000\040\000B\000l\000o\000c\000k}{chapter.9}% 185
\BOOKMARK [2][]{subsection.9.3.1}{\376\377\0009\000.\0003\000.\0001\000\040\000P\000h\000y\000s\000i\000c\000a\000l\000\040\000I\000n\000t\000e\000r\000p\000r\000e\000t\000a\000t\000i\000o\000n\000\040\000\050\000E\000D\000C\000-\000N\000a\000t\000i\000v\000e\000\051}{section.9.3}% 186
\BOOKMARK [2][]{subsection.9.3.2}{\376\377\0009\000.\0003\000.\0002\000\040\000A\000t\000t\000e\000m\000p\000t\000\040\000F\000r\000e\000q\000u\000e\000n\000c\000y\000\040\0000}{section.9.3}% 187
\BOOKMARK [2][]{subsection.9.3.3}{\376\377\0009\000.\0003\000.\0003\000\040\000D\000i\000m\000e\000n\000s\000i\000o\000n\000l\000e\000s\000s\000\040\000P\000r\000e\000f\000a\000c\000t\000o\000r\000\040\000A}{section.9.3}% 188
\BOOKMARK [2][]{subsection.9.3.4}{\376\377\0009\000.\0003\000.\0004\000\040\000P\000r\000e\000f\000a\000c\000t\000o\000r\000\040\000S\000u\000m\000m\000a\000r\000y\000\040\000T\000a\000b\000l\000e}{section.9.3}% 189
\BOOKMARK [1][]{section.9.4}{\376\377\0009\000.\0004\000\040\000A\000n\000t\000i\000-\000T\000u\000n\000i\000n\000g\000\040\000F\000i\000r\000e\000w\000a\000l\000l}{chapter.9}% 190
\BOOKMARK [1][]{section.9.5}{\376\377\0009\000.\0005\000\040\000N\000u\000m\000e\000r\000i\000c\000a\000l\000\040\000n\000\040\000P\000r\000e\000d\000i\000c\000t\000i\000o\000n}{chapter.9}% 191
\BOOKMARK [2][]{subsection.9.5.1}{\376\377\0009\000.\0005\000.\0001\000\040\000T\000h\000e\000\040\000L\000i\000f\000e\000t\000i\000m\000e\000\040\000F\000o\000r\000m\000u\000l\000a}{section.9.5}% 192
\BOOKMARK [2][]{subsection.9.5.2}{\376\377\0009\000.\0005\000.\0002\000\040\000N\000u\000m\000e\000r\000i\000c\000a\000l\000\040\000E\000v\000a\000l\000u\000a\000t\000i\000o\000n}{section.9.5}% 193
\BOOKMARK [2][]{subsection.9.5.3}{\376\377\0009\000.\0005\000.\0003\000\040\000N\000u\000m\000e\000r\000i\000c\000a\000l\000\040\000S\000u\000m\000m\000a\000r\000y\000\040\000T\000a\000b\000l\000e}{section.9.5}% 194
\BOOKMARK [1][]{section.9.6}{\376\377\0009\000.\0006\000\040\000S\000e\000n\000s\000i\000t\000i\000v\000i\000t\000y\000\040\000A\000n\000a\000l\000y\000s\000i\000s}{chapter.9}% 195
\BOOKMARK [2][]{subsection.9.6.1}{\376\377\0009\000.\0006\000.\0001\000\040\000S\000e\000n\000s\000i\000t\000i\000v\000i\000t\000y\000\040\000t\000o\000\040\000L\0000\000/}{section.9.6}% 196
\BOOKMARK [2][]{subsection.9.6.2}{\376\377\0009\000.\0006\000.\0002\000\040\000S\000e\000n\000s\000i\000t\000i\000v\000i\000t\000y\000\040\000t\000o\000\040}{section.9.6}% 197
\BOOKMARK [2][]{subsection.9.6.3}{\376\377\0009\000.\0006\000.\0003\000\040\000S\000e\000n\000s\000i\000t\000i\000v\000i\000t\000y\000\040\000t\000o\000\040\000P\000r\000e\000f\000a\000c\000t\000o\000r\000\040\000A}{section.9.6}% 198
\BOOKMARK [1][]{section.9.7}{\376\377\0009\000.\0007\000\040\000B\000a\000s\000e\000l\000i\000n\000e\000\040\000D\000a\000t\000u\000m\000\040\000a\000n\000d\000\040\000F\000a\000l\000s\000i\000f\000i\000a\000b\000i\000l\000i\000t\000y}{chapter.9}% 199
\BOOKMARK [2][]{subsection.9.7.1}{\376\377\0009\000.\0007\000.\0001\000\040\000E\000x\000p\000e\000r\000i\000m\000e\000n\000t\000a\000l\000\040\000R\000e\000f\000e\000r\000e\000n\000c\000e}{section.9.7}% 200
\BOOKMARK [2][]{subsection.9.7.2}{\376\377\0009\000.\0007\000.\0002\000\040\000C\000o\000m\000p\000a\000r\000i\000s\000o\000n}{section.9.7}% 201
\BOOKMARK [2][]{subsection.9.7.3}{\376\377\0009\000.\0007\000.\0003\000\040\000F\000a\000l\000s\000i\000f\000i\000a\000b\000i\000l\000i\000t\000y\000\040\000H\000o\000o\000k\000s}{section.9.7}% 202
\BOOKMARK [1][]{section.9.8}{\376\377\0009\000.\0008\000\040\000E\000p\000i\000s\000t\000e\000m\000i\000c\000\040\000S\000t\000a\000t\000u\000s}{chapter.9}% 203
\BOOKMARK [1][]{section.9.9}{\376\377\0009\000.\0009\000\040\000S\000u\000m\000m\000a\000r\000y}{chapter.9}% 204
\BOOKMARK [-1][]{part.4}{\376\377\000I\000V\000\040\000C\000l\000u\000s\000t\000e\000r\000\040\000B\000i\000n\000d\000i\000n\000g}{}% 205
\BOOKMARK [0][]{chapter.10}{\376\377\0001\0000\000\040\000D\000e\000u\000t\000e\000r\000i\000u\000m\000:\000\040\000T\000h\000e\000\040\000M\000i\000n\000i\000m\000a\000l\000\040\000B\000o\000u\000n\000d\000\040\000S\000t\000a\000t\000e}{part.4}% 206
\BOOKMARK [1][]{section.10.1}{\376\377\0001\0000\000.\0001\000\040\000T\000w\000o\000-\000J\000u\000n\000c\000t\000i\000o\000n\000\040\000B\000o\000u\000n\000d\000\040\000S\000t\000a\000t\000e}{chapter.10}% 207
\BOOKMARK [2][]{subsection.10.1.1}{\376\377\0001\0000\000.\0001\000.\0001\000\040\000T\000h\000e\000\040\000M\000i\000n\000i\000m\000a\000l\000\040\000B\000o\000u\000n\000d\000\040\000P\000a\000i\000r}{section.10.1}% 208
\BOOKMARK [2][]{subsection.10.1.2}{\376\377\0001\0000\000.\0001\000.\0002\000\040\000C\000o\000n\000t\000a\000c\000t\000\040\000P\000a\000t\000c\000h\000\040\000G\000e\000o\000m\000e\000t\000r\000y}{section.10.1}% 209
\BOOKMARK [2][]{subsection.10.1.3}{\376\377\0001\0000\000.\0001\000.\0003\000\040\000R\000e\000f\000e\000r\000e\000n\000c\000e\000:\000\040\000P\000i\000n\000n\000i\000n\000g\000\040\000C\000o\000n\000s\000t\000a\000n\000t\000\040\000K}{section.10.1}% 210
\BOOKMARK [1][]{section.10.2}{\376\377\0001\0000\000.\0002\000\040\000P\000i\000n\000n\000i\000n\000g\000\040\000E\000n\000e\000r\000g\000y\000\040\000M\000o\000d\000e\000l\000\040\000f\000o\000r\000\040\000A\000=\0002}{chapter.10}% 211
\BOOKMARK [2][]{subsection.10.2.1}{\376\377\0001\0000\000.\0002\000.\0001\000\040\000B\000o\000n\000d\000\040\000C\000o\000u\000n\000t\000i\000n\000g\000\040\000A\000n\000s\000a\000t\000z}{section.10.2}% 212
\BOOKMARK [2][]{subsection.10.2.2}{\376\377\0001\0000\000.\0002\000.\0002\000\040\000W\000h\000a\000t\000\040\000i\000s\000\040\000a\000\040\000`\000`\000B\000o\000n\000d\000'\000'\000?}{section.10.2}% 213
\BOOKMARK [2][]{subsection.10.2.3}{\376\377\0001\0000\000.\0002\000.\0003\000\040\000M\000o\000d\000e\000l\000\040\000A\000s\000s\000u\000m\000p\000t\000i\000o\000n\000s}{section.10.2}% 214
\BOOKMARK [1][]{section.10.3}{\376\377\0001\0000\000.\0003\000\040\000W\000h\000y\000\040\000N\000b\000o\000n\000d\000s\000\040\000=\000\040\0003}{chapter.10}% 215
\BOOKMARK [2][]{subsection.10.3.1}{\376\377\0001\0000\000.\0003\000.\0001\000\040\000L\000o\000c\000a\000l\000\040\000O\000p\000t\000i\000m\000a\000l\000i\000t\000y\000\040\000R\000e\000s\000u\000l\000t}{section.10.3}% 216
\BOOKMARK [2][]{subsection.10.3.2}{\376\377\0001\0000\000.\0003\000.\0002\000\040\000S\000u\000p\000p\000o\000r\000t\000i\000n\000g\000\040\000G\000e\000o\000m\000e\000t\000r\000i\000c\000\040\000A\000r\000g\000u\000m\000e\000n\000t\000s}{section.10.3}% 217
\BOOKMARK [2][]{subsection.10.3.3}{\376\377\0001\0000\000.\0003\000.\0003\000\040\000S\000u\000m\000m\000a\000r\000y\000\040\000o\000f\000\040\000B\000o\000n\000d\000\040\000C\000o\000u\000n\000t\000\040\000S\000t\000a\000t\000u\000s}{section.10.3}% 218
\BOOKMARK [1][]{section.10.4}{\376\377\0001\0000\000.\0004\000\040\000N\000u\000m\000e\000r\000i\000c\000a\000l\000\040\000E\000v\000a\000l\000u\000a\000t\000i\000o\000n}{chapter.10}% 219
\BOOKMARK [2][]{subsection.10.4.1}{\376\377\0001\0000\000.\0004\000.\0001\000\040\000I\000n\000p\000u\000t\000\040\000P\000a\000r\000a\000m\000e\000t\000e\000r\000s}{section.10.4}% 220
\BOOKMARK [2][]{subsection.10.4.2}{\376\377\0001\0000\000.\0004\000.\0002\000\040\000B\000i\000n\000d\000i\000n\000g\000\040\000E\000n\000e\000r\000g\000y\000\040\000C\000a\000l\000c\000u\000l\000a\000t\000i\000o\000n}{section.10.4}% 221
\BOOKMARK [2][]{subsection.10.4.3}{\376\377\0001\0000\000.\0004\000.\0003\000\040\000R\000e\000s\000u\000l\000t\000s\000\040\000T\000a\000b\000l\000e}{section.10.4}% 222
\BOOKMARK [1][]{section.10.5}{\376\377\0001\0000\000.\0005\000\040\000B\000a\000s\000e\000l\000i\000n\000e\000\040\000D\000a\000t\000u\000m\000\040\000a\000n\000d\000\040\000C\000o\000m\000p\000a\000r\000i\000s\000o\000n}{chapter.10}% 223
\BOOKMARK [2][]{subsection.10.5.1}{\376\377\0001\0000\000.\0005\000.\0001\000\040\000E\000x\000p\000e\000r\000i\000m\000e\000n\000t\000a\000l\000\040\000R\000e\000f\000e\000r\000e\000n\000c\000e}{section.10.5}% 224
\BOOKMARK [2][]{subsection.10.5.2}{\376\377\0001\0000\000.\0005\000.\0002\000\040\000C\000o\000m\000p\000a\000r\000i\000s\000o\000n}{section.10.5}% 225
\BOOKMARK [1][]{section.10.6}{\376\377\0001\0000\000.\0006\000\040\000S\000e\000n\000s\000i\000t\000i\000v\000i\000t\000y\000\040\000a\000n\000d\000\040\000R\000o\000b\000u\000s\000t\000n\000e\000s\000s}{chapter.10}% 226
\BOOKMARK [2][]{subsection.10.6.1}{\376\377\0001\0000\000.\0006\000.\0001\000\040\000S\000e\000n\000s\000i\000t\000i\000v\000i\000t\000y\000\040\000t\000o\000\040\000K}{section.10.6}% 227
\BOOKMARK [2][]{subsection.10.6.2}{\376\377\0001\0000\000.\0006\000.\0002\000\040\000S\000e\000n\000s\000i\000t\000i\000v\000i\000t\000y\000\040\000t\000o\000\040\000N\000b\000o\000n\000d\000s}{section.10.6}% 228
\BOOKMARK [2][]{subsection.10.6.3}{\376\377\0001\0000\000.\0006\000.\0003\000\040\000R\000o\000b\000u\000s\000t\000n\000e\000s\000s\000\040\000A\000s\000s\000e\000s\000s\000m\000e\000n\000t}{section.10.6}% 229
\BOOKMARK [1][]{section.10.7}{\376\377\0001\0000\000.\0007\000\040\000E\000p\000i\000s\000t\000e\000m\000i\000c\000\040\000S\000t\000a\000t\000u\000s}{chapter.10}% 230
\BOOKMARK [2][]{subsection.10.7.1}{\376\377\0001\0000\000.\0007\000.\0001\000\040\000O\000p\000e\000n\000\040\000P\000r\000o\000b\000l\000e\000m\000s}{section.10.7}% 231
\BOOKMARK [1][]{section.10.8}{\376\377\0001\0000\000.\0008\000\040\000F\000a\000l\000s\000i\000f\000i\000a\000b\000i\000l\000i\000t\000y}{chapter.10}% 232
\BOOKMARK [1][]{section.10.9}{\376\377\0001\0000\000.\0009\000\040\000S\000u\000m\000m\000a\000r\000y}{chapter.10}% 233
\BOOKMARK [0][]{chapter.11}{\376\377\0001\0001\000\040\000H\000e\000l\000i\000u\000m\000-\0004\000:\000\040\000T\000h\000e\000\040\000C\000l\000o\000s\000e\000d\000\040\000T\000o\000p\000o\000l\000o\000g\000i\000c\000a\000l\000\040\000U\000n\000i\000t}{part.4}% 234
\BOOKMARK [1][]{section.11.1}{\376\377\0001\0001\000.\0001\000\040\000B\000a\000s\000e\000l\000i\000n\000e\000:\000\040\000T\000h\000e\000\040\000A\000=\0004\000\040\000S\000y\000s\000t\000e\000m}{chapter.11}% 235
\BOOKMARK [2][]{subsection.11.1.1}{\376\377\0001\0001\000.\0001\000.\0001\000\040\000E\000m\000p\000i\000r\000i\000c\000a\000l\000\040\000A\000n\000c\000h\000o\000r}{section.11.1}% 236
\BOOKMARK [2][]{subsection.11.1.2}{\376\377\0001\0001\000.\0001\000.\0002\000\040\000T\000h\000e\000\040\000P\000u\000z\000z\000l\000e}{section.11.1}% 237
\BOOKMARK [1][]{section.11.2}{\376\377\0001\0001\000.\0002\000\040\000W\000h\000y\000\040\000N\000a\000i\000v\000e\000\040\000B\000o\000n\000d\000\040\000C\000o\000u\000n\000t\000i\000n\000g\000\040\000F\000a\000i\000l\000s}{chapter.11}% 238
\BOOKMARK [2][]{subsection.11.2.1}{\376\377\0001\0001\000.\0002\000.\0001\000\040\000C\000o\000n\000t\000a\000c\000t\000\040\000G\000r\000a\000p\000h\000\040\000A\000n\000a\000l\000y\000s\000i\000s}{section.11.2}% 239
\BOOKMARK [2][]{subsection.11.2.2}{\376\377\0001\0001\000.\0002\000.\0002\000\040\000W\000h\000a\000t\000\040\000B\000o\000n\000d\000\040\000C\000o\000u\000n\000t\000i\000n\000g\000\040\000M\000i\000s\000s\000e\000s}{section.11.2}% 240
\BOOKMARK [1][]{section.11.3}{\376\377\0001\0001\000.\0003\000\040\000T\000h\000e\000\040\000C\000l\000o\000s\000e\000d\000\040\000T\000o\000p\000o\000l\000o\000g\000y\000\040\000M\000e\000c\000h\000a\000n\000i\000s\000m}{chapter.11}% 241
\BOOKMARK [2][]{subsection.11.3.1}{\376\377\0001\0001\000.\0003\000.\0001\000\040\000D\000e\000f\000i\000n\000i\000t\000i\000o\000n\000:\000\040\000C\000l\000o\000s\000e\000d\000\040\000T\000o\000p\000o\000l\000o\000g\000i\000c\000a\000l\000\040\000U\000n\000i\000t}{section.11.3}% 242
\BOOKMARK [2][]{subsection.11.3.2}{\376\377\0001\0001\000.\0003\000.\0002\000\040\000C\000o\000n\000t\000r\000a\000s\000t\000\040\000w\000i\000t\000h\000\040\000O\000p\000e\000n\000\040\000C\000h\000a\000i\000n\000s}{section.11.3}% 243
\BOOKMARK [2][]{subsection.11.3.3}{\376\377\0001\0001\000.\0003\000.\0003\000\040\000P\000h\000y\000s\000i\000c\000a\000l\000\040\000P\000i\000c\000t\000u\000r\000e}{section.11.3}% 244
\BOOKMARK [1][]{section.11.4}{\376\377\0001\0001\000.\0004\000\040\000F\000o\000u\000r\000-\000T\000e\000r\000m\000\040\000B\000u\000d\000g\000e\000t\000\040\000f\000o\000r\000\040\000B\0004}{chapter.11}% 245
\BOOKMARK [2][]{subsection.11.4.1}{\376\377\0001\0001\000.\0004\000.\0001\000\040\000T\000e\000r\000m\000\040\0001\000:\000\040\000L\000o\000c\000a\000l\000i\000z\000a\000t\000i\000o\000n\000\040\000S\000h\000a\000r\000i\000n\000g\000\040\000\050\000E\000l\000o\000c\000\051}{section.11.4}% 246
\BOOKMARK [2][]{subsection.11.4.2}{\376\377\0001\0001\000.\0004\000.\0002\000\040\000T\000e\000r\000m\000\040\0002\000:\000\040\000P\000i\000n\000n\000i\000n\000g\000\040\000B\000o\000n\000d\000s\000\040\000\050\000E\000p\000i\000n\000\051}{section.11.4}% 247
\BOOKMARK [2][]{subsection.11.4.3}{\376\377\0001\0001\000.\0004\000.\0003\000\040\000T\000e\000r\000m\000\040\0003\000:\000\040\000S\000u\000r\000f\000a\000c\000e\000\040\000R\000e\000d\000u\000c\000t\000i\000o\000n\000\040\000\050\000E\000s\000u\000r\000f\000\051}{section.11.4}% 248
\BOOKMARK [2][]{subsection.11.4.4}{\376\377\0001\0001\000.\0004\000.\0004\000\040\000T\000e\000r\000m\000\040\0004\000:\000\040\000C\000l\000o\000s\000u\000r\000e\000\040\000F\000l\000u\000x\000\040\000C\000a\000n\000c\000e\000l\000l\000a\000t\000i\000o\000n\000\040\000\050\000E\000c\000l\000\051}{section.11.4}% 249
\BOOKMARK [2][]{subsection.11.4.5}{\376\377\0001\0001\000.\0004\000.\0005\000\040\000T\000o\000t\000a\000l\000\040\000B\000u\000d\000g\000e\000t}{section.11.4}% 250
\BOOKMARK [1][]{section.11.5}{\376\377\0001\0001\000.\0005\000\040\000G\000e\000o\000m\000e\000t\000r\000y\000\040\000o\000f\000\040\000t\000h\000e\000\040\000A\000=\0004\000\040\000U\000n\000i\000t}{chapter.11}% 251
\BOOKMARK [2][]{subsection.11.5.1}{\376\377\0001\0001\000.\0005\000.\0001\000\040\000C\000o\000m\000p\000l\000e\000t\000e\000\040\000K\0004\000\040\000C\000o\000n\000t\000a\000c\000t\000\040\000G\000r\000a\000p\000h}{section.11.5}% 252
\BOOKMARK [2][]{subsection.11.5.2}{\376\377\0001\0001\000.\0005\000.\0002\000\040\000W\000h\000y\000\040\000A\000=\0004\000\040\000i\000s\000\040\000E\000x\000c\000e\000p\000t\000i\000o\000n\000a\000l}{section.11.5}% 253
\BOOKMARK [2][]{subsection.11.5.3}{\376\377\0001\0001\000.\0005\000.\0003\000\040\000S\000c\000h\000e\000m\000a\000t\000i\000c}{section.11.5}% 254
\BOOKMARK [1][]{section.11.6}{\376\377\0001\0001\000.\0006\000\040\000F\000o\000r\000m\000a\000l\000\040\000M\000i\000n\000i\000m\000a\000l\000i\000t\000y\000\040\000T\000h\000e\000o\000r\000e\000m\000\040\000f\000o\000r\000\040\000c\000l\000o\000s\000e\000d\000-\0004\000\040\000u\000n\000i\000t}{chapter.11}% 255
\BOOKMARK [2][]{subsection.11.6.1}{\376\377\0001\0001\000.\0006\000.\0001\000\040\000F\000o\000r\000m\000a\000l\000\040\000D\000e\000f\000i\000n\000i\000t\000i\000o\000n\000s}{section.11.6}% 256
\BOOKMARK [2][]{subsection.11.6.2}{\376\377\0001\0001\000.\0006\000.\0002\000\040\000L\000e\000m\000m\000a\000\040\000C\000h\000a\000i\000n}{section.11.6}% 257
\BOOKMARK [2][]{subsection.11.6.3}{\376\377\0001\0001\000.\0006\000.\0003\000\040\000M\000a\000i\000n\000\040\000T\000h\000e\000o\000r\000e\000m}{section.11.6}% 258
\BOOKMARK [2][]{subsection.11.6.4}{\376\377\0001\0001\000.\0006\000.\0004\000\040\000C\000o\000r\000o\000l\000l\000a\000r\000y\000:\000\040\000c\000l\000o\000s\000e\000d\000-\0004\000\040\000r\000e\000l\000e\000a\000s\000e\000\040\000B\000i\000a\000s}{section.11.6}% 259
\BOOKMARK [2][]{subsection.11.6.5}{\376\377\0001\0001\000.\0006\000.\0005\000\040\000E\000p\000i\000s\000t\000e\000m\000i\000c\000\040\000S\000t\000a\000t\000u\000s\000\040\000o\000f\000\040\000M\000i\000n\000i\000m\000a\000l\000i\000t\000y\000\040\000P\000r\000o\000o\000f}{section.11.6}% 260
\BOOKMARK [1][]{section.11.7}{\376\377\0001\0001\000.\0007\000\040\000I\000n\000p\000u\000t\000s\000\040\000T\000a\000b\000l\000e}{chapter.11}% 261
\BOOKMARK [1][]{section.11.8}{\376\377\0001\0001\000.\0008\000\040\000S\000e\000n\000s\000i\000t\000i\000v\000i\000t\000y\000\040\000a\000n\000d\000\040\000R\000o\000b\000u\000s\000t\000n\000e\000s\000s}{chapter.11}% 262
\BOOKMARK [2][]{subsection.11.8.1}{\376\377\0001\0001\000.\0008\000.\0001\000\040\000P\000a\000r\000a\000m\000e\000t\000e\000r\000\040\000V\000a\000r\000i\000a\000t\000i\000o\000n\000s}{section.11.8}% 263
\BOOKMARK [2][]{subsection.11.8.2}{\376\377\0001\0001\000.\0008\000.\0002\000\040\000C\000l\000o\000s\000u\000r\000e\000\040\000T\000e\000r\000m\000\040\000U\000n\000c\000e\000r\000t\000a\000i\000n\000t\000y}{section.11.8}% 264
\BOOKMARK [1][]{section.11.9}{\376\377\0001\0001\000.\0009\000\040\000E\000p\000i\000s\000t\000e\000m\000i\000c\000\040\000S\000t\000a\000t\000u\000s}{chapter.11}% 265
\BOOKMARK [1][]{section.11.10}{\376\377\0001\0001\000.\0001\0000\000\040\000O\000p\000e\000n\000\040\000P\000r\000o\000b\000l\000e\000m\000s}{chapter.11}% 266
\BOOKMARK [1][]{section.11.11}{\376\377\0001\0001\000.\0001\0001\000\040\000F\000a\000l\000s\000i\000f\000i\000a\000b\000i\000l\000i\000t\000y}{chapter.11}% 267
\BOOKMARK [1][]{section.11.12}{\376\377\0001\0001\000.\0001\0002\000\040\000S\000u\000m\000m\000a\000r\000y}{chapter.11}% 268
\BOOKMARK [0][]{chapter.12}{\376\377\0001\0002\000\040\000L\000i\000g\000h\000t\000\040\000N\000u\000c\000l\000e\000i\000\040\000P\000a\000t\000t\000e\000r\000n\000s}{part.4}% 269
\BOOKMARK [1][]{section.12.1}{\376\377\0001\0002\000.\0001\000\040\000M\000i\000n\000i\000m\000a\000l\000\040\000C\000l\000u\000s\000t\000e\000r\000\040\000T\000a\000x\000o\000n\000o\000m\000y}{chapter.12}% 270
\BOOKMARK [2][]{subsection.12.1.1}{\376\377\0001\0002\000.\0001\000.\0001\000\040\000W\000h\000a\000t\000\040\000`\000`\000A\000'\000'\000\040\000M\000e\000a\000n\000s\000\040\000i\000n\000\040\000B\000o\000o\000k\000\040\000I\000V}{section.12.1}% 271
\BOOKMARK [2][]{subsection.12.1.2}{\376\377\0001\0002\000.\0001\000.\0002\000\040\000C\000l\000o\000s\000u\000r\000e\000\040\000C\000l\000a\000s\000s\000i\000f\000i\000c\000a\000t\000i\000o\000n}{section.12.1}% 272
\BOOKMARK [2][]{subsection.12.1.3}{\376\377\0001\0002\000.\0001\000.\0003\000\040\000C\000o\000n\000f\000i\000g\000u\000r\000a\000t\000i\000o\000n\000\040\000G\000l\000o\000s\000s\000a\000r\000y}{section.12.1}% 273
\BOOKMARK [1][]{section.12.2}{\376\377\0001\0002\000.\0002\000\040\000T\000h\000e\000\040\000A\000=\0003\000\040\000C\000a\000s\000e\000s}{chapter.12}% 274
\BOOKMARK [2][]{subsection.12.2.1}{\376\377\0001\0002\000.\0002\000.\0001\000\040\000T\000w\000o\000\040\000C\000a\000n\000d\000i\000d\000a\000t\000e\000\040\000T\000o\000p\000o\000l\000o\000g\000i\000e\000s}{section.12.2}% 275
\BOOKMARK [2][]{subsection.12.2.2}{\376\377\0001\0002\000.\0002\000.\0002\000\040\000W\000h\000y\000\040\000A\000=\0003\000\040\000C\000a\000n\000n\000o\000t\000\040\000R\000e\000a\000c\000h\000\040\000C\000l\000o\000s\000e\000d\000-\000U\000n\000i\000t\000\040\000E\000f\000f\000e\000c\000t}{section.12.2}% 276
\BOOKMARK [2][]{subsection.12.2.3}{\376\377\0001\0002\000.\0002\000.\0003\000\040\000B\000a\000s\000e\000l\000i\000n\000e\000\040\000V\000a\000l\000u\000e\000s\000\040\000f\000o\000r\000\040\000A\000=\0003}{section.12.2}% 277
\BOOKMARK [1][]{section.12.3}{\376\377\0001\0002\000.\0003\000\040\000T\000h\000e\000\040\000A\000=\0004\000\040\000U\000n\000i\000q\000u\000e\000n\000e\000s\000s}{chapter.12}% 278
\BOOKMARK [1][]{section.12.4}{\376\377\0001\0002\000.\0004\000\040\000A\000=\0005\000\040\000t\000o\000\040\000A\000=\0001\0000\000:\000\040\000P\000a\000t\000t\000e\000r\000n\000-\000B\000u\000i\000l\000d\000i\000n\000g\000\040\000b\000y\000\040\000C\000o\000m\000p\000o\000s\000i\000t\000i\000o\000n}{chapter.12}% 279
\BOOKMARK [2][]{subsection.12.4.1}{\376\377\0001\0002\000.\0004\000.\0001\000\040\000T\000h\000e\000\040\000C\000o\000m\000p\000o\000s\000i\000t\000i\000o\000n\000\040\000P\000r\000i\000n\000c\000i\000p\000l\000e}{section.12.4}% 280
\BOOKMARK [2][]{subsection.12.4.2}{\376\377\0001\0002\000.\0004\000.\0002\000\040\000A\000=\0005\000:\000\040\000C\000l\000o\000s\000e\000d\000-\0004\000\040\000+\000\040\0001\000\040\000A\000p\000p\000e\000n\000d\000a\000g\000e}{section.12.4}% 281
\BOOKMARK [2][]{subsection.12.4.3}{\376\377\0001\0002\000.\0004\000.\0003\000\040\000A\000=\0006\000:\000\040\000C\000l\000o\000s\000e\000d\000-\0004\000\040\000+\000\040\000O\000p\000e\000n\000-\0002\000\040\000\050\000D\000e\000u\000t\000e\000r\000o\000n\000\040\000A\000p\000p\000e\000n\000d\000a\000g\000e\000\051}{section.12.4}% 282
\BOOKMARK [2][]{subsection.12.4.4}{\376\377\0001\0002\000.\0004\000.\0004\000\040\000A\000=\0007\000:\000\040\000C\000l\000o\000s\000e\000d\000-\0004\000\040\000+\000\040\000T\000r\000i\000a\000n\000g\000u\000l\000a\000r\000\040\000A\000p\000p\000e\000n\000d\000a\000g\000e}{section.12.4}% 283
\BOOKMARK [2][]{subsection.12.4.5}{\376\377\0001\0002\000.\0004\000.\0005\000\040\000S\000c\000h\000e\000m\000a\000t\000i\000c\000:\000\040\000A\000=\0005\000,\000\040\0006\000,\000\040\0007\000\040\000C\000o\000m\000p\000o\000s\000i\000t\000i\000o\000n}{section.12.4}% 284
\BOOKMARK [1][]{section.12.5}{\376\377\0001\0002\000.\0005\000\040\000T\000h\000e\000\040\000A\000=\0008\000\040\000I\000n\000s\000t\000a\000b\000i\000l\000i\000t\000y\000\040\000C\000a\000s\000e}{chapter.12}% 285
\BOOKMARK [2][]{subsection.12.5.1}{\376\377\0001\0002\000.\0005\000.\0001\000\040\000T\000h\000e\000\040\000P\000u\000z\000z\000l\000e}{section.12.5}% 286
\BOOKMARK [2][]{subsection.12.5.2}{\376\377\0001\0002\000.\0005\000.\0002\000\040\000E\000D\000C\000\040\000E\000x\000p\000l\000a\000n\000a\000t\000i\000o\000n\000\040\0001\000:\000\040\000C\000l\000o\000s\000u\000r\000e\000\040\000S\000a\000t\000u\000r\000a\000t\000i\000o\000n}{section.12.5}% 287
\BOOKMARK [2][]{subsection.12.5.3}{\376\377\0001\0002\000.\0005\000.\0003\000\040\000E\000D\000C\000\040\000E\000x\000p\000l\000a\000n\000a\000t\000i\000o\000n\000\040\0002\000:\000\040\000L\000o\000c\000a\000l\000i\000z\000a\000t\000i\000o\000n\000\040\000G\000e\000o\000m\000e\000t\000r\000y}{section.12.5}% 288
\BOOKMARK [2][]{subsection.12.5.4}{\376\377\0001\0002\000.\0005\000.\0004\000\040\000Q\000u\000a\000n\000t\000i\000t\000a\000t\000i\000v\000e\000\040\000E\000s\000t\000i\000m\000a\000t\000e}{section.12.5}% 289
\BOOKMARK [1][]{section.12.6}{\376\377\0001\0002\000.\0006\000\040\000T\000a\000b\000l\000e\000s}{chapter.12}% 290
\BOOKMARK [2][]{subsection.12.6.1}{\376\377\0001\0002\000.\0006\000.\0001\000\040\000T\000a\000b\000l\000e\000\040\0001\0002\000.\0001\000:\000\040\000B\000a\000s\000e\000l\000i\000n\000e\000\040\000B\000i\000n\000d\000i\000n\000g\000\040\000E\000n\000e\000r\000g\000i\000e\000s}{section.12.6}% 291
\BOOKMARK [2][]{subsection.12.6.2}{\376\377\0001\0002\000.\0006\000.\0002\000\040\000T\000a\000b\000l\000e\000\040\0001\0002\000.\0002\000:\000\040\000E\000D\000C\000\040\000P\000a\000t\000t\000e\000r\000n\000\040\000C\000l\000a\000s\000s\000i\000f\000i\000c\000a\000t\000i\000o\000n}{section.12.6}% 292
\BOOKMARK [2][]{subsection.12.6.3}{\376\377\0001\0002\000.\0006\000.\0003\000\040\000T\000a\000b\000l\000e\000\040\0001\0002\000.\0003\000:\000\040\000S\000e\000n\000s\000i\000t\000i\000v\000i\000t\000y\000\040\000A\000n\000a\000l\000y\000s\000i\000s}{section.12.6}% 293
\BOOKMARK [2][]{subsection.12.6.4}{\376\377\0001\0002\000.\0006\000.\0004\000\040\000T\000a\000b\000l\000e\000\040\0001\0002\000.\0004\000:\000\040\000E\000p\000i\000s\000t\000e\000m\000i\000c\000\040\000L\000e\000d\000g\000e\000r}{section.12.6}% 294
\BOOKMARK [1][]{section.12.7}{\376\377\0001\0002\000.\0007\000\040\000F\000a\000l\000s\000i\000f\000i\000a\000b\000i\000l\000i\000t\000y\000\040\000H\000o\000o\000k\000s}{chapter.12}% 295
\BOOKMARK [1][]{section.12.8}{\376\377\0001\0002\000.\0008\000\040\000M\000i\000n\000i\000m\000a\000l\000\040\000C\000l\000o\000s\000e\000d\000-\0004\000\040\000U\000n\000i\000t\000\040\000a\000n\000d\000\040\000E\000m\000i\000s\000s\000i\000o\000n\000\040\000B\000i\000a\000s}{chapter.12}% 296
\BOOKMARK [2][]{subsection.12.8.1}{\376\377\0001\0002\000.\0008\000.\0001\000\040\000M\000i\000n\000i\000m\000a\000l\000\040\000C\000l\000o\000s\000e\000d\000\040\000U\000n\000i\000t\000\040\000\050\000A\000=\0004\000\051}{section.12.8}% 297
\BOOKMARK [2][]{subsection.12.8.2}{\376\377\0001\0002\000.\0008\000.\0002\000\040\000O\000p\000e\000r\000a\000t\000i\000o\000n\000a\000l\000\040\000C\000o\000n\000s\000e\000q\000u\000e\000n\000c\000e}{section.12.8}% 298
\BOOKMARK [2][]{subsection.12.8.3}{\376\377\0001\0002\000.\0008\000.\0003\000\040\000F\000o\000r\000w\000a\000r\000d\000\040\000L\000i\000n\000k\000\040\000\050\000t\000o\000\040\000P\000a\000r\000t\000\040\000E\000\051}{section.12.8}% 299
\BOOKMARK [1][]{section.12.9}{\376\377\0001\0002\000.\0009\000\040\000S\000u\000m\000m\000a\000r\000y}{chapter.12}% 300
\BOOKMARK [-1][]{part.5}{\376\377\000V\000\040\000C\000l\000o\000s\000e\000d\000-\0004\000\040\000R\000e\000l\000e\000a\000s\000e}{}% 301
\BOOKMARK [0][]{chapter.13}{\376\377\0001\0003\000\040\000B\000a\000r\000r\000i\000e\000r\000-\000L\000i\000m\000i\000t\000e\000d\000\040\000R\000e\000l\000e\000a\000s\000e\000\040\000S\000y\000s\000t\000e\000m\000a\000t\000i\000c\000s}{part.5}% 302
\BOOKMARK [1][]{section.13.1}{\376\377\0001\0003\000.\0001\000\040\000M\000o\000t\000i\000v\000a\000t\000i\000o\000n\000:\000\040\000A\000\040\000B\000a\000s\000e\000l\000i\000n\000e\000\040\000L\000a\000w\000\040\000f\000o\000r\000\040\000B\000a\000r\000r\000i\000e\000r\000-\000L\000i\000m\000i\000t\000e\000d\000\040\000R\000e\000l\000e\000a\000s\000e}{chapter.13}% 303
\BOOKMARK [2][]{subsection.13.1.1}{\376\377\0001\0003\000.\0001\000.\0001\000\040\000T\000h\000e\000\040\000P\000h\000e\000n\000o\000m\000e\000n\000o\000l\000o\000g\000i\000c\000a\000l\000\040\000P\000r\000o\000b\000l\000e\000m}{section.13.1}% 304
\BOOKMARK [2][]{subsection.13.1.2}{\376\377\0001\0003\000.\0001\000.\0002\000\040\000P\000u\000r\000p\000o\000s\000e\000\040\000o\000f\000\040\000T\000h\000i\000s\000\040\000C\000h\000a\000p\000t\000e\000r}{section.13.1}% 305
\BOOKMARK [1][]{section.13.2}{\376\377\0001\0003\000.\0002\000\040\000B\000a\000s\000e\000l\000i\000n\000e\000\040\000S\000c\000a\000l\000i\000n\000g\000\040\000F\000o\000r\000m}{chapter.13}% 306
\BOOKMARK [2][]{subsection.13.2.1}{\376\377\0001\0003\000.\0002\000.\0001\000\040\000T\000h\000e\000\040\000B\000a\000s\000e\000l\000i\000n\000e\000\040\000L\000a\000n\000e\000\040\000[\000B\000L\000]}{section.13.2}% 307
\BOOKMARK [2][]{subsection.13.2.2}{\376\377\0001\0003\000.\0002\000.\0002\000\040\000E\000D\000C\000-\000N\000a\000t\000i\000v\000e\000\040\000V\000a\000r\000i\000a\000b\000l\000e\000\040\000D\000e\000f\000i\000n\000i\000t\000i\000o\000n\000s}{section.13.2}% 308
\BOOKMARK [2][]{subsection.13.2.3}{\376\377\0001\0003\000.\0002\000.\0003\000\040\000B\000a\000s\000e\000l\000i\000n\000e\000\040\000C\000o\000e\000f\000f\000i\000c\000i\000e\000n\000t\000s}{section.13.2}% 309
\BOOKMARK [1][]{section.13.3}{\376\377\0001\0003\000.\0003\000\040\000P\000h\000y\000s\000i\000c\000a\000l\000\040\000P\000i\000c\000t\000u\000r\000e\000\040\000\050\000E\000D\000C\000-\000N\000a\000t\000i\000v\000e\000\051}{chapter.13}% 310
\BOOKMARK [2][]{subsection.13.3.1}{\376\377\0001\0003\000.\0003\000.\0001\000\040\000T\000h\000e\000\040\000R\000e\000l\000e\000a\000s\000e\000\040\000M\000e\000c\000h\000a\000n\000i\000s\000m}{section.13.3}% 311
\BOOKMARK [2][]{subsection.13.3.2}{\376\377\0001\0003\000.\0003\000.\0002\000\040\000W\000h\000a\000t\000\040\000t\000h\000e\000\040\000B\000a\000s\000e\000l\000i\000n\000e\000\040\000I\000g\000n\000o\000r\000e\000s}{section.13.3}% 312
\BOOKMARK [2][]{subsection.13.3.3}{\376\377\0001\0003\000.\0003\000.\0003\000\040\000W\000h\000y\000\040\000a\000\040\0001\000D\000\040\000E\000f\000f\000e\000c\000t\000i\000v\000e\000\040\000B\000a\000r\000r\000i\000e\000r\000\040\000W\000o\000r\000k\000s}{section.13.3}% 313
\BOOKMARK [1][]{section.13.4}{\376\377\0001\0003\000.\0004\000\040\000W\000h\000y\000\040\000I\000t\000\040\000W\000o\000r\000k\000s\000\040\000\050\000a\000n\000d\000\040\000W\000h\000e\000r\000e\000\040\000I\000t\000\040\000M\000u\000s\000t\000\040\000F\000a\000i\000l\000\051}{chapter.13}% 314
\BOOKMARK [2][]{subsection.13.4.1}{\376\377\0001\0003\000.\0004\000.\0001\000\040\000S\000u\000c\000c\000e\000s\000s\000\040\000o\000f\000\040\000t\000h\000e\000\040\000B\000a\000s\000e\000l\000i\000n\000e}{section.13.4}% 315
\BOOKMARK [2][]{subsection.13.4.2}{\376\377\0001\0003\000.\0004\000.\0002\000\040\000F\000a\000i\000l\000u\000r\000e\000\040\000M\000o\000d\000e\000s\000\040\000\050\000E\000D\000C\000-\000N\000a\000t\000i\000v\000e\000\051}{section.13.4}% 316
\BOOKMARK [2][]{subsection.13.4.3}{\376\377\0001\0003\000.\0004\000.\0003\000\040\000B\000r\000i\000d\000g\000e\000\040\000t\000o\000\040\000C\000h\000a\000p\000t\000e\000r\000\040\000?\000?}{section.13.4}% 317
\BOOKMARK [1][]{section.13.5}{\376\377\0001\0003\000.\0005\000\040\000B\000a\000s\000e\000l\000i\000n\000e\000\040\000R\000e\000s\000i\000d\000u\000a\000l\000\040\000D\000e\000f\000i\000n\000i\000t\000i\000o\000n}{chapter.13}% 318
\BOOKMARK [2][]{subsection.13.5.1}{\376\377\0001\0003\000.\0005\000.\0001\000\040\000D\000e\000f\000i\000n\000i\000t\000i\000o\000n}{section.13.5}% 319
\BOOKMARK [2][]{subsection.13.5.2}{\376\377\0001\0003\000.\0005\000.\0002\000\040\000I\000n\000t\000e\000r\000p\000r\000e\000t\000a\000t\000i\000o\000n}{section.13.5}% 320
\BOOKMARK [2][]{subsection.13.5.3}{\376\377\0001\0003\000.\0005\000.\0003\000\040\000I\000n\000t\000e\000r\000f\000a\000c\000e\000\040\000t\000o\000\040\000C\000h\000a\000p\000t\000e\000r\000\040\000?\000?}{section.13.5}% 321
\BOOKMARK [1][]{section.13.6}{\376\377\0001\0003\000.\0006\000\040\000T\000a\000b\000l\000e\000s}{chapter.13}% 322
\BOOKMARK [2][]{subsection.13.6.1}{\376\377\0001\0003\000.\0006\000.\0001\000\040\000T\000a\000b\000l\000e\000\040\0001\0003\000.\0002\000:\000\040\000B\000a\000s\000e\000l\000i\000n\000e\000\040\000F\000o\000r\000m\000u\000l\000a\000\040\000a\000n\000d\000\040\000E\000p\000i\000s\000t\000e\000m\000i\000c\000\040\000T\000a\000g\000s}{section.13.6}% 323
\BOOKMARK [2][]{subsection.13.6.2}{\376\377\0001\0003\000.\0006\000.\0002\000\040\000T\000a\000b\000l\000e\000\040\0001\0003\000.\0003\000:\000\040\000F\000a\000i\000l\000u\000r\000e\000/\000R\000e\000s\000i\000d\000u\000a\000l\000\040\000T\000a\000x\000o\000n\000o\000m\000y}{section.13.6}% 324
\BOOKMARK [1][]{section.13.7}{\376\377\0001\0003\000.\0007\000\040\000E\000p\000i\000s\000t\000e\000m\000i\000c\000\040\000S\000t\000a\000t\000u\000s\000\040\000a\000n\000d\000\040\000F\000a\000l\000s\000i\000f\000i\000a\000b\000i\000l\000i\000t\000y}{chapter.13}% 325
\BOOKMARK [2][]{subsection.13.7.1}{\376\377\0001\0003\000.\0007\000.\0001\000\040\000E\000p\000i\000s\000t\000e\000m\000i\000c\000\040\000S\000t\000a\000t\000u\000s\000\040\000T\000a\000b\000l\000e}{section.13.7}% 326
\BOOKMARK [2][]{subsection.13.7.2}{\376\377\0001\0003\000.\0007\000.\0002\000\040\000F\000a\000l\000s\000i\000f\000i\000a\000b\000i\000l\000i\000t\000y\000\040\000H\000o\000o\000k\000s}{section.13.7}% 327
\BOOKMARK [1][]{section.13.8}{\376\377\0001\0003\000.\0008\000\040\000S\000u\000m\000m\000a\000r\000y\000\040\000a\000n\000d\000\040\000F\000o\000r\000w\000a\000r\000d\000\040\000L\000i\000n\000k\000s}{chapter.13}% 328
\BOOKMARK [0][]{chapter.14}{\376\377\0001\0004\000\040\000C\000o\000o\000r\000d\000i\000n\000a\000t\000i\000o\000n\000\040\000F\000r\000u\000s\000t\000r\000a\000t\000i\000o\000n\000\040\000C\000o\000r\000r\000e\000c\000t\000i\000o\000n}{part.5}% 329
\BOOKMARK [1][]{section.14.1}{\376\377\0001\0004\000.\0001\000\040\000F\000r\000o\000m\000\040\000B\000a\000s\000e\000l\000i\000n\000e\000\040\000R\000e\000s\000i\000d\000u\000a\000l\000s\000\040\000t\000o\000\040\000S\000t\000r\000u\000c\000t\000u\000r\000a\000l\000\040\000C\000o\000r\000r\000e\000c\000t\000i\000o\000n}{chapter.14}% 330
\BOOKMARK [2][]{subsection.14.1.1}{\376\377\0001\0004\000.\0001\000.\0001\000\040\000T\000h\000e\000\040\000R\000e\000s\000i\000d\000u\000a\000l\000\040\000I\000n\000t\000e\000r\000f\000a\000c\000e\000\040\000f\000r\000o\000m\000\040\000C\000h\000a\000p\000t\000e\000r\000\040\000?\000?}{section.14.1}% 331
\BOOKMARK [2][]{subsection.14.1.2}{\376\377\0001\0004\000.\0001\000.\0002\000\040\000W\000h\000y\000\040\000R\000e\000s\000i\000d\000u\000a\000l\000s\000\040\000E\000n\000c\000o\000d\000e\000\040\000S\000t\000r\000u\000c\000t\000u\000r\000e}{section.14.1}% 332
\BOOKMARK [1][]{section.14.2}{\376\377\0001\0004\000.\0002\000\040\000T\000h\000e\000\040\000C\000o\000o\000r\000d\000i\000n\000a\000t\000i\000o\000n\000\040\000F\000u\000n\000c\000t\000i\000o\000n\000\040\000n\000\050\000A\000\051}{chapter.14}% 333
\BOOKMARK [2][]{subsection.14.2.1}{\376\377\0001\0004\000.\0002\000.\0001\000\040\000D\000e\000f\000i\000n\000i\000t\000i\000o\000n}{section.14.2}% 334
\BOOKMARK [2][]{subsection.14.2.2}{\376\377\0001\0004\000.\0002\000.\0002\000\040\000P\000r\000e\000f\000a\000c\000t\000o\000r\000\040\000C\000a\000l\000i\000b\000r\000a\000t\000i\000o\000n}{section.14.2}% 335
\BOOKMARK [2][]{subsection.14.2.3}{\376\377\0001\0004\000.\0002\000.\0003\000\040\000E\000D\000C\000-\000N\000a\000t\000i\000v\000e\000\040\000I\000n\000t\000e\000r\000p\000r\000e\000t\000a\000t\000i\000o\000n}{section.14.2}% 336
\BOOKMARK [1][]{section.14.3}{\376\377\0001\0004\000.\0003\000\040\000T\000h\000e\000\040\000A\000l\000l\000o\000w\000e\000d\000\040\000S\000e\000t\000\040\000S\000\040\000=\000\040\000\173\0002\000a\000\040\0003\000b\000\175}{chapter.14}% 337
\BOOKMARK [2][]{subsection.14.3.1}{\376\377\0001\0004\000.\0003\000.\0001\000\040\000D\000e\000f\000i\000n\000i\000t\000i\000o\000n\000\040\000a\000n\000d\000\040\000O\000r\000i\000g\000i\000n}{section.14.3}% 338
\BOOKMARK [2][]{subsection.14.3.2}{\376\377\0001\0004\000.\0003\000.\0002\000\040\000E\000x\000p\000l\000i\000c\000i\000t\000\040\000E\000n\000u\000m\000e\000r\000a\000t\000i\000o\000n}{section.14.3}% 339
\BOOKMARK [2][]{subsection.14.3.3}{\376\377\0001\0004\000.\0003\000.\0003\000\040\000T\000h\000e\000\040\000F\000o\000r\000b\000i\000d\000d\000e\000n\000\040\000Z\000o\000n\000e}{section.14.3}% 340
\BOOKMARK [2][]{subsection.14.3.4}{\376\377\0001\0004\000.\0003\000.\0004\000\040\000G\000a\000p\000\040\000S\000t\000r\000u\000c\000t\000u\000r\000e}{section.14.3}% 341
\BOOKMARK [1][]{section.14.4}{\376\377\0001\0004\000.\0004\000\040\000D\000i\000s\000t\000a\000n\000c\000e\000-\000t\000o\000-\000A\000l\000l\000o\000w\000e\000d\000:\000\040\000T\000h\000e\000\040\000d\000\050\000n\000\051\000\040\000M\000e\000t\000r\000i\000c}{chapter.14}% 342
\BOOKMARK [2][]{subsection.14.4.1}{\376\377\0001\0004\000.\0004\000.\0001\000\040\000D\000e\000f\000i\000n\000i\000t\000i\000o\000n}{section.14.4}% 343
\BOOKMARK [2][]{subsection.14.4.2}{\376\377\0001\0004\000.\0004\000.\0002\000\040\000P\000r\000o\000p\000e\000r\000t\000i\000e\000s}{section.14.4}% 344
\BOOKMARK [2][]{subsection.14.4.3}{\376\377\0001\0004\000.\0004\000.\0003\000\040\000E\000x\000a\000m\000p\000l\000e\000\040\000C\000a\000l\000c\000u\000l\000a\000t\000i\000o\000n\000s}{section.14.4}% 345
\BOOKMARK [1][]{section.14.5}{\376\377\0001\0004\000.\0005\000\040\000T\000h\000e\000\040\000C\000o\000r\000r\000e\000c\000t\000e\000d\000\040\000L\000a\000n\000e\000:\000\040\000g\000\040\000d\000\050\000n\000\051}{chapter.14}% 346
\BOOKMARK [2][]{subsection.14.5.1}{\376\377\0001\0004\000.\0005\000.\0001\000\040\000F\000o\000r\000m\000\040\000o\000f\000\040\000t\000h\000e\000\040\000C\000o\000r\000r\000e\000c\000t\000i\000o\000n}{section.14.5}% 347
\BOOKMARK [2][]{subsection.14.5.2}{\376\377\0001\0004\000.\0005\000.\0002\000\040\000T\000h\000e\000\040\000S\000i\000g\000n\000\040\000o\000f\000\040\000g}{section.14.5}% 348
\BOOKMARK [2][]{subsection.14.5.3}{\376\377\0001\0004\000.\0005\000.\0003\000\040\000P\000h\000y\000s\000i\000c\000a\000l\000\040\000I\000n\000t\000e\000r\000p\000r\000e\000t\000a\000t\000i\000o\000n}{section.14.5}% 349
\BOOKMARK [2][]{subsection.14.5.4}{\376\377\0001\0004\000.\0005\000.\0004\000\040\000R\000o\000b\000u\000s\000t\000n\000e\000s\000s}{section.14.5}% 350
\BOOKMARK [1][]{section.14.6}{\376\377\0001\0004\000.\0006\000\040\000M\000o\000d\000e\000l\000\040\000P\000e\000r\000f\000o\000r\000m\000a\000n\000c\000e}{chapter.14}% 351
\BOOKMARK [2][]{subsection.14.6.1}{\376\377\0001\0004\000.\0006\000.\0001\000\040\000V\000a\000r\000i\000a\000n\000c\000e\000\040\000R\000e\000d\000u\000c\000t\000i\000o\000n}{section.14.6}% 352
\BOOKMARK [2][]{subsection.14.6.2}{\376\377\0001\0004\000.\0006\000.\0002\000\040\000H\000i\000g\000h\000-\000C\000o\000o\000r\000d\000i\000n\000a\000t\000i\000o\000n\000\040\000E\000x\000t\000r\000a\000p\000o\000l\000a\000t\000i\000o\000n}{section.14.6}% 353
\BOOKMARK [1][]{section.14.7}{\376\377\0001\0004\000.\0007\000\040\000T\000a\000b\000l\000e\000s}{chapter.14}% 354
\BOOKMARK [2][]{subsection.14.7.1}{\376\377\0001\0004\000.\0007\000.\0001\000\040\000T\000a\000b\000l\000e\000\040\0001\0004\000.\0001\000:\000\040\000N\000o\000t\000a\000t\000i\000o\000n\000\040\000D\000i\000c\000t\000i\000o\000n\000a\000r\000y}{section.14.7}% 355
\BOOKMARK [2][]{subsection.14.7.2}{\376\377\0001\0004\000.\0007\000.\0002\000\040\000T\000a\000b\000l\000e\000\040\0001\0004\000.\0002\000:\000\040\000A\000l\000l\000o\000w\000e\000d\000\040\000S\000e\000t\000\040\000\050\000F\000i\000r\000s\000t\000\040\0002\0003\000\040\000V\000a\000l\000u\000e\000s\000\051}{section.14.7}% 356
\BOOKMARK [2][]{subsection.14.7.3}{\376\377\0001\0004\000.\0007\000.\0003\000\040\000T\000a\000b\000l\000e\000\040\0001\0004\000.\0003\000:\000\040\000E\000x\000a\000m\000p\000l\000e\000\040\000F\000r\000u\000s\000t\000r\000a\000t\000i\000o\000n\000\040\000V\000a\000l\000u\000e\000s}{section.14.7}% 357
\BOOKMARK [2][]{subsection.14.7.4}{\376\377\0001\0004\000.\0007\000.\0004\000\040\000T\000a\000b\000l\000e\000\040\0001\0004\000.\0004\000:\000\040\000E\000p\000i\000s\000t\000e\000m\000i\000c\000\040\000S\000t\000a\000t\000u\000s}{section.14.7}% 358
\BOOKMARK [1][]{section.14.8}{\376\377\0001\0004\000.\0008\000\040\000B\000r\000i\000d\000g\000e\000\040\000t\000o\000\040\000C\000h\000a\000p\000t\000e\000r\000\040\000?\000?}{chapter.14}% 359
\BOOKMARK [1][]{section.14.9}{\376\377\0001\0004\000.\0009\000\040\000E\000p\000i\000s\000t\000e\000m\000i\000c\000\040\000S\000t\000a\000t\000u\000s\000\040\000a\000n\000d\000\040\000F\000a\000l\000s\000i\000f\000i\000a\000b\000i\000l\000i\000t\000y}{chapter.14}% 360
\BOOKMARK [2][]{subsection.14.9.1}{\376\377\0001\0004\000.\0009\000.\0001\000\040\000E\000p\000i\000s\000t\000e\000m\000i\000c\000\040\000S\000t\000a\000t\000u\000s\000\040\000S\000u\000m\000m\000a\000r\000y}{section.14.9}% 361
\BOOKMARK [2][]{subsection.14.9.2}{\376\377\0001\0004\000.\0009\000.\0002\000\040\000F\000a\000l\000s\000i\000f\000i\000a\000b\000i\000l\000i\000t\000y\000\040\000H\000o\000o\000k\000s}{section.14.9}% 362
\BOOKMARK [1][]{section.14.10}{\376\377\0001\0004\000.\0001\0000\000\040\000S\000u\000m\000m\000a\000r\000y\000\040\000a\000n\000d\000\040\000F\000o\000r\000w\000a\000r\000d\000\040\000L\000i\000n\000k\000s}{chapter.14}% 363
\BOOKMARK [0][]{chapter.15}{\376\377\0001\0005\000\040\000H\000i\000g\000h\000-\000C\000o\000o\000r\000d\000i\000n\000a\000t\000i\000o\000n\000\040\000R\000e\000g\000i\000m\000e\000\040\000P\000r\000e\000d\000i\000c\000t\000i\000o\000n\000s}{part.5}% 364
\BOOKMARK [1][]{section.15.1}{\376\377\0001\0005\000.\0001\000\040\000R\000e\000c\000a\000p\000:\000\040\000F\000r\000o\000m\000\040\000R\000e\000s\000i\000d\000u\000a\000l\000\040\000t\000o\000\040\000P\000r\000e\000d\000i\000c\000t\000i\000o\000n}{chapter.15}% 365
\BOOKMARK [2][]{subsection.15.1.1}{\376\377\0001\0005\000.\0001\000.\0001\000\040\000T\000h\000e\000\040\000D\000e\000r\000i\000v\000a\000t\000i\000o\000n\000\040\000C\000h\000a\000i\000n}{section.15.1}% 366
\BOOKMARK [2][]{subsection.15.1.2}{\376\377\0001\0005\000.\0001\000.\0002\000\040\000T\000h\000e\000\040\000P\000r\000e\000d\000i\000c\000t\000i\000o\000n\000\040\000F\000o\000r\000m\000u\000l\000a}{section.15.1}% 367
\BOOKMARK [1][]{section.15.2}{\376\377\0001\0005\000.\0002\000\040\000T\000h\000e\000\040\000H\000i\000g\000h\000-\000F\000r\000u\000s\000t\000r\000a\000t\000i\000o\000n\000\040\000R\000e\000g\000i\000m\000e}{chapter.15}% 368
\BOOKMARK [2][]{subsection.15.2.1}{\376\377\0001\0005\000.\0002\000.\0001\000\040\000W\000h\000y\000\040\000d\000\050\000n\000\051\000\040\000B\000e\000c\000o\000m\000e\000s\000\040\000L\000a\000r\000g\000e}{section.15.2}% 369
\BOOKMARK [2][]{subsection.15.2.2}{\376\377\0001\0005\000.\0002\000.\0002\000\040\000S\000c\000h\000e\000m\000a\000t\000i\000c\000\040\000E\000x\000a\000m\000p\000l\000e}{section.15.2}% 370
\BOOKMARK [2][]{subsection.15.2.3}{\376\377\0001\0005\000.\0002\000.\0003\000\040\000F\000o\000r\000b\000i\000d\000d\000e\000n\000-\000Z\000o\000n\000e\000\040\000P\000r\000o\000x\000i\000m\000i\000t\000y\000\040\000a\000n\000d\000\040\000R\000e\000l\000e\000a\000s\000e\000\040\000E\000n\000h\000a\000n\000c\000e\000m\000e\000n\000t}{section.15.2}% 371
\BOOKMARK [1][]{section.15.3}{\376\377\0001\0005\000.\0003\000\040\000P\000r\000e\000d\000i\000c\000t\000i\000o\000n\000\040\000P\000i\000p\000e\000l\000i\000n\000e}{chapter.15}% 372
\BOOKMARK [1][]{section.15.4}{\376\377\0001\0005\000.\0004\000\040\000B\000e\000n\000c\000h\000m\000a\000r\000k\000\040\000P\000r\000e\000d\000i\000c\000t\000i\000o\000n\000s\000\040\000T\000a\000b\000l\000e}{chapter.15}% 373
\BOOKMARK [2][]{subsection.15.4.1}{\376\377\0001\0005\000.\0004\000.\0001\000\040\000I\000n\000t\000e\000r\000p\000r\000e\000t\000a\000t\000i\000o\000n}{section.15.4}% 374
\BOOKMARK [1][]{section.15.5}{\376\377\0001\0005\000.\0005\000\040\000P\000e\000r\000f\000o\000r\000m\000a\000n\000c\000e\000\040\000S\000u\000m\000m\000a\000r\000y}{chapter.15}% 375
\BOOKMARK [2][]{subsection.15.5.1}{\376\377\0001\0005\000.\0005\000.\0001\000\040\000E\000r\000r\000o\000r\000\040\000M\000e\000t\000r\000i\000c\000s}{section.15.5}% 376
\BOOKMARK [2][]{subsection.15.5.2}{\376\377\0001\0005\000.\0005\000.\0002\000\040\000I\000m\000p\000r\000o\000v\000e\000m\000e\000n\000t\000\040\000F\000a\000c\000t\000o\000r}{section.15.5}% 377
\BOOKMARK [2][]{subsection.15.5.3}{\376\377\0001\0005\000.\0005\000.\0003\000\040\000C\000a\000l\000i\000b\000r\000a\000t\000i\000o\000n\000\040\000T\000r\000a\000n\000s\000p\000a\000r\000e\000n\000c\000y}{section.15.5}% 378
\BOOKMARK [1][]{section.15.6}{\376\377\0001\0005\000.\0006\000\040\000F\000a\000i\000l\000u\000r\000e\000\040\000M\000o\000d\000e\000s\000\040\000a\000n\000d\000\040\000O\000u\000t\000l\000i\000e\000r\000s}{chapter.15}% 379
\BOOKMARK [2][]{subsection.15.6.1}{\376\377\0001\0005\000.\0006\000.\0001\000\040\000F\000o\000r\000b\000i\000d\000d\000e\000n\000-\000Z\000o\000n\000e\000\040\000E\000d\000g\000e\000\040\000A\000m\000b\000i\000g\000u\000i\000t\000y}{section.15.6}% 380
\BOOKMARK [2][]{subsection.15.6.2}{\376\377\0001\0005\000.\0006\000.\0002\000\040\000B\000o\000u\000n\000d\000a\000r\000y\000\040\000R\000e\000c\000o\000n\000f\000i\000g\000u\000r\000a\000t\000i\000o\000n}{section.15.6}% 381
\BOOKMARK [2][]{subsection.15.6.3}{\376\377\0001\0005\000.\0006\000.\0003\000\040\000C\000l\000o\000s\000e\000d\000-\0004\000\040\000E\000m\000i\000s\000s\000i\000o\000n\000\040\000B\000i\000a\000s}{section.15.6}% 382
\BOOKMARK [2][]{subsection.15.6.4}{\376\377\0001\0005\000.\0006\000.\0004\000\040\000C\000a\000s\000e\000\040\000C\000-\0002\000\040\000O\000u\000t\000l\000i\000e\000r}{section.15.6}% 383
\BOOKMARK [1][]{section.15.7}{\376\377\0001\0005\000.\0007\000\040\000F\000a\000l\000s\000i\000f\000i\000a\000b\000i\000l\000i\000t\000y\000\040\000H\000o\000o\000k\000s}{chapter.15}% 384
\BOOKMARK [1][]{section.15.8}{\376\377\0001\0005\000.\0008\000\040\000S\000u\000m\000m\000a\000r\000y\000\040\000a\000n\000d\000\040\000F\000o\000r\000w\000a\000r\000d\000\040\000L\000i\000n\000k\000s}{chapter.15}% 385
\BOOKMARK [-1][]{part.6}{\376\377\000V\000I\000\040\000S\000y\000n\000t\000h\000e\000s\000i\000s}{}% 386
\BOOKMARK [0][]{chapter.16}{\376\377\0001\0006\000\040\000U\000n\000i\000f\000i\000e\000d\000\040\000P\000i\000c\000t\000u\000r\000e}{part.6}% 387
\BOOKMARK [1][]{section.16.1}{\376\377\0001\0006\000.\0001\000\040\000O\000n\000t\000o\000l\000o\000g\000y\000\040\000R\000e\000c\000a\000p}{chapter.16}% 388
\BOOKMARK [2][]{subsection.16.1.1}{\376\377\0001\0006\000.\0001\000.\0001\000\040\000I\000n\000h\000e\000r\000i\000t\000e\000d\000\040\000P\000a\000r\000a\000m\000e\000t\000e\000r\000s\000\040\000f\000r\000o\000m\000\040\000B\000o\000o\000k\000\040\000I}{section.16.1}% 389
\BOOKMARK [1][]{section.16.2}{\376\377\0001\0006\000.\0002\000\040\000T\000h\000e\000\040\000D\000e\000r\000i\000v\000a\000t\000i\000o\000n\000\040\000T\000r\000e\000e}{chapter.16}% 390
\BOOKMARK [2][]{subsection.16.2.1}{\376\377\0001\0006\000.\0002\000.\0001\000\040\000C\000h\000a\000i\000n\000\040\000S\000e\000g\000m\000e\000n\000t\000s}{section.16.2}% 391
\BOOKMARK [1][]{section.16.3}{\376\377\0001\0006\000.\0003\000\040\000E\000p\000i\000s\000t\000e\000m\000i\000c\000\040\000L\000e\000d\000g\000e\000r\000\040\000S\000u\000m\000m\000a\000r\000y}{chapter.16}% 392
\BOOKMARK [2][]{subsection.16.3.1}{\376\377\0001\0006\000.\0003\000.\0001\000\040\000P\000r\000o\000m\000o\000t\000i\000o\000n\000\040\000P\000a\000t\000h\000s}{section.16.3}% 393
\BOOKMARK [1][]{section.16.4}{\376\377\0001\0006\000.\0004\000\040\000W\000h\000a\000t\000\040\000t\000h\000e\000\040\000T\000h\000e\000o\000r\000y\000\040\000E\000x\000p\000l\000a\000i\000n\000s}{chapter.16}% 394
\BOOKMARK [2][]{subsection.16.4.1}{\376\377\0001\0006\000.\0004\000.\0001\000\040\000E\000x\000p\000l\000a\000i\000n\000e\000d\000\040\000\050\000L\000a\000y\000e\000r\000\040\000A\000\040\000D\000e\000r\000i\000v\000a\000t\000i\000o\000n\000s\000\051}{section.16.4}% 395
\BOOKMARK [2][]{subsection.16.4.2}{\376\377\0001\0006\000.\0004\000.\0002\000\040\000P\000a\000r\000t\000i\000a\000l\000l\000y\000\040\000E\000x\000p\000l\000a\000i\000n\000e\000d\000\040\000\050\000D\000e\000r\000i\000v\000a\000t\000i\000o\000n\000\040\000+\000\040\000P\000o\000s\000t\000u\000l\000a\000t\000e\000\051}{section.16.4}% 396
\BOOKMARK [2][]{subsection.16.4.3}{\376\377\0001\0006\000.\0004\000.\0003\000\040\000O\000p\000e\000n\000\040\000\050\000N\000o\000t\000\040\000Y\000e\000t\000\040\000D\000e\000r\000i\000v\000e\000d\000\051}{section.16.4}% 397
\BOOKMARK [1][]{section.16.5}{\376\377\0001\0006\000.\0005\000\040\000O\000p\000e\000n\000\040\000P\000r\000o\000b\000l\000e\000m\000s\000\040\000R\000e\000g\000i\000s\000t\000e\000r}{chapter.16}% 398
\BOOKMARK [1][]{section.16.6}{\376\377\0001\0006\000.\0006\000\040\000R\000e\000a\000d\000e\000r\000\040\000P\000a\000t\000h}{chapter.16}% 399
\BOOKMARK [1][]{section.16.7}{\376\377\0001\0006\000.\0007\000\040\000S\000u\000m\000m\000a\000r\000y\000\040\000a\000n\000d\000\040\000F\000o\000r\000w\000a\000r\000d\000\040\000L\000i\000n\000k\000s}{chapter.16}% 400
\BOOKMARK [0][]{chapter.17}{\376\377\0001\0007\000\040\000R\000e\000p\000r\000o\000d\000u\000c\000i\000b\000i\000l\000i\000t\000y\000\040\000\046\000\040\000V\000e\000r\000i\000f\000i\000c\000a\000t\000i\000o\000n}{part.6}% 401
\BOOKMARK [1][]{section.17.1}{\376\377\0001\0007\000.\0001\000\040\000V\000e\000r\000i\000f\000i\000c\000a\000t\000i\000o\000n\000\040\000T\000i\000e\000r\000s}{chapter.17}% 402
\BOOKMARK [2][]{subsection.17.1.1}{\376\377\0001\0007\000.\0001\000.\0001\000\040\000T\000i\000e\000r\000\040\000D\000e\000p\000e\000n\000d\000e\000n\000c\000i\000e\000s}{section.17.1}% 403
\BOOKMARK [1][]{section.17.2}{\376\377\0001\0007\000.\0002\000\040\000V\000e\000r\000i\000f\000i\000c\000a\000t\000i\000o\000n\000\040\000A\000r\000t\000i\000f\000a\000c\000t\000s}{chapter.17}% 404
\BOOKMARK [1][]{section.17.3}{\376\377\0001\0007\000.\0003\000\040\000D\000e\000t\000e\000r\000m\000i\000n\000i\000s\000t\000i\000c\000\040\000v\000s\000.\000\040\000C\000a\000l\000i\000b\000r\000a\000t\000e\000d}{chapter.17}% 405
\BOOKMARK [2][]{subsection.17.3.1}{\376\377\0001\0007\000.\0003\000.\0001\000\040\000L\000a\000y\000e\000r\000\040\000A\000\040\000R\000e\000p\000r\000o\000d\000u\000c\000i\000b\000i\000l\000i\000t\000y}{section.17.3}% 406
\BOOKMARK [2][]{subsection.17.3.2}{\376\377\0001\0007\000.\0003\000.\0002\000\040\000L\000a\000y\000e\000r\000\040\000B\000\040\000T\000r\000a\000n\000s\000p\000a\000r\000e\000n\000c\000y}{section.17.3}% 407
\BOOKMARK [1][]{section.17.4}{\376\377\0001\0007\000.\0004\000\040\000R\000e\000p\000r\000o\000d\000u\000c\000t\000i\000o\000n\000\040\000R\000e\000c\000i\000p\000e\000s}{chapter.17}% 408
\BOOKMARK [2][]{subsection.17.4.1}{\376\377\0001\0007\000.\0004\000.\0001\000\040\000R\000e\000c\000i\000p\000e\000\040\000R\0001\000:\000\040\000M\000e\000t\000a\000s\000t\000a\000b\000l\000e\000\040\000J\000u\000n\000c\000t\000i\000o\000n\000\040\000L\000i\000f\000e\000t\000i\000m\000e}{section.17.4}% 409
\BOOKMARK [2][]{subsection.17.4.2}{\376\377\0001\0007\000.\0004\000.\0002\000\040\000R\000e\000c\000i\000p\000e\000\040\000R\0002\000:\000\040\000D\000e\000u\000t\000e\000r\000i\000u\000m\000\040\000B\000i\000n\000d\000i\000n\000g}{section.17.4}% 410
\BOOKMARK [2][]{subsection.17.4.3}{\376\377\0001\0007\000.\0004\000.\0003\000\040\000R\000e\000c\000i\000p\000e\000\040\000R\0003\000:\000\040\000C\000l\000o\000s\000e\000d\000-\0004\000\040\000U\000n\000i\000t\000\040\000B\000u\000d\000g\000e\000t}{section.17.4}% 411
\BOOKMARK [2][]{subsection.17.4.4}{\376\377\0001\0007\000.\0004\000.\0004\000\040\000R\000e\000c\000i\000p\000e\000\040\000R\0004\000:\000\040\000H\000i\000g\000h\000-\000C\000o\000o\000r\000d\000i\000n\000a\000t\000i\000o\000n\000\040\000P\000r\000e\000d\000i\000c\000t\000i\000o\000n\000s}{section.17.4}% 412
\BOOKMARK [1][]{section.17.5}{\376\377\0001\0007\000.\0005\000\040\000C\000o\000n\000t\000a\000m\000i\000n\000a\000t\000i\000o\000n\000\040\000S\000c\000a\000n\000\040\000P\000r\000o\000t\000o\000c\000o\000l}{chapter.17}% 413
\BOOKMARK [2][]{subsection.17.5.1}{\376\377\0001\0007\000.\0005\000.\0001\000\040\000T\000I\000E\000R\000-\0001\000\040\000S\000c\000a\000n\000:\000\040\000A\000b\000s\000o\000l\000u\000t\000e\000\040\000P\000r\000o\000h\000i\000b\000i\000t\000i\000o\000n\000s}{section.17.5}% 414
\BOOKMARK [2][]{subsection.17.5.2}{\376\377\0001\0007\000.\0005\000.\0002\000\040\000T\000I\000E\000R\000-\0002\000\040\000S\000c\000a\000n\000:\000\040\000S\000o\000f\000t\000\040\000P\000r\000o\000h\000i\000b\000i\000t\000i\000o\000n\000s}{section.17.5}% 415
\BOOKMARK [2][]{subsection.17.5.3}{\376\377\0001\0007\000.\0005\000.\0003\000\040\000L\000a\000b\000e\000l\000\040\000S\000c\000a\000n}{section.17.5}% 416
\BOOKMARK [2][]{subsection.17.5.4}{\376\377\0001\0007\000.\0005\000.\0004\000\040\000C\000o\000m\000m\000e\000n\000t\000\040\000S\000c\000a\000n}{section.17.5}% 417
\BOOKMARK [1][]{section.17.6}{\376\377\0001\0007\000.\0006\000\040\000B\000u\000i\000l\000d\000\040\000I\000n\000s\000t\000r\000u\000c\000t\000i\000o\000n\000s}{chapter.17}% 418
\BOOKMARK [2][]{subsection.17.6.1}{\376\377\0001\0007\000.\0006\000.\0001\000\040\000T\000i\000e\000r\000\040\0001\000:\000\040\000P\000D\000F\000\040\000C\000o\000m\000p\000i\000l\000a\000t\000i\000o\000n}{section.17.6}% 419
\BOOKMARK [2][]{subsection.17.6.2}{\376\377\0001\0007\000.\0006\000.\0002\000\040\000T\000i\000e\000r\000\040\0003\000:\000\040\000T\000a\000b\000l\000e\000\040\000R\000e\000g\000e\000n\000e\000r\000a\000t\000i\000o\000n}{section.17.6}% 420
\BOOKMARK [1][]{section.17.7}{\376\377\0001\0007\000.\0007\000\040\000H\000a\000s\000h\000\040\000M\000a\000n\000i\000f\000e\000s\000t}{chapter.17}% 421
\BOOKMARK [1][]{section.17.8}{\376\377\0001\0007\000.\0008\000\040\000K\000n\000o\000w\000n\000\040\000L\000i\000m\000i\000t\000a\000t\000i\000o\000n\000s}{chapter.17}% 422
\BOOKMARK [1][]{section.17.9}{\376\377\0001\0007\000.\0009\000\040\000F\000a\000l\000s\000i\000f\000i\000a\000b\000i\000l\000i\000t\000y\000\040\000C\000h\000e\000c\000k\000l\000i\000s\000t}{chapter.17}% 423
\BOOKMARK [1][]{section.17.10}{\376\377\0001\0007\000.\0001\0000\000\040\000S\000u\000m\000m\000a\000r\000y}{chapter.17}% 424
\BOOKMARK [0][]{appendix*.48}{\376\377\000L\000o\000c\000a\000l\000\040\000O\000p\000t\000i\000m\000a\000l\000i\000t\000y\000\040\000o\000f\000\040\000N\000b\000o\000n\000d\000s\000\040\000=\000\040\0003}{part.6}% 425
\BOOKMARK [1][]{section.Alph0.1}{\376\377\000.\0001\000\040\000L\000e\000m\000m\000a\000\040\0001\000:\000\040\000U\000p\000p\000e\000r\000\040\000B\000o\000u\000n\000d}{appendix*.48}% 426
\BOOKMARK [1][]{section.Alph0.2}{\376\377\000.\0002\000\040\000L\000e\000m\000m\000a\000\040\0002\000:\000\040\000E\000n\000e\000r\000g\000e\000t\000i\000c\000\040\000P\000r\000e\000f\000e\000r\000e\000n\000c\000e\000\040\000f\000o\000r\000\040\000S\000a\000t\000u\000r\000a\000t\000i\000o\000n}{appendix*.48}% 427
\BOOKMARK [1][]{section.Alph0.3}{\376\377\000.\0003\000\040\000L\000e\000m\000m\000a\000\040\0003\000:\000\040\000U\000n\000i\000q\000u\000e\000n\000e\000s\000s\000\040\000o\000f\000\040\000P\000a\000i\000r\000i\000n\000g}{appendix*.48}% 428
\BOOKMARK [1][]{section.Alph0.4}{\376\377\000.\0004\000\040\000C\000o\000r\000o\000l\000l\000a\000r\000y\000:\000\040\000D\000e\000u\000t\000e\000r\000i\000u\000m\000\040\000B\000i\000n\000d\000i\000n\000g\000\040\000E\000n\000e\000r\000g\000y}{appendix*.48}% 429
\BOOKMARK [1][]{section.Alph0.5}{\376\377\000.\0005\000\040\000R\000e\000s\000i\000d\000u\000a\000l\000\040\000O\000p\000e\000n\000\040\000I\000t\000e\000m\000s}{appendix*.48}% 430
\BOOKMARK [0][]{appendix*.50}{\376\377\000E\000f\000f\000e\000c\000t\000i\000v\000e\000\040\000P\000o\000t\000e\000n\000t\000i\000a\000l\000\040\000A\000l\000o\000n\000g\000\040\000a\000\040\000C\000h\000o\000s\000e\000n\000\040\000C\000o\000l\000l\000e\000c\000t\000i\000v\000e\000\040\000P\000a\000t\000h}{part.6}% 431
\BOOKMARK [1][]{section.Alph0.6}{\376\377\000.\0006\000\040\000P\000a\000t\000h\000\040\000D\000e\000f\000i\000n\000i\000t\000i\000o\000n}{appendix*.50}% 432
\BOOKMARK [2][]{subsection.Alph0.6.1}{\376\377\000.\0006\000.\0001\000\040\000J\000u\000n\000c\000t\000i\000o\000n\000\040\000N\000o\000d\000e\000\040\000D\000i\000s\000p\000l\000a\000c\000e\000m\000e\000n\000t\000\040\000M\000o\000d\000e\000l}{section.Alph0.6}% 433
\BOOKMARK [2][]{subsection.Alph0.6.2}{\376\377\000.\0006\000.\0002\000\040\000B\000o\000u\000n\000d\000a\000r\000y\000\040\000C\000o\000n\000d\000i\000t\000i\000o\000n\000s}{section.Alph0.6}% 434
\BOOKMARK [2][]{subsection.Alph0.6.3}{\376\377\000.\0006\000.\0003\000\040\000N\000o\000n\000-\000U\000n\000i\000q\000u\000e\000n\000e\000s\000s\000\040\000o\000f\000\040\000P\000a\000t\000h\000\040\000C\000h\000o\000i\000c\000e}{section.Alph0.6}% 435
\BOOKMARK [1][]{section.Alph0.7}{\376\377\000.\0007\000\040\000G\000e\000o\000m\000e\000t\000r\000i\000c\000\040\000B\000r\000a\000n\000e\000\040\000E\000n\000e\000r\000g\000y\000:\000\040\000I\000n\000-\000B\000r\000a\000n\000e\000\040\000P\000a\000t\000h}{appendix*.50}% 436
\BOOKMARK [2][]{subsection.Alph0.7.1}{\376\377\000.\0007\000.\0001\000\040\000A\000r\000m\000-\000L\000e\000n\000g\000t\000h\000\040\000F\000o\000r\000m\000u\000l\000a}{section.Alph0.7}% 437
\BOOKMARK [2][]{subsection.Alph0.7.2}{\376\377\000.\0007\000.\0002\000\040\000T\000o\000t\000a\000l\000\040\000A\000r\000m\000\040\000L\000e\000n\000g\000t\000h\000\040\000a\000n\000d\000\040\000G\000e\000o\000m\000e\000t\000r\000i\000c\000\040\000E\000n\000e\000r\000g\000y}{section.Alph0.7}% 438
\BOOKMARK [2][]{subsection.Alph0.7.3}{\376\377\000.\0007\000.\0003\000\040\000S\000t\000e\000i\000n\000e\000r\000\040\000M\000i\000n\000i\000m\000u\000m}{section.Alph0.7}% 439
\BOOKMARK [2][]{subsection.Alph0.7.4}{\376\377\000.\0007\000.\0004\000\040\000P\000r\000o\000f\000i\000l\000e\000\040\000S\000h\000a\000p\000e}{section.Alph0.7}% 440
\BOOKMARK [1][]{section.Alph0.8}{\376\377\000.\0008\000\040\000G\000e\000o\000m\000e\000t\000r\000i\000c\000\040\000B\000r\000a\000n\000e\000\040\000E\000n\000e\000r\000g\000y\000:\000\040\000C\000o\000m\000p\000a\000c\000t\000-\000D\000i\000r\000e\000c\000t\000i\000o\000n\000\040\000P\000a\000t\000h}{appendix*.50}% 441
\BOOKMARK [1][]{section.Alph0.9}{\376\377\000.\0009\000\040\000B\000a\000r\000r\000i\000e\000r\000\040\000E\000x\000i\000s\000t\000e\000n\000c\000e\000\040\000A\000l\000o\000n\000g\000\040\000C\000h\000o\000s\000e\000n\000\040\000P\000a\000t\000h}{appendix*.50}% 442
\BOOKMARK [2][]{subsection.Alph0.9.1}{\376\377\000.\0009\000.\0001\000\040\000G\000e\000o\000m\000e\000t\000r\000i\000c\000\040\000B\000a\000r\000r\000i\000e\000r\000\040\000C\000o\000n\000t\000r\000i\000b\000u\000t\000i\000o\000n}{section.Alph0.9}% 443
\BOOKMARK [2][]{subsection.Alph0.9.2}{\376\377\000.\0009\000.\0002\000\040\000F\000u\000l\000l\000\040\000D\000o\000u\000b\000l\000e\000-\000W\000e\000l\000l\000\040\000R\000e\000q\000u\000i\000r\000e\000s\000\040\000A\000d\000d\000i\000t\000i\000o\000n\000a\000l\000\040\000T\000e\000r\000m\000s}{section.Alph0.9}% 444
\BOOKMARK [2][]{subsection.Alph0.9.3}{\376\377\000.\0009\000.\0003\000\040\000C\000o\000n\000d\000i\000t\000i\000o\000n\000a\000l\000\040\000B\000a\000r\000r\000i\000e\000r\000\040\000S\000t\000a\000t\000e\000m\000e\000n\000t}{section.Alph0.9}% 445
\BOOKMARK [1][]{section.Alph0.10}{\376\377\000.\0001\0000\000\040\000S\000e\000c\000o\000n\000d\000a\000r\000y\000\040\000M\000i\000n\000i\000m\000u\000m\000\040\000S\000t\000a\000t\000u\000s}{appendix*.50}% 446
\BOOKMARK [1][]{section.Alph0.11}{\376\377\000.\0001\0001\000\040\000B\000a\000r\000r\000i\000e\000r\000\040\000H\000e\000i\000g\000h\000t\000\040\000S\000t\000a\000t\000u\000s}{appendix*.50}% 447
\BOOKMARK [2][]{subsection.Alph0.11.1}{\376\377\000.\0001\0001\000.\0001\000\040\000Q\000u\000e\000s\000t\000i\000o\000n\000\040\0001\000:\000\040\000B\000a\000r\000r\000i\000e\000r\000\040\000E\000x\000i\000s\000t\000e\000n\000c\000e}{section.Alph0.11}% 448
\BOOKMARK [2][]{subsection.Alph0.11.2}{\376\377\000.\0001\0001\000.\0002\000\040\000Q\000u\000e\000s\000t\000i\000o\000n\000\040\0002\000:\000\040\000B\000a\000r\000r\000i\000e\000r\000\040\000H\000e\000i\000g\000h\000t\000\040\000i\000n\000\040\000G\000e\000o\000m\000e\000t\000r\000i\000c\000\040\000U\000n\000i\000t\000s}{section.Alph0.11}% 449
\BOOKMARK [2][]{subsection.Alph0.11.3}{\376\377\000.\0001\0001\000.\0003\000\040\000Q\000u\000e\000s\000t\000i\000o\000n\000\040\0003\000:\000\040\000V\000B\000=\000\040\0002\000m\000n\000p}{section.Alph0.11}% 450
\BOOKMARK [1][]{section.Alph0.12}{\376\377\000.\0001\0002\000\040\000E\000f\000f\000e\000c\000t\000i\000v\000e\000\040\000M\000a\000s\000s\000\040\000S\000t\000a\000t\000u\000s}{appendix*.50}% 451
\BOOKMARK [1][]{section.Alph0.13}{\376\377\000.\0001\0003\000\040\000O\000s\000c\000i\000l\000l\000a\000t\000i\000o\000n\000\040\000F\000r\000e\000q\000u\000e\000n\000c\000y\000\040\000a\000t\000\040\000A\000n\000c\000h\000o\000r\000\040\000M\000i\000n\000i\000m\000u\000m}{appendix*.50}% 452
\BOOKMARK [1][]{section.Alph0.14}{\376\377\000.\0001\0004\000\040\000W\000h\000a\000t\000\040\000P\000u\000t\000\040\000C\000\040\000W\000o\000u\000l\000d\000\040\000A\000d\000d\000i\000t\000i\000o\000n\000a\000l\000l\000y\000\040\000P\000r\000o\000v\000i\000d\000e}{appendix*.50}% 453
\BOOKMARK [1][]{section.Alph0.15}{\376\377\000.\0001\0005\000\040\000S\000u\000m\000m\000a\000r\000y}{appendix*.50}% 454
\BOOKMARK [0][]{appendix*.52}{\376\377\000E\000f\000f\000e\000c\000t\000i\000v\000e\000\040\000L\000o\000c\000a\000l\000i\000z\000a\000t\000i\000o\000n\000\040\000M\000o\000d\000e\000l\000\040\000f\000o\000r\000\040\000t\000h\000e\000\040\000L\0000\000/\000\040\000R\000a\000t\000i\000o}{part.6}% 455
\BOOKMARK [1][]{section.Alph0.16}{\376\377\000.\0001\0006\000\040\000S\000c\000o\000p\000e\000\040\000a\000n\000d\000\040\000L\000i\000m\000i\000t\000a\000t\000i\000o\000n\000s}{appendix*.52}% 456
\BOOKMARK [1][]{section.Alph0.17}{\376\377\000.\0001\0007\000\040\000D\000e\000l\000t\000a\000-\000S\000c\000a\000l\000e\000\040\000C\000l\000a\000r\000i\000f\000i\000c\000a\000t\000i\000o\000n}{appendix*.52}% 457
\BOOKMARK [1][]{section.Alph0.18}{\376\377\000.\0001\0008\000\040\000M\000o\000d\000e\000l\000\040\000D\000e\000f\000i\000n\000i\000t\000i\000o\000n}{appendix*.52}% 458
\BOOKMARK [2][]{subsection.Alph0.18.1}{\376\377\000.\0001\0008\000.\0001\000\040\000P\000h\000y\000s\000i\000c\000a\000l\000\040\000P\000i\000c\000t\000u\000r\000e}{section.Alph0.18}% 459
\BOOKMARK [2][]{subsection.Alph0.18.2}{\376\377\000.\0001\0008\000.\0002\000\040\000C\000h\000o\000i\000c\000e\000\040\000o\000f\000\040\000E\000f\000f\000e\000c\000t\000i\000v\000e\000\040\000P\000o\000t\000e\000n\000t\000i\000a\000l}{section.Alph0.18}% 460
\BOOKMARK [2][]{subsection.Alph0.18.3}{\376\377\000.\0001\0008\000.\0003\000\040\000O\000P\000R\000-\0002\0001\000\040\000I\000n\000f\000r\000a\000s\000t\000r\000u\000c\000t\000u\000r\000e}{section.Alph0.18}% 461
\BOOKMARK [1][]{section.Alph0.19}{\376\377\000.\0001\0009\000\040\000M\000a\000t\000h\000e\000m\000a\000t\000i\000c\000a\000l\000\040\000L\000a\000n\000e}{appendix*.52}% 462
\BOOKMARK [2][]{subsection.Alph0.19.1}{\376\377\000.\0001\0009\000.\0001\000\040\000E\000i\000g\000e\000n\000v\000a\000l\000u\000e\000\040\000P\000r\000o\000b\000l\000e\000m}{section.Alph0.19}% 463
\BOOKMARK [2][]{subsection.Alph0.19.2}{\376\377\000.\0001\0009\000.\0002\000\040\000D\000i\000m\000e\000n\000s\000i\000o\000n\000l\000e\000s\000s\000\040\000V\000a\000r\000i\000a\000b\000l\000e\000s}{section.Alph0.19}% 464
\BOOKMARK [2][]{subsection.Alph0.19.3}{\376\377\000.\0001\0009\000.\0003\000\040\000T\000r\000a\000n\000s\000c\000e\000n\000d\000e\000n\000t\000a\000l\000\040\000E\000q\000u\000a\000t\000i\000o\000n}{section.Alph0.19}% 465
\BOOKMARK [2][]{subsection.Alph0.19.4}{\376\377\000.\0001\0009\000.\0004\000\040\000L\000o\000c\000a\000l\000i\000z\000a\000t\000i\000o\000n\000\040\000L\000e\000n\000g\000t\000h}{section.Alph0.19}% 466
\BOOKMARK [2][]{subsection.Alph0.19.5}{\376\377\000.\0001\0009\000.\0005\000\040\000F\000u\000n\000c\000t\000i\000o\000n\000a\000l\000\040\000R\000e\000l\000a\000t\000i\000o\000n}{section.Alph0.19}% 467
\BOOKMARK [1][]{section.Alph0.20}{\376\377\000.\0002\0000\000\040\000N\000u\000m\000e\000r\000i\000c\000a\000l\000\040\000R\000e\000s\000u\000l\000t\000s}{appendix*.52}% 468
\BOOKMARK [1][]{section.Alph0.21}{\376\377\000.\0002\0001\000\040\000C\000a\000n\000d\000i\000d\000a\000t\000e\000\040\000R\0005\000\040\000A\000s\000s\000u\000m\000p\000t\000i\000o\000n\000s}{appendix*.52}% 469
\BOOKMARK [1][]{section.Alph0.22}{\376\377\000.\0002\0002\000\040\000C\000i\000r\000c\000u\000l\000a\000r\000i\000t\000y\000\040\000F\000i\000r\000e\000w\000a\000l\000l}{appendix*.52}% 470
\BOOKMARK [1][]{section.Alph0.23}{\376\377\000.\0002\0003\000\040\000R\000e\000l\000a\000t\000i\000o\000n\000s\000h\000i\000p\000\040\000t\000o\000\040\000C\000h\000a\000p\000t\000e\000r\000\040\000?\000?\000\040\000L\000e\000g\000a\000c\000y\000\040\000R\000o\000u\000t\000e\000s}{appendix*.52}% 471
\BOOKMARK [1][]{section.Alph0.24}{\376\377\000.\0002\0004\000\040\000P\000r\000e\000f\000a\000c\000t\000o\000r\000\040\000A\000\040\000D\000o\000n\000o\000r}{appendix*.52}% 472
\BOOKMARK [1][]{section.Alph0.25}{\376\377\000.\0002\0005\000\040\000S\000u\000m\000m\000a\000r\000y\000\040\000a\000n\000d\000\040\000O\000u\000t\000c\000o\000m\000e}{appendix*.52}% 473
\BOOKMARK [0][]{appendix*.53}{\376\377\000C\000o\000d\000e\000:\000\040\000H\000i\000g\000h\000-\000C\000o\000o\000r\000d\000i\000n\000a\000t\000i\000o\000n\000\040\000P\000r\000e\000d\000i\000c\000t\000i\000o\000n\000s}{part.6}% 474
\BOOKMARK [1][]{section.Alph0.26}{\376\377\000.\0002\0006\000\040\000O\000v\000e\000r\000v\000i\000e\000w}{appendix*.53}% 475
\BOOKMARK [1][]{section.Alph0.27}{\376\377\000.\0002\0007\000\040\000F\000u\000l\000l\000\040\000L\000i\000s\000t\000i\000n\000g}{appendix*.53}% 476
\BOOKMARK [1][]{section.Alph0.28}{\376\377\000.\0002\0008\000\040\000U\000s\000a\000g\000e}{appendix*.53}% 477
\BOOKMARK [1][]{section.Alph0.29}{\376\377\000.\0002\0009\000\040\000K\000e\000y\000\040\000F\000u\000n\000c\000t\000i\000o\000n\000s}{appendix*.53}% 478
\BOOKMARK [1][]{section.Alph0.30}{\376\377\000.\0003\0000\000\040\000M\000o\000d\000e\000l\000\040\000P\000a\000r\000a\000m\000e\000t\000e\000r\000s}{appendix*.53}% 479
\BOOKMARK [0][]{appendix*.54}{\376\377\000C\000o\000d\000e\000:\000\040\000K\000r\000a\000m\000e\000r\000s\000\040\000V\000a\000l\000i\000d\000a\000t\000i\000o\000n}{part.6}% 480
\BOOKMARK [1][]{section.Alph0.31}{\376\377\000.\0003\0001\000\040\000O\000v\000e\000r\000v\000i\000e\000w}{appendix*.54}% 481
\BOOKMARK [1][]{section.Alph0.32}{\376\377\000.\0003\0002\000\040\000F\000u\000l\000l\000\040\000L\000i\000s\000t\000i\000n\000g}{appendix*.54}% 482
\BOOKMARK [1][]{section.Alph0.33}{\376\377\000.\0003\0003\000\040\000U\000s\000a\000g\000e}{appendix*.54}% 483
\BOOKMARK [1][]{section.Alph0.34}{\376\377\000.\0003\0004\000\040\000K\000e\000y\000\040\000F\000u\000n\000c\000t\000i\000o\000n\000s}{appendix*.54}% 484
\BOOKMARK [1][]{section.Alph0.35}{\376\377\000.\0003\0005\000\040\000G\000u\000a\000r\000d\000r\000a\000i\000l\000s\000\040\000\050\000R\000F\000-\0001\000\040\000t\000o\000\040\000R\000F\000-\0006\000\051}{appendix*.54}% 485
\BOOKMARK [0][]{appendix*.55}{\376\377\000N\000u\000m\000e\000r\000i\000c\000a\000l\000\040\000T\000a\000b\000l\000e\000s}{part.6}% 486
\BOOKMARK [1][]{section.Alph0.36}{\376\377\000.\0003\0006\000\040\000M\0006\000\040\000A\000l\000l\000o\000w\000e\000d\000\040\000C\000o\000o\000r\000d\000i\000n\000a\000t\000i\000o\000n\000s}{appendix*.55}% 487
\BOOKMARK [1][]{section.Alph0.37}{\376\377\000.\0003\0007\000\040\000F\000o\000r\000b\000i\000d\000d\000e\000n\000\040\000Z\000o\000n\000e}{appendix*.55}% 488
\BOOKMARK [1][]{section.Alph0.38}{\376\377\000.\0003\0008\000\040\000S\000u\000p\000e\000r\000h\000e\000a\000v\000y\000\040\000P\000r\000e\000d\000i\000c\000t\000i\000o\000n\000s}{appendix*.55}% 489
\BOOKMARK [1][]{section.Alph0.39}{\376\377\000.\0003\0009\000\040\000L\000i\000g\000h\000t\000\040\000C\000l\000u\000s\000t\000e\000r\000\040\000B\000i\000n\000d\000i\000n\000g\000\040\000E\000n\000e\000r\000g\000i\000e\000s}{appendix*.55}% 490
\BOOKMARK [1][]{section.Alph0.40}{\376\377\000.\0004\0000\000\040\000M\000e\000t\000a\000s\000t\000a\000b\000l\000e\000\040\000L\000i\000f\000e\000t\000i\000m\000e\000\040\000P\000a\000r\000a\000m\000e\000t\000e\000r\000s}{appendix*.55}% 491
\BOOKMARK [1][]{section.Alph0.41}{\376\377\000.\0004\0001\000\040\000M\000o\000d\000e\000l\000\040\000C\000o\000e\000f\000f\000i\000c\000i\000e\000n\000t\000s\000\040\000\050\000V\0007\000.\0008\000\040\000M\0002\000\051}{appendix*.55}% 492
\BOOKMARK [0][]{appendix*.56}{\376\377\000I\000s\000r\000a\000e\000l\000\040\000J\000u\000n\000c\000t\000i\000o\000n\000\040\000E\000n\000e\000r\000g\000y\000:\000\040\000N\000o\000d\000e\000-\000W\000e\000l\000l\000\040\000C\000a\000n\000d\000i\000d\000a\000t\000e\000\040\000T\000e\000s\000t}{part.6}% 493
\BOOKMARK [1][]{section.Alph0.42}{\376\377\000.\0004\0002\000\040\000S\000c\000o\000p\000e\000\040\000a\000n\000d\000\040\000D\000o\000n\000o\000r\000\040\000D\000i\000s\000c\000i\000p\000l\000i\000n\000e}{appendix*.56}% 494
\BOOKMARK [2][]{subsection.Alph0.42.1}{\376\377\000.\0004\0002\000.\0001\000\040\000W\000h\000a\000t\000\040\000T\000h\000i\000s\000\040\000A\000p\000p\000e\000n\000d\000i\000x\000\040\000T\000e\000s\000t\000s}{section.Alph0.42}% 495
\BOOKMARK [2][]{subsection.Alph0.42.2}{\376\377\000.\0004\0002\000.\0002\000\040\000D\000o\000n\000o\000r\000\040\000D\000i\000s\000c\000i\000p\000l\000i\000n\000e}{section.Alph0.42}% 496
\BOOKMARK [1][]{section.Alph0.43}{\376\377\000.\0004\0003\000\040\000S\000e\000t\000u\000p\000:\000\040\000Y\000-\000J\000u\000n\000c\000t\000i\000o\000n\000\040\000i\000n\000\040\0005\000D\000\040\000w\000i\000t\000h\000\040\000I\000s\000r\000a\000e\000l\000\040\000C\000o\000n\000d\000i\000t\000i\000o\000n\000s}{appendix*.56}% 497
\BOOKMARK [2][]{subsection.Alph0.43.1}{\376\377\000.\0004\0003\000.\0001\000\040\000I\000s\000r\000a\000e\000l\000\040\000J\000u\000n\000c\000t\000i\000o\000n\000\040\000C\000o\000n\000d\000i\000t\000i\000o\000n\000s\000:\000\040\000S\000t\000a\000n\000d\000a\000r\000d\000\040\000F\000o\000r\000m\000u\000l\000a\000t\000i\000o\000n}{section.Alph0.43}% 498
\BOOKMARK [2][]{subsection.Alph0.43.2}{\376\377\000.\0004\0003\000.\0002\000\040\000T\000h\000e\000\040\000Y\000-\000J\000u\000n\000c\000t\000i\000o\000n\000\040\000C\000o\000m\000p\000l\000i\000c\000a\000t\000i\000o\000n\000:\000\040\000C\000o\000d\000i\000m\000e\000n\000s\000i\000o\000n\000-\0002}{section.Alph0.43}% 499
\BOOKMARK [2][]{subsection.Alph0.43.3}{\376\377\000.\0004\0003\000.\0003\000\040\000J\000u\000n\000c\000t\000i\000o\000n\000\040\000N\000o\000d\000e\000\040\000E\000n\000e\000r\000g\000y\000\040\000f\000r\000o\000m\000\040\000D\000e\000f\000i\000c\000i\000t\000\040\000A\000n\000g\000l\000e}{section.Alph0.43}% 500
\BOOKMARK [2][]{subsection.Alph0.43.4}{\376\377\000.\0004\0003\000.\0004\000\040\000A\000n\000g\000l\000e\000s\000\040\000a\000s\000\040\000F\000u\000n\000c\000t\000i\000o\000n\000s\000\040\000o\000f\000\040\000q}{section.Alph0.43}% 501
\BOOKMARK [1][]{section.Alph0.44}{\376\377\000.\0004\0004\000\040\000I\000s\000r\000a\000e\000l\000\040\000E\000n\000e\000r\000g\000y\000\040\000D\000e\000r\000i\000v\000a\000t\000i\000o\000n\000\040\000A\000t\000t\000e\000m\000p\000t}{appendix*.56}% 502
\BOOKMARK [2][]{subsection.Alph0.44.1}{\376\377\000.\0004\0004\000.\0001\000\040\000M\000o\000d\000e\000l\000:\000\040\000S\000t\000a\000t\000i\000c\000\040\000Y\000-\000J\000u\000n\000c\000t\000i\000o\000n\000\040\000i\000n\000\040\000W\000a\000r\000p\000e\000d\000\040\0005\000D}{section.Alph0.44}% 503
\BOOKMARK [2][]{subsection.Alph0.44.2}{\376\377\000.\0004\0004\000.\0002\000\040\000E\000x\000t\000r\000i\000n\000s\000i\000c\000\040\000C\000u\000r\000v\000a\000t\000u\000r\000e\000\040\000o\000f\000\040\000E\000a\000c\000h\000\040\000A\000r\000m}{section.Alph0.44}% 504
\BOOKMARK [2][]{subsection.Alph0.44.3}{\376\377\000.\0004\0004\000.\0003\000\040\000J\000u\000n\000c\000t\000i\000o\000n\000\040\000V\000e\000r\000t\000e\000x\000:\000\040\000D\000e\000f\000i\000c\000i\000t\000-\000A\000n\000g\000l\000e\000\040\000C\000o\000n\000t\000r\000i\000b\000u\000t\000i\000o\000n}{section.Alph0.44}% 505
\BOOKMARK [2][]{subsection.Alph0.44.4}{\376\377\000.\0004\0004\000.\0004\000\040\000C\000o\000u\000l\000d\000\040\000N\000o\000n\000-\000C\000o\000p\000l\000a\000n\000a\000r\000\040\000G\000e\000o\000m\000e\000t\000r\000y\000\040\000H\000e\000l\000p\000?}{section.Alph0.44}% 506
\BOOKMARK [1][]{section.Alph0.45}{\376\377\000.\0004\0005\000\040\000A\000l\000t\000e\000r\000n\000a\000t\000i\000v\000e\000\040\000I\000s\000r\000a\000e\000l\000-\000S\000e\000c\000t\000o\000r\000\040\000C\000o\000n\000t\000r\000i\000b\000u\000t\000i\000o\000n\000s}{appendix*.56}% 507
\BOOKMARK [2][]{subsection.Alph0.45.1}{\376\377\000.\0004\0005\000.\0001\000\040\000A\000r\000m\000-\000I\000n\000t\000e\000r\000i\000o\000r\000\040\000I\000s\000r\000a\000e\000l\000\040\000E\000n\000e\000r\000g\000y}{section.Alph0.45}% 508
\BOOKMARK [2][]{subsection.Alph0.45.2}{\376\377\000.\0004\0005\000.\0002\000\040\000W\000a\000r\000p\000-\000F\000a\000c\000t\000o\000r\000\040\000G\000r\000a\000d\000i\000e\000n\000t\000\040\000C\000o\000u\000p\000l\000i\000n\000g}{section.Alph0.45}% 509
\BOOKMARK [2][]{subsection.Alph0.45.3}{\376\377\000.\0004\0005\000.\0003\000\040\000G\000a\000u\000s\000s\040\023\000C\000o\000d\000a\000z\000z\000i\000\040\000C\000o\000n\000s\000t\000r\000a\000i\000n\000t\000\040\000a\000t\000\040\000t\000h\000e\000\040\000V\000e\000r\000t\000e\000x}{section.Alph0.45}% 510
\BOOKMARK [1][]{section.Alph0.46}{\376\377\000.\0004\0006\000\040\000C\000o\000m\000p\000a\000r\000i\000s\000o\000n\000\040\000t\000o\000\040\000V\000g\000e\000o\000m\000\040\000B\000a\000s\000e\000l\000i\000n\000e}{appendix*.56}% 511
\BOOKMARK [2][]{subsection.Alph0.46.1}{\376\377\000.\0004\0006\000.\0001\000\040\000S\000u\000m\000m\000a\000r\000y\000\040\000o\000f\000\040\000A\000l\000l\000\040\000I\000s\000r\000a\000e\000l\000-\000S\000e\000c\000t\000o\000r\000\040\000C\000o\000n\000t\000r\000i\000b\000u\000t\000i\000o\000n\000s}{section.Alph0.46}% 512
\BOOKMARK [2][]{subsection.Alph0.46.2}{\376\377\000.\0004\0006\000.\0002\000\040\000C\000o\000m\000p\000a\000r\000i\000s\000o\000n\000\040\000t\000o\000\040\000V\000a\000r\000i\000a\000n\000t\000\040\0003\000\040\000N\000o\000d\000e\000\040\000W\000e\000l\000l}{section.Alph0.46}% 513
\BOOKMARK [1][]{section.Alph0.47}{\376\377\000.\0004\0007\000\040\000S\000h\000a\000p\000e\000\040\000A\000n\000a\000l\000y\000s\000i\000s\000\040\000a\000n\000d\000\040\000R\000o\000b\000u\000s\000t\000n\000e\000s\000s}{appendix*.56}% 514
\BOOKMARK [2][]{subsection.Alph0.47.1}{\376\377\000.\0004\0007\000.\0001\000\040\000M\000o\000d\000e\000l\000\040\000I\000n\000d\000e\000p\000e\000n\000d\000e\000n\000c\000e}{section.Alph0.47}% 515
\BOOKMARK [2][]{subsection.Alph0.47.2}{\376\377\000.\0004\0007\000.\0002\000\040\000W\000h\000a\000t\000\040\000C\000o\000u\000l\000d\000\040\000E\000v\000a\000d\000e\000\040\000T\000h\000i\000s\000\040\000N\000o\000-\000G\000o}{section.Alph0.47}% 516
\BOOKMARK [1][]{section.Alph0.48}{\376\377\000.\0004\0008\000\040\000O\000u\000t\000c\000o\000m\000e\000\040\000C\000l\000a\000s\000s\000i\000f\000i\000c\000a\000t\000i\000o\000n}{appendix*.56}% 517
\BOOKMARK [2][]{subsection.Alph0.48.1}{\376\377\000.\0004\0008\000.\0001\000\040\000I\000m\000p\000a\000c\000t\000\040\000o\000n\000\040\000P\000h\000a\000s\000e\000\040\0002\000\040\000a\000n\000d\000\040\000P\000h\000a\000s\000e\000\040\0001\000\040\000S\000t\000a\000t\000u\000s}{section.Alph0.48}% 518
\BOOKMARK [1][]{section.Alph0.49}{\376\377\000.\0004\0009\000\040\000R\000e\000c\000o\000m\000m\000e\000n\000d\000e\000d\000\040\000N\000e\000x\000t\000\040\000S\000t\000e\000p\000s}{appendix*.56}% 519
\BOOKMARK [1][]{section.Alph0.50}{\376\377\000.\0005\0000\000\040\000S\000u\000m\000m\000a\000r\000y}{appendix*.56}% 520
\BOOKMARK [0][]{appendix*.59}{\376\377\000T\000h\000i\000c\000k\000-\000J\000u\000n\000c\000t\000i\000o\000n\000\040\000I\000n\000t\000e\000r\000n\000a\000l\000-\000C\000o\000r\000e\000\040\000T\000e\000s\000t\000\040\000f\000o\000r\000\040\000t\000h\000e\000\040\000N\000o\000d\000e\000-\000W\000e\000l\000l\000\040\000S\000e\000c\000t\000o\000r}{part.6}% 521
\BOOKMARK [1][]{section.Alph0.51}{\376\377\000.\0005\0001\000\040\000S\000c\000o\000p\000e\000\040\000a\000n\000d\000\040\000F\000r\000a\000m\000i\000n\000g}{appendix*.59}% 522
\BOOKMARK [1][]{section.Alph0.52}{\376\377\000.\0005\0002\000\040\000D\000o\000n\000o\000r\000\040\000D\000i\000s\000c\000i\000p\000l\000i\000n\000e}{appendix*.59}% 523
\BOOKMARK [1][]{section.Alph0.53}{\376\377\000.\0005\0003\000\040\000M\000o\000d\000e\000l\000-\000C\000l\000a\000s\000s\000\040\000S\000e\000t\000u\000p}{appendix*.59}% 524
\BOOKMARK [2][]{subsection.Alph0.53.1}{\376\377\000.\0005\0003\000.\0001\000\040\000W\000h\000a\000t\000\040\000`\000`\000T\000h\000i\000c\000k\000\040\000J\000u\000n\000c\000t\000i\000o\000n\000'\000'\000\040\000M\000e\000a\000n\000s}{section.Alph0.53}% 525
\BOOKMARK [2][]{subsection.Alph0.53.2}{\376\377\000.\0005\0003\000.\0002\000\040\000W\000h\000a\000t\000\040\000`\000`\000I\000n\000t\000e\000r\000n\000a\000l\000\040\000C\000o\000r\000e\000'\000'\000\040\000M\000e\000a\000n\000s}{section.Alph0.53}% 526
\BOOKMARK [2][]{subsection.Alph0.53.3}{\376\377\000.\0005\0003\000.\0003\000\040\000S\000c\000a\000l\000e\000s\000\040\000a\000n\000d\000\040\000A\000s\000s\000u\000m\000p\000t\000i\000o\000n\000s}{section.Alph0.53}% 527
\BOOKMARK [2][]{subsection.Alph0.53.4}{\376\377\000.\0005\0003\000.\0004\000\040\000C\000o\000r\000e\000\040\000E\000n\000e\000r\000g\000y\000:\000\040\000S\000t\000r\000u\000c\000t\000u\000r\000a\000l\000\040\000F\000o\000r\000m}{section.Alph0.53}% 528
\BOOKMARK [1][]{section.Alph0.54}{\376\377\000.\0005\0004\000\040\000C\000o\000r\000e\000\040\000R\000e\000d\000u\000c\000t\000i\000o\000n\000:\000\040\000S\000i\000g\000n\000\040\000a\000n\000d\000\040\000M\000o\000n\000o\000t\000o\000n\000i\000c\000i\000t\000y\000\040\000A\000n\000a\000l\000y\000s\000i\000s}{appendix*.59}% 529
\BOOKMARK [2][]{subsection.Alph0.54.1}{\376\377\000.\0005\0004\000.\0001\000\040\000P\000h\000y\000s\000i\000c\000a\000l\000\040\000A\000r\000g\000u\000m\000e\000n\000t\000\040\000f\000o\000r\000\040\000P\000r\000o\000f\000i\000l\000e\000\040\000S\000h\000a\000p\000e}{section.Alph0.54}% 530
\BOOKMARK [2][]{subsection.Alph0.54.2}{\376\377\000.\0005\0004\000.\0002\000\040\000T\000h\000i\000n\000-\000J\000u\000n\000c\000t\000i\000o\000n\000\040\000L\000i\000m\000i\000t\000\040\000R\000e\000c\000o\000v\000e\000r\000y}{section.Alph0.54}% 531
\BOOKMARK [1][]{section.Alph0.55}{\376\377\000.\0005\0005\000\040\000M\000o\000n\000o\000t\000o\000n\000e\000\040\000P\000r\000o\000f\000i\000l\000e\000\040\000N\000o\000-\000G\000o}{appendix*.59}% 532
\BOOKMARK [2][]{subsection.Alph0.55.1}{\376\377\000.\0005\0005\000.\0001\000\040\000S\000t\000a\000t\000e\000m\000e\000n\000t}{section.Alph0.55}% 533
\BOOKMARK [2][]{subsection.Alph0.55.2}{\376\377\000.\0005\0005\000.\0002\000\040\000W\000h\000a\000t\000\040\000T\000h\000i\000s\000\040\000N\000o\000-\000G\000o\000\040\000C\000o\000v\000e\000r\000s}{section.Alph0.55}% 534
\BOOKMARK [2][]{subsection.Alph0.55.3}{\376\377\000.\0005\0005\000.\0003\000\040\000W\000h\000a\000t\000\040\000T\000h\000i\000s\000\040\000N\000o\000-\000G\000o\000\040\000D\000o\000e\000s\000\040\000N\000o\000t\000\040\000C\000o\000v\000e\000r}{section.Alph0.55}% 535
\BOOKMARK [1][]{section.Alph0.56}{\376\377\000.\0005\0006\000\040\000D\000e\000p\000t\000h\000\040\000a\000n\000d\000\040\000S\000h\000a\000p\000e\000\040\000A\000n\000a\000l\000y\000s\000i\000s}{appendix*.59}% 536
\BOOKMARK [2][]{subsection.Alph0.56.1}{\376\377\000.\0005\0006\000.\0001\000\040\000C\000o\000r\000e\000\040\000C\000o\000n\000t\000r\000i\000b\000u\000t\000i\000o\000n\000\040\000N\000e\000a\000r\000\040\000q\000\040\000=\000\040\0000}{section.Alph0.56}% 537
\BOOKMARK [2][]{subsection.Alph0.56.2}{\376\377\000.\0005\0006\000.\0002\000\040\000C\000o\000r\000e\000\040\000E\000n\000e\000r\000g\000y\000\040\000W\000i\000d\000t\000h}{section.Alph0.56}% 538
\BOOKMARK [2][]{subsection.Alph0.56.3}{\376\377\000.\0005\0006\000.\0003\000\040\000C\000a\000n\000\040\000t\000h\000e\000\040\000C\000o\000r\000e\000\040\000F\000l\000a\000t\000t\000e\000n\000\040\000t\000h\000e\000\040\000G\000e\000o\000m\000e\000t\000r\000i\000c\000\040\000R\000i\000s\000e\000?}{section.Alph0.56}% 539
\BOOKMARK [1][]{section.Alph0.57}{\376\377\000.\0005\0007\000\040\000C\000o\000m\000p\000a\000r\000i\000s\000o\000n\000\040\000A\000g\000a\000i\000n\000s\000t\000\040\000G\000e\000o\000m\000e\000t\000r\000i\000c\000\040\000B\000a\000s\000e\000l\000i\000n\000e}{appendix*.59}% 540
\BOOKMARK [2][]{subsection.Alph0.57.1}{\376\377\000.\0005\0007\000.\0001\000\040\000C\000o\000m\000b\000i\000n\000e\000d\000\040\000P\000o\000t\000e\000n\000t\000i\000a\000l}{section.Alph0.57}% 541
\BOOKMARK [2][]{subsection.Alph0.57.2}{\376\377\000.\0005\0007\000.\0002\000\040\000D\000o\000e\000s\000\040\000t\000h\000e\000\040\000C\000o\000r\000e\000\040\000T\000e\000r\000m\000\040\000C\000r\000e\000a\000t\000e\000\040\000N\000e\000w\000\040\000S\000t\000r\000u\000c\000t\000u\000r\000e\000?}{section.Alph0.57}% 542
\BOOKMARK [2][]{subsection.Alph0.57.3}{\376\377\000.\0005\0007\000.\0003\000\040\000C\000o\000m\000p\000a\000r\000i\000s\000o\000n\000\040\000t\000o\000\040\000V\000a\000r\000i\000a\000n\000t\000\040\0003}{section.Alph0.57}% 543
\BOOKMARK [1][]{section.Alph0.58}{\376\377\000.\0005\0008\000\040\000S\000t\000r\000u\000c\000t\000u\000r\000a\000l\000\040\000v\000s\000.\000\040\000N\000u\000m\000e\000r\000i\000c\000\040\000C\000l\000o\000s\000u\000r\000e\000\040\000F\000i\000r\000e\000w\000a\000l\000l}{appendix*.59}% 544
\BOOKMARK [1][]{section.Alph0.59}{\376\377\000.\0005\0009\000\040\000O\000u\000t\000c\000o\000m\000e\000\040\000C\000l\000a\000s\000s\000i\000f\000i\000c\000a\000t\000i\000o\000n}{appendix*.59}% 545
\BOOKMARK [2][]{subsection.Alph0.59.1}{\376\377\000.\0005\0009\000.\0001\000\040\000I\000m\000p\000a\000c\000t\000\040\000o\000n\000\040\000C\000a\000n\000d\000i\000d\000a\000t\000e\000\040\000L\000a\000n\000d\000s\000c\000a\000p\000e}{section.Alph0.59}% 546
\BOOKMARK [1][]{section.Alph0.60}{\376\377\000.\0006\0000\000\040\000S\000u\000m\000m\000a\000r\000y}{appendix*.59}% 547
\BOOKMARK [0][]{appendix*.60}{\376\377\000B\000u\000l\000k\000\040\000G\000r\000a\000v\000i\000t\000a\000t\000i\000o\000n\000a\000l\000\040\000B\000a\000c\000k\000r\000e\000a\000c\000t\000i\000o\000n\000\040\000T\000e\000s\000t\000\040\000f\000o\000r\000\040\000t\000h\000e\000\040\000N\000o\000n\000-\000G\000e\000o\000m\000e\000t\000r\000i\000c\000\040\000S\000e\000c\000t\000o\000r}{part.6}% 548
\BOOKMARK [1][]{section.Alph0.61}{\376\377\000.\0006\0001\000\040\000S\000c\000o\000p\000e\000\040\000a\000n\000d\000\040\000F\000r\000a\000m\000i\000n\000g}{appendix*.60}% 549
\BOOKMARK [1][]{section.Alph0.62}{\376\377\000.\0006\0002\000\040\000D\000o\000n\000o\000r\000\040\000D\000i\000s\000c\000i\000p\000l\000i\000n\000e}{appendix*.60}% 550
\BOOKMARK [1][]{section.Alph0.63}{\376\377\000.\0006\0003\000\040\000M\000o\000d\000e\000l\000-\000C\000l\000a\000s\000s\000\040\000S\000e\000t\000u\000p}{appendix*.60}% 551
\BOOKMARK [2][]{subsection.Alph0.63.1}{\376\377\000.\0006\0003\000.\0001\000\040\000B\000a\000c\000k\000g\000r\000o\000u\000n\000d\000\040\000M\000e\000t\000r\000i\000c}{section.Alph0.63}% 552
\BOOKMARK [2][]{subsection.Alph0.63.2}{\376\377\000.\0006\0003\000.\0002\000\040\000W\000h\000a\000t\000\040\000`\000`\000B\000u\000l\000k\000\040\000B\000a\000c\000k\000r\000e\000a\000c\000t\000i\000o\000n\000'\000'\000\040\000M\000e\000a\000n\000s\000\040\000i\000n\000\040\000N\0002}{section.Alph0.63}% 553
\BOOKMARK [2][]{subsection.Alph0.63.3}{\376\377\000.\0006\0003\000.\0003\000\040\000S\000c\000a\000l\000e\000s\000\040\000a\000n\000d\000\040\000C\000o\000u\000p\000l\000i\000n\000g\000s}{section.Alph0.63}% 554
\BOOKMARK [1][]{section.Alph0.64}{\376\377\000.\0006\0004\000\040\000L\000i\000n\000e\000a\000r\000i\000z\000e\000d\000\040\000B\000u\000l\000k\000\040\000R\000e\000s\000p\000o\000n\000s\000e\000:\000\040\000S\000t\000r\000u\000c\000t\000u\000r\000a\000l\000\040\000D\000e\000r\000i\000v\000a\000t\000i\000o\000n}{appendix*.60}% 555
\BOOKMARK [2][]{subsection.Alph0.64.1}{\376\377\000.\0006\0004\000.\0001\000\040\000T\000o\000t\000a\000l\000\040\000E\000n\000e\000r\000g\000y\000\040\000D\000e\000c\000o\000m\000p\000o\000s\000i\000t\000i\000o\000n}{section.Alph0.64}% 556
\BOOKMARK [2][]{subsection.Alph0.64.2}{\376\377\000.\0006\0004\000.\0002\000\040\000P\000e\000r\000t\000u\000r\000b\000a\000t\000i\000v\000e\000\040\000E\000x\000p\000a\000n\000s\000i\000o\000n}{section.Alph0.64}% 557
\BOOKMARK [2][]{subsection.Alph0.64.3}{\376\377\000.\0006\0004\000.\0003\000\040\000C\000r\000o\000s\000s\000-\000T\000e\000r\000m\000:\000\040\000T\000e\000n\000s\000i\000o\000n\000\040\000R\000e\000n\000o\000r\000m\000a\000l\000i\000z\000a\000t\000i\000o\000n}{section.Alph0.64}% 558
\BOOKMARK [2][]{subsection.Alph0.64.4}{\376\377\000.\0006\0004\000.\0004\000\040\000S\000e\000l\000f\000-\000E\000n\000e\000r\000g\000y\000\040\000T\000e\000r\000m\000:\000\040\000T\000h\000e\000\040\000G\000e\000n\000u\000i\000n\000e\000l\000y\000\040\000N\000e\000w\000\040\000N\0002\000\040\000C\000o\000n\000t\000r\000i\000b\000u\000t\000i\000o\000n}{section.Alph0.64}% 559
\BOOKMARK [2][]{subsection.Alph0.64.5}{\376\377\000.\0006\0004\000.\0005\000\040\000L\000e\000a\000d\000i\000n\000g\000-\000O\000r\000d\000e\000r\000\040\000A\000r\000e\000a\000\040\000D\000e\000p\000e\000n\000d\000e\000n\000c\000e}{section.Alph0.64}% 560
\BOOKMARK [2][]{subsection.Alph0.64.6}{\376\377\000.\0006\0004\000.\0006\000\040\000N\000e\000x\000t\000-\000t\000o\000-\000L\000e\000a\000d\000i\000n\000g\000\040\000O\000r\000d\000e\000r\000:\000\040\000S\000h\000a\000p\000e\000-\000D\000e\000p\000e\000n\000d\000e\000n\000t\000\040\000C\000o\000r\000r\000e\000c\000t\000i\000o\000n}{section.Alph0.64}% 561
\BOOKMARK [1][]{section.Alph0.65}{\376\377\000.\0006\0005\000\040\0005\0002\000-\000S\000u\000p\000p\000r\000e\000s\000s\000i\000o\000n\000\040\000A\000n\000a\000l\000y\000s\000i\000s}{appendix*.60}% 562
\BOOKMARK [2][]{subsection.Alph0.65.1}{\376\377\000.\0006\0005\000.\0001\000\040\000M\000a\000g\000n\000i\000t\000u\000d\000e\000\040\000E\000s\000t\000i\000m\000a\000t\000e}{section.Alph0.65}% 563
\BOOKMARK [2][]{subsection.Alph0.65.2}{\376\377\000.\0006\0005\000.\0002\000\040\000M\0005\000\040\000T\000h\000r\000e\000s\000h\000o\000l\000d\000\040\000f\000o\000r\000\040\000R\000e\000l\000e\000v\000a\000n\000c\000e}{section.Alph0.65}% 564
\BOOKMARK [1][]{section.Alph0.66}{\376\377\000.\0006\0006\000\040\000C\000o\000m\000p\000a\000r\000i\000s\000o\000n\000\040\000t\000o\000\040\000A\000c\000c\000e\000p\000t\000e\000d\000\040\000G\000e\000o\000m\000e\000t\000r\000i\000c\000\040\000S\000e\000c\000t\000o\000r}{appendix*.60}% 565
\BOOKMARK [2][]{subsection.Alph0.66.1}{\376\377\000.\0006\0006\000.\0001\000\040\000S\000t\000r\000u\000c\000t\000u\000r\000e\000\040\000S\000u\000m\000m\000a\000r\000y}{section.Alph0.66}% 566
\BOOKMARK [2][]{subsection.Alph0.66.2}{\376\377\000.\0006\0006\000.\0002\000\040\000D\000o\000e\000s\000\040\000V\000b\000u\000l\000k\000\040\000O\000p\000p\000o\000s\000e\000\040\000t\000h\000e\000\040\000G\000e\000o\000m\000e\000t\000r\000i\000c\000\040\000R\000e\000s\000t\000o\000r\000i\000n\000g\000\040\000F\000o\000r\000c\000e\000?}{section.Alph0.66}% 567
\BOOKMARK [1][]{section.Alph0.67}{\376\377\000.\0006\0007\000\040\000S\000t\000r\000u\000c\000t\000u\000r\000a\000l\000\040\000v\000s\000.\000\040\000N\000u\000m\000e\000r\000i\000c\000\040\000C\000l\000o\000s\000u\000r\000e\000\040\000F\000i\000r\000e\000w\000a\000l\000l}{appendix*.60}% 568
\BOOKMARK [1][]{section.Alph0.68}{\376\377\000.\0006\0008\000\040\000H\000o\000n\000e\000s\000t\000\040\000O\000u\000t\000c\000o\000m\000e\000\040\000C\000l\000a\000s\000s\000i\000f\000i\000c\000a\000t\000i\000o\000n}{appendix*.60}% 569
\BOOKMARK [2][]{subsection.Alph0.68.1}{\376\377\000.\0006\0008\000.\0001\000\040\000I\000m\000p\000a\000c\000t\000\040\000o\000n\000\040\000C\000a\000n\000d\000i\000d\000a\000t\000e\000\040\000L\000a\000n\000d\000s\000c\000a\000p\000e}{section.Alph0.68}% 570
\BOOKMARK [1][]{section.Alph0.69}{\376\377\000.\0006\0009\000\040\000S\000u\000m\000m\000a\000r\000y}{appendix*.60}% 571
\BOOKMARK [0][]{appendix*.64}{\376\377\000N\000o\000n\000-\000M\000o\000n\000o\000t\000o\000n\000e\000\040\000C\000o\000r\000e\000-\000P\000r\000o\000f\000i\000l\000e\000\040\000P\000r\000o\000v\000e\000n\000a\000n\000c\000e\000\040\000T\000e\000s\000t\000\040\000f\000o\000r\000\040\000t\000h\000e\000\040\000N\000o\000d\000e\000-\000W\000e\000l\000l\000\040\000S\000e\000c\000t\000o\000r}{part.6}% 572
\BOOKMARK [1][]{section.Alph0.70}{\376\377\000.\0007\0000\000\040\000S\000c\000o\000p\000e\000\040\000a\000n\000d\000\040\000F\000r\000a\000m\000i\000n\000g}{appendix*.64}% 573
\BOOKMARK [1][]{section.Alph0.71}{\376\377\000.\0007\0001\000\040\000G\000o\000v\000e\000r\000n\000i\000n\000g\000\040\000C\000o\000n\000s\000t\000r\000a\000i\000n\000t\000\040\000f\000r\000o\000m\000\040\000N\0007}{appendix*.64}% 574
\BOOKMARK [2][]{subsection.Alph0.71.1}{\376\377\000.\0007\0001\000.\0001\000\040\000T\000h\000e\000\040\000M\000o\000n\000o\000t\000o\000n\000e\000\040\000P\000r\000o\000f\000i\000l\000e\000\040\000N\000o\000-\000G\000o}{section.Alph0.71}% 575
\BOOKMARK [2][]{subsection.Alph0.71.2}{\376\377\000.\0007\0001\000.\0002\000\040\000T\000h\000e\000\040\000S\000i\000g\000n\000\040\000A\000r\000g\000u\000m\000e\000n\000t}{section.Alph0.71}% 576
\BOOKMARK [1][]{section.Alph0.72}{\376\377\000.\0007\0002\000\040\000C\000a\000n\000d\000i\000d\000a\000t\000e\000\040\000A\000d\000m\000i\000s\000s\000i\000b\000l\000e\000\040\000M\000e\000c\000h\000a\000n\000i\000s\000m\000s}{appendix*.64}% 577
\BOOKMARK [2][]{subsection.Alph0.72.1}{\376\377\000.\0007\0002\000.\0001\000\040\000C\000a\000n\000d\000i\000d\000a\000t\000e\000\040\0001\000:\000\040\000Z\0003\000Z\0002\000\040\000I\000n\000t\000e\000r\000n\000a\000l\000\040\000S\000y\000m\000m\000e\000t\000r\000y\000\040\000T\000r\000a\000n\000s\000i\000t\000i\000o\000n}{section.Alph0.72}% 578
\BOOKMARK [2][]{subsection.Alph0.72.2}{\376\377\000.\0007\0002\000.\0002\000\040\000C\000a\000n\000d\000i\000d\000a\000t\000e\000\040\0002\000:\000\040\000N\000o\000n\000-\000S\000e\000p\000a\000r\000a\000b\000l\000e\000\040\000T\000r\000a\000n\000s\000v\000e\000r\000s\000e\000-\000L\000o\000n\000g\000i\000t\000u\000d\000i\000n\000a\000l\000\040\000C\000o\000u\000p\000l\000i\000n\000g}{section.Alph0.72}% 579
\BOOKMARK [2][]{subsection.Alph0.72.3}{\376\377\000.\0007\0002\000.\0003\000\040\000C\000a\000n\000d\000i\000d\000a\000t\000e\000\040\0003\000:\000\040\000C\000o\000r\000e\000\040\000T\000o\000p\000o\000l\000o\000g\000y\000\040\000C\000h\000a\000n\000g\000e}{section.Alph0.72}% 580
\BOOKMARK [1][]{section.Alph0.73}{\376\377\000.\0007\0003\000\040\000D\000e\000r\000i\000v\000a\000t\000i\000o\000n\000:\000\040\000E\000x\000t\000e\000n\000s\000i\000o\000n\000\040\000o\000f\000\040\000t\000h\000e\000\040\000S\000i\000g\000n\000\040\000A\000r\000g\000u\000m\000e\000n\000t\000\040\000B\000e\000y\000o\000n\000d\000\040\000S\000e\000p\000a\000r\000a\000b\000i\000l\000i\000t\000y}{appendix*.64}% 581
\BOOKMARK [1][]{section.Alph0.74}{\376\377\000.\0007\0004\000\040\000P\000r\000o\000v\000e\000n\000a\000n\000c\000e\000\040\000T\000e\000s\000t}{appendix*.64}% 582
\BOOKMARK [1][]{section.Alph0.75}{\376\377\000.\0007\0005\000\040\000O\000u\000t\000c\000o\000m\000e\000\040\000C\000l\000a\000s\000s\000i\000f\000i\000c\000a\000t\000i\000o\000n}{appendix*.64}% 583
\BOOKMARK [1][]{section.Alph0.76}{\376\377\000.\0007\0006\000\040\000W\000h\000a\000t\000\040\000t\000h\000e\000\040\000R\000o\000u\000t\000e\000\040\000C\000a\000n\000\040\000a\000n\000d\000\040\000C\000a\000n\000n\000o\000t\000\040\000C\000l\000a\000i\000m}{appendix*.64}% 584
\BOOKMARK [1][]{section.Alph0.77}{\376\377\000.\0007\0007\000\040\000N\000u\000m\000e\000r\000i\000c\000a\000l\000\040\000V\000e\000r\000i\000f\000i\000c\000a\000t\000i\000o\000n}{appendix*.64}% 585
\BOOKMARK [1][]{section.Alph0.78}{\376\377\000.\0007\0008\000\040\000S\000u\000m\000m\000a\000r\000y}{appendix*.64}% 586
\BOOKMARK [0][]{appendix*.65}{\376\377\000P\000r\000o\000v\000e\000n\000a\000n\000c\000e\000\040\000I\000n\000d\000e\000x}{part.6}% 587
\BOOKMARK [1][]{section.Alph0.79}{\376\377\000.\0007\0009\000\040\000S\000o\000u\000r\000c\000e\000\040\000D\000i\000r\000e\000c\000t\000o\000r\000y}{appendix*.65}% 588
\BOOKMARK [1][]{section.Alph0.80}{\376\377\000.\0008\0000\000\040\000C\000h\000a\000p\000t\000e\000r\000\040\041\222\000\040\000S\000o\000u\000r\000c\000e\000\040\000M\000a\000p\000p\000i\000n\000g}{appendix*.65}% 589
\BOOKMARK [1][]{section.Alph0.81}{\376\377\000.\0008\0001\000\040\000P\000y\000t\000h\000o\000n\000\040\000S\000c\000r\000i\000p\000t\000s}{appendix*.65}% 590
\BOOKMARK [0][]{appendix*.66}{\376\377\000Q\000u\000a\000r\000a\000n\000t\000i\000n\000e\000:\000\040\000F\000i\000t\000t\000i\000n\000g\000\040\000P\000r\000o\000c\000e\000d\000u\000r\000e\000s}{part.6}% 591
\BOOKMARK [1][]{section.Alph0.82}{\376\377\000.\0008\0002\000\040\000B\000a\000s\000e\000l\000i\000n\000e\000\040\000L\000a\000n\000e\000\040\000C\000o\000e\000f\000f\000i\000c\000i\000e\000n\000t\000s}{appendix*.66}% 592
\BOOKMARK [2][]{subsection.Alph0.82.1}{\376\377\000.\0008\0002\000.\0001\000\040\000F\000i\000t\000t\000e\000d\000\040\000V\000a\000l\000u\000e\000s}{section.Alph0.82}% 593
\BOOKMARK [2][]{subsection.Alph0.82.2}{\376\377\000.\0008\0002\000.\0002\000\040\000F\000i\000t\000t\000i\000n\000g\000\040\000P\000r\000o\000c\000e\000d\000u\000r\000e}{section.Alph0.82}% 594
\BOOKMARK [2][]{subsection.Alph0.82.3}{\376\377\000.\0008\0002\000.\0003\000\040\000D\000a\000t\000a\000\040\000S\000o\000u\000r\000c\000e\000s}{section.Alph0.82}% 595
\BOOKMARK [1][]{section.Alph0.83}{\376\377\000.\0008\0003\000\040\000P\000r\000e\000f\000a\000c\000t\000o\000r\000\040\000p\000\040\000i\000n\000\040\000C\000o\000o\000r\000d\000i\000n\000a\000t\000i\000o\000n\000\040\000F\000u\000n\000c\000t\000i\000o\000n}{appendix*.66}% 596
\BOOKMARK [2][]{subsection.Alph0.83.1}{\376\377\000.\0008\0003\000.\0001\000\040\000C\000a\000l\000i\000b\000r\000a\000t\000i\000o\000n}{section.Alph0.83}% 597
\BOOKMARK [2][]{subsection.Alph0.83.2}{\376\377\000.\0008\0003\000.\0002\000\040\000S\000e\000n\000s\000i\000t\000i\000v\000i\000t\000y\000\040\000A\000n\000a\000l\000y\000s\000i\000s}{section.Alph0.83}% 598
\BOOKMARK [1][]{section.Alph0.84}{\376\377\000.\0008\0004\000\040\000F\000r\000u\000s\000t\000r\000a\000t\000i\000o\000n\000\040\000C\000o\000e\000f\000f\000i\000c\000i\000e\000n\000t\000\040\000g}{appendix*.66}% 599
\BOOKMARK [2][]{subsection.Alph0.84.1}{\376\377\000.\0008\0004\000.\0001\000\040\000F\000i\000t\000t\000e\000d\000\040\000V\000a\000l\000u\000e}{section.Alph0.84}% 600
\BOOKMARK [2][]{subsection.Alph0.84.2}{\376\377\000.\0008\0004\000.\0002\000\040\000S\000i\000g\000n\000\040\000I\000n\000t\000e\000r\000p\000r\000e\000t\000a\000t\000i\000o\000n}{section.Alph0.84}% 601
\BOOKMARK [2][]{subsection.Alph0.84.3}{\376\377\000.\0008\0004\000.\0003\000\040\000R\000o\000b\000u\000s\000t\000n\000e\000s\000s\000\040\000T\000e\000s\000t\000s}{section.Alph0.84}% 602
\BOOKMARK [1][]{section.Alph0.85}{\376\377\000.\0008\0005\000\040\000H\000i\000g\000h\000-\000C\000o\000o\000r\000d\000i\000n\000a\000t\000i\000o\000n\000\040\000B\000e\000n\000c\000h\000m\000a\000r\000k\000\040\000D\000a\000t\000a\000s\000e\000t}{appendix*.66}% 603
\BOOKMARK [2][]{subsection.Alph0.85.1}{\376\377\000.\0008\0005\000.\0001\000\040\000C\000a\000s\000e\000\040\000D\000e\000f\000i\000n\000i\000t\000i\000o\000n\000s}{section.Alph0.85}% 604
\BOOKMARK [2][]{subsection.Alph0.85.2}{\376\377\000.\0008\0005\000.\0002\000\040\000S\000e\000l\000e\000c\000t\000i\000o\000n\000\040\000C\000r\000i\000t\000e\000r\000i\000a}{section.Alph0.85}% 605
\BOOKMARK [2][]{subsection.Alph0.85.3}{\376\377\000.\0008\0005\000.\0003\000\040\000A\000n\000t\000i\000-\000T\000u\000n\000i\000n\000g\000\040\000S\000t\000a\000t\000e\000m\000e\000n\000t}{section.Alph0.85}% 606
\BOOKMARK [1][]{section.Alph0.86}{\376\377\000.\0008\0006\000\040\000P\000e\000r\000f\000o\000r\000m\000a\000n\000c\000e\000\040\000M\000e\000t\000r\000i\000c\000s\000\040\000C\000o\000m\000p\000u\000t\000a\000t\000i\000o\000n}{appendix*.66}% 607
\BOOKMARK [2][]{subsection.Alph0.86.1}{\376\377\000.\0008\0006\000.\0001\000\040\000D\000e\000f\000i\000n\000i\000t\000i\000o\000n\000s}{section.Alph0.86}% 608
\BOOKMARK [2][]{subsection.Alph0.86.2}{\376\377\000.\0008\0006\000.\0002\000\040\000R\000e\000s\000u\000l\000t\000s\000\040\000S\000u\000m\000m\000a\000r\000y}{section.Alph0.86}% 609
\BOOKMARK [1][]{section.Alph0.87}{\376\377\000.\0008\0007\000\040\000C\000r\000o\000s\000s\000-\000V\000a\000l\000i\000d\000a\000t\000i\000o\000n\000\040\000R\000e\000s\000u\000l\000t\000s}{appendix*.66}% 610
\BOOKMARK [1][]{section.Alph0.88}{\376\377\000.\0008\0008\000\040\000D\000e\000c\000l\000a\000r\000a\000t\000i\000o\000n}{appendix*.66}% 611
\BOOKMARK [0][]{appendix*.67}{\376\377\000A\000n\000a\000l\000o\000g\000i\000e\000s\000\040\000\050\000N\000o\000n\000-\000B\000i\000n\000d\000i\000n\000g\000\051}{part.6}% 612
\BOOKMARK [1][]{section.Alph0.89}{\376\377\000.\0008\0009\000\040\000E\000D\000C\000\040\000v\000s\000.\000\040\000S\000M\000\040\000T\000e\000r\000m\000i\000n\000o\000l\000o\000g\000y}{appendix*.67}% 613
\BOOKMARK [1][]{section.Alph0.90}{\376\377\000.\0009\0000\000\040\000G\000e\000o\000m\000e\000t\000r\000i\000c\000\040\000A\000n\000a\000l\000o\000g\000y\000:\000\040\000K\0004\000\040\000a\000n\000d\000\040\000T\000e\000t\000r\000a\000h\000e\000d\000r\000a\000l\000\040\000C\000o\000n\000n\000e\000c\000t\000i\000v\000i\000t\000y}{appendix*.67}% 614
\BOOKMARK [1][]{section.Alph0.91}{\376\377\000.\0009\0001\000\040\000W\000h\000y\000\040\000A\000n\000a\000l\000o\000g\000i\000e\000s\000\040\000A\000r\000e\000\040\000I\000n\000s\000u\000f\000f\000i\000c\000i\000e\000n\000t}{appendix*.67}% 615
\BOOKMARK [1][]{section.Alph0.92}{\376\377\000.\0009\0002\000\040\000H\000i\000s\000t\000o\000r\000i\000c\000a\000l\000\040\000C\000o\000n\000t\000e\000x\000t}{appendix*.67}% 616
\BOOKMARK [2][]{subsection.Alph0.92.1}{\376\377\000.\0009\0002\000.\0001\000\040\000D\000e\000v\000e\000l\000o\000p\000m\000e\000n\000t\000\040\000o\000f\000\040\000S\000t\000a\000b\000i\000l\000i\000t\000y\000\040\000C\000o\000n\000c\000e\000p\000t\000s}{section.Alph0.92}% 617
\BOOKMARK [2][]{subsection.Alph0.92.2}{\376\377\000.\0009\0002\000.\0002\000\040\000S\000h\000e\000l\000l\000\040\000M\000o\000d\000e\000l\000\040\000v\000s\000.\000\040\000M\0006\000\040\000L\000a\000t\000t\000i\000c\000e}{section.Alph0.92}% 618
\BOOKMARK [1][]{section.Alph0.93}{\376\377\000.\0009\0003\000\040\000W\000h\000y\000\040\000E\000D\000C\000\040\000I\000s\000\040\000N\000o\000t\000\040\000`\000`\000J\000u\000s\000t\000\040\000A\000n\000o\000t\000h\000e\000r\000\040\000N\000u\000c\000l\000e\000a\000r\000\040\000M\000o\000d\000e\000l\000'\000'}{appendix*.67}% 619
\BOOKMARK [1][]{section.Alph0.94}{\376\377\000.\0009\0004\000\040\000D\000e\000c\000l\000a\000r\000a\000t\000i\000o\000n}{appendix*.67}% 620
\BOOKMARK [0][]{appendix*.68}{\376\377\000G\000l\000o\000s\000s\000a\000r\000y}{part.6}% 621
