This is pdfTeX, Version 3.141592653-2.6-1.40.27 (TeX Live 2025) (preloaded format=pdflatex 2026.1.12)  14 MAR 2026 01:25
entering extended mode
 restricted \write18 enabled.
 %&-line parsing enabled.
**main.tex
(./main.tex
LaTeX2e <2024-11-01> patch level 2
L3 programming layer <2025-01-18>
(/usr/local/texlive/2025/texmf-dist/tex/latex/base/book.cls
Document Class: book 2024/06/29 v1.4n Standard LaTeX document class
(/usr/local/texlive/2025/texmf-dist/tex/latex/base/bk11.clo
File: bk11.clo 2024/06/29 v1.4n Standard LaTeX file (size option)
)
\c@part=\count196
\c@chapter=\count197
\c@section=\count198
\c@subsection=\count199
\c@subsubsection=\count266
\c@paragraph=\count267
\c@subparagraph=\count268
\c@figure=\count269
\c@table=\count270
\abovecaptionskip=\skip49
\belowcaptionskip=\skip50
\bibindent=\dimen141
) (./preamble.tex
(/usr/local/texlive/2025/texmf-dist/tex/latex/base/inputenc.sty
Package: inputenc 2024/02/08 v1.3d Input encoding file
\inpenc@prehook=\toks17
\inpenc@posthook=\toks18
)
(/usr/local/texlive/2025/texmf-dist/tex/latex/base/fontenc.sty
Package: fontenc 2021/04/29 v2.0v Standard LaTeX package
)
(/usr/local/texlive/2025/texmf-dist/tex/latex/lm/lmodern.sty
Package: lmodern 2015/05/01 v1.6.1 Latin Modern Fonts
LaTeX Font Info:    Overwriting symbol font `operators' in version `normal'
(Font)                  OT1/cmr/m/n --> OT1/lmr/m/n on input line 22.
LaTeX Font Info:    Overwriting symbol font `letters' in version `normal'
(Font)                  OML/cmm/m/it --> OML/lmm/m/it on input line 23.
LaTeX Font Info:    Overwriting symbol font `symbols' in version `normal'
(Font)                  OMS/cmsy/m/n --> OMS/lmsy/m/n on input line 24.
LaTeX Font Info:    Overwriting symbol font `largesymbols' in version `normal'
(Font)                  OMX/cmex/m/n --> OMX/lmex/m/n on input line 25.
LaTeX Font Info:    Overwriting symbol font `operators' in version `bold'
(Font)                  OT1/cmr/bx/n --> OT1/lmr/bx/n on input line 26.
LaTeX Font Info:    Overwriting symbol font `letters' in version `bold'
(Font)                  OML/cmm/b/it --> OML/lmm/b/it on input line 27.
LaTeX Font Info:    Overwriting symbol font `symbols' in version `bold'
(Font)                  OMS/cmsy/b/n --> OMS/lmsy/b/n on input line 28.
LaTeX Font Info:    Overwriting symbol font `largesymbols' in version `bold'
(Font)                  OMX/cmex/m/n --> OMX/lmex/m/n on input line 29.
LaTeX Font Info:    Overwriting math alphabet `\mathbf' in version `normal'
(Font)                  OT1/cmr/bx/n --> OT1/lmr/bx/n on input line 31.
LaTeX Font Info:    Overwriting math alphabet `\mathsf' in version `normal'
(Font)                  OT1/cmss/m/n --> OT1/lmss/m/n on input line 32.
LaTeX Font Info:    Overwriting math alphabet `\mathit' in version `normal'
(Font)                  OT1/cmr/m/it --> OT1/lmr/m/it on input line 33.
LaTeX Font Info:    Overwriting math alphabet `\mathtt' in version `normal'
(Font)                  OT1/cmtt/m/n --> OT1/lmtt/m/n on input line 34.
LaTeX Font Info:    Overwriting math alphabet `\mathbf' in version `bold'
(Font)                  OT1/cmr/bx/n --> OT1/lmr/bx/n on input line 35.
LaTeX Font Info:    Overwriting math alphabet `\mathsf' in version `bold'
(Font)                  OT1/cmss/bx/n --> OT1/lmss/bx/n on input line 36.
LaTeX Font Info:    Overwriting math alphabet `\mathit' in version `bold'
(Font)                  OT1/cmr/bx/it --> OT1/lmr/bx/it on input line 37.
LaTeX Font Info:    Overwriting math alphabet `\mathtt' in version `bold'
(Font)                  OT1/cmtt/m/n --> OT1/lmtt/m/n on input line 38.
)
(/usr/local/texlive/2025/texmf-dist/tex/latex/amsmath/amsmath.sty
Package: amsmath 2024/11/05 v2.17t AMS math features
\@mathmargin=\skip51

For additional information on amsmath, use the `?' option.
(/usr/local/texlive/2025/texmf-dist/tex/latex/amsmath/amstext.sty
Package: amstext 2021/08/26 v2.01 AMS text

(/usr/local/texlive/2025/texmf-dist/tex/latex/amsmath/amsgen.sty
File: amsgen.sty 1999/11/30 v2.0 generic functions
\@emptytoks=\toks19
\ex@=\dimen142
))
(/usr/local/texlive/2025/texmf-dist/tex/latex/amsmath/amsbsy.sty
Package: amsbsy 1999/11/29 v1.2d Bold Symbols
\pmbraise@=\dimen143
)
(/usr/local/texlive/2025/texmf-dist/tex/latex/amsmath/amsopn.sty
Package: amsopn 2022/04/08 v2.04 operator names
)
\inf@bad=\count271
LaTeX Info: Redefining \frac on input line 233.
\uproot@=\count272
\leftroot@=\count273
LaTeX Info: Redefining \overline on input line 398.
LaTeX Info: Redefining \colon on input line 409.
\classnum@=\count274
\DOTSCASE@=\count275
LaTeX Info: Redefining \ldots on input line 495.
LaTeX Info: Redefining \dots on input line 498.
LaTeX Info: Redefining \cdots on input line 619.
\Mathstrutbox@=\box52
\strutbox@=\box53
LaTeX Info: Redefining \big on input line 721.
LaTeX Info: Redefining \Big on input line 722.
LaTeX Info: Redefining \bigg on input line 723.
LaTeX Info: Redefining \Bigg on input line 724.
\big@size=\dimen144
LaTeX Font Info:    Redeclaring font encoding OML on input line 742.
LaTeX Font Info:    Redeclaring font encoding OMS on input line 743.
\macc@depth=\count276
LaTeX Info: Redefining \bmod on input line 904.
LaTeX Info: Redefining \pmod on input line 909.
LaTeX Info: Redefining \smash on input line 939.
LaTeX Info: Redefining \relbar on input line 969.
LaTeX Info: Redefining \Relbar on input line 970.
\c@MaxMatrixCols=\count277
\dotsspace@=\muskip17
\c@parentequation=\count278
\dspbrk@lvl=\count279
\tag@help=\toks20
\row@=\count280
\column@=\count281
\maxfields@=\count282
\andhelp@=\toks21
\eqnshift@=\dimen145
\alignsep@=\dimen146
\tagshift@=\dimen147
\tagwidth@=\dimen148
\totwidth@=\dimen149
\lineht@=\dimen150
\@envbody=\toks22
\multlinegap=\skip52
\multlinetaggap=\skip53
\mathdisplay@stack=\toks23
LaTeX Info: Redefining \[ on input line 2953.
LaTeX Info: Redefining \] on input line 2954.
)
(/usr/local/texlive/2025/texmf-dist/tex/latex/amsfonts/amssymb.sty
Package: amssymb 2013/01/14 v3.01 AMS font symbols

(/usr/local/texlive/2025/texmf-dist/tex/latex/amsfonts/amsfonts.sty
Package: amsfonts 2013/01/14 v3.01 Basic AMSFonts support
\symAMSa=\mathgroup4
\symAMSb=\mathgroup5
LaTeX Font Info:    Redeclaring math symbol \hbar on input line 98.
LaTeX Font Info:    Overwriting math alphabet `\mathfrak' in version `bold'
(Font)                  U/euf/m/n --> U/euf/b/n on input line 106.
))
(/usr/local/texlive/2025/texmf-dist/tex/latex/amscls/amsthm.sty
Package: amsthm 2020/05/29 v2.20.6
\thm@style=\toks24
\thm@bodyfont=\toks25
\thm@headfont=\toks26
\thm@notefont=\toks27
\thm@headpunct=\toks28
\thm@preskip=\skip54
\thm@postskip=\skip55
\thm@headsep=\skip56
\dth@everypar=\toks29
)
(/usr/local/texlive/2025/texmf-dist/tex/latex/mathtools/mathtools.sty
Package: mathtools 2024/10/04 v1.31 mathematical typesetting tools

(/usr/local/texlive/2025/texmf-dist/tex/latex/graphics/keyval.sty
Package: keyval 2022/05/29 v1.15 key=value parser (DPC)
\KV@toks@=\toks30
)
(/usr/local/texlive/2025/texmf-dist/tex/latex/tools/calc.sty
Package: calc 2023/07/08 v4.3 Infix arithmetic (KKT,FJ)
\calc@Acount=\count283
\calc@Bcount=\count284
\calc@Adimen=\dimen151
\calc@Bdimen=\dimen152
\calc@Askip=\skip57
\calc@Bskip=\skip58
LaTeX Info: Redefining \setlength on input line 80.
LaTeX Info: Redefining \addtolength on input line 81.
\calc@Ccount=\count285
\calc@Cskip=\skip59
)
(/usr/local/texlive/2025/texmf-dist/tex/latex/mathtools/mhsetup.sty
Package: mhsetup 2021/03/18 v1.4 programming setup (MH)
)
\g_MT_multlinerow_int=\count286
\l_MT_multwidth_dim=\dimen153
\origjot=\skip60
\l_MT_shortvdotswithinadjustabove_dim=\dimen154
\l_MT_shortvdotswithinadjustbelow_dim=\dimen155
\l_MT_above_intertext_sep=\dimen156
\l_MT_below_intertext_sep=\dimen157
\l_MT_above_shortintertext_sep=\dimen158
\l_MT_below_shortintertext_sep=\dimen159
\xmathstrut@box=\box54
\xmathstrut@dim=\dimen160
)
(/usr/local/texlive/2025/texmf-dist/tex/latex/tools/bm.sty
Package: bm 2023/12/19 v1.2f Bold Symbol Support (DPC/FMi)
\symboldoperators=\mathgroup6
\symboldletters=\mathgroup7
\symboldsymbols=\mathgroup8
Package bm Info: No bold for \OMX/lmex/m/n, using \pmb.
Package bm Info: No bold for \U/msa/m/n, using \pmb.
Package bm Info: No bold for \U/msb/m/n, using \pmb.
LaTeX Font Info:    Redeclaring math alphabet \mathbf on input line 149.
)
(/usr/local/texlive/2025/texmf-dist/tex/latex/geometry/geometry.sty
Package: geometry 2020/01/02 v5.9 Page Geometry

(/usr/local/texlive/2025/texmf-dist/tex/generic/iftex/ifvtex.sty
Package: ifvtex 2019/10/25 v1.7 ifvtex legacy package. Use iftex instead.

(/usr/local/texlive/2025/texmf-dist/tex/generic/iftex/iftex.sty
Package: iftex 2024/12/12 v1.0g TeX engine tests
))
\Gm@cnth=\count287
\Gm@cntv=\count288
\c@Gm@tempcnt=\count289
\Gm@bindingoffset=\dimen161
\Gm@wd@mp=\dimen162
\Gm@odd@mp=\dimen163
\Gm@even@mp=\dimen164
\Gm@layoutwidth=\dimen165
\Gm@layoutheight=\dimen166
\Gm@layouthoffset=\dimen167
\Gm@layoutvoffset=\dimen168
\Gm@dimlist=\toks31
)
(/usr/local/texlive/2025/texmf-dist/tex/latex/fancyhdr/fancyhdr.sty
Package: fancyhdr 2025/02/07 v5.2 Extensive control of page headers and footers

\f@nch@headwidth=\skip61
\f@nch@offset@elh=\skip62
\f@nch@offset@erh=\skip63
\f@nch@offset@olh=\skip64
\f@nch@offset@orh=\skip65
\f@nch@offset@elf=\skip66
\f@nch@offset@erf=\skip67
\f@nch@offset@olf=\skip68
\f@nch@offset@orf=\skip69
\f@nch@height=\skip70
\f@nch@footalignment=\skip71
\f@nch@widthL=\skip72
\f@nch@widthC=\skip73
\f@nch@widthR=\skip74
\@temptokenb=\toks32
)
(/usr/local/texlive/2025/texmf-dist/tex/latex/booktabs/booktabs.sty
Package: booktabs 2020/01/12 v1.61803398 Publication quality tables
\heavyrulewidth=\dimen169
\lightrulewidth=\dimen170
\cmidrulewidth=\dimen171
\belowrulesep=\dimen172
\belowbottomsep=\dimen173
\aboverulesep=\dimen174
\abovetopsep=\dimen175
\cmidrulesep=\dimen176
\cmidrulekern=\dimen177
\defaultaddspace=\dimen178
\@cmidla=\count290
\@cmidlb=\count291
\@aboverulesep=\dimen179
\@belowrulesep=\dimen180
\@thisruleclass=\count292
\@lastruleclass=\count293
\@thisrulewidth=\dimen181
)
(/usr/local/texlive/2025/texmf-dist/tex/latex/tools/longtable.sty
Package: longtable 2024-10-27 v4.22 Multi-page Table package (DPC)
\LTleft=\skip75
\LTright=\skip76
\LTpre=\skip77
\LTpost=\skip78
\LTchunksize=\count294
\LTcapwidth=\dimen182
\LT@head=\box55
\LT@firsthead=\box56
\LT@foot=\box57
\LT@lastfoot=\box58
\LT@gbox=\box59
\LT@cols=\count295
\LT@rows=\count296
\c@LT@tables=\count297
\c@LT@chunks=\count298
\LT@p@ftn=\toks33
)
(/usr/local/texlive/2025/texmf-dist/tex/latex/tools/array.sty
Package: array 2024/10/17 v2.6g Tabular extension package (FMi)
\col@sep=\dimen183
\ar@mcellbox=\box60
\extrarowheight=\dimen184
\NC@list=\toks34
\extratabsurround=\skip79
\backup@length=\skip80
\ar@cellbox=\box61
)
(/usr/local/texlive/2025/texmf-dist/tex/latex/multirow/multirow.sty
Package: multirow 2024/11/12 v2.9 Span multiple rows of a table
\multirow@colwidth=\skip81
\multirow@cntb=\count299
\multirow@dima=\skip82
\bigstrutjot=\dimen185
)
(/usr/local/texlive/2025/texmf-dist/tex/latex/graphics/graphicx.sty
Package: graphicx 2021/09/16 v1.2d Enhanced LaTeX Graphics (DPC,SPQR)

(/usr/local/texlive/2025/texmf-dist/tex/latex/graphics/graphics.sty
Package: graphics 2024/08/06 v1.4g Standard LaTeX Graphics (DPC,SPQR)

(/usr/local/texlive/2025/texmf-dist/tex/latex/graphics/trig.sty
Package: trig 2023/12/02 v1.11 sin cos tan (DPC)
)
(/usr/local/texlive/2025/texmf-dist/tex/latex/graphics-cfg/graphics.cfg
File: graphics.cfg 2016/06/04 v1.11 sample graphics configuration
)
Package graphics Info: Driver file: pdftex.def on input line 106.

(/usr/local/texlive/2025/texmf-dist/tex/latex/graphics-def/pdftex.def
File: pdftex.def 2024/04/13 v1.2c Graphics/color driver for pdftex
))
\Gin@req@height=\dimen186
\Gin@req@width=\dimen187
)
(/usr/local/texlive/2025/texmf-dist/tex/latex/xcolor/xcolor.sty
Package: xcolor 2024/09/29 v3.02 LaTeX color extensions (UK)

(/usr/local/texlive/2025/texmf-dist/tex/latex/graphics-cfg/color.cfg
File: color.cfg 2016/01/02 v1.6 sample color configuration
)
Package xcolor Info: Driver file: pdftex.def on input line 274.

(/usr/local/texlive/2025/texmf-dist/tex/latex/graphics/mathcolor.ltx)
Package xcolor Info: Model `cmy' substituted by `cmy0' on input line 1349.
Package xcolor Info: Model `hsb' substituted by `rgb' on input line 1353.
Package xcolor Info: Model `RGB' extended on input line 1365.
Package xcolor Info: Model `HTML' substituted by `rgb' on input line 1367.
Package xcolor Info: Model `Hsb' substituted by `hsb' on input line 1368.
Package xcolor Info: Model `tHsb' substituted by `hsb' on input line 1369.
Package xcolor Info: Model `HSB' substituted by `hsb' on input line 1370.
Package xcolor Info: Model `Gray' substituted by `gray' on input line 1371.
Package xcolor Info: Model `wave' substituted by `hsb' on input line 1372.
)
(/usr/local/texlive/2025/texmf-dist/tex/latex/tcolorbox/tcolorbox.sty
Package: tcolorbox 2024/10/22 version 6.4.1 text color boxes

(/usr/local/texlive/2025/texmf-dist/tex/latex/pgf/frontendlayer/tikz.sty
(/usr/local/texlive/2025/texmf-dist/tex/latex/pgf/basiclayer/pgf.sty
(/usr/local/texlive/2025/texmf-dist/tex/latex/pgf/utilities/pgfrcs.sty
(/usr/local/texlive/2025/texmf-dist/tex/generic/pgf/utilities/pgfutil-common.te
x
\pgfutil@everybye=\toks35
\pgfutil@tempdima=\dimen188
\pgfutil@tempdimb=\dimen189
)
(/usr/local/texlive/2025/texmf-dist/tex/generic/pgf/utilities/pgfutil-latex.def
\pgfutil@abb=\box62
) (/usr/local/texlive/2025/texmf-dist/tex/generic/pgf/utilities/pgfrcs.code.tex
(/usr/local/texlive/2025/texmf-dist/tex/generic/pgf/pgf.revision.tex)
Package: pgfrcs 2023-01-15 v3.1.10 (3.1.10)
))
Package: pgf 2023-01-15 v3.1.10 (3.1.10)

(/usr/local/texlive/2025/texmf-dist/tex/latex/pgf/basiclayer/pgfcore.sty
(/usr/local/texlive/2025/texmf-dist/tex/latex/pgf/systemlayer/pgfsys.sty
(/usr/local/texlive/2025/texmf-dist/tex/generic/pgf/systemlayer/pgfsys.code.tex
Package: pgfsys 2023-01-15 v3.1.10 (3.1.10)
(/usr/local/texlive/2025/texmf-dist/tex/generic/pgf/utilities/pgfkeys.code.tex
\pgfkeys@pathtoks=\toks36
\pgfkeys@temptoks=\toks37

(/usr/local/texlive/2025/texmf-dist/tex/generic/pgf/utilities/pgfkeyslibraryfil
tered.code.tex
\pgfkeys@tmptoks=\toks38
))
\pgf@x=\dimen190
\pgf@y=\dimen191
\pgf@xa=\dimen192
\pgf@ya=\dimen193
\pgf@xb=\dimen194
\pgf@yb=\dimen195
\pgf@xc=\dimen196
\pgf@yc=\dimen197
\pgf@xd=\dimen198
\pgf@yd=\dimen199
\w@pgf@writea=\write3
\r@pgf@reada=\read2
\c@pgf@counta=\count300
\c@pgf@countb=\count301
\c@pgf@countc=\count302
\c@pgf@countd=\count303
\t@pgf@toka=\toks39
\t@pgf@tokb=\toks40
\t@pgf@tokc=\toks41
\pgf@sys@id@count=\count304

(/usr/local/texlive/2025/texmf-dist/tex/generic/pgf/systemlayer/pgf.cfg
File: pgf.cfg 2023-01-15 v3.1.10 (3.1.10)
)
Driver file for pgf: pgfsys-pdftex.def

(/usr/local/texlive/2025/texmf-dist/tex/generic/pgf/systemlayer/pgfsys-pdftex.d
ef
File: pgfsys-pdftex.def 2023-01-15 v3.1.10 (3.1.10)

(/usr/local/texlive/2025/texmf-dist/tex/generic/pgf/systemlayer/pgfsys-common-p
df.def
File: pgfsys-common-pdf.def 2023-01-15 v3.1.10 (3.1.10)
)))
(/usr/local/texlive/2025/texmf-dist/tex/generic/pgf/systemlayer/pgfsyssoftpath.
code.tex
File: pgfsyssoftpath.code.tex 2023-01-15 v3.1.10 (3.1.10)
\pgfsyssoftpath@smallbuffer@items=\count305
\pgfsyssoftpath@bigbuffer@items=\count306
)
(/usr/local/texlive/2025/texmf-dist/tex/generic/pgf/systemlayer/pgfsysprotocol.
code.tex
File: pgfsysprotocol.code.tex 2023-01-15 v3.1.10 (3.1.10)
))
(/usr/local/texlive/2025/texmf-dist/tex/generic/pgf/basiclayer/pgfcore.code.tex
Package: pgfcore 2023-01-15 v3.1.10 (3.1.10)
(/usr/local/texlive/2025/texmf-dist/tex/generic/pgf/math/pgfmath.code.tex
(/usr/local/texlive/2025/texmf-dist/tex/generic/pgf/math/pgfmathutil.code.tex)
(/usr/local/texlive/2025/texmf-dist/tex/generic/pgf/math/pgfmathparser.code.tex
\pgfmath@dimen=\dimen256
\pgfmath@count=\count307
\pgfmath@box=\box63
\pgfmath@toks=\toks42
\pgfmath@stack@operand=\toks43
\pgfmath@stack@operation=\toks44
)
(/usr/local/texlive/2025/texmf-dist/tex/generic/pgf/math/pgfmathfunctions.code.
tex)
(/usr/local/texlive/2025/texmf-dist/tex/generic/pgf/math/pgfmathfunctions.basic
.code.tex)
(/usr/local/texlive/2025/texmf-dist/tex/generic/pgf/math/pgfmathfunctions.trigo
nometric.code.tex)
(/usr/local/texlive/2025/texmf-dist/tex/generic/pgf/math/pgfmathfunctions.rando
m.code.tex)
(/usr/local/texlive/2025/texmf-dist/tex/generic/pgf/math/pgfmathfunctions.compa
rison.code.tex)
(/usr/local/texlive/2025/texmf-dist/tex/generic/pgf/math/pgfmathfunctions.base.
code.tex)
(/usr/local/texlive/2025/texmf-dist/tex/generic/pgf/math/pgfmathfunctions.round
.code.tex)
(/usr/local/texlive/2025/texmf-dist/tex/generic/pgf/math/pgfmathfunctions.misc.
code.tex)
(/usr/local/texlive/2025/texmf-dist/tex/generic/pgf/math/pgfmathfunctions.integ
erarithmetics.code.tex)
(/usr/local/texlive/2025/texmf-dist/tex/generic/pgf/math/pgfmathcalc.code.tex)
(/usr/local/texlive/2025/texmf-dist/tex/generic/pgf/math/pgfmathfloat.code.tex
\c@pgfmathroundto@lastzeros=\count308
)) (/usr/local/texlive/2025/texmf-dist/tex/generic/pgf/math/pgfint.code.tex)
(/usr/local/texlive/2025/texmf-dist/tex/generic/pgf/basiclayer/pgfcorepoints.co
de.tex
File: pgfcorepoints.code.tex 2023-01-15 v3.1.10 (3.1.10)
\pgf@picminx=\dimen257
\pgf@picmaxx=\dimen258
\pgf@picminy=\dimen259
\pgf@picmaxy=\dimen260
\pgf@pathminx=\dimen261
\pgf@pathmaxx=\dimen262
\pgf@pathminy=\dimen263
\pgf@pathmaxy=\dimen264
\pgf@xx=\dimen265
\pgf@xy=\dimen266
\pgf@yx=\dimen267
\pgf@yy=\dimen268
\pgf@zx=\dimen269
\pgf@zy=\dimen270
)
(/usr/local/texlive/2025/texmf-dist/tex/generic/pgf/basiclayer/pgfcorepathconst
ruct.code.tex
File: pgfcorepathconstruct.code.tex 2023-01-15 v3.1.10 (3.1.10)
\pgf@path@lastx=\dimen271
\pgf@path@lasty=\dimen272
)
(/usr/local/texlive/2025/texmf-dist/tex/generic/pgf/basiclayer/pgfcorepathusage
.code.tex
File: pgfcorepathusage.code.tex 2023-01-15 v3.1.10 (3.1.10)
\pgf@shorten@end@additional=\dimen273
\pgf@shorten@start@additional=\dimen274
)
(/usr/local/texlive/2025/texmf-dist/tex/generic/pgf/basiclayer/pgfcorescopes.co
de.tex
File: pgfcorescopes.code.tex 2023-01-15 v3.1.10 (3.1.10)
\pgfpic=\box64
\pgf@hbox=\box65
\pgf@layerbox@main=\box66
\pgf@picture@serial@count=\count309
)
(/usr/local/texlive/2025/texmf-dist/tex/generic/pgf/basiclayer/pgfcoregraphicst
ate.code.tex
File: pgfcoregraphicstate.code.tex 2023-01-15 v3.1.10 (3.1.10)
\pgflinewidth=\dimen275
)
(/usr/local/texlive/2025/texmf-dist/tex/generic/pgf/basiclayer/pgfcoretransform
ations.code.tex
File: pgfcoretransformations.code.tex 2023-01-15 v3.1.10 (3.1.10)
\pgf@pt@x=\dimen276
\pgf@pt@y=\dimen277
\pgf@pt@temp=\dimen278
)
(/usr/local/texlive/2025/texmf-dist/tex/generic/pgf/basiclayer/pgfcorequick.cod
e.tex
File: pgfcorequick.code.tex 2023-01-15 v3.1.10 (3.1.10)
)
(/usr/local/texlive/2025/texmf-dist/tex/generic/pgf/basiclayer/pgfcoreobjects.c
ode.tex
File: pgfcoreobjects.code.tex 2023-01-15 v3.1.10 (3.1.10)
)
(/usr/local/texlive/2025/texmf-dist/tex/generic/pgf/basiclayer/pgfcorepathproce
ssing.code.tex
File: pgfcorepathprocessing.code.tex 2023-01-15 v3.1.10 (3.1.10)
)
(/usr/local/texlive/2025/texmf-dist/tex/generic/pgf/basiclayer/pgfcorearrows.co
de.tex
File: pgfcorearrows.code.tex 2023-01-15 v3.1.10 (3.1.10)
\pgfarrowsep=\dimen279
)
(/usr/local/texlive/2025/texmf-dist/tex/generic/pgf/basiclayer/pgfcoreshade.cod
e.tex
File: pgfcoreshade.code.tex 2023-01-15 v3.1.10 (3.1.10)
\pgf@max=\dimen280
\pgf@sys@shading@range@num=\count310
\pgf@shadingcount=\count311
)
(/usr/local/texlive/2025/texmf-dist/tex/generic/pgf/basiclayer/pgfcoreimage.cod
e.tex
File: pgfcoreimage.code.tex 2023-01-15 v3.1.10 (3.1.10)
)
(/usr/local/texlive/2025/texmf-dist/tex/generic/pgf/basiclayer/pgfcoreexternal.
code.tex
File: pgfcoreexternal.code.tex 2023-01-15 v3.1.10 (3.1.10)
\pgfexternal@startupbox=\box67
)
(/usr/local/texlive/2025/texmf-dist/tex/generic/pgf/basiclayer/pgfcorelayers.co
de.tex
File: pgfcorelayers.code.tex 2023-01-15 v3.1.10 (3.1.10)
)
(/usr/local/texlive/2025/texmf-dist/tex/generic/pgf/basiclayer/pgfcoretranspare
ncy.code.tex
File: pgfcoretransparency.code.tex 2023-01-15 v3.1.10 (3.1.10)
)
(/usr/local/texlive/2025/texmf-dist/tex/generic/pgf/basiclayer/pgfcorepatterns.
code.tex
File: pgfcorepatterns.code.tex 2023-01-15 v3.1.10 (3.1.10)
)
(/usr/local/texlive/2025/texmf-dist/tex/generic/pgf/basiclayer/pgfcorerdf.code.
tex
File: pgfcorerdf.code.tex 2023-01-15 v3.1.10 (3.1.10)
)))
(/usr/local/texlive/2025/texmf-dist/tex/generic/pgf/modules/pgfmoduleshapes.cod
e.tex
File: pgfmoduleshapes.code.tex 2023-01-15 v3.1.10 (3.1.10)
\pgfnodeparttextbox=\box68
)
(/usr/local/texlive/2025/texmf-dist/tex/generic/pgf/modules/pgfmoduleplot.code.
tex
File: pgfmoduleplot.code.tex 2023-01-15 v3.1.10 (3.1.10)
)
(/usr/local/texlive/2025/texmf-dist/tex/latex/pgf/compatibility/pgfcomp-version
-0-65.sty
Package: pgfcomp-version-0-65 2023-01-15 v3.1.10 (3.1.10)
\pgf@nodesepstart=\dimen281
\pgf@nodesepend=\dimen282
)
(/usr/local/texlive/2025/texmf-dist/tex/latex/pgf/compatibility/pgfcomp-version
-1-18.sty
Package: pgfcomp-version-1-18 2023-01-15 v3.1.10 (3.1.10)
))
(/usr/local/texlive/2025/texmf-dist/tex/latex/pgf/utilities/pgffor.sty
(/usr/local/texlive/2025/texmf-dist/tex/latex/pgf/utilities/pgfkeys.sty
(/usr/local/texlive/2025/texmf-dist/tex/generic/pgf/utilities/pgfkeys.code.tex)
) (/usr/local/texlive/2025/texmf-dist/tex/latex/pgf/math/pgfmath.sty
(/usr/local/texlive/2025/texmf-dist/tex/generic/pgf/math/pgfmath.code.tex))
(/usr/local/texlive/2025/texmf-dist/tex/generic/pgf/utilities/pgffor.code.tex
Package: pgffor 2023-01-15 v3.1.10 (3.1.10)
\pgffor@iter=\dimen283
\pgffor@skip=\dimen284
\pgffor@stack=\toks45
\pgffor@toks=\toks46
))
(/usr/local/texlive/2025/texmf-dist/tex/generic/pgf/frontendlayer/tikz/tikz.cod
e.tex
Package: tikz 2023-01-15 v3.1.10 (3.1.10)

(/usr/local/texlive/2025/texmf-dist/tex/generic/pgf/libraries/pgflibraryplothan
dlers.code.tex
File: pgflibraryplothandlers.code.tex 2023-01-15 v3.1.10 (3.1.10)
\pgf@plot@mark@count=\count312
\pgfplotmarksize=\dimen285
)
\tikz@lastx=\dimen286
\tikz@lasty=\dimen287
\tikz@lastxsaved=\dimen288
\tikz@lastysaved=\dimen289
\tikz@lastmovetox=\dimen290
\tikz@lastmovetoy=\dimen291
\tikzleveldistance=\dimen292
\tikzsiblingdistance=\dimen293
\tikz@figbox=\box69
\tikz@figbox@bg=\box70
\tikz@tempbox=\box71
\tikz@tempbox@bg=\box72
\tikztreelevel=\count313
\tikznumberofchildren=\count314
\tikznumberofcurrentchild=\count315
\tikz@fig@count=\count316

(/usr/local/texlive/2025/texmf-dist/tex/generic/pgf/modules/pgfmodulematrix.cod
e.tex
File: pgfmodulematrix.code.tex 2023-01-15 v3.1.10 (3.1.10)
\pgfmatrixcurrentrow=\count317
\pgfmatrixcurrentcolumn=\count318
\pgf@matrix@numberofcolumns=\count319
)
\tikz@expandcount=\count320

(/usr/local/texlive/2025/texmf-dist/tex/generic/pgf/frontendlayer/tikz/librarie
s/tikzlibrarytopaths.code.tex
File: tikzlibrarytopaths.code.tex 2023-01-15 v3.1.10 (3.1.10)
)))
(/usr/local/texlive/2025/texmf-dist/tex/latex/tools/verbatim.sty
Package: verbatim 2024-01-22 v1.5x LaTeX2e package for verbatim enhancements
\every@verbatim=\toks47
\verbatim@line=\toks48
\verbatim@in@stream=\read3
)
(/usr/local/texlive/2025/texmf-dist/tex/latex/environ/environ.sty
Package: environ 2014/05/04 v0.3 A new way to define environments

(/usr/local/texlive/2025/texmf-dist/tex/latex/trimspaces/trimspaces.sty
Package: trimspaces 2009/09/17 v1.1 Trim spaces around a token list
))
(/usr/local/texlive/2025/texmf-dist/tex/latex/etoolbox/etoolbox.sty
Package: etoolbox 2025/02/11 v2.5l e-TeX tools for LaTeX (JAW)
\etb@tempcnta=\count321
)
\tcb@titlebox=\box73
\tcb@upperbox=\box74
\tcb@lowerbox=\box75
\tcb@phantombox=\box76
\c@tcbbreakpart=\count322
\c@tcblayer=\count323
\c@tcolorbox@number=\count324
\l__tcobox_tmpa_box=\box77
\l__tcobox_tmpa_dim=\dimen294
\tcb@temp=\box78
\tcb@temp=\box79
\tcb@temp=\box80
\tcb@temp=\box81
)
(/usr/local/texlive/2025/texmf-dist/tex/latex/tcolorbox/tcbbreakable.code.tex
Library (tcolorbox): 'tcbbreakable.code.tex' version '6.4.1'
(/usr/local/texlive/2025/texmf-dist/tex/latex/pdfcol/pdfcol.sty
Package: pdfcol 2022-09-21 v1.7 Handle new color stacks for pdfTeX (HO)

(/usr/local/texlive/2025/texmf-dist/tex/generic/ltxcmds/ltxcmds.sty
Package: ltxcmds 2023-12-04 v1.26 LaTeX kernel commands for general use (HO)
)
(/usr/local/texlive/2025/texmf-dist/tex/generic/infwarerr/infwarerr.sty
Package: infwarerr 2019/12/03 v1.5 Providing info/warning/error messages (HO)
))
Package pdfcol Info: New color stack `tcb@breakable' = 1 on input line 23.
\tcb@testbox=\box82
\tcb@totalupperbox=\box83
\tcb@totallowerbox=\box84
)
(/usr/local/texlive/2025/texmf-dist/tex/latex/tcolorbox/tcbskins.code.tex
Library (tcolorbox): 'tcbskins.code.tex' version '6.4.1'
(/usr/local/texlive/2025/texmf-dist/tex/latex/tikzfill/tikzfill.image.sty
Package: tikzfill.image 2023/08/08 v1.0.1 Image filling library for TikZ

(/usr/local/texlive/2025/texmf-dist/tex/latex/tikzfill/tikzfill-common.sty
Package: tikzfill-common 2023/08/08 v1.0.1 Auxiliary code for tikzfill
)
(/usr/local/texlive/2025/texmf-dist/tex/latex/tikzfill/tikzlibraryfill.image.co
de.tex
File: tikzlibraryfill.image.code.tex 2023/08/08 v1.0.1 Image filling library
\l__tikzfill_img_box=\box85
))
(/usr/local/texlive/2025/texmf-dist/tex/latex/tcolorbox/tcbskinsjigsaw.code.tex
Library (tcolorbox): 'tcbskinsjigsaw.code.tex' version '6.4.1'
)) (/usr/local/texlive/2025/texmf-dist/tex/latex/tcolorbox/tcbtheorems.code.tex
Library (tcolorbox): 'tcbtheorems.code.tex' version '6.4.1'
) (/usr/local/texlive/2025/texmf-dist/tex/latex/listings/listings.sty
\lst@mode=\count325
\lst@gtempboxa=\box86
\lst@token=\toks49
\lst@length=\count326
\lst@currlwidth=\dimen295
\lst@column=\count327
\lst@pos=\count328
\lst@lostspace=\dimen296
\lst@width=\dimen297
\lst@newlines=\count329
\lst@lineno=\count330
\lst@maxwidth=\dimen298

(/usr/local/texlive/2025/texmf-dist/tex/latex/listings/lstpatch.sty
File: lstpatch.sty 2024/09/23 1.10c (Carsten Heinz)
)
(/usr/local/texlive/2025/texmf-dist/tex/latex/listings/lstmisc.sty
File: lstmisc.sty 2024/09/23 1.10c (Carsten Heinz)
\c@lstnumber=\count331
\lst@skipnumbers=\count332
\lst@framebox=\box87
)
(/usr/local/texlive/2025/texmf-dist/tex/latex/listings/listings.cfg
File: listings.cfg 2024/09/23 1.10c listings configuration
))
Package: listings 2024/09/23 1.10c (Carsten Heinz)

(/usr/local/texlive/2025/texmf-dist/tex/latex/listings/lstlang1.sty
File: lstlang1.sty 2024/09/23 1.10c listings language file
)
(/usr/local/texlive/2025/texmf-dist/tex/latex/hyperref/hyperref.sty
Package: hyperref 2024-11-05 v7.01l Hypertext links for LaTeX

(/usr/local/texlive/2025/texmf-dist/tex/latex/kvsetkeys/kvsetkeys.sty
Package: kvsetkeys 2022-10-05 v1.19 Key value parser (HO)
)
(/usr/local/texlive/2025/texmf-dist/tex/generic/kvdefinekeys/kvdefinekeys.sty
Package: kvdefinekeys 2019-12-19 v1.6 Define keys (HO)
)
(/usr/local/texlive/2025/texmf-dist/tex/generic/pdfescape/pdfescape.sty
Package: pdfescape 2019/12/09 v1.15 Implements pdfTeX's escape features (HO)

(/usr/local/texlive/2025/texmf-dist/tex/generic/pdftexcmds/pdftexcmds.sty
Package: pdftexcmds 2020-06-27 v0.33 Utility functions of pdfTeX for LuaTeX (HO
)
Package pdftexcmds Info: \pdf@primitive is available.
Package pdftexcmds Info: \pdf@ifprimitive is available.
Package pdftexcmds Info: \pdfdraftmode found.
))
(/usr/local/texlive/2025/texmf-dist/tex/latex/hycolor/hycolor.sty
Package: hycolor 2020-01-27 v1.10 Color options for hyperref/bookmark (HO)
)
(/usr/local/texlive/2025/texmf-dist/tex/latex/hyperref/nameref.sty
Package: nameref 2023-11-26 v2.56 Cross-referencing by name of section

(/usr/local/texlive/2025/texmf-dist/tex/latex/refcount/refcount.sty
Package: refcount 2019/12/15 v3.6 Data extraction from label references (HO)
)
(/usr/local/texlive/2025/texmf-dist/tex/generic/gettitlestring/gettitlestring.s
ty
Package: gettitlestring 2019/12/15 v1.6 Cleanup title references (HO)
 (/usr/local/texlive/2025/texmf-dist/tex/latex/kvoptions/kvoptions.sty
Package: kvoptions 2022-06-15 v3.15 Key value format for package options (HO)
))
\c@section@level=\count333
)
(/usr/local/texlive/2025/texmf-dist/tex/generic/stringenc/stringenc.sty
Package: stringenc 2019/11/29 v1.12 Convert strings between diff. encodings (HO
)
)
\@linkdim=\dimen299
\Hy@linkcounter=\count334
\Hy@pagecounter=\count335

(/usr/local/texlive/2025/texmf-dist/tex/latex/hyperref/pd1enc.def
File: pd1enc.def 2024-11-05 v7.01l Hyperref: PDFDocEncoding definition (HO)
Now handling font encoding PD1 ...
... no UTF-8 mapping file for font encoding PD1
)
(/usr/local/texlive/2025/texmf-dist/tex/generic/intcalc/intcalc.sty
Package: intcalc 2019/12/15 v1.3 Expandable calculations with integers (HO)
)
\Hy@SavedSpaceFactor=\count336

(/usr/local/texlive/2025/texmf-dist/tex/latex/hyperref/puenc.def
File: puenc.def 2024-11-05 v7.01l Hyperref: PDF Unicode definition (HO)
Now handling font encoding PU ...
... no UTF-8 mapping file for font encoding PU
)
Package hyperref Info: Hyper figures OFF on input line 4157.
Package hyperref Info: Link nesting OFF on input line 4162.
Package hyperref Info: Hyper index ON on input line 4165.
Package hyperref Info: Plain pages OFF on input line 4172.
Package hyperref Info: Backreferencing OFF on input line 4177.
Package hyperref Info: Implicit mode ON; LaTeX internals redefined.
Package hyperref Info: Bookmarks ON on input line 4424.
\c@Hy@tempcnt=\count337

(/usr/local/texlive/2025/texmf-dist/tex/latex/url/url.sty
\Urlmuskip=\muskip18
Package: url 2013/09/16  ver 3.4  Verb mode for urls, etc.
)
LaTeX Info: Redefining \url on input line 4763.
\XeTeXLinkMargin=\dimen300

(/usr/local/texlive/2025/texmf-dist/tex/generic/bitset/bitset.sty
Package: bitset 2019/12/09 v1.3 Handle bit-vector datatype (HO)

(/usr/local/texlive/2025/texmf-dist/tex/generic/bigintcalc/bigintcalc.sty
Package: bigintcalc 2019/12/15 v1.5 Expandable calculations on big integers (HO
)
))
\Fld@menulength=\count338
\Field@Width=\dimen301
\Fld@charsize=\dimen302
Package hyperref Info: Hyper figures OFF on input line 6042.
Package hyperref Info: Link nesting OFF on input line 6047.
Package hyperref Info: Hyper index ON on input line 6050.
Package hyperref Info: backreferencing OFF on input line 6057.
Package hyperref Info: Link coloring OFF on input line 6062.
Package hyperref Info: Link coloring with OCG OFF on input line 6067.
Package hyperref Info: PDF/A mode OFF on input line 6072.

(/usr/local/texlive/2025/texmf-dist/tex/latex/base/atbegshi-ltx.sty
Package: atbegshi-ltx 2021/01/10 v1.0c Emulation of the original atbegshi
package with kernel methods
)
\Hy@abspage=\count339
\c@Item=\count340
\c@Hfootnote=\count341
)
Package hyperref Info: Driver (autodetected): hpdftex.

(/usr/local/texlive/2025/texmf-dist/tex/latex/hyperref/hpdftex.def
File: hpdftex.def 2024-11-05 v7.01l Hyperref driver for pdfTeX

(/usr/local/texlive/2025/texmf-dist/tex/latex/base/atveryend-ltx.sty
Package: atveryend-ltx 2020/08/19 v1.0a Emulation of the original atveryend pac
kage
with kernel methods
)
\Fld@listcount=\count342
\c@bookmark@seq@number=\count343

(/usr/local/texlive/2025/texmf-dist/tex/latex/rerunfilecheck/rerunfilecheck.sty
Package: rerunfilecheck 2022-07-10 v1.10 Rerun checks for auxiliary files (HO)

(/usr/local/texlive/2025/texmf-dist/tex/generic/uniquecounter/uniquecounter.sty
Package: uniquecounter 2019/12/15 v1.4 Provide unlimited unique counter (HO)
)
Package uniquecounter Info: New unique counter `rerunfilecheck' on input line 2
85.
)
\Hy@SectionHShift=\skip83
) (./build_info.tex)
Package hyperref Info: Option `colorlinks' set `true' on input line 97.
Package hyperref Info: Option `bookmarksnumbered' set `true' on input line 97.
Package hyperref Info: Option `bookmarksopen' set `true' on input line 97.

(/usr/local/texlive/2025/texmf-dist/tex/latex/cleveref/cleveref.sty
Package: cleveref 2018/03/27 v0.21.4 Intelligent cross-referencing
Package cleveref Info: `hyperref' support loaded on input line 2370.
LaTeX Info: Redefining \cref on input line 2370.
LaTeX Info: Redefining \Cref on input line 2370.
LaTeX Info: Redefining \crefrange on input line 2370.
LaTeX Info: Redefining \Crefrange on input line 2370.
LaTeX Info: Redefining \cpageref on input line 2370.
LaTeX Info: Redefining \Cpageref on input line 2370.
LaTeX Info: Redefining \cpagerefrange on input line 2370.
LaTeX Info: Redefining \Cpagerefrange on input line 2370.
LaTeX Info: Redefining \labelcref on input line 2370.
LaTeX Info: Redefining \labelcpageref on input line 2370.
Package cleveref Info: `amsthm' support loaded on input line 3026.
Package cleveref Info: `listings' support loaded on input line 3131.
)
\c@theorem=\count344
\c@axiom=\count345
)
LaTeX Font Info:    Trying to load font information for T1+lmr on input line 32
.

(/usr/local/texlive/2025/texmf-dist/tex/latex/lm/t1lmr.fd
File: t1lmr.fd 2015/05/01 v1.6.1 Font defs for Latin Modern
)
(/usr/local/texlive/2025/texmf-dist/tex/latex/l3backend/l3backend-pdftex.def
File: l3backend-pdftex.def 2024-05-08 L3 backend support: PDF output (pdfTeX)
\l__color_backend_stack_int=\count346
\l__pdf_internal_box=\box88
)
(./main.aux)
\openout1 = `main.aux'.

LaTeX Font Info:    Checking defaults for OML/cmm/m/it on input line 32.
LaTeX Font Info:    ... okay on input line 32.
LaTeX Font Info:    Checking defaults for OMS/cmsy/m/n on input line 32.
LaTeX Font Info:    ... okay on input line 32.
LaTeX Font Info:    Checking defaults for OT1/cmr/m/n on input line 32.
LaTeX Font Info:    ... okay on input line 32.
LaTeX Font Info:    Checking defaults for T1/cmr/m/n on input line 32.
LaTeX Font Info:    ... okay on input line 32.
LaTeX Font Info:    Checking defaults for TS1/cmr/m/n on input line 32.
LaTeX Font Info:    ... okay on input line 32.
LaTeX Font Info:    Checking defaults for OMX/cmex/m/n on input line 32.
LaTeX Font Info:    ... okay on input line 32.
LaTeX Font Info:    Checking defaults for U/cmr/m/n on input line 32.
LaTeX Font Info:    ... okay on input line 32.
LaTeX Font Info:    Checking defaults for PD1/pdf/m/n on input line 32.
LaTeX Font Info:    ... okay on input line 32.
LaTeX Font Info:    Checking defaults for PU/pdf/m/n on input line 32.
LaTeX Font Info:    ... okay on input line 32.

*geometry* driver: auto-detecting
*geometry* detected driver: pdftex
*geometry* verbose mode - [ preamble ] result:
* driver: pdftex
* paper: a4paper
* layout: <same size as paper>
* layoutoffset:(h,v)=(0.0pt,0.0pt)
* modes: twoside 
* h-part:(L,W,R)=(85.35826pt, 426.79135pt, 85.35826pt)
* v-part:(T,H,B)=(85.35826pt, 674.33032pt, 85.35826pt)
* \paperwidth=597.50787pt
* \paperheight=845.04684pt
* \textwidth=426.79135pt
* \textheight=674.33032pt
* \oddsidemargin=13.08827pt
* \evensidemargin=13.08827pt
* \topmargin=-18.78552pt
* \headheight=12.0pt
* \headsep=19.8738pt
* \topskip=11.0pt
* \footskip=27.46295pt
* \marginparwidth=106.0pt
* \marginparsep=7.0pt
* \columnsep=10.0pt
* \skip\footins=10.0pt plus 4.0pt minus 2.0pt
* \hoffset=0.0pt
* \voffset=0.0pt
* \mag=1000
* \@twocolumnfalse
* \@twosidetrue
* \@mparswitchtrue
* \@reversemarginfalse
* (1in=72.27pt=25.4mm, 1cm=28.453pt)

(/usr/local/texlive/2025/texmf-dist/tex/context/base/mkii/supp-pdf.mkii
[Loading MPS to PDF converter (version 2006.09.02).]
\scratchcounter=\count347
\scratchdimen=\dimen303
\scratchbox=\box89
\nofMPsegments=\count348
\nofMParguments=\count349
\everyMPshowfont=\toks50
\MPscratchCnt=\count350
\MPscratchDim=\dimen304
\MPnumerator=\count351
\makeMPintoPDFobject=\count352
\everyMPtoPDFconversion=\toks51
) (/usr/local/texlive/2025/texmf-dist/tex/latex/epstopdf-pkg/epstopdf-base.sty
Package: epstopdf-base 2020-01-24 v2.11 Base part for package epstopdf
Package epstopdf-base Info: Redefining graphics rule for `.eps' on input line 4
85.

(/usr/local/texlive/2025/texmf-dist/tex/latex/latexconfig/epstopdf-sys.cfg
File: epstopdf-sys.cfg 2010/07/13 v1.3 Configuration of (r)epstopdf for TeX Liv
e
))
\c@lstlisting=\count353
Package hyperref Info: Link coloring ON on input line 32.

(./main.out) (./main.out)
\@outlinefile=\write4
\openout4 = `main.out'.

LaTeX Font Info:    Trying to load font information for OT1+lmr on input line 4
1.

(/usr/local/texlive/2025/texmf-dist/tex/latex/lm/ot1lmr.fd
File: ot1lmr.fd 2015/05/01 v1.6.1 Font defs for Latin Modern
)
LaTeX Font Info:    Trying to load font information for OML+lmm on input line 4
1.

(/usr/local/texlive/2025/texmf-dist/tex/latex/lm/omllmm.fd
File: omllmm.fd 2015/05/01 v1.6.1 Font defs for Latin Modern
)
LaTeX Font Info:    Trying to load font information for OMS+lmsy on input line 
41.

(/usr/local/texlive/2025/texmf-dist/tex/latex/lm/omslmsy.fd
File: omslmsy.fd 2015/05/01 v1.6.1 Font defs for Latin Modern
)
LaTeX Font Info:    Trying to load font information for OMX+lmex on input line 
41.

(/usr/local/texlive/2025/texmf-dist/tex/latex/lm/omxlmex.fd
File: omxlmex.fd 2015/05/01 v1.6.1 Font defs for Latin Modern
)
LaTeX Font Info:    External font `lmex10' loaded for size
(Font)              <12> on input line 41.
LaTeX Font Info:    External font `lmex10' loaded for size
(Font)              <8> on input line 41.
LaTeX Font Info:    External font `lmex10' loaded for size
(Font)              <6> on input line 41.
LaTeX Font Info:    Trying to load font information for U+msa on input line 41.


(/usr/local/texlive/2025/texmf-dist/tex/latex/amsfonts/umsa.fd
File: umsa.fd 2013/01/14 v3.01 AMS symbols A
)
LaTeX Font Info:    Trying to load font information for U+msb on input line 41.


(/usr/local/texlive/2025/texmf-dist/tex/latex/amsfonts/umsb.fd
File: umsb.fd 2013/01/14 v3.01 AMS symbols B
)

[1



{/usr/local/texlive/2025/texmf-var/fonts/map/pdftex/updmap/pdftex.map}{/usr/loc
al/texlive/2025/texmf-dist/fonts/enc/dvips/lm/lm-ec.enc}]


Package fancyhdr Warning: \headheight is too small (12.0pt): 
(fancyhdr)                Make it at least 13.59999pt, for example:
(fancyhdr)                \setlength{\headheight}{13.59999pt}.
(fancyhdr)                You might also make \topmargin smaller:
(fancyhdr)                \addtolength{\topmargin}{-1.59999pt}.

[2

]
LaTeX Font Info:    External font `lmex10' loaded for size
(Font)              <10.95> on input line 45.
LaTeX Font Info:    Trying to load font information for TS1+lmr on input line 4
7.
 (/usr/local/texlive/2025/texmf-dist/tex/latex/lm/ts1lmr.fd
File: ts1lmr.fd 2015/05/01 v1.6.1 Font defs for Latin Modern
)

LaTeX Warning: Reference `ch:tau_n' on page iii undefined on input line 49.


LaTeX Warning: Reference `app:L0delta_bvp' on page iii undefined on input line 
49.


LaTeX Warning: Reference `app:analogies' on page iii undefined on input line 89
.



[3{/usr/local/texlive/2025/texmf-dist/fonts/enc/dvips/lm/lm-mathit.enc}{/usr/lo
cal/texlive/2025/texmf-dist/fonts/enc/dvips/lm/lm-ts1.enc}{/usr/local/texlive/2
025/texmf-dist/fonts/enc/dvips/lm/lm-mathsy.enc}{/usr/local/texlive/2025/texmf-
dist/fonts/enc/dvips/lm/lm-rm.enc}]
LaTeX Font Info:    Trying to load font information for T1+lmtt on input line 1
05.

(/usr/local/texlive/2025/texmf-dist/tex/latex/lm/t1lmtt.fd
File: t1lmtt.fd 2015/05/01 v1.6.1 Font defs for Latin Modern
)


Package fancyhdr Warning: \headheight is too small (12.0pt): 
(fancyhdr)                Make it at least 13.59999pt, for example:
(fancyhdr)                \setlength{\headheight}{13.59999pt}.
(fancyhdr)                You might also make \topmargin smaller:
(fancyhdr)                \addtolength{\topmargin}{-1.59999pt}.

[4] (./main.toc)
\tf@toc=\write5
\openout5 = `main.toc'.



[5

]


Package fancyhdr Warning: \headheight is too small (12.0pt): 
(fancyhdr)                Make it at least 13.59999pt, for example:
(fancyhdr)                \setlength{\headheight}{13.59999pt}.
(fancyhdr)                You might also make \topmargin smaller:
(fancyhdr)                \addtolength{\topmargin}{-1.59999pt}.

[6

] (./main.lof)
\tf@lof=\write6
\openout6 = `main.lof'.



[7]


Package fancyhdr Warning: \headheight is too small (12.0pt): 
(fancyhdr)                Make it at least 13.59999pt, for example:
(fancyhdr)                \setlength{\headheight}{13.59999pt}.
(fancyhdr)                You might also make \topmargin smaller:
(fancyhdr)                \addtolength{\topmargin}{-1.59999pt}.

[8

] (./main.lot)
\tf@lot=\write7
\openout7 = `main.lot'.



[9]


Package fancyhdr Warning: \headheight is too small (12.0pt): 
(fancyhdr)                Make it at least 13.59999pt, for example:
(fancyhdr)                \setlength{\headheight}{13.59999pt}.
(fancyhdr)                You might also make \topmargin smaller:
(fancyhdr)                \addtolength{\topmargin}{-1.59999pt}.

[10

]

[1

]

[2] (./chapters/ch01_proton_ground.tex
Chapter 1.
LaTeX Font Info:    External font `lmex10' loaded for size
(Font)              <10> on input line 15.
LaTeX Font Info:    External font `lmex10' loaded for size
(Font)              <7> on input line 15.
LaTeX Font Info:    External font `lmex10' loaded for size
(Font)              <5> on input line 15.

LaTeX Warning: Command \textdegree invalid in math mode on input line 32.


LaTeX Warning: Command \textdegree invalid in math mode on input line 32.


Underfull \vbox (badness 3989) has occurred while \output is active []



[3

]


Package fancyhdr Warning: \headheight is too small (12.0pt): 
(fancyhdr)                Make it at least 13.59999pt, for example:
(fancyhdr)                \setlength{\headheight}{13.59999pt}.
(fancyhdr)                You might also make \topmargin smaller:
(fancyhdr)                \addtolength{\topmargin}{-1.59999pt}.

[4]

LaTeX Warning: Command \textdegree invalid in math mode on input line 145.


LaTeX Warning: Command \textdegree invalid in math mode on input line 145.


LaTeX Warning: Command \textdegree invalid in math mode on input line 151.


LaTeX Warning: Command \textdegree invalid in math mode on input line 151.


LaTeX Warning: Command \textdegree invalid in math mode on input line 152.


LaTeX Warning: Command \textdegree invalid in math mode on input line 152.


LaTeX Warning: Command \textdegree invalid in math mode on input line 159.


LaTeX Warning: Command \textdegree invalid in math mode on input line 159.


LaTeX Warning: Command \textdegree invalid in math mode on input line 166.


LaTeX Warning: Command \textdegree invalid in math mode on input line 166.


LaTeX Warning: Command \textdegree invalid in math mode on input line 178.


LaTeX Warning: Command \textdegree invalid in math mode on input line 178.




Package fancyhdr Warning: \headheight is too small (12.0pt): 
(fancyhdr)                Make it at least 13.59999pt, for example:
(fancyhdr)                \setlength{\headheight}{13.59999pt}.
(fancyhdr)                You might also make \topmargin smaller:
(fancyhdr)                \addtolength{\topmargin}{-1.59999pt}.

[5{/usr/local/texlive/2025/texmf-dist/fonts/enc/dvips/lm/lm-mathex.enc}]

LaTeX Warning: Command \textdegree invalid in math mode on input line 188.


LaTeX Warning: Command \textdegree invalid in math mode on input line 188.


LaTeX Warning: Command \textdegree invalid in math mode on input line 223.


LaTeX Warning: Command \textdegree invalid in math mode on input line 223.


LaTeX Warning: Command \textdegree invalid in math mode on input line 226.


LaTeX Warning: Command \textdegree invalid in math mode on input line 226.


LaTeX Warning: Command \textdegree invalid in math mode on input line 227.


LaTeX Warning: Command \textdegree invalid in math mode on input line 227.


LaTeX Warning: Command \textdegree invalid in math mode on input line 239.


LaTeX Warning: Command \textdegree invalid in math mode on input line 239.


Overfull \hbox (9.07932pt too wide) detected at line 240
\OML/lmm/m/it/10.95 ^^Y[][] \OMS/lmsy/m/n/10.95 ! \OML/lmm/m/it/10.95 E \OT1/lm
r/m/n/10.95 = \OML/lmm/m/it/10.95 ^^\L[] \OMS/lmsy/m/n/10.95 ! []\OT1/lmr/m/n/1
0.95 120°[] \OMS/lmsy/m/n/10.95 ! []
 []


LaTeX Warning: Command \textdegree invalid in math mode on input line 245.


LaTeX Warning: Command \textdegree invalid in math mode on input line 245.


Overfull \hbox (31.37663pt too wide) detected at line 246
[] \OMS/lmsy/m/n/10.95 ! [] ! [] ! [] ! []\OT1/lmr/m/n/10.95 120°[]
 []


LaTeX Warning: Command \textdegree invalid in math mode on input line 249.


LaTeX Warning: Command \textdegree invalid in math mode on input line 249.




Package fancyhdr Warning: \headheight is too small (12.0pt): 
(fancyhdr)                Make it at least 13.59999pt, for example:
(fancyhdr)                \setlength{\headheight}{13.59999pt}.
(fancyhdr)                You might also make \topmargin smaller:
(fancyhdr)                \addtolength{\topmargin}{-1.59999pt}.

[6]

LaTeX Warning: Command \textdegree invalid in math mode on input line 293.


LaTeX Warning: Command \textdegree invalid in math mode on input line 293.


Underfull \vbox (badness 10000) has occurred while \output is active []




Package fancyhdr Warning: \headheight is too small (12.0pt): 
(fancyhdr)                Make it at least 13.59999pt, for example:
(fancyhdr)                \setlength{\headheight}{13.59999pt}.
(fancyhdr)                You might also make \topmargin smaller:
(fancyhdr)                \addtolength{\topmargin}{-1.59999pt}.

[7]

LaTeX Warning: Command \textdegree invalid in math mode on input line 351.


LaTeX Warning: Command \textdegree invalid in math mode on input line 351.


Underfull \vbox (badness 10000) has occurred while \output is active []




Package fancyhdr Warning: \headheight is too small (12.0pt): 
(fancyhdr)                Make it at least 13.59999pt, for example:
(fancyhdr)                \setlength{\headheight}{13.59999pt}.
(fancyhdr)                You might also make \topmargin smaller:
(fancyhdr)                \addtolength{\topmargin}{-1.59999pt}.

[8]

LaTeX Warning: Reference `ch:sigma_to_K' on page 9 undefined on input line 369.


) (./chapters/ch02_junction_symmetries.tex


Package fancyhdr Warning: \headheight is too small (12.0pt): 
(fancyhdr)                Make it at least 13.59999pt, for example:
(fancyhdr)                \setlength{\headheight}{13.59999pt}.
(fancyhdr)                You might also make \topmargin smaller:
(fancyhdr)                \addtolength{\topmargin}{-1.59999pt}.

[9]


Package fancyhdr Warning: \headheight is too small (12.0pt): 
(fancyhdr)                Make it at least 13.59999pt, for example:
(fancyhdr)                \setlength{\headheight}{13.59999pt}.
(fancyhdr)                You might also make \topmargin smaller:
(fancyhdr)                \addtolength{\topmargin}{-1.59999pt}.

[10

]
Chapter 2.

LaTeX Warning: Reference `app:analogies' on page 11 undefined on input line 15.



LaTeX Warning: Reference `app:quarantine' on page 11 undefined on input line 15
.


LaTeX Warning: Reference `ch:M6' on page 11 undefined on input line 41.


LaTeX Warning: Reference `ch:frustrated' on page 11 undefined on input line 41.


LaTeX Font Info:    External font `lmex10' loaded for size
(Font)              <14.4> on input line 44.

Package hyperref Warning: Token not allowed in a PDF string (Unicode):
(hyperref)                removing `math shift' on input line 44.


Package hyperref Warning: Token not allowed in a PDF string (Unicode):
(hyperref)                removing `superscript' on input line 44.


Package hyperref Warning: Token not allowed in a PDF string (Unicode):
(hyperref)                removing `math shift' on input line 44.


Underfull \vbox (badness 7888) has occurred while \output is active []



[11]

Package hyperref Warning: Token not allowed in a PDF string (Unicode):
(hyperref)                removing `math shift' on input line 69.


Package hyperref Warning: Token not allowed in a PDF string (Unicode):
(hyperref)                removing `subscript' on input line 69.


Package hyperref Warning: Token not allowed in a PDF string (Unicode):
(hyperref)                removing `math shift' on input line 69.




Package fancyhdr Warning: \headheight is too small (12.0pt): 
(fancyhdr)                Make it at least 13.59999pt, for example:
(fancyhdr)                \setlength{\headheight}{13.59999pt}.
(fancyhdr)                You might also make \topmargin smaller:
(fancyhdr)                \addtolength{\topmargin}{-1.59999pt}.

[12]

LaTeX Warning: Command \textdegree invalid in math mode on input line 151.


LaTeX Warning: Command \textdegree invalid in math mode on input line 151.


LaTeX Warning: Command \textdegree invalid in math mode on input line 152.


LaTeX Warning: Command \textdegree invalid in math mode on input line 152.


LaTeX Warning: Command \textdegree invalid in math mode on input line 153.


LaTeX Warning: Command \textdegree invalid in math mode on input line 153.


LaTeX Warning: Command \textdegree invalid in math mode on input line 175.


LaTeX Warning: Command \textdegree invalid in math mode on input line 175.




Package fancyhdr Warning: \headheight is too small (12.0pt): 
(fancyhdr)                Make it at least 13.59999pt, for example:
(fancyhdr)                \setlength{\headheight}{13.59999pt}.
(fancyhdr)                You might also make \topmargin smaller:
(fancyhdr)                \addtolength{\topmargin}{-1.59999pt}.

[13]

LaTeX Warning: Command \textdegree invalid in math mode on input line 183.


LaTeX Warning: Command \textdegree invalid in math mode on input line 183.


LaTeX Warning: Command \textdegree invalid in math mode on input line 202.


LaTeX Warning: Command \textdegree invalid in math mode on input line 202.


Package hyperref Warning: Token not allowed in a PDF string (Unicode):
(hyperref)                removing `math shift' on input line 218.


Package hyperref Warning: Token not allowed in a PDF string (Unicode):
(hyperref)                removing `subscript' on input line 218.


Package hyperref Warning: Token not allowed in a PDF string (Unicode):
(hyperref)                removing `math shift' on input line 218.


Underfull \vbox (badness 4254) has occurred while \output is active []




Package fancyhdr Warning: \headheight is too small (12.0pt): 
(fancyhdr)                Make it at least 13.59999pt, for example:
(fancyhdr)                \setlength{\headheight}{13.59999pt}.
(fancyhdr)                You might also make \topmargin smaller:
(fancyhdr)                \addtolength{\topmargin}{-1.59999pt}.

[14]

Package hyperref Warning: Token not allowed in a PDF string (Unicode):
(hyperref)                removing `math shift' on input line 240.


Package hyperref Warning: Token not allowed in a PDF string (Unicode):
(hyperref)                removing `math shift' on input line 240.




Package fancyhdr Warning: \headheight is too small (12.0pt): 
(fancyhdr)                Make it at least 13.59999pt, for example:
(fancyhdr)                \setlength{\headheight}{13.59999pt}.
(fancyhdr)                You might also make \topmargin smaller:
(fancyhdr)                \addtolength{\topmargin}{-1.59999pt}.

[15]

LaTeX Warning: Reference `ch:M6' on page 16 undefined on input line 301.


LaTeX Warning: Reference `ch:M6' on page 16 undefined on input line 321.


LaTeX Warning: Reference `ch:frustrated' on page 16 undefined on input line 321
.


LaTeX Warning: Reference `ch:frustrated' on page 16 undefined on input line 332
.


Overfull \hbox (141.6446pt too wide) detected at line 348
\OML/lmm/m/it/10.95 S[][] [] [] [] \U/msb/m/n/10.95 Z[][] [] Z[][] [] \OML/lmm/
m/it/10.95 M[][]
 []


LaTeX Warning: Reference `ch:M6' on page 16 undefined on input line 362.


LaTeX Warning: Reference `ch:frustrated' on page 16 undefined on input line 363
.


Underfull \vbox (badness 10000) has occurred while \output is active []




Package fancyhdr Warning: \headheight is too small (12.0pt): 
(fancyhdr)                Make it at least 13.59999pt, for example:
(fancyhdr)                \setlength{\headheight}{13.59999pt}.
(fancyhdr)                You might also make \topmargin smaller:
(fancyhdr)                \addtolength{\topmargin}{-1.59999pt}.

[16]

LaTeX Warning: Reference `eq:allowed_set' on page 17 undefined on input line 38
8.




Package fancyhdr Warning: \headheight is too small (12.0pt): 
(fancyhdr)                Make it at least 13.59999pt, for example:
(fancyhdr)                \setlength{\headheight}{13.59999pt}.
(fancyhdr)                You might also make \topmargin smaller:
(fancyhdr)                \addtolength{\topmargin}{-1.59999pt}.

[17]) (./chapters/ch03_neutron_metastable.tex


Package fancyhdr Warning: \headheight is too small (12.0pt): 
(fancyhdr)                Make it at least 13.59999pt, for example:
(fancyhdr)                \setlength{\headheight}{13.59999pt}.
(fancyhdr)                You might also make \topmargin smaller:
(fancyhdr)                \addtolength{\topmargin}{-1.59999pt}.

[18]
Chapter 3.

LaTeX Warning: Reference `app:vq_chosen_path' on page 19 undefined on input lin
e 32.


LaTeX Warning: Reference `ch:instanton' on page 19 undefined on input line 36.


LaTeX Warning: Reference `ch:helium4' on page 19 undefined on input line 37.


Package hyperref Warning: Token not allowed in a PDF string (Unicode):
(hyperref)                removing `math shift' on input line 40.


Package hyperref Warning: Token not allowed in a PDF string (Unicode):
(hyperref)                removing `\tau' on input line 40.


Package hyperref Warning: Token not allowed in a PDF string (Unicode):
(hyperref)                removing `subscript' on input line 40.


Package hyperref Warning: Token not allowed in a PDF string (Unicode):
(hyperref)                removing `math shift' on input line 40.


LaTeX Warning: Reference `ch:tau_n' on page 19 undefined on input line 61.


Package hyperref Warning: Token not allowed in a PDF string (Unicode):
(hyperref)                removing `math shift' on input line 65.


Package hyperref Warning: Token not allowed in a PDF string (Unicode):
(hyperref)                removing `subscript' on input line 65.


Package hyperref Warning: Token not allowed in a PDF string (Unicode):
(hyperref)                removing `math shift' on input line 65.



[19

]

Package hyperref Warning: Token not allowed in a PDF string (Unicode):
(hyperref)                removing `math shift' on input line 83.


Package hyperref Warning: Token not allowed in a PDF string (Unicode):
(hyperref)                removing `math shift' on input line 83.


LaTeX Warning: Reference `ch:instanton' on page 20 undefined on input line 100.



LaTeX Warning: Reference `ch:helium4' on page 20 undefined on input line 108.


Package hyperref Warning: Token not allowed in a PDF string (Unicode):
(hyperref)                removing `math shift' on input line 115.


Package hyperref Warning: Token not allowed in a PDF string (Unicode):
(hyperref)                removing `subscript' on input line 115.


Package hyperref Warning: Token not allowed in a PDF string (Unicode):
(hyperref)                removing `math shift' on input line 115.


Package hyperref Warning: Token not allowed in a PDF string (Unicode):
(hyperref)                removing `math shift' on input line 115.


Package hyperref Warning: Token not allowed in a PDF string (Unicode):
(hyperref)                removing `subscript' on input line 115.


Package hyperref Warning: Token not allowed in a PDF string (Unicode):
(hyperref)                removing `math shift' on input line 115.




Package fancyhdr Warning: \headheight is too small (12.0pt): 
(fancyhdr)                Make it at least 13.59999pt, for example:
(fancyhdr)                \setlength{\headheight}{13.59999pt}.
(fancyhdr)                You might also make \topmargin smaller:
(fancyhdr)                \addtolength{\topmargin}{-1.59999pt}.

[20]

Package hyperref Warning: Token not allowed in a PDF string (Unicode):
(hyperref)                removing `math shift' on input line 143.


Package hyperref Warning: Token not allowed in a PDF string (Unicode):
(hyperref)                removing `math shift' on input line 143.


LaTeX Warning: Reference `app:vq_chosen_path' on page 21 undefined on input lin
e 156.


LaTeX Warning: Reference `app:vq_chosen_path' on page 21 undefined on input lin
e 190.




Package fancyhdr Warning: \headheight is too small (12.0pt): 
(fancyhdr)                Make it at least 13.59999pt, for example:
(fancyhdr)                \setlength{\headheight}{13.59999pt}.
(fancyhdr)                You might also make \topmargin smaller:
(fancyhdr)                \addtolength{\topmargin}{-1.59999pt}.

[21]

LaTeX Warning: Reference `app:vq_chosen_path' on page 22 undefined on input lin
e 214.


Package hyperref Warning: Token not allowed in a PDF string (Unicode):
(hyperref)                removing `math shift' on input line 229.


Package hyperref Warning: Token not allowed in a PDF string (Unicode):
(hyperref)                removing `subscript' on input line 229.


Package hyperref Warning: Token not allowed in a PDF string (Unicode):
(hyperref)                removing `\times' on input line 229.


Package hyperref Warning: Token not allowed in a PDF string (Unicode):
(hyperref)                removing `\Delta' on input line 229.


Package hyperref Warning: Token not allowed in a PDF string (Unicode):
(hyperref)                removing `subscript' on input line 229.


Package hyperref Warning: Token not allowed in a PDF string (Unicode):
(hyperref)                removing `math shift' on input line 229.

! Missing $ inserted.
<inserted text> 
                $
l.259 ...njecture: $\VB = 2 \times \Delta m_{np}$]
                                                  
I've inserted a begin-math/end-math symbol since I think
you left one out. Proceed, with fingers crossed.


Underfull \hbox (badness 1675) in paragraph at lines 294--296
[]\T1/lmr/m/n/10.95 The ob-server records the metastable-anchor en-ergy gap as 
$\OT1/lmr/m/n/10.95 ^^A\OML/lmm/m/it/10.95 m[] \OMS/lmsy/m/n/10.95 ^^Y
 []


Underfull \vbox (badness 1072) has occurred while \output is active []




Package fancyhdr Warning: \headheight is too small (12.0pt): 
(fancyhdr)                Make it at least 13.59999pt, for example:
(fancyhdr)                \setlength{\headheight}{13.59999pt}.
(fancyhdr)                You might also make \topmargin smaller:
(fancyhdr)                \addtolength{\topmargin}{-1.59999pt}.

[22]

LaTeX Warning: Reference `sec:metastable:open_unit' on page 23 undefined on inp
ut line 324.




Package fancyhdr Warning: \headheight is too small (12.0pt): 
(fancyhdr)                Make it at least 13.59999pt, for example:
(fancyhdr)                \setlength{\headheight}{13.59999pt}.
(fancyhdr)                You might also make \topmargin smaller:
(fancyhdr)                \addtolength{\topmargin}{-1.59999pt}.

[23]

LaTeX Warning: Reference `part:metastable' on page 24 undefined on input line 3
56.


LaTeX Warning: Reference `ch:instanton' on page 24 undefined on input line 356.



LaTeX Warning: Reference `ch:tau_n' on page 24 undefined on input line 356.


LaTeX Warning: Reference `ch:instanton' on page 24 undefined on input line 358.



LaTeX Warning: Reference `ch:kappa' on page 24 undefined on input line 370.


LaTeX Warning: Reference `ch:L0delta' on page 24 undefined on input line 370.


LaTeX Warning: Reference `ch:tau_n' on page 24 undefined on input line 377.


LaTeX Warning: Reference `ch:kappa' on page 24 undefined on input line 386.


LaTeX Warning: Reference `ch:L0delta' on page 24 undefined on input line 386.


LaTeX Warning: Reference `ch:tau_n' on page 24 undefined on input line 389.




Package fancyhdr Warning: \headheight is too small (12.0pt): 
(fancyhdr)                Make it at least 13.59999pt, for example:
(fancyhdr)                \setlength{\headheight}{13.59999pt}.
(fancyhdr)                You might also make \topmargin smaller:
(fancyhdr)                \addtolength{\topmargin}{-1.59999pt}.

[24]

LaTeX Warning: Reference `eq:delta_m_np' on page 25 undefined on input line 401
.


LaTeX Warning: Reference `app:vq_chosen_path' on page 25 undefined on input lin
e 404.


LaTeX Warning: Reference `sec:metastable:barrier' on page 25 undefined on input
 line 407.


LaTeX Warning: Reference `eq:VB_conjecture' on page 25 undefined on input line 
408.


LaTeX Warning: Reference `sec:metastable:barrier' on page 25 undefined on input
 line 411.


LaTeX Warning: Reference `ch:tau_n' on page 25 undefined on input line 457.


LaTeX Warning: Reference `app:P2_WP2_Israel' on page 25 undefined on input line
 478.


LaTeX Warning: Reference `app:P2_N7_core' on page 25 undefined on input line 48
1.


LaTeX Warning: Reference `app:P2_NMCP' on page 25 undefined on input line 485.


LaTeX Warning: Reference `app:P2_N2_bulk' on page 25 undefined on input line 48
9.


LaTeX Warning: Reference `ch:instanton' on page 25 undefined on input line 491.



LaTeX Warning: Reference `ch:tau_n' on page 25 undefined on input line 491.




Package fancyhdr Warning: \headheight is too small (12.0pt): 
(fancyhdr)                Make it at least 13.59999pt, for example:
(fancyhdr)                \setlength{\headheight}{13.59999pt}.
(fancyhdr)                You might also make \topmargin smaller:
(fancyhdr)                \addtolength{\topmargin}{-1.59999pt}.

[25]

LaTeX Warning: Reference `ch:sigma_to_K' on page 26 undefined on input line 500
.


LaTeX Warning: Reference `ch:sigma_to_K' on page 26 undefined on input line 502
.


LaTeX Warning: Reference `ch:deuterium' on page 26 undefined on input line 505.



LaTeX Warning: Reference `ch:helium4' on page 26 undefined on input line 505.


LaTeX Warning: Reference `ch:instanton' on page 26 undefined on input line 506.


)


Package fancyhdr Warning: \headheight is too small (12.0pt): 
(fancyhdr)                Make it at least 13.59999pt, for example:
(fancyhdr)                \setlength{\headheight}{13.59999pt}.
(fancyhdr)                You might also make \topmargin smaller:
(fancyhdr)                \addtolength{\topmargin}{-1.59999pt}.

[26]

[27

]

[28] (./chapters/ch04_sigma_to_K.tex
Chapter 4.

LaTeX Warning: Reference `ch:deuterium' on page 29 undefined on input line 28.


LaTeX Warning: Reference `ch:helium4' on page 29 undefined on input line 29.


LaTeX Warning: Reference `ch:frustrated' on page 29 undefined on input line 29.



LaTeX Warning: Reference `ch:L0delta' on page 29 undefined on input line 64.


LaTeX Warning: Reference `ch:L0delta' on page 29 undefined on input line 67.


LaTeX Warning: Reference `ch:tau_n' on page 29 undefined on input line 70.



[29

]


Package fancyhdr Warning: \headheight is too small (12.0pt): 
(fancyhdr)                Make it at least 13.59999pt, for example:
(fancyhdr)                \setlength{\headheight}{13.59999pt}.
(fancyhdr)                You might also make \topmargin smaller:
(fancyhdr)                \addtolength{\topmargin}{-1.59999pt}.

[30]

Package hyperref Warning: Token not allowed in a PDF string (Unicode):
(hyperref)                removing `math shift' on input line 135.


Package hyperref Warning: Token not allowed in a PDF string (Unicode):
(hyperref)                removing `\Delta' on input line 135.


Package hyperref Warning: Token not allowed in a PDF string (Unicode):
(hyperref)                removing `math shift' on input line 135.


LaTeX Warning: Reference `eq:E_matched' on page 31 undefined on input line 174.



Package hyperref Warning: Token not allowed in a PDF string (Unicode):
(hyperref)                removing `math shift' on input line 191.


Package hyperref Warning: Token not allowed in a PDF string (Unicode):
(hyperref)                removing `math shift' on input line 191.




Package fancyhdr Warning: \headheight is too small (12.0pt): 
(fancyhdr)                Make it at least 13.59999pt, for example:
(fancyhdr)                \setlength{\headheight}{13.59999pt}.
(fancyhdr)                You might also make \topmargin smaller:
(fancyhdr)                \addtolength{\topmargin}{-1.59999pt}.

[31]

LaTeX Warning: Reference `eq:mismatch_energy' on page 32 undefined on input lin
e 199.


Package hyperref Warning: Token not allowed in a PDF string (Unicode):
(hyperref)                removing `math shift' on input line 204.


Package hyperref Warning: Token not allowed in a PDF string (Unicode):
(hyperref)                removing `math shift' on input line 204.


LaTeX Warning: Reference `eq:contact_area' on page 32 undefined on input line 2
27.


LaTeX Warning: Reference `eq:contact_area' on page 32 undefined on input line 2
27.


Overfull \hbox (8.72495pt too wide) detected at line 227
[]
 []


Package hyperref Warning: Token not allowed in a PDF string (Unicode):
(hyperref)                removing `math shift' on input line 238.


Package hyperref Warning: Token not allowed in a PDF string (Unicode):
(hyperref)                removing `math shift' on input line 238.


Underfull \vbox (badness 4229) has occurred while \output is active []




Package fancyhdr Warning: \headheight is too small (12.0pt): 
(fancyhdr)                Make it at least 13.59999pt, for example:
(fancyhdr)                \setlength{\headheight}{13.59999pt}.
(fancyhdr)                You might also make \topmargin smaller:
(fancyhdr)                \addtolength{\topmargin}{-1.59999pt}.

[32]

LaTeX Warning: Reference `ch:L0delta' on page 33 undefined on input line 293.


LaTeX Warning: Reference `ch:deuterium' on page 33 undefined on input line 298.



LaTeX Warning: Reference `ch:helium4' on page 33 undefined on input line 298.




Package fancyhdr Warning: \headheight is too small (12.0pt): 
(fancyhdr)                Make it at least 13.59999pt, for example:
(fancyhdr)                \setlength{\headheight}{13.59999pt}.
(fancyhdr)                You might also make \topmargin smaller:
(fancyhdr)                \addtolength{\topmargin}{-1.59999pt}.

[33]

LaTeX Warning: Reference `ch:sigma_to_K' on page 34 undefined on input line 360
.


LaTeX Warning: Reference `ch:L0delta' on page 34 undefined on input line 361.


LaTeX Warning: Reference `ch:L0delta' on page 34 undefined on input line 362.


LaTeX Warning: Reference `eq:contact_area' on page 34 undefined on input line 3
65.


LaTeX Warning: Reference `eq:f_factor' on page 34 undefined on input line 366.


LaTeX Warning: Reference `eq:K_numerical' on page 34 undefined on input line 36
9.


LaTeX Warning: Reference `app:quarantine' on page 34 undefined on input line 37
0.




Package fancyhdr Warning: \headheight is too small (12.0pt): 
(fancyhdr)                Make it at least 13.59999pt, for example:
(fancyhdr)                \setlength{\headheight}{13.59999pt}.
(fancyhdr)                You might also make \topmargin smaller:
(fancyhdr)                \addtolength{\topmargin}{-1.59999pt}.

[34]

LaTeX Warning: Reference `ch:M6' on page 35 undefined on input line 428.


LaTeX Warning: Reference `ch:M6' on page 35 undefined on input line 431.

) (./chapters/ch05_M6_lattice.tex


Package fancyhdr Warning: \headheight is too small (12.0pt): 
(fancyhdr)                Make it at least 13.59999pt, for example:
(fancyhdr)                \setlength{\headheight}{13.59999pt}.
(fancyhdr)                You might also make \topmargin smaller:
(fancyhdr)                \addtolength{\topmargin}{-1.59999pt}.

[35]


Package fancyhdr Warning: \headheight is too small (12.0pt): 
(fancyhdr)                Make it at least 13.59999pt, for example:
(fancyhdr)                \setlength{\headheight}{13.59999pt}.
(fancyhdr)                You might also make \topmargin smaller:
(fancyhdr)                \addtolength{\topmargin}{-1.59999pt}.

[36

]
Chapter 5.

Package hyperref Warning: Token not allowed in a PDF string (Unicode):
(hyperref)                removing `math shift' on input line 6.


Package hyperref Warning: Token not allowed in a PDF string (Unicode):
(hyperref)                removing `subscript' on input line 6.


Package hyperref Warning: Token not allowed in a PDF string (Unicode):
(hyperref)                removing `math shift' on input line 6.

LaTeX Font Info:    External font `lmex10' loaded for size
(Font)              <24.88> on input line 6.
LaTeX Font Info:    External font `lmex10' loaded for size
(Font)              <20.74> on input line 6.
LaTeX Font Info:    External font `lmex10' loaded for size
(Font)              <17.28> on input line 6.

LaTeX Warning: Reference `ch:frustrated' on page 37 undefined on input line 30.



LaTeX Warning: Reference `ch:high_coord' on page 37 undefined on input line 31.



Package hyperref Warning: Token not allowed in a PDF string (Unicode):
(hyperref)                removing `math shift' on input line 64.


Package hyperref Warning: Token not allowed in a PDF string (Unicode):
(hyperref)                removing `math shift' on input line 64.



[37]

Package hyperref Warning: Token not allowed in a PDF string (Unicode):
(hyperref)                removing `math shift' on input line 87.


Package hyperref Warning: Token not allowed in a PDF string (Unicode):
(hyperref)                removing `superscript' on input line 87.


Package hyperref Warning: Token not allowed in a PDF string (Unicode):
(hyperref)                removing `math shift' on input line 87.


Package hyperref Warning: Token not allowed in a PDF string (Unicode):
(hyperref)                removing `math shift' on input line 100.


Package hyperref Warning: Token not allowed in a PDF string (Unicode):
(hyperref)                removing `math shift' on input line 100.


Package hyperref Warning: Token not allowed in a PDF string (Unicode):
(hyperref)                removing `math shift' on input line 104.


Package hyperref Warning: Token not allowed in a PDF string (Unicode):
(hyperref)                removing `subscript' on input line 104.


Package hyperref Warning: Token not allowed in a PDF string (Unicode):
(hyperref)                removing `math shift' on input line 104.


LaTeX Warning: Command \textdegree invalid in math mode on input line 112.


LaTeX Warning: Command \textdegree invalid in math mode on input line 112.


LaTeX Warning: Command \textdegree invalid in math mode on input line 112.


LaTeX Warning: Command \textdegree invalid in math mode on input line 112.




Package fancyhdr Warning: \headheight is too small (12.0pt): 
(fancyhdr)                Make it at least 13.59999pt, for example:
(fancyhdr)                \setlength{\headheight}{13.59999pt}.
(fancyhdr)                You might also make \topmargin smaller:
(fancyhdr)                \addtolength{\topmargin}{-1.59999pt}.

[38]

LaTeX Warning: Command \textdegree invalid in math mode on input line 130.


LaTeX Warning: Command \textdegree invalid in math mode on input line 130.


LaTeX Warning: Command \textdegree invalid in math mode on input line 130.


LaTeX Warning: Command \textdegree invalid in math mode on input line 130.


LaTeX Warning: Command \textdegree invalid in math mode on input line 130.


LaTeX Warning: Command \textdegree invalid in math mode on input line 130.


LaTeX Warning: Command \textdegree invalid in math mode on input line 132.


LaTeX Warning: Command \textdegree invalid in math mode on input line 132.


LaTeX Warning: Command \textdegree invalid in math mode on input line 134.


LaTeX Warning: Command \textdegree invalid in math mode on input line 134.


LaTeX Warning: Command \textdegree invalid in math mode on input line 134.


LaTeX Warning: Command \textdegree invalid in math mode on input line 134.


LaTeX Warning: Command \textdegree invalid in math mode on input line 170.


LaTeX Warning: Command \textdegree invalid in math mode on input line 170.


LaTeX Warning: Command \textdegree invalid in math mode on input line 170.


LaTeX Warning: Command \textdegree invalid in math mode on input line 170.


Underfull \vbox (badness 10000) has occurred while \output is active []




Package fancyhdr Warning: \headheight is too small (12.0pt): 
(fancyhdr)                Make it at least 13.59999pt, for example:
(fancyhdr)                \setlength{\headheight}{13.59999pt}.
(fancyhdr)                You might also make \topmargin smaller:
(fancyhdr)                \addtolength{\topmargin}{-1.59999pt}.

[39]

Package hyperref Warning: Token not allowed in a PDF string (Unicode):
(hyperref)                removing `math shift' on input line 204.


Package hyperref Warning: Token not allowed in a PDF string (Unicode):
(hyperref)                removing `subscript' on input line 204.


Package hyperref Warning: Token not allowed in a PDF string (Unicode):
(hyperref)                removing `math shift' on input line 204.


Package hyperref Warning: Token not allowed in a PDF string (Unicode):
(hyperref)                removing `math shift' on input line 204.


Package hyperref Warning: Token not allowed in a PDF string (Unicode):
(hyperref)                removing `superscript' on input line 204.


Package hyperref Warning: Token not allowed in a PDF string (Unicode):
(hyperref)                removing `\times' on input line 204.


Package hyperref Warning: Token not allowed in a PDF string (Unicode):
(hyperref)                removing `superscript' on input line 204.


Package hyperref Warning: Token not allowed in a PDF string (Unicode):
(hyperref)                removing `math shift' on input line 204.


Underfull \vbox (badness 10000) has occurred while \output is active []




Package fancyhdr Warning: \headheight is too small (12.0pt): 
(fancyhdr)                Make it at least 13.59999pt, for example:
(fancyhdr)                \setlength{\headheight}{13.59999pt}.
(fancyhdr)                You might also make \topmargin smaller:
(fancyhdr)                \addtolength{\topmargin}{-1.59999pt}.

[40]


Package fancyhdr Warning: \headheight is too small (12.0pt): 
(fancyhdr)                Make it at least 13.59999pt, for example:
(fancyhdr)                \setlength{\headheight}{13.59999pt}.
(fancyhdr)                You might also make \topmargin smaller:
(fancyhdr)                \addtolength{\topmargin}{-1.59999pt}.

[41]

LaTeX Warning: Reference `app:quarantine' on page 42 undefined on input line 31
5.


LaTeX Warning: Reference `ch:frustrated' on page 42 undefined on input line 326
.


LaTeX Warning: Reference `ch:high_coord' on page 42 undefined on input line 328
.


LaTeX Warning: Reference `ch:helium4' on page 42 undefined on input line 329.




Package fancyhdr Warning: \headheight is too small (12.0pt): 
(fancyhdr)                Make it at least 13.59999pt, for example:
(fancyhdr)                \setlength{\headheight}{13.59999pt}.
(fancyhdr)                You might also make \topmargin smaller:
(fancyhdr)                \addtolength{\topmargin}{-1.59999pt}.

[42]


Package fancyhdr Warning: \headheight is too small (12.0pt): 
(fancyhdr)                Make it at least 13.59999pt, for example:
(fancyhdr)                \setlength{\headheight}{13.59999pt}.
(fancyhdr)                You might also make \topmargin smaller:
(fancyhdr)                \addtolength{\topmargin}{-1.59999pt}.

[43]

LaTeX Warning: Reference `ch:instanton' on page 44 undefined on input line 417.



LaTeX Warning: Reference `ch:instanton' on page 44 undefined on input line 419.


)


Package fancyhdr Warning: \headheight is too small (12.0pt): 
(fancyhdr)                Make it at least 13.59999pt, for example:
(fancyhdr)                \setlength{\headheight}{13.59999pt}.
(fancyhdr)                You might also make \topmargin smaller:
(fancyhdr)                \addtolength{\topmargin}{-1.59999pt}.

[44]

[45

]

[46] (./chapters/ch06_instanton.tex
Chapter 6.

LaTeX Warning: Reference `ch:kappa' on page 47 undefined on input line 21.


LaTeX Warning: Reference `ch:L0delta' on page 47 undefined on input line 21.


LaTeX Warning: Reference `ch:kappa' on page 47 undefined on input line 37.


LaTeX Warning: Reference `ch:L0delta' on page 47 undefined on input line 37.


LaTeX Warning: Reference `ch:tau_n' on page 47 undefined on input line 38.


LaTeX Warning: Reference `app:vq_chosen_path' on page 47 undefined on input lin
e 56.



[47

]

Package hyperref Warning: Token not allowed in a PDF string (Unicode):
(hyperref)                removing `math shift' on input line 124.


Package hyperref Warning: Token not allowed in a PDF string (Unicode):
(hyperref)                removing `math shift' on input line 124.


LaTeX Warning: Reference `app:vq_chosen_path' on page 48 undefined on input lin
e 140.




Package fancyhdr Warning: \headheight is too small (12.0pt): 
(fancyhdr)                Make it at least 13.59999pt, for example:
(fancyhdr)                \setlength{\headheight}{13.59999pt}.
(fancyhdr)                You might also make \topmargin smaller:
(fancyhdr)                \addtolength{\topmargin}{-1.59999pt}.

[48]

Package hyperref Warning: Token not allowed in a PDF string (Unicode):
(hyperref)                removing `math shift' on input line 154.


Package hyperref Warning: Token not allowed in a PDF string (Unicode):
(hyperref)                removing `math shift' on input line 154.


LaTeX Warning: Reference `app:vq_chosen_path' on page 49 undefined on input lin
e 163.


Underfull \vbox (badness 1436) has occurred while \output is active []




Package fancyhdr Warning: \headheight is too small (12.0pt): 
(fancyhdr)                Make it at least 13.59999pt, for example:
(fancyhdr)                \setlength{\headheight}{13.59999pt}.
(fancyhdr)                You might also make \topmargin smaller:
(fancyhdr)                \addtolength{\topmargin}{-1.59999pt}.

[49]

LaTeX Warning: Reference `ch:kappa' on page 50 undefined on input line 236.


LaTeX Warning: Reference `ch:L0delta' on page 50 undefined on input line 237.


LaTeX Warning: Reference `ch:L0delta' on page 50 undefined on input line 242.


LaTeX Warning: Reference `app:L0delta_bvp' on page 50 undefined on input line 2
42.


Package hyperref Warning: Token not allowed in a PDF string (Unicode):
(hyperref)                removing `math shift' on input line 263.


Package hyperref Warning: Token not allowed in a PDF string (Unicode):
(hyperref)                removing `math shift' on input line 263.




Package fancyhdr Warning: \headheight is too small (12.0pt): 
(fancyhdr)                Make it at least 13.59999pt, for example:
(fancyhdr)                \setlength{\headheight}{13.59999pt}.
(fancyhdr)                You might also make \topmargin smaller:
(fancyhdr)                \addtolength{\topmargin}{-1.59999pt}.

[50]

Package hyperref Warning: Token not allowed in a PDF string (Unicode):
(hyperref)                removing `math shift' on input line 306.


Package hyperref Warning: Token not allowed in a PDF string (Unicode):
(hyperref)                removing `\omega' on input line 306.


Package hyperref Warning: Token not allowed in a PDF string (Unicode):
(hyperref)                removing `subscript' on input line 306.


Package hyperref Warning: Token not allowed in a PDF string (Unicode):
(hyperref)                removing `math shift' on input line 306.




Package fancyhdr Warning: \headheight is too small (12.0pt): 
(fancyhdr)                Make it at least 13.59999pt, for example:
(fancyhdr)                \setlength{\headheight}{13.59999pt}.
(fancyhdr)                You might also make \topmargin smaller:
(fancyhdr)                \addtolength{\topmargin}{-1.59999pt}.

[51]

LaTeX Warning: Reference `eq:tau_n_formula' on page 52 undefined on input line 
343.


LaTeX Warning: Reference `ch:kappa' on page 52 undefined on input line 351.


LaTeX Warning: Reference `ch:L0delta' on page 52 undefined on input line 352.


LaTeX Warning: Reference `ch:kappa' on page 52 undefined on input line 359.


LaTeX Warning: Reference `ch:L0delta' on page 52 undefined on input line 363.


LaTeX Warning: Reference `ch:tau_n' on page 52 undefined on input line 366.


LaTeX Warning: Reference `eq:Seff' on page 52 undefined on input line 380.


LaTeX Warning: Reference `app:vq_chosen_path' on page 52 undefined on input lin
e 381.


LaTeX Warning: Reference `eq:Seff' on page 52 undefined on input line 382.


LaTeX Warning: Reference `eq:SE_integral' on page 52 undefined on input line 38
3.


LaTeX Warning: Reference `eq:SE_edc' on page 52 undefined on input line 384.


LaTeX Warning: Reference `eq:Gamma' on page 52 undefined on input line 385.


LaTeX Warning: Reference `eq:Gamma0' on page 52 undefined on input line 386.


LaTeX Warning: Reference `eq:tau_n_formula' on page 52 undefined on input line 
387.


LaTeX Warning: Reference `eq:Seff' on page 52 undefined on input line 403.


LaTeX Warning: Reference `eq:Gamma' on page 52 undefined on input line 411.


Underfull \vbox (badness 1616) has occurred while \output is active []




Package fancyhdr Warning: \headheight is too small (12.0pt): 
(fancyhdr)                Make it at least 13.59999pt, for example:
(fancyhdr)                \setlength{\headheight}{13.59999pt}.
(fancyhdr)                You might also make \topmargin smaller:
(fancyhdr)                \addtolength{\topmargin}{-1.59999pt}.

[52]

LaTeX Warning: Reference `ch:kappa' on page 53 undefined on input line 457.


LaTeX Warning: Reference `ch:L0delta' on page 53 undefined on input line 457.


LaTeX Warning: Reference `ch:tau_n' on page 53 undefined on input line 457.


LaTeX Warning: Reference `ch:kappa' on page 53 undefined on input line 465.


LaTeX Warning: Reference `ch:kappa' on page 53 undefined on input line 466.

) (./chapters/ch07_kappa_homotopy.tex
Underfull \vbox (badness 1005) has occurred while \output is active []




Package fancyhdr Warning: \headheight is too small (12.0pt): 
(fancyhdr)                Make it at least 13.59999pt, for example:
(fancyhdr)                \setlength{\headheight}{13.59999pt}.
(fancyhdr)                You might also make \topmargin smaller:
(fancyhdr)                \addtolength{\topmargin}{-1.59999pt}.

[53]


Package fancyhdr Warning: \headheight is too small (12.0pt): 
(fancyhdr)                Make it at least 13.59999pt, for example:
(fancyhdr)                \setlength{\headheight}{13.59999pt}.
(fancyhdr)                You might also make \topmargin smaller:
(fancyhdr)                \addtolength{\topmargin}{-1.59999pt}.

[54]
Chapter 7.

Package hyperref Warning: Token not allowed in a PDF string (Unicode):
(hyperref)                removing `math shift' on input line 9.


Package hyperref Warning: Token not allowed in a PDF string (Unicode):
(hyperref)                removing `\kappa' on input line 9.


Package hyperref Warning: Token not allowed in a PDF string (Unicode):
(hyperref)                removing `\pi' on input line 9.


Package hyperref Warning: Token not allowed in a PDF string (Unicode):
(hyperref)                removing `math shift' on input line 9.


LaTeX Warning: Reference `ch:instanton' on page 55 undefined on input line 15.


LaTeX Warning: Reference `ch:instanton' on page 55 undefined on input line 29.


LaTeX Warning: Reference `ch:instanton' on page 55 undefined on input line 33.


LaTeX Warning: Reference `ch:tau_n' on page 55 undefined on input line 34.



[55

]

Package hyperref Warning: Token not allowed in a PDF string (Unicode):
(hyperref)                removing `math shift' on input line 76.


Package hyperref Warning: Token not allowed in a PDF string (Unicode):
(hyperref)                removing `\pi' on input line 76.


Package hyperref Warning: Token not allowed in a PDF string (Unicode):
(hyperref)                removing `subscript' on input line 76.


Package hyperref Warning: Token not allowed in a PDF string (Unicode):
(hyperref)                removing `superscript' on input line 76.


Package hyperref Warning: Token not allowed in a PDF string (Unicode):
(hyperref)                removing `math shift' on input line 76.




Package fancyhdr Warning: \headheight is too small (12.0pt): 
(fancyhdr)                Make it at least 13.59999pt, for example:
(fancyhdr)                \setlength{\headheight}{13.59999pt}.
(fancyhdr)                You might also make \topmargin smaller:
(fancyhdr)                \addtolength{\topmargin}{-1.59999pt}.

[56]

Package hyperref Warning: Token not allowed in a PDF string (Unicode):
(hyperref)                removing `math shift' on input line 181.


Package hyperref Warning: Token not allowed in a PDF string (Unicode):
(hyperref)                removing `\kappa' on input line 181.


Package hyperref Warning: Token not allowed in a PDF string (Unicode):
(hyperref)                removing `\pi' on input line 181.


Package hyperref Warning: Token not allowed in a PDF string (Unicode):
(hyperref)                removing `math shift' on input line 181.


Underfull \vbox (badness 2119) has occurred while \output is active []




Package fancyhdr Warning: \headheight is too small (12.0pt): 
(fancyhdr)                Make it at least 13.59999pt, for example:
(fancyhdr)                \setlength{\headheight}{13.59999pt}.
(fancyhdr)                You might also make \topmargin smaller:
(fancyhdr)                \addtolength{\topmargin}{-1.59999pt}.

[57]

Package hyperref Warning: Token not allowed in a PDF string (Unicode):
(hyperref)                removing `math shift' on input line 259.


Package hyperref Warning: Token not allowed in a PDF string (Unicode):
(hyperref)                removing `\kappa' on input line 259.


Package hyperref Warning: Token not allowed in a PDF string (Unicode):
(hyperref)                removing `\pi' on input line 259.


Package hyperref Warning: Token not allowed in a PDF string (Unicode):
(hyperref)                removing `math shift' on input line 259.




Package fancyhdr Warning: \headheight is too small (12.0pt): 
(fancyhdr)                Make it at least 13.59999pt, for example:
(fancyhdr)                \setlength{\headheight}{13.59999pt}.
(fancyhdr)                You might also make \topmargin smaller:
(fancyhdr)                \addtolength{\topmargin}{-1.59999pt}.

[58]

LaTeX Warning: Reference `eq:pi1_S1' on page 59 undefined on input line 282.


LaTeX Warning: Reference `eq:angular_integral' on page 59 undefined on input li
ne 283.


LaTeX Warning: Reference `eq:SE_canonical' on page 59 undefined on input line 2
84.


LaTeX Warning: Reference `eq:kappa_result' on page 59 undefined on input line 2
85.


LaTeX Warning: Reference `sec:kappa:physical' on page 59 undefined on input lin
e 287.


LaTeX Warning: Reference `sec:kappa:physical' on page 59 undefined on input lin
e 288.


LaTeX Warning: Reference `eq:delta_w' on page 59 undefined on input line 289.


LaTeX Warning: Reference `ch:L0delta' on page 59 undefined on input line 323.




Package fancyhdr Warning: \headheight is too small (12.0pt): 
(fancyhdr)                Make it at least 13.59999pt, for example:
(fancyhdr)                \setlength{\headheight}{13.59999pt}.
(fancyhdr)                You might also make \topmargin smaller:
(fancyhdr)                \addtolength{\topmargin}{-1.59999pt}.

[59]

LaTeX Warning: Reference `ch:L0delta' on page 60 undefined on input line 366.


LaTeX Warning: Reference `ch:tau_n' on page 60 undefined on input line 367.


LaTeX Warning: Reference `ch:L0delta' on page 60 undefined on input line 376.


LaTeX Warning: Reference `ch:L0delta' on page 60 undefined on input line 383.


LaTeX Warning: Reference `ch:L0delta' on page 60 undefined on input line 384.


LaTeX Warning: Reference `ch:tau_n' on page 60 undefined on input line 387.

) (./chapters/ch08_L0_delta_ratio.tex


Package fancyhdr Warning: \headheight is too small (12.0pt): 
(fancyhdr)                Make it at least 13.59999pt, for example:
(fancyhdr)                \setlength{\headheight}{13.59999pt}.
(fancyhdr)                You might also make \topmargin smaller:
(fancyhdr)                \addtolength{\topmargin}{-1.59999pt}.

[60]
Chapter 8.

Package hyperref Warning: Token not allowed in a PDF string (Unicode):
(hyperref)                removing `math shift' on input line 9.


Package hyperref Warning: Token not allowed in a PDF string (Unicode):
(hyperref)                removing `subscript' on input line 9.


Package hyperref Warning: Token not allowed in a PDF string (Unicode):
(hyperref)                removing `\delta' on input line 9.


Package hyperref Warning: Token not allowed in a PDF string (Unicode):
(hyperref)                removing `math shift' on input line 9.


LaTeX Warning: Reference `ch:kappa' on page 61 undefined on input line 15.


LaTeX Warning: Reference `ch:instanton' on page 61 undefined on input line 29.


LaTeX Warning: Reference `ch:kappa' on page 61 undefined on input line 30.


LaTeX Warning: Reference `ch:kappa' on page 61 undefined on input line 33.


LaTeX Warning: Reference `ch:tau_n' on page 61 undefined on input line 34.


LaTeX Warning: Reference `app:L0delta_bvp' on page 61 undefined on input line 3
5.


LaTeX Warning: Reference `app:L0delta_bvp' on page 61 undefined on input line 3
7.


Package hyperref Warning: Token not allowed in a PDF string (Unicode):
(hyperref)                removing `math shift' on input line 45.


Package hyperref Warning: Token not allowed in a PDF string (Unicode):
(hyperref)                removing `subscript' on input line 45.


Package hyperref Warning: Token not allowed in a PDF string (Unicode):
(hyperref)                removing `math shift' on input line 45.


Package hyperref Warning: Token not allowed in a PDF string (Unicode):
(hyperref)                removing `math shift' on input line 64.


Package hyperref Warning: Token not allowed in a PDF string (Unicode):
(hyperref)                removing `\delta' on input line 64.


Package hyperref Warning: Token not allowed in a PDF string (Unicode):
(hyperref)                removing `math shift' on input line 64.



[61

]

LaTeX Warning: Reference `ch:instanton' on page 62 undefined on input line 89.


Package hyperref Warning: Token not allowed in a PDF string (Unicode):
(hyperref)                removing `math shift' on input line 98.


Package hyperref Warning: Token not allowed in a PDF string (Unicode):
(hyperref)                removing `\pi' on input line 98.


Package hyperref Warning: Token not allowed in a PDF string (Unicode):
(hyperref)                removing `superscript' on input line 98.


Package hyperref Warning: Token not allowed in a PDF string (Unicode):
(hyperref)                removing `math shift' on input line 98.

! Missing $ inserted.
<inserted text> 
                $
l.103 ...tle=Hypothesis: $\Lzero/\bdelta = \pi^2$]
                                                  
I've inserted a begin-math/end-math symbol since I think
you left one out. Proceed, with fingers crossed.


LaTeX Warning: Reference `ch:kappa' on page 62 undefined on input line 127.




Package fancyhdr Warning: \headheight is too small (12.0pt): 
(fancyhdr)                Make it at least 13.59999pt, for example:
(fancyhdr)                \setlength{\headheight}{13.59999pt}.
(fancyhdr)                You might also make \topmargin smaller:
(fancyhdr)                \addtolength{\topmargin}{-1.59999pt}.

[62]


Package fancyhdr Warning: \headheight is too small (12.0pt): 
(fancyhdr)                Make it at least 13.59999pt, for example:
(fancyhdr)                \setlength{\headheight}{13.59999pt}.
(fancyhdr)                You might also make \topmargin smaller:
(fancyhdr)                \addtolength{\topmargin}{-1.59999pt}.

[63]


Package fancyhdr Warning: \headheight is too small (12.0pt): 
(fancyhdr)                Make it at least 13.59999pt, for example:
(fancyhdr)                \setlength{\headheight}{13.59999pt}.
(fancyhdr)                You might also make \topmargin smaller:
(fancyhdr)                \addtolength{\topmargin}{-1.59999pt}.

[64]


Package fancyhdr Warning: \headheight is too small (12.0pt): 
(fancyhdr)                Make it at least 13.59999pt, for example:
(fancyhdr)                \setlength{\headheight}{13.59999pt}.
(fancyhdr)                You might also make \topmargin smaller:
(fancyhdr)                \addtolength{\topmargin}{-1.59999pt}.

[65]

Package hyperref Warning: Token not allowed in a PDF string (Unicode):
(hyperref)                removing `math shift' on input line 336.


Package hyperref Warning: Token not allowed in a PDF string (Unicode):
(hyperref)                removing `\pi' on input line 336.


Package hyperref Warning: Token not allowed in a PDF string (Unicode):
(hyperref)                removing `superscript' on input line 336.


Package hyperref Warning: Token not allowed in a PDF string (Unicode):
(hyperref)                removing `math shift' on input line 336.


Package hyperref Warning: Token not allowed in a PDF string (Unicode):
(hyperref)                removing `math shift' on input line 336.


Package hyperref Warning: Token not allowed in a PDF string (Unicode):
(hyperref)                removing `\pi' on input line 336.


Package hyperref Warning: Token not allowed in a PDF string (Unicode):
(hyperref)                removing `math shift' on input line 336.


LaTeX Warning: Reference `app:L0delta_bvp' on page 66 undefined on input line 3
71.


LaTeX Warning: Reference `app:L0delta_bvp' on page 66 undefined on input line 3
78.


LaTeX Warning: Reference `app:L0delta_bvp' on page 66 undefined on input line 3
85.


LaTeX Warning: Reference `sec:L0d:delta' on page 66 undefined on input line 385
.




Package fancyhdr Warning: \headheight is too small (12.0pt): 
(fancyhdr)                Make it at least 13.59999pt, for example:
(fancyhdr)                \setlength{\headheight}{13.59999pt}.
(fancyhdr)                You might also make \topmargin smaller:
(fancyhdr)                \addtolength{\topmargin}{-1.59999pt}.

[66]

LaTeX Warning: Reference `eq:delta_def' on page 67 undefined on input line 396.



LaTeX Warning: Reference `sec:L0delta:scales' on page 67 undefined on input lin
e 397.


LaTeX Warning: Reference `sec:L0delta:geometry' on page 67 undefined on input l
ine 398.


LaTeX Warning: Reference `sec:L0delta:geometry' on page 67 undefined on input l
ine 399.


LaTeX Warning: Reference `sec:L0delta:geometry' on page 67 undefined on input l
ine 400.


LaTeX Warning: Reference `eq:L0delta_hypothesis' on page 67 undefined on input 
line 401.


LaTeX Warning: Reference `app:L0delta_bvp' on page 67 undefined on input line 4
02.


LaTeX Warning: Reference `app:L0delta_bvp' on page 67 undefined on input line 4
03.


LaTeX Warning: Reference `sec:L0delta:potential' on page 67 undefined on input 
line 405.


LaTeX Warning: Reference `app:L0delta_bvp' on page 67 undefined on input line 4
06.




Package fancyhdr Warning: \headheight is too small (12.0pt): 
(fancyhdr)                Make it at least 13.59999pt, for example:
(fancyhdr)                \setlength{\headheight}{13.59999pt}.
(fancyhdr)                You might also make \topmargin smaller:
(fancyhdr)                \addtolength{\topmargin}{-1.59999pt}.

[67]

LaTeX Warning: Reference `app:L0delta_bvp' on page 68 undefined on input line 4
76.


LaTeX Warning: Reference `ch:tau_n' on page 68 undefined on input line 491.


LaTeX Warning: Reference `ch:kappa' on page 68 undefined on input line 499.


LaTeX Warning: Reference `ch:tau_n' on page 68 undefined on input line 521.


LaTeX Warning: Reference `ch:tau_n' on page 68 undefined on input line 523.


LaTeX Warning: Reference `app:L0delta_bvp' on page 68 undefined on input line 5
26.




Package fancyhdr Warning: \headheight is too small (12.0pt): 
(fancyhdr)                Make it at least 13.59999pt, for example:
(fancyhdr)                \setlength{\headheight}{13.59999pt}.
(fancyhdr)                You might also make \topmargin smaller:
(fancyhdr)                \addtolength{\topmargin}{-1.59999pt}.

[68]) (./chapters/ch09_tau_n_prediction.tex


Package fancyhdr Warning: \headheight is too small (12.0pt): 
(fancyhdr)                Make it at least 13.59999pt, for example:
(fancyhdr)                \setlength{\headheight}{13.59999pt}.
(fancyhdr)                You might also make \topmargin smaller:
(fancyhdr)                \addtolength{\topmargin}{-1.59999pt}.

[69]


Package fancyhdr Warning: \headheight is too small (12.0pt): 
(fancyhdr)                Make it at least 13.59999pt, for example:
(fancyhdr)                \setlength{\headheight}{13.59999pt}.
(fancyhdr)                You might also make \topmargin smaller:
(fancyhdr)                \addtolength{\topmargin}{-1.59999pt}.

[70

]
Chapter 9.

Package hyperref Warning: Token not allowed in a PDF string (Unicode):
(hyperref)                removing `math shift' on input line 11.


Package hyperref Warning: Token not allowed in a PDF string (Unicode):
(hyperref)                removing `\tau' on input line 11.


Package hyperref Warning: Token not allowed in a PDF string (Unicode):
(hyperref)                removing `subscript' on input line 11.


Package hyperref Warning: Token not allowed in a PDF string (Unicode):
(hyperref)                removing `\leavevmode@ifvmode' on input line 11.


Package hyperref Warning: Token not allowed in a PDF string (Unicode):
(hyperref)                \kern 1.82538pt
(hyperref)                removed on input line 11.


Package hyperref Warning: Token not allowed in a PDF string (Unicode):
(hyperref)                removing `math shift' on input line 11.


LaTeX Warning: Reference `ch:instanton' on page 71 undefined on input line 18.


LaTeX Warning: Reference `ch:kappa' on page 71 undefined on input line 19.


LaTeX Warning: Reference `ch:L0delta' on page 71 undefined on input line 20.


LaTeX Warning: Reference `app:L0delta_bvp' on page 71 undefined on input line 2
4.


LaTeX Warning: Reference `ch:instanton' on page 71 undefined on input line 34.


LaTeX Warning: Reference `ch:L0delta' on page 71 undefined on input line 34.


LaTeX Warning: Reference `ch:instanton' on page 71 undefined on input line 35.


LaTeX Warning: Reference `ch:kappa' on page 71 undefined on input line 36.


LaTeX Warning: Reference `ch:L0delta' on page 71 undefined on input line 36.


LaTeX Warning: Reference `app:L0delta_bvp' on page 71 undefined on input line 4
1.


LaTeX Warning: Reference `ch:L0delta' on page 71 undefined on input line 42.


LaTeX Warning: Reference `ch:deuterium' on page 71 undefined on input line 43.


LaTeX Warning: Reference `ch:kappa' on page 71 undefined on input line 75.


LaTeX Warning: Reference `ch:L0delta' on page 71 undefined on input line 75.


Overfull \hbox (35.72664pt too wide) in paragraph at lines 75--75
[][] 
 []


Underfull \vbox (badness 10000) has occurred while \output is active []



[71]

LaTeX Warning: Reference `ch:kappa' on page 72 undefined on input line 85.


LaTeX Warning: Reference `ch:L0delta' on page 72 undefined on input line 86.


Package hyperref Warning: Token not allowed in a PDF string (Unicode):
(hyperref)                removing `math shift' on input line 96.


Package hyperref Warning: Token not allowed in a PDF string (Unicode):
(hyperref)                removing `subscript' on input line 96.


Package hyperref Warning: Token not allowed in a PDF string (Unicode):
(hyperref)                removing `\hbar' on input line 96.


Package hyperref Warning: Token not allowed in a PDF string (Unicode):
(hyperref)                removing `math shift' on input line 96.


LaTeX Warning: Reference `ch:kappa' on page 72 undefined on input line 101.


LaTeX Warning: Reference `ch:L0delta' on page 72 undefined on input line 101.


Underfull \vbox (badness 1189) has occurred while \output is active []




Package fancyhdr Warning: \headheight is too small (12.0pt): 
(fancyhdr)                Make it at least 13.59999pt, for example:
(fancyhdr)                \setlength{\headheight}{13.59999pt}.
(fancyhdr)                You might also make \topmargin smaller:
(fancyhdr)                \addtolength{\topmargin}{-1.59999pt}.

[72]

Package hyperref Warning: Token not allowed in a PDF string (Unicode):
(hyperref)                removing `math shift' on input line 159.


Package hyperref Warning: Token not allowed in a PDF string (Unicode):
(hyperref)                removing `\omega' on input line 159.


Package hyperref Warning: Token not allowed in a PDF string (Unicode):
(hyperref)                removing `subscript' on input line 159.


Package hyperref Warning: Token not allowed in a PDF string (Unicode):
(hyperref)                removing `math shift' on input line 159.


Package hyperref Warning: Token not allowed in a PDF string (Unicode):
(hyperref)                removing `math shift' on input line 186.


Package hyperref Warning: Token not allowed in a PDF string (Unicode):
(hyperref)                removing `math shift' on input line 186.




Package fancyhdr Warning: \headheight is too small (12.0pt): 
(fancyhdr)                Make it at least 13.59999pt, for example:
(fancyhdr)                \setlength{\headheight}{13.59999pt}.
(fancyhdr)                You might also make \topmargin smaller:
(fancyhdr)                \addtolength{\topmargin}{-1.59999pt}.

[73]
Underfull \vbox (badness 10000) has occurred while \output is active []




Package fancyhdr Warning: \headheight is too small (12.0pt): 
(fancyhdr)                Make it at least 13.59999pt, for example:
(fancyhdr)                \setlength{\headheight}{13.59999pt}.
(fancyhdr)                You might also make \topmargin smaller:
(fancyhdr)                \addtolength{\topmargin}{-1.59999pt}.

[74]

LaTeX Warning: Reference `app:quarantine' on page 75 undefined on input line 25
2.


LaTeX Warning: Reference `ch:L0delta' on page 75 undefined on input line 254.


LaTeX Warning: Reference `app:L0delta_bvp' on page 75 undefined on input line 2
55.


LaTeX Warning: Reference `sec:taun:sensitivity' on page 75 undefined on input l
ine 261.


Package hyperref Warning: Token not allowed in a PDF string (Unicode):
(hyperref)                removing `math shift' on input line 265.


Package hyperref Warning: Token not allowed in a PDF string (Unicode):
(hyperref)                removing `\tau' on input line 265.


Package hyperref Warning: Token not allowed in a PDF string (Unicode):
(hyperref)                removing `subscript' on input line 265.


Package hyperref Warning: Token not allowed in a PDF string (Unicode):
(hyperref)                removing `math shift' on input line 265.


LaTeX Warning: Reference `ch:instanton' on page 75 undefined on input line 270.



LaTeX Warning: Reference `ch:instanton' on page 75 undefined on input line 293.



LaTeX Warning: Reference `ch:L0delta' on page 75 undefined on input line 293.


LaTeX Warning: Reference `ch:instanton' on page 75 undefined on input line 294.



LaTeX Warning: Reference `ch:kappa' on page 75 undefined on input line 294.


LaTeX Warning: Reference `ch:L0delta' on page 75 undefined on input line 295.


Underfull \vbox (badness 4072) has occurred while \output is active []




Package fancyhdr Warning: \headheight is too small (12.0pt): 
(fancyhdr)                Make it at least 13.59999pt, for example:
(fancyhdr)                \setlength{\headheight}{13.59999pt}.
(fancyhdr)                You might also make \topmargin smaller:
(fancyhdr)                \addtolength{\topmargin}{-1.59999pt}.

[75]

Package hyperref Warning: Token not allowed in a PDF string (Unicode):
(hyperref)                removing `math shift' on input line 333.


Package hyperref Warning: Token not allowed in a PDF string (Unicode):
(hyperref)                removing `subscript' on input line 333.


Package hyperref Warning: Token not allowed in a PDF string (Unicode):
(hyperref)                removing `\delta' on input line 333.


Package hyperref Warning: Token not allowed in a PDF string (Unicode):
(hyperref)                removing `math shift' on input line 333.


Package hyperref Warning: Token not allowed in a PDF string (Unicode):
(hyperref)                removing `math shift' on input line 355.


Package hyperref Warning: Token not allowed in a PDF string (Unicode):
(hyperref)                removing `\kappa' on input line 355.


Package hyperref Warning: Token not allowed in a PDF string (Unicode):
(hyperref)                removing `math shift' on input line 355.




Package fancyhdr Warning: \headheight is too small (12.0pt): 
(fancyhdr)                Make it at least 13.59999pt, for example:
(fancyhdr)                \setlength{\headheight}{13.59999pt}.
(fancyhdr)                You might also make \topmargin smaller:
(fancyhdr)                \addtolength{\topmargin}{-1.59999pt}.

[76]

Package hyperref Warning: Token not allowed in a PDF string (Unicode):
(hyperref)                removing `math shift' on input line 364.


Package hyperref Warning: Token not allowed in a PDF string (Unicode):
(hyperref)                removing `math shift' on input line 364.


Underfull \vbox (badness 3168) has occurred while \output is active []




Package fancyhdr Warning: \headheight is too small (12.0pt): 
(fancyhdr)                Make it at least 13.59999pt, for example:
(fancyhdr)                \setlength{\headheight}{13.59999pt}.
(fancyhdr)                You might also make \topmargin smaller:
(fancyhdr)                \addtolength{\topmargin}{-1.59999pt}.

[77]

LaTeX Warning: Reference `ch:kappa' on page 78 undefined on input line 457.


LaTeX Warning: Reference `ch:L0delta' on page 78 undefined on input line 458.


LaTeX Warning: Reference `eq:SE_numeric' on page 78 undefined on input line 459
.


LaTeX Warning: Reference `eq:omega0' on page 78 undefined on input line 460.


LaTeX Warning: Reference `sec:taun:prefactor' on page 78 undefined on input lin
e 461.


LaTeX Warning: Reference `eq:tau_result' on page 78 undefined on input line 462
.


LaTeX Warning: Reference `sec:taun:falsify' on page 78 undefined on input line 
464.


LaTeX Warning: Reference `app:L0delta_bvp' on page 78 undefined on input line 5
09.




Package fancyhdr Warning: \headheight is too small (12.0pt): 
(fancyhdr)                Make it at least 13.59999pt, for example:
(fancyhdr)                \setlength{\headheight}{13.59999pt}.
(fancyhdr)                You might also make \topmargin smaller:
(fancyhdr)                \addtolength{\topmargin}{-1.59999pt}.

[78]

LaTeX Warning: Reference `ch:deuterium' on page 79 undefined on input line 524.



LaTeX Warning: Reference `ch:light_clusters' on page 79 undefined on input line
 524.


LaTeX Warning: Reference `ch:unified' on page 79 undefined on input line 526.


LaTeX Warning: Reference `ch:repro' on page 79 undefined on input line 527.


LaTeX Warning: Reference `ch:kappa' on page 79 undefined on input line 535.


LaTeX Warning: Reference `ch:L0delta' on page 79 undefined on input line 535.


LaTeX Warning: Reference `ch:kappa' on page 79 undefined on input line 535.


LaTeX Warning: Reference `ch:L0delta' on page 79 undefined on input line 535.


LaTeX Warning: Reference `app:L0delta_bvp' on page 79 undefined on input line 5
42.


LaTeX Warning: Reference `ch:deuterium' on page 79 undefined on input line 560.



LaTeX Warning: Reference `ch:deuterium' on page 79 undefined on input line 563.



LaTeX Warning: Reference `ch:sigma_to_K' on page 79 undefined on input line 566
.




Package fancyhdr Warning: \headheight is too small (12.0pt): 
(fancyhdr)                Make it at least 13.59999pt, for example:
(fancyhdr)                \setlength{\headheight}{13.59999pt}.
(fancyhdr)                You might also make \topmargin smaller:
(fancyhdr)                \addtolength{\topmargin}{-1.59999pt}.

[79])


Package fancyhdr Warning: \headheight is too small (12.0pt): 
(fancyhdr)                Make it at least 13.59999pt, for example:
(fancyhdr)                \setlength{\headheight}{13.59999pt}.
(fancyhdr)                You might also make \topmargin smaller:
(fancyhdr)                \addtolength{\topmargin}{-1.59999pt}.

[80]

[81

]

[82] (./chapters/ch10_deuterium.tex
Chapter 10.

LaTeX Warning: Reference `ch:sigma_to_K' on page 83 undefined on input line 21.



LaTeX Warning: Reference `app:nbonds' on page 83 undefined on input line 23.


LaTeX Warning: Reference `app:nbonds' on page 83 undefined on input line 28.


LaTeX Warning: Reference `ch:sigma_to_K' on page 83 undefined on input line 38.



LaTeX Warning: Reference `ch:sigma_to_K' on page 83 undefined on input line 43.



LaTeX Warning: Reference `ch:helium4' on page 83 undefined on input line 44.


Overfull \hbox (18.87885pt too wide) in paragraph at lines 66--66
[][] 
 []



[83

]

Package hyperref Warning: Token not allowed in a PDF string (Unicode):
(hyperref)                removing `math shift' on input line 86.


Package hyperref Warning: Token not allowed in a PDF string (Unicode):
(hyperref)                removing `math shift' on input line 86.


LaTeX Warning: Reference `ch:sigma_to_K' on page 84 undefined on input line 88.



Package hyperref Warning: Token not allowed in a PDF string (Unicode):
(hyperref)                removing `math shift' on input line 148.


Package hyperref Warning: Token not allowed in a PDF string (Unicode):
(hyperref)                removing `subscript' on input line 148.


Package hyperref Warning: Token not allowed in a PDF string (Unicode):
(hyperref)                removing `math shift' on input line 148.


LaTeX Warning: Reference `app:nbonds' on page 84 undefined on input line 153.




Package fancyhdr Warning: \headheight is too small (12.0pt): 
(fancyhdr)                Make it at least 13.59999pt, for example:
(fancyhdr)                \setlength{\headheight}{13.59999pt}.
(fancyhdr)                You might also make \topmargin smaller:
(fancyhdr)                \addtolength{\topmargin}{-1.59999pt}.

[84]

LaTeX Warning: Reference `app:nbonds' on page 85 undefined on input line 157.

! Missing $ inserted.
<inserted text> 
                $
l.161 ...lity of $N_{\text{bonds}} = 3$ (Summary)]
                                                  
I've inserted a begin-math/end-math symbol since I think
you left one out. Proceed, with fingers crossed.


LaTeX Warning: Reference `thm:nbonds_optimality' on page 85 undefined on input 
line 162.


LaTeX Warning: Reference `app:nbonds' on page 85 undefined on input line 163.


LaTeX Warning: Reference `lem:upper_bound' on page 85 undefined on input line 1
71.


LaTeX Warning: Reference `lem:saturation' on page 85 undefined on input line 17
5.


LaTeX Warning: Reference `lem:uniqueness' on page 85 undefined on input line 18
0.


LaTeX Warning: Reference `lem:saturation' on page 85 undefined on input line 19
0.


LaTeX Warning: Reference `app:nbonds' on page 85 undefined on input line 191.


LaTeX Warning: Command \textdegree invalid in math mode on input line 202.


LaTeX Warning: Command \textdegree invalid in math mode on input line 202.


Overfull \hbox (5.95436pt too wide) in paragraph at lines 218--230
 [] 
 []




Package fancyhdr Warning: \headheight is too small (12.0pt): 
(fancyhdr)                Make it at least 13.59999pt, for example:
(fancyhdr)                \setlength{\headheight}{13.59999pt}.
(fancyhdr)                You might also make \topmargin smaller:
(fancyhdr)                \addtolength{\topmargin}{-1.59999pt}.

[85]

LaTeX Warning: Reference `app:nbonds' on page 86 undefined on input line 235.


LaTeX Warning: Reference `ch:sigma_to_K' on page 86 undefined on input line 248
.


LaTeX Warning: Reference `sec:d:three' on page 86 undefined on input line 249.


LaTeX Warning: Reference `eq:Bd_result' on page 86 undefined on input line 306.





Package fancyhdr Warning: \headheight is too small (12.0pt): 
(fancyhdr)                Make it at least 13.59999pt, for example:
(fancyhdr)                \setlength{\headheight}{13.59999pt}.
(fancyhdr)                You might also make \topmargin smaller:
(fancyhdr)                \addtolength{\topmargin}{-1.59999pt}.

[86]

Package hyperref Warning: Token not allowed in a PDF string (Unicode):
(hyperref)                removing `math shift' on input line 321.


Package hyperref Warning: Token not allowed in a PDF string (Unicode):
(hyperref)                removing `math shift' on input line 321.


Package hyperref Warning: Token not allowed in a PDF string (Unicode):
(hyperref)                removing `math shift' on input line 340.


Package hyperref Warning: Token not allowed in a PDF string (Unicode):
(hyperref)                removing `subscript' on input line 340.


Package hyperref Warning: Token not allowed in a PDF string (Unicode):
(hyperref)                removing `math shift' on input line 340.


LaTeX Warning: Reference `app:nbonds' on page 87 undefined on input line 372.


LaTeX Warning: Reference `ch:sigma_to_K' on page 87 undefined on input line 385
.


LaTeX Warning: Reference `eq:Bd_model' on page 87 undefined on input line 386.


LaTeX Warning: Reference `app:nbonds' on page 87 undefined on input line 387.


LaTeX Warning: Reference `eq:Bd_result' on page 87 undefined on input line 388.



LaTeX Warning: Reference `sec:d:baseline' on page 87 undefined on input line 39
0.




Package fancyhdr Warning: \headheight is too small (12.0pt): 
(fancyhdr)                Make it at least 13.59999pt, for example:
(fancyhdr)                \setlength{\headheight}{13.59999pt}.
(fancyhdr)                You might also make \topmargin smaller:
(fancyhdr)                \addtolength{\topmargin}{-1.59999pt}.

[87]

LaTeX Warning: Reference `app:nbonds' on page 88 undefined on input line 404.


LaTeX Warning: Reference `lem:saturation' on page 88 undefined on input line 40
6.


LaTeX Warning: Reference `ch:helium4' on page 88 undefined on input line 443.




Package fancyhdr Warning: \headheight is too small (12.0pt): 
(fancyhdr)                Make it at least 13.59999pt, for example:
(fancyhdr)                \setlength{\headheight}{13.59999pt}.
(fancyhdr)                You might also make \topmargin smaller:
(fancyhdr)                \addtolength{\topmargin}{-1.59999pt}.

[88]

LaTeX Warning: Reference `app:nbonds' on page 89 undefined on input line 480.


LaTeX Warning: Reference `ch:helium4' on page 89 undefined on input line 494.


LaTeX Warning: Reference `ch:light_clusters' on page 89 undefined on input line
 496.


LaTeX Warning: Reference `ch:sigma_to_K' on page 89 undefined on input line 504
.


LaTeX Warning: Reference `ch:sigma_to_K' on page 89 undefined on input line 504
.


LaTeX Warning: Reference `ch:helium4' on page 89 undefined on input line 512.


LaTeX Warning: Reference `ch:helium4' on page 89 undefined on input line 515.

) (./chapters/ch11_helium4.tex


Package fancyhdr Warning: \headheight is too small (12.0pt): 
(fancyhdr)                Make it at least 13.59999pt, for example:
(fancyhdr)                \setlength{\headheight}{13.59999pt}.
(fancyhdr)                You might also make \topmargin smaller:
(fancyhdr)                \addtolength{\topmargin}{-1.59999pt}.

[89]


Package fancyhdr Warning: \headheight is too small (12.0pt): 
(fancyhdr)                Make it at least 13.59999pt, for example:
(fancyhdr)                \setlength{\headheight}{13.59999pt}.
(fancyhdr)                You might also make \topmargin smaller:
(fancyhdr)                \addtolength{\topmargin}{-1.59999pt}.

[90

]
Chapter 11.

LaTeX Warning: Reference `ch:sigma_to_K' on page 91 undefined on input line 36.



LaTeX Warning: Reference `ch:deuterium' on page 91 undefined on input line 42.


LaTeX Warning: Reference `ch:light_clusters' on page 91 undefined on input line
 43.


LaTeX Warning: Reference `ch:deuterium' on page 91 undefined on input line 69.


LaTeX Warning: Reference `ch:deuterium' on page 91 undefined on input line 74.



[91]


Package fancyhdr Warning: \headheight is too small (12.0pt): 
(fancyhdr)                Make it at least 13.59999pt, for example:
(fancyhdr)                \setlength{\headheight}{13.59999pt}.
(fancyhdr)                You might also make \topmargin smaller:
(fancyhdr)                \addtolength{\topmargin}{-1.59999pt}.

[92]

Package hyperref Warning: Token not allowed in a PDF string (Unicode):
(hyperref)                removing `math shift' on input line 209.


Package hyperref Warning: Token not allowed in a PDF string (Unicode):
(hyperref)                removing `subscript' on input line 209.


Package hyperref Warning: Token not allowed in a PDF string (Unicode):
(hyperref)                removing `math shift' on input line 209.




Package fancyhdr Warning: \headheight is too small (12.0pt): 
(fancyhdr)                Make it at least 13.59999pt, for example:
(fancyhdr)                \setlength{\headheight}{13.59999pt}.
(fancyhdr)                You might also make \topmargin smaller:
(fancyhdr)                \addtolength{\topmargin}{-1.59999pt}.

[93]

Package hyperref Warning: Token not allowed in a PDF string (Unicode):
(hyperref)                removing `math shift' on input line 227.


Package hyperref Warning: Token not allowed in a PDF string (Unicode):
(hyperref)                removing `\Delta' on input line 227.


Package hyperref Warning: Token not allowed in a PDF string (Unicode):
(hyperref)                removing `subscript' on input line 227.


Package hyperref Warning: Token not allowed in a PDF string (Unicode):
(hyperref)                removing `math shift' on input line 227.


Package hyperref Warning: Token not allowed in a PDF string (Unicode):
(hyperref)                removing `math shift' on input line 261.


Package hyperref Warning: Token not allowed in a PDF string (Unicode):
(hyperref)                removing `\Delta' on input line 261.


Package hyperref Warning: Token not allowed in a PDF string (Unicode):
(hyperref)                removing `subscript' on input line 261.


Package hyperref Warning: Token not allowed in a PDF string (Unicode):
(hyperref)                removing `math shift' on input line 261.


LaTeX Warning: Reference `sec:he4:fail' on page 94 undefined on input line 264.



LaTeX Warning: Reference `ch:sigma_to_K' on page 94 undefined on input line 274
.


Package hyperref Warning: Token not allowed in a PDF string (Unicode):
(hyperref)                removing `math shift' on input line 277.


Package hyperref Warning: Token not allowed in a PDF string (Unicode):
(hyperref)                removing `\Delta' on input line 277.


Package hyperref Warning: Token not allowed in a PDF string (Unicode):
(hyperref)                removing `subscript' on input line 277.


Package hyperref Warning: Token not allowed in a PDF string (Unicode):
(hyperref)                removing `math shift' on input line 277.




Package fancyhdr Warning: \headheight is too small (12.0pt): 
(fancyhdr)                Make it at least 13.59999pt, for example:
(fancyhdr)                \setlength{\headheight}{13.59999pt}.
(fancyhdr)                You might also make \topmargin smaller:
(fancyhdr)                \addtolength{\topmargin}{-1.59999pt}.

[94]

Package hyperref Warning: Token not allowed in a PDF string (Unicode):
(hyperref)                removing `math shift' on input line 305.


Package hyperref Warning: Token not allowed in a PDF string (Unicode):
(hyperref)                removing `\Delta' on input line 305.


Package hyperref Warning: Token not allowed in a PDF string (Unicode):
(hyperref)                removing `subscript' on input line 305.


Package hyperref Warning: Token not allowed in a PDF string (Unicode):
(hyperref)                removing `math shift' on input line 305.




Package fancyhdr Warning: \headheight is too small (12.0pt): 
(fancyhdr)                Make it at least 13.59999pt, for example:
(fancyhdr)                \setlength{\headheight}{13.59999pt}.
(fancyhdr)                You might also make \topmargin smaller:
(fancyhdr)                \addtolength{\topmargin}{-1.59999pt}.

[95]

Package hyperref Warning: Token not allowed in a PDF string (Unicode):
(hyperref)                removing `math shift' on input line 368.


Package hyperref Warning: Token not allowed in a PDF string (Unicode):
(hyperref)                removing `subscript' on input line 368.


Package hyperref Warning: Token not allowed in a PDF string (Unicode):
(hyperref)                removing `math shift' on input line 368.




Package fancyhdr Warning: \headheight is too small (12.0pt): 
(fancyhdr)                Make it at least 13.59999pt, for example:
(fancyhdr)                \setlength{\headheight}{13.59999pt}.
(fancyhdr)                You might also make \topmargin smaller:
(fancyhdr)                \addtolength{\topmargin}{-1.59999pt}.

[96]

LaTeX Warning: Reference `def:closure' on page 97 undefined on input line 489.




Package fancyhdr Warning: \headheight is too small (12.0pt): 
(fancyhdr)                Make it at least 13.59999pt, for example:
(fancyhdr)                \setlength{\headheight}{13.59999pt}.
(fancyhdr)                You might also make \topmargin smaller:
(fancyhdr)                \addtolength{\topmargin}{-1.59999pt}.

[97]

LaTeX Warning: Reference `ch:light_clusters' on page 98 undefined on input line
 548.




Package fancyhdr Warning: \headheight is too small (12.0pt): 
(fancyhdr)                Make it at least 13.59999pt, for example:
(fancyhdr)                \setlength{\headheight}{13.59999pt}.
(fancyhdr)                You might also make \topmargin smaller:
(fancyhdr)                \addtolength{\topmargin}{-1.59999pt}.

[98]

LaTeX Warning: Reference `lem:no-closed-1' on page 99 undefined on input line 6
23.


LaTeX Warning: Reference `lem:closed-4-unique' on page 99 undefined on input li
ne 623.


LaTeX Warning: Reference `lem:no-closed-1' on page 99 undefined on input line 6
25.


LaTeX Warning: Reference `lem:no-closed-2' on page 99 undefined on input line 6
26.


LaTeX Warning: Reference `lem:no-closed-3' on page 99 undefined on input line 6
27.


LaTeX Warning: Reference `lem:closed-4-exists' on page 99 undefined on input li
ne 628.


LaTeX Warning: Reference `lem:closed-4-unique' on page 99 undefined on input li
ne 629.


LaTeX Warning: Reference `thm:closed-4-minimal' on page 99 undefined on input l
ine 649.


LaTeX Warning: Reference `sec:he4:budget' on page 99 undefined on input line 65
3.




Package fancyhdr Warning: \headheight is too small (12.0pt): 
(fancyhdr)                Make it at least 13.59999pt, for example:
(fancyhdr)                \setlength{\headheight}{13.59999pt}.
(fancyhdr)                You might also make \topmargin smaller:
(fancyhdr)                \addtolength{\topmargin}{-1.59999pt}.

[99]

LaTeX Warning: Reference `app:analogies' on page 100 undefined on input line 66
4.


LaTeX Warning: Reference `def:closure' on page 100 undefined on input line 695.



LaTeX Warning: Reference `cor:release-bias' on page 100 undefined on input line
 697.


LaTeX Warning: Reference `sec:he4:budget' on page 100 undefined on input line 6
99.


LaTeX Warning: Reference `ch:sigma_to_K' on page 100 undefined on input line 71
7.


LaTeX Warning: Reference `ch:L0delta' on page 100 undefined on input line 718.


LaTeX Warning: Reference `ch:L0delta' on page 100 undefined on input line 719.


LaTeX Warning: Reference `ch:sigma_to_K' on page 100 undefined on input line 72
0.




Package fancyhdr Warning: \headheight is too small (12.0pt): 
(fancyhdr)                Make it at least 13.59999pt, for example:
(fancyhdr)                \setlength{\headheight}{13.59999pt}.
(fancyhdr)                You might also make \topmargin smaller:
(fancyhdr)                \addtolength{\topmargin}{-1.59999pt}.

[100]

LaTeX Warning: Reference `tab:he4:sensitivity' on page 101 undefined on input l
ine 736.


LaTeX Warning: Reference `tab:closure_range' on page 101 undefined on input lin
e 763.


LaTeX Warning: Reference `ch:helium4' on page 101 undefined on input line 792.


Underfull \hbox (badness 4441) in paragraph at lines 805--806
[]|\T1/lmr/m/n/10.95 Matches base-line within
 []




Package fancyhdr Warning: \headheight is too small (12.0pt): 
(fancyhdr)                Make it at least 13.59999pt, for example:
(fancyhdr)                \setlength{\headheight}{13.59999pt}.
(fancyhdr)                You might also make \topmargin smaller:
(fancyhdr)                \addtolength{\topmargin}{-1.59999pt}.

[101]

LaTeX Warning: Reference `ch:sigma_to_K' on page 102 undefined on input line 85
2.


LaTeX Warning: Reference `ch:light_clusters' on page 102 undefined on input lin
e 863.


Underfull \vbox (badness 10000) has occurred while \output is active []




Package fancyhdr Warning: \headheight is too small (12.0pt): 
(fancyhdr)                Make it at least 13.59999pt, for example:
(fancyhdr)                \setlength{\headheight}{13.59999pt}.
(fancyhdr)                You might also make \topmargin smaller:
(fancyhdr)                \addtolength{\topmargin}{-1.59999pt}.

[102]

LaTeX Warning: Reference `thm:closed-4-minimal' on page 103 undefined on input 
line 910.


Underfull \vbox (badness 10000) has occurred while \output is active []




Package fancyhdr Warning: \headheight is too small (12.0pt): 
(fancyhdr)                Make it at least 13.59999pt, for example:
(fancyhdr)                \setlength{\headheight}{13.59999pt}.
(fancyhdr)                You might also make \topmargin smaller:
(fancyhdr)                \addtolength{\topmargin}{-1.59999pt}.

[103]

LaTeX Warning: Reference `ch:light_clusters' on page 104 undefined on input lin
e 925.


LaTeX Warning: Reference `ch:barrier_release' on page 104 undefined on input li
ne 927.


LaTeX Warning: Reference `cor:release-bias' on page 104 undefined on input line
 928.


LaTeX Warning: Reference `ch:frustrated' on page 104 undefined on input line 92
9.


LaTeX Warning: Reference `ch:high_coord' on page 104 undefined on input line 93
1.


LaTeX Warning: Reference `ch:sigma_to_K' on page 104 undefined on input line 94
0.


LaTeX Warning: Reference `ch:sigma_to_K' on page 104 undefined on input line 94
0.


LaTeX Warning: Reference `ch:deuterium' on page 104 undefined on input line 941
.


LaTeX Warning: Reference `ch:deuterium' on page 104 undefined on input line 941
.


LaTeX Warning: Reference `ch:light_clusters' on page 104 undefined on input lin
e 949.


LaTeX Warning: Reference `ch:light_clusters' on page 104 undefined on input lin
e 950.

) (./chapters/ch12_light_nuclei.tex


Package fancyhdr Warning: \headheight is too small (12.0pt): 
(fancyhdr)                Make it at least 13.59999pt, for example:
(fancyhdr)                \setlength{\headheight}{13.59999pt}.
(fancyhdr)                You might also make \topmargin smaller:
(fancyhdr)                \addtolength{\topmargin}{-1.59999pt}.

[104]
Chapter 12.

LaTeX Warning: Reference `ch:deuterium' on page 105 undefined on input line 20.



LaTeX Warning: Reference `ch:helium4' on page 105 undefined on input line 21.


LaTeX Warning: Reference `ch:helium4' on page 105 undefined on input line 38.


LaTeX Warning: Reference `ch:sigma_to_K' on page 105 undefined on input line 39
.


LaTeX Warning: Reference `ch:helium4' on page 105 undefined on input line 39.


LaTeX Warning: Reference `ch:helium4' on page 105 undefined on input line 42.


LaTeX Warning: Reference `ch:barrier_release' on page 105 undefined on input li
ne 43.


Package hyperref Warning: Token not allowed in a PDF string (Unicode):
(hyperref)                removing `math shift' on input line 50.


Package hyperref Warning: Token not allowed in a PDF string (Unicode):
(hyperref)                removing `math shift' on input line 50.


Overfull \hbox (15.22627pt too wide) in paragraph at lines 67--85
 [] 
 []



[105

]

LaTeX Warning: Reference `tab:config_glossary' on page 106 undefined on input l
ine 91.




Package fancyhdr Warning: \headheight is too small (12.0pt): 
(fancyhdr)                Make it at least 13.59999pt, for example:
(fancyhdr)                \setlength{\headheight}{13.59999pt}.
(fancyhdr)                You might also make \topmargin smaller:
(fancyhdr)                \addtolength{\topmargin}{-1.59999pt}.

[106]

LaTeX Warning: Reference `ch:helium4' on page 107 undefined on input line 196.




Package fancyhdr Warning: \headheight is too small (12.0pt): 
(fancyhdr)                Make it at least 13.59999pt, for example:
(fancyhdr)                \setlength{\headheight}{13.59999pt}.
(fancyhdr)                You might also make \topmargin smaller:
(fancyhdr)                \addtolength{\topmargin}{-1.59999pt}.

[107]


Package fancyhdr Warning: \headheight is too small (12.0pt): 
(fancyhdr)                Make it at least 13.59999pt, for example:
(fancyhdr)                \setlength{\headheight}{13.59999pt}.
(fancyhdr)                You might also make \topmargin smaller:
(fancyhdr)                \addtolength{\topmargin}{-1.59999pt}.

[108]


Package fancyhdr Warning: \headheight is too small (12.0pt): 
(fancyhdr)                Make it at least 13.59999pt, for example:
(fancyhdr)                \setlength{\headheight}{13.59999pt}.
(fancyhdr)                You might also make \topmargin smaller:
(fancyhdr)                \addtolength{\topmargin}{-1.59999pt}.

[109]


Package fancyhdr Warning: \headheight is too small (12.0pt): 
(fancyhdr)                Make it at least 13.59999pt, for example:
(fancyhdr)                \setlength{\headheight}{13.59999pt}.
(fancyhdr)                You might also make \topmargin smaller:
(fancyhdr)                \addtolength{\topmargin}{-1.59999pt}.

[110]

LaTeX Warning: `h' float specifier changed to `ht'.


Underfull \vbox (badness 1033) has occurred while \output is active []




Package fancyhdr Warning: \headheight is too small (12.0pt): 
(fancyhdr)                Make it at least 13.59999pt, for example:
(fancyhdr)                \setlength{\headheight}{13.59999pt}.
(fancyhdr)                You might also make \topmargin smaller:
(fancyhdr)                \addtolength{\topmargin}{-1.59999pt}.

[111]

LaTeX Warning: `h' float specifier changed to `ht'.


LaTeX Warning: Reference `ch:light_clusters' on page 112 undefined on input lin
e 538.


Underfull \hbox (badness 10000) in paragraph at lines 544--544
[]|\T1/lmr/m/n/10.95 Baseline val-ues
 []


LaTeX Warning: Reference `eq:composition' on page 112 undefined on input line 5
49.


Underfull \hbox (badness 10000) in paragraph at lines 552--552
[]|\T1/lmr/m/n/10.95 Quantitative A=8 dif-fer-ence
 []


LaTeX Warning: `h' float specifier changed to `ht'.




Package fancyhdr Warning: \headheight is too small (12.0pt): 
(fancyhdr)                Make it at least 13.59999pt, for example:
(fancyhdr)                \setlength{\headheight}{13.59999pt}.
(fancyhdr)                You might also make \topmargin smaller:
(fancyhdr)                \addtolength{\topmargin}{-1.59999pt}.

[112]
Underfull \vbox (badness 5345) has occurred while \output is active []




Package fancyhdr Warning: \headheight is too small (12.0pt): 
(fancyhdr)                Make it at least 13.59999pt, for example:
(fancyhdr)                \setlength{\headheight}{13.59999pt}.
(fancyhdr)                You might also make \topmargin smaller:
(fancyhdr)                \addtolength{\topmargin}{-1.59999pt}.

[113]

LaTeX Warning: Reference `ch:light_clusters' on page 114 undefined on input lin
e 655.




Package fancyhdr Warning: \headheight is too small (12.0pt): 
(fancyhdr)                Make it at least 13.59999pt, for example:
(fancyhdr)                \setlength{\headheight}{13.59999pt}.
(fancyhdr)                You might also make \topmargin smaller:
(fancyhdr)                \addtolength{\topmargin}{-1.59999pt}.

[114]

LaTeX Warning: Reference `ch:barrier_release' on page 115 undefined on input li
ne 677.


LaTeX Warning: Reference `ch:frustrated' on page 115 undefined on input line 67
8.


LaTeX Warning: Reference `ch:high_coord' on page 115 undefined on input line 68
0.


LaTeX Warning: Reference `ch:repro' on page 115 undefined on input line 681.


LaTeX Warning: Reference `ch:helium4' on page 115 undefined on input line 688.


LaTeX Warning: Reference `ch:barrier_release' on page 115 undefined on input li
ne 702.


LaTeX Warning: Reference `ch:barrier_release' on page 115 undefined on input li
ne 704.


LaTeX Warning: Reference `ch:frustrated' on page 115 undefined on input line 70
7.

)


Package fancyhdr Warning: \headheight is too small (12.0pt): 
(fancyhdr)                Make it at least 13.59999pt, for example:
(fancyhdr)                \setlength{\headheight}{13.59999pt}.
(fancyhdr)                You might also make \topmargin smaller:
(fancyhdr)                \addtolength{\topmargin}{-1.59999pt}.

[115]


Package fancyhdr Warning: \headheight is too small (12.0pt): 
(fancyhdr)                Make it at least 13.59999pt, for example:
(fancyhdr)                \setlength{\headheight}{13.59999pt}.
(fancyhdr)                You might also make \topmargin smaller:
(fancyhdr)                \addtolength{\topmargin}{-1.59999pt}.

[116

]

[117]

[118] (./chapters/ch13_geiger_nuttall.tex
Chapter 13.

LaTeX Warning: Reference `ch:frustrated' on page 119 undefined on input line 27
.


LaTeX Warning: Reference `ch:high_coord' on page 119 undefined on input line 28
.


LaTeX Warning: Reference `ch:helium4' on page 119 undefined on input line 37.


LaTeX Warning: Reference `ch:helium4' on page 119 undefined on input line 40.


LaTeX Warning: Reference `ch:frustrated' on page 119 undefined on input line 41
.


LaTeX Warning: Reference `ch:high_coord' on page 119 undefined on input line 42
.



[119

]

LaTeX Warning: Reference `ch:frustrated' on page 120 undefined on input line 80
.


LaTeX Warning: Reference `tab:variables' on page 120 undefined on input line 11
3.


Underfull \hbox (badness 3343) in paragraph at lines 130--131
[]|\T1/lmr/m/n/10.95 Barrier-to-release ra-tio: di-men-sion-less
 []


LaTeX Warning: `h' float specifier changed to `ht'.




Package fancyhdr Warning: \headheight is too small (12.0pt): 
(fancyhdr)                Make it at least 13.59999pt, for example:
(fancyhdr)                \setlength{\headheight}{13.59999pt}.
(fancyhdr)                You might also make \topmargin smaller:
(fancyhdr)                \addtolength{\topmargin}{-1.59999pt}.

[120]

LaTeX Warning: Reference `ch:helium4' on page 121 undefined on input line 167.




Package fancyhdr Warning: \headheight is too small (12.0pt): 
(fancyhdr)                Make it at least 13.59999pt, for example:
(fancyhdr)                \setlength{\headheight}{13.59999pt}.
(fancyhdr)                You might also make \topmargin smaller:
(fancyhdr)                \addtolength{\topmargin}{-1.59999pt}.

[121]

LaTeX Warning: Reference `ch:frustrated' on page 122 undefined on input line 19
1.


LaTeX Warning: Reference `ch:helium4' on page 122 undefined on input line 198.


Overfull \hbox (14.55316pt too wide) in paragraph at lines 203--206
[]\T1/lmr/m/n/10.95 This 1D re-duc-tion is an ap-prox-i-ma-tion that cap-tures 
$\OMS/lmsy/m/n/10.95 ^^X \OT1/lmr/m/n/10.95 99%$ \T1/lmr/m/n/10.95 of the vari-
ance in $[][]\OT1/lmr/m/n/10.95 (\OML/lmm/m/it/10.95 t[]\OT1/lmr/m/n/10.95 )$\T
1/lmr/m/n/10.95 ---
 []


LaTeX Warning: Reference `ch:helium4' on page 122 undefined on input line 220.


LaTeX Warning: Reference `ch:frustrated' on page 122 undefined on input line 23
9.




Package fancyhdr Warning: \headheight is too small (12.0pt): 
(fancyhdr)                Make it at least 13.59999pt, for example:
(fancyhdr)                \setlength{\headheight}{13.59999pt}.
(fancyhdr)                You might also make \topmargin smaller:
(fancyhdr)                \addtolength{\topmargin}{-1.59999pt}.

[122]

LaTeX Warning: Reference `ch:frustrated' on page 123 undefined on input line 26
1.


LaTeX Warning: Reference `ch:frustrated' on page 123 undefined on input line 26
7.


LaTeX Warning: Reference `eq:baseline_lane' on page 123 undefined on input line
 292.


LaTeX Warning: Reference `ch:frustrated' on page 123 undefined on input line 31
2.


LaTeX Warning: Reference `ch:frustrated' on page 123 undefined on input line 31
4.




Package fancyhdr Warning: \headheight is too small (12.0pt): 
(fancyhdr)                Make it at least 13.59999pt, for example:
(fancyhdr)                \setlength{\headheight}{13.59999pt}.
(fancyhdr)                You might also make \topmargin smaller:
(fancyhdr)                \addtolength{\topmargin}{-1.59999pt}.

[123]

LaTeX Warning: Reference `ch:frustrated' on page 124 undefined on input line 32
1.


LaTeX Warning: Reference `ch:frustrated' on page 124 undefined on input line 34
3.


LaTeX Warning: Reference `ch:frustrated' on page 124 undefined on input line 36
0.


Underfull \hbox (badness 5091) in paragraph at lines 362--362
[]|\T1/lmr/m/n/10.95 Coordination bound-ary in-
 []


LaTeX Warning: Reference `ch:frustrated' on page 124 undefined on input line 36
3.


Underfull \hbox (badness 1810) in paragraph at lines 364--364
[]|\T1/lmr/m/n/10.95 Structural re-con-fig-u-ra-
 []


LaTeX Warning: Reference `ch:frustrated' on page 124 undefined on input line 36
6.


Underfull \hbox (badness 10000) in paragraph at lines 367--367
[]|\T1/lmr/m/n/10.95 Forbidden-zone emis-
 []


Underfull \hbox (badness 1769) in paragraph at lines 368--368
[]|\T1/lmr/m/n/10.95 Parent lies in topo-log-i-cally
 []


LaTeX Warning: Reference `ch:high_coord' on page 124 undefined on input line 36
9.


LaTeX Warning: Reference `ch:high_coord' on page 124 undefined on input line 37
2.


LaTeX Warning: Reference `ch:barrier_release' on page 124 undefined on input li
ne 386.


LaTeX Warning: Reference `eq:baseline_lane' on page 124 undefined on input line
 392.


LaTeX Warning: Reference `eq:barrier_ratio' on page 124 undefined on input line
 393.


Underfull \hbox (badness 3039) in paragraph at lines 396--396
[]|\T1/lmr/m/n/10.95 Residuals en-code co-or-di-na-tion
 []


LaTeX Warning: `h' float specifier changed to `ht'.


LaTeX Warning: Reference `ch:light_clusters' on page 124 undefined on input lin
e 426.


Underfull \vbox (badness 10000) has occurred while \output is active []




Package fancyhdr Warning: \headheight is too small (12.0pt): 
(fancyhdr)                Make it at least 13.59999pt, for example:
(fancyhdr)                \setlength{\headheight}{13.59999pt}.
(fancyhdr)                You might also make \topmargin smaller:
(fancyhdr)                \addtolength{\topmargin}{-1.59999pt}.

[124]


Package fancyhdr Warning: \headheight is too small (12.0pt): 
(fancyhdr)                Make it at least 13.59999pt, for example:
(fancyhdr)                \setlength{\headheight}{13.59999pt}.
(fancyhdr)                You might also make \topmargin smaller:
(fancyhdr)                \addtolength{\topmargin}{-1.59999pt}.

[125]

LaTeX Warning: Reference `ch:frustrated' on page 126 undefined on input line 47
7.


LaTeX Warning: Reference `ch:frustrated' on page 126 undefined on input line 48
5.


LaTeX Warning: Reference `ch:high_coord' on page 126 undefined on input line 48
7.


LaTeX Warning: Reference `ch:frustrated' on page 126 undefined on input line 49
9.


LaTeX Warning: Reference `ch:high_coord' on page 126 undefined on input line 50
1.


LaTeX Warning: Reference `ch:frustrated' on page 126 undefined on input line 50
8.


LaTeX Warning: Reference `ch:frustrated' on page 126 undefined on input line 51
1.


LaTeX Warning: Reference `ch:M6' on page 126 undefined on input line 513.

) (./chapters/ch14_coordination_frustration.tex


Package fancyhdr Warning: \headheight is too small (12.0pt): 
(fancyhdr)                Make it at least 13.59999pt, for example:
(fancyhdr)                \setlength{\headheight}{13.59999pt}.
(fancyhdr)                You might also make \topmargin smaller:
(fancyhdr)                \addtolength{\topmargin}{-1.59999pt}.

[126]
Chapter 14.

LaTeX Warning: Reference `ch:barrier_release' on page 127 undefined on input li
ne 21.


LaTeX Warning: Reference `ch:barrier_release' on page 127 undefined on input li
ne 36.


LaTeX Warning: Reference `ch:M6' on page 127 undefined on input line 37.


LaTeX Warning: Reference `ch:M6' on page 127 undefined on input line 42.


LaTeX Warning: Reference `ch:barrier_release' on page 127 undefined on input li
ne 42.


LaTeX Warning: Reference `ch:high_coord' on page 127 undefined on input line 43
.


LaTeX Warning: Reference `ch:barrier_release' on page 127 undefined on input li
ne 50.


LaTeX Warning: Reference `ch:barrier_release' on page 127 undefined on input li
ne 52.


LaTeX Warning: Reference `sec:gn:residual' on page 127 undefined on input line 
64.


Underfull \vbox (badness 2277) has occurred while \output is active []



[127

]

LaTeX Warning: Reference `ch:deuterium' on page 128 undefined on input line 76.



LaTeX Warning: Reference `ch:M6' on page 128 undefined on input line 79.


Package hyperref Warning: Token not allowed in a PDF string (Unicode):
(hyperref)                removing `math shift' on input line 90.


Package hyperref Warning: Token not allowed in a PDF string (Unicode):
(hyperref)                removing `math shift' on input line 90.




Package fancyhdr Warning: \headheight is too small (12.0pt): 
(fancyhdr)                Make it at least 13.59999pt, for example:
(fancyhdr)                \setlength{\headheight}{13.59999pt}.
(fancyhdr)                You might also make \topmargin smaller:
(fancyhdr)                \addtolength{\topmargin}{-1.59999pt}.

[128]

Package hyperref Warning: Token not allowed in a PDF string (Unicode):
(hyperref)                removing `math shift' on input line 134.


Package hyperref Warning: Token not allowed in a PDF string (Unicode):
(hyperref)                removing `superscript' on input line 134.


Package hyperref Warning: Token not allowed in a PDF string (Unicode):
(hyperref)                removing `\times' on input line 134.


Package hyperref Warning: Token not allowed in a PDF string (Unicode):
(hyperref)                removing `superscript' on input line 134.


Package hyperref Warning: Token not allowed in a PDF string (Unicode):
(hyperref)                removing `math shift' on input line 134.


LaTeX Warning: Reference `tab:f:allowed' on page 129 undefined on input line 15
8.




Package fancyhdr Warning: \headheight is too small (12.0pt): 
(fancyhdr)                Make it at least 13.60925pt, for example:
(fancyhdr)                \setlength{\headheight}{13.60925pt}.
(fancyhdr)                You might also make \topmargin smaller:
(fancyhdr)                \addtolength{\topmargin}{-1.60925pt}.

[129]

LaTeX Warning: Reference `ch:high_coord' on page 130 undefined on input line 19
9.


Package hyperref Warning: Token not allowed in a PDF string (Unicode):
(hyperref)                removing `math shift' on input line 223.


Package hyperref Warning: Token not allowed in a PDF string (Unicode):
(hyperref)                removing `math shift' on input line 223.


LaTeX Warning: Reference `tab:f:examples' on page 130 undefined on input line 2
53.


LaTeX Warning: `h' float specifier changed to `ht'.


Package hyperref Warning: Token not allowed in a PDF string (Unicode):
(hyperref)                removing `math shift' on input line 277.


Package hyperref Warning: Token not allowed in a PDF string (Unicode):
(hyperref)                removing `\Delta' on input line 277.


Package hyperref Warning: Token not allowed in a PDF string (Unicode):
(hyperref)                removing `\approx' on input line 277.


Package hyperref Warning: Token not allowed in a PDF string (Unicode):
(hyperref)                removing `\times' on input line 277.


Package hyperref Warning: Token not allowed in a PDF string (Unicode):
(hyperref)                removing `math shift' on input line 277.




Package fancyhdr Warning: \headheight is too small (12.0pt): 
(fancyhdr)                Make it at least 13.59999pt, for example:
(fancyhdr)                \setlength{\headheight}{13.59999pt}.
(fancyhdr)                You might also make \topmargin smaller:
(fancyhdr)                \addtolength{\topmargin}{-1.59999pt}.

[130]

Package hyperref Warning: Token not allowed in a PDF string (Unicode):
(hyperref)                removing `math shift' on input line 301.


Package hyperref Warning: Token not allowed in a PDF string (Unicode):
(hyperref)                removing `math shift' on input line 301.




Package fancyhdr Warning: \headheight is too small (12.0pt): 
(fancyhdr)                Make it at least 13.59999pt, for example:
(fancyhdr)                \setlength{\headheight}{13.59999pt}.
(fancyhdr)                You might also make \topmargin smaller:
(fancyhdr)                \addtolength{\topmargin}{-1.59999pt}.

[131]

LaTeX Warning: `h' float specifier changed to `ht'.


LaTeX Warning: Reference `tab:f:allowed' on page 132 undefined on input line 41
2.


LaTeX Warning: Reference `sec:frustrated:allowed' on page 132 undefined on inpu
t line 412.


LaTeX Warning: Reference `tab:f:examples' on page 132 undefined on input line 4
16.


LaTeX Warning: Reference `sec:frustrated:dn' on page 132 undefined on input lin
e 416.


LaTeX Warning: Reference `ch:frustrated' on page 132 undefined on input line 42
2.


LaTeX Warning: `h' float specifier changed to `ht'.


LaTeX Warning: Reference `ch:high_coord' on page 132 undefined on input line 44
2.


LaTeX Warning: Reference `ch:high_coord' on page 132 undefined on input line 44
6.




Package fancyhdr Warning: \headheight is too small (12.0pt): 
(fancyhdr)                Make it at least 13.59999pt, for example:
(fancyhdr)                \setlength{\headheight}{13.59999pt}.
(fancyhdr)                You might also make \topmargin smaller:
(fancyhdr)                \addtolength{\topmargin}{-1.59999pt}.

[132]

LaTeX Warning: Reference `tab:f:epistemic' on page 133 undefined on input line 
467.




LaTeX Warning: Reference `ch:high_coord' on page 133 undefined on input line 50
6.


Package fancyhdr Warning: \headheight is too small (12.0pt): 
(fancyhdr)                Make it at least 13.59999pt, for example:
(fancyhdr)                \setlength{\headheight}{13.59999pt}.
(fancyhdr)                You might also make \topmargin smaller:
(fancyhdr)                \addtolength{\topmargin}{-1.59999pt}.

[133]

LaTeX Warning: Reference `ch:high_coord' on page 134 undefined on input line 54
6.


Underfull \vbox (badness 10000) has occurred while \output is active []




Package fancyhdr Warning: \headheight is too small (12.0pt): 
(fancyhdr)                Make it at least 13.59999pt, for example:
(fancyhdr)                \setlength{\headheight}{13.59999pt}.
(fancyhdr)                You might also make \topmargin smaller:
(fancyhdr)                \addtolength{\topmargin}{-1.59999pt}.

[134]

LaTeX Warning: Reference `ch:high_coord' on page 135 undefined on input line 55
5.


LaTeX Warning: Reference `ch:barrier_release' on page 135 undefined on input li
ne 564.


LaTeX Warning: Reference `ch:high_coord' on page 135 undefined on input line 56
8.


LaTeX Warning: Reference `ch:high_coord' on page 135 undefined on input line 57
5.


LaTeX Warning: Reference `ch:high_coord' on page 135 undefined on input line 57
5.

) (./chapters/ch15_superheavy.tex


Package fancyhdr Warning: \headheight is too small (12.0pt): 
(fancyhdr)                Make it at least 13.59999pt, for example:
(fancyhdr)                \setlength{\headheight}{13.59999pt}.
(fancyhdr)                You might also make \topmargin smaller:
(fancyhdr)                \addtolength{\topmargin}{-1.59999pt}.

[135]


Package fancyhdr Warning: \headheight is too small (12.0pt): 
(fancyhdr)                Make it at least 13.59999pt, for example:
(fancyhdr)                \setlength{\headheight}{13.59999pt}.
(fancyhdr)                You might also make \topmargin smaller:
(fancyhdr)                \addtolength{\topmargin}{-1.59999pt}.

[136

]
Chapter 15.

LaTeX Warning: Reference `ch:frustrated' on page 137 undefined on input line 21
.


LaTeX Warning: Reference `ch:barrier_release' on page 137 undefined on input li
ne 24.


LaTeX Warning: Reference `ch:barrier_release' on page 137 undefined on input li
ne 37.


LaTeX Warning: Reference `ch:frustrated' on page 137 undefined on input line 38
.


LaTeX Warning: Reference `ch:frustrated' on page 137 undefined on input line 42
.


LaTeX Warning: Reference `ch:barrier_release' on page 137 undefined on input li
ne 42.


LaTeX Warning: Reference `ch:unified' on page 137 undefined on input line 43.


LaTeX Warning: Reference `ch:barrier_release' on page 137 undefined on input li
ne 52.


LaTeX Warning: Reference `ch:frustrated' on page 137 undefined on input line 66
.


LaTeX Warning: Reference `eq:sh:baseline' on page 137 undefined on input line 7
6.


LaTeX Warning: Reference `eq:sh:correction' on page 137 undefined on input line
 76.



[137]

Package hyperref Warning: Token not allowed in a PDF string (Unicode):
(hyperref)                removing `math shift' on input line 101.


Package hyperref Warning: Token not allowed in a PDF string (Unicode):
(hyperref)                removing `math shift' on input line 101.


LaTeX Warning: Reference `ch:frustrated' on page 138 undefined on input line 10
4.




Package fancyhdr Warning: \headheight is too small (12.0pt): 
(fancyhdr)                Make it at least 13.59999pt, for example:
(fancyhdr)                \setlength{\headheight}{13.59999pt}.
(fancyhdr)                You might also make \topmargin smaller:
(fancyhdr)                \addtolength{\topmargin}{-1.59999pt}.

[138]

LaTeX Warning: Reference `tab:sh:predictions' on page 139 undefined on input li
ne 195.

LaTeX Font Info:    External font `lmex10' loaded for size
(Font)              <9> on input line 225.



Package fancyhdr Warning: \headheight is too small (12.0pt): 
(fancyhdr)                Make it at least 13.59999pt, for example:
(fancyhdr)                \setlength{\headheight}{13.59999pt}.
(fancyhdr)                You might also make \topmargin smaller:
(fancyhdr)                \addtolength{\topmargin}{-1.59999pt}.

[139]

LaTeX Warning: Reference `tab:sh:performance' on page 140 undefined on input li
ne 251.


LaTeX Warning: Reference `tab:sh:performance' on page 140 undefined on input li
ne 291.


LaTeX Warning: Reference `sec:q:gn' on page 140 undefined on input line 293.


LaTeX Warning: Reference `sec:q:prefactor' on page 140 undefined on input line 
294.


LaTeX Warning: Reference `sec:q:g' on page 140 undefined on input line 295.


LaTeX Warning: Reference `sec:q:benchmark' on page 140 undefined on input line 
296.




Package fancyhdr Warning: \headheight is too small (12.0pt): 
(fancyhdr)                Make it at least 13.59999pt, for example:
(fancyhdr)                \setlength{\headheight}{13.59999pt}.
(fancyhdr)                You might also make \topmargin smaller:
(fancyhdr)                \addtolength{\topmargin}{-1.59999pt}.

[140]

LaTeX Warning: Reference `ch:light_clusters' on page 141 undefined on input lin
e 339.


LaTeX Warning: Reference `ch:unified' on page 141 undefined on input line 344.




Package fancyhdr Warning: \headheight is too small (12.0pt): 
(fancyhdr)                Make it at least 13.59999pt, for example:
(fancyhdr)                \setlength{\headheight}{13.59999pt}.
(fancyhdr)                You might also make \topmargin smaller:
(fancyhdr)                \addtolength{\topmargin}{-1.59999pt}.

[141]
Underfull \hbox (badness 1715) in paragraph at lines 432--435
[]\T1/lmr/m/n/10.95 What the ob-server records: the frustration-corrected pre-d
ic-tions for high-
 []




Package fancyhdr Warning: \headheight is too small (12.0pt): 
(fancyhdr)                Make it at least 13.59999pt, for example:
(fancyhdr)                \setlength{\headheight}{13.59999pt}.
(fancyhdr)                You might also make \topmargin smaller:
(fancyhdr)                \addtolength{\topmargin}{-1.59999pt}.

[142]

LaTeX Warning: Reference `ch:unified' on page 143 undefined on input line 464.


LaTeX Warning: Reference `ch:repro' on page 143 undefined on input line 465.


Underfull \vbox (badness 4752) has occurred while \output is active []




Package fancyhdr Warning: \headheight is too small (12.0pt): 
(fancyhdr)                Make it at least 13.59999pt, for example:
(fancyhdr)                \setlength{\headheight}{13.59999pt}.
(fancyhdr)                You might also make \topmargin smaller:
(fancyhdr)                \addtolength{\topmargin}{-1.59999pt}.

[143]

LaTeX Warning: Reference `ch:barrier_release' on page 144 undefined on input li
ne 487.


LaTeX Warning: Reference `ch:frustrated' on page 144 undefined on input line 48
9.


LaTeX Warning: Reference `ch:unified' on page 144 undefined on input line 500.


LaTeX Warning: Reference `ch:unified' on page 144 undefined on input line 501.

)


Package fancyhdr Warning: \headheight is too small (12.0pt): 
(fancyhdr)                Make it at least 13.59999pt, for example:
(fancyhdr)                \setlength{\headheight}{13.59999pt}.
(fancyhdr)                You might also make \topmargin smaller:
(fancyhdr)                \addtolength{\topmargin}{-1.59999pt}.

[144]

[145

]

[146] (./chapters/ch16_unified_picture.tex
Chapter 16.

LaTeX Warning: Reference `ch:high_coord' on page 147 undefined on input line 35
.


LaTeX Warning: Reference `ch:repro' on page 147 undefined on input line 39.


LaTeX Warning: Reference `tab:unified:glossary' on page 147 undefined on input 
line 47.


LaTeX Warning: Reference `ch:helium4' on page 147 undefined on input line 66.


LaTeX Warning: Reference `ch:M6' on page 147 undefined on input line 69.


LaTeX Warning: Reference `ch:frustrated' on page 147 undefined on input line 71
.


LaTeX Warning: Reference `ch:frustrated' on page 147 undefined on input line 74
.


LaTeX Warning: Reference `ch:frustrated' on page 147 undefined on input line 77
.


LaTeX Warning: Reference `ch:barrier_release' on page 147 undefined on input li
ne 80.


LaTeX Warning: Reference `ch:high_coord' on page 147 undefined on input line 83
.


LaTeX Warning: `h' float specifier changed to `ht'.


LaTeX Warning: Reference `tab:unified:tree' on page 147 undefined on input line
 105.


Underfull \hbox (badness 10000) in paragraph at lines 118--118
[]|\T1/lmr/m/n/10 Z$[]$ an-chor junc-tion
 []


Underfull \hbox (badness 10000) in paragraph at lines 124--124
[]|\T1/lmr/m/n/10 Instanton: $\OML/lmm/m/it/10 ^^\ \OT1/lmr/m/n/10 =
 []


LaTeX Warning: Reference `ch:instanton' on page 147 undefined on input line 125
.


LaTeX Warning: Reference `ch:kappa' on page 147 undefined on input line 127.


LaTeX Warning: Reference `ch:L0delta' on page 147 undefined on input line 129.


LaTeX Warning: Reference `ch:tau_n' on page 147 undefined on input line 131.


LaTeX Warning: Reference `ch:sigma_to_K' on page 147 undefined on input line 13
3.


Underfull \hbox (badness 10000) in paragraph at lines 134--134
[]|$\OML/lmm/m/it/10 B[] \OT1/lmr/m/n/10 = \OML/lmm/m/it/10 N[]K$\T1/lmr/m/n/10
 ;
 []


LaTeX Warning: Reference `ch:deuterium' on page 147 undefined on input line 135
.


Underfull \hbox (badness 3758) in paragraph at lines 136--136
[]|\T1/lmr/m/n/10 Closed-4 bud-get: 4
 []


LaTeX Warning: Reference `ch:helium4' on page 147 undefined on input line 137.


Underfull \hbox (badness 10000) in paragraph at lines 138--138
[]|\T1/lmr/m/n/10 Closure def-i-ni-
 []


LaTeX Warning: Reference `ch:helium4' on page 147 undefined on input line 139.


LaTeX Warning: Reference `ch:light_clusters' on page 147 undefined on input lin
e 141.


LaTeX Warning: Reference `ch:barrier_release' on page 147 undefined on input li
ne 143.


Underfull \hbox (badness 10000) in paragraph at lines 144--144
[]|\T1/lmr/m/n/10 Allowed set
 []


LaTeX Warning: Reference `ch:frustrated' on page 147 undefined on input line 14
5.


LaTeX Warning: Reference `ch:frustrated' on page 147 undefined on input line 14
7.


LaTeX Warning: Reference `ch:frustrated' on page 147 undefined on input line 14
9.


LaTeX Warning: Reference `ch:high_coord' on page 147 undefined on input line 15
1.



[147

]

LaTeX Warning: Reference `ch:instanton' on page 148 undefined on input line 181
.


LaTeX Warning: Reference `ch:tau_n' on page 148 undefined on input line 181.




Package fancyhdr Warning: \headheight is too small (12.0pt): 
(fancyhdr)                Make it at least 13.59999pt, for example:
(fancyhdr)                \setlength{\headheight}{13.59999pt}.
(fancyhdr)                You might also make \topmargin smaller:
(fancyhdr)                \addtolength{\topmargin}{-1.59999pt}.

[148]


Package fancyhdr Warning: \headheight is too small (12.0pt): 
(fancyhdr)                Make it at least 13.59999pt, for example:
(fancyhdr)                \setlength{\headheight}{13.59999pt}.
(fancyhdr)                You might also make \topmargin smaller:
(fancyhdr)                \addtolength{\topmargin}{-1.59999pt}.

[149]

LaTeX Warning: Reference `ch:deuterium' on page 150 undefined on input line 191
.


LaTeX Warning: Reference `ch:light_clusters' on page 150 undefined on input lin
e 191.


Overfull \hbox (21.67307pt too wide) in paragraph at lines 195--197
[]$\OML/lmm/m/it/10.95 A \OT1/lmr/m/n/10.95 = 4$\T1/lmr/m/n/10.95 : Four-term b
ud-get (lo-cal-iza-tion + pin-ning + sur-face + clo-sure) [Der]+[P]+[OPEN] 
 []


LaTeX Warning: Reference `ch:barrier_release' on page 150 undefined on input li
ne 201.


LaTeX Warning: Reference `ch:high_coord' on page 150 undefined on input line 20
1.


LaTeX Warning: Reference `tab:unified:epistemic' on page 150 undefined on input
 line 215.




Package fancyhdr Warning: \headheight is too small (12.0pt): 
(fancyhdr)                Make it at least 13.59999pt, for example:
(fancyhdr)                \setlength{\headheight}{13.59999pt}.
(fancyhdr)                You might also make \topmargin smaller:
(fancyhdr)                \addtolength{\topmargin}{-1.59999pt}.

[150]


Package fancyhdr Warning: \headheight is too small (12.0pt): 
(fancyhdr)                Make it at least 13.59999pt, for example:
(fancyhdr)                \setlength{\headheight}{13.59999pt}.
(fancyhdr)                You might also make \topmargin smaller:
(fancyhdr)                \addtolength{\topmargin}{-1.59999pt}.

[151]

LaTeX Warning: Reference `ch:L0delta' on page 152 undefined on input line 339.


LaTeX Warning: Reference `ch:frustrated' on page 152 undefined on input line 34
3.


LaTeX Warning: Reference `ch:instanton' on page 152 undefined on input line 350
.


LaTeX Warning: Reference `ch:tau_n' on page 152 undefined on input line 352.


LaTeX Warning: Reference `ch:deuterium' on page 152 undefined on input line 359
.


LaTeX Warning: Reference `ch:helium4' on page 152 undefined on input line 361.


LaTeX Warning: Reference `ch:light_clusters' on page 152 undefined on input lin
e 363.


LaTeX Warning: Reference `ch:frustrated' on page 152 undefined on input line 37
0.


LaTeX Warning: Reference `ch:high_coord' on page 152 undefined on input line 37
2.


LaTeX Warning: Reference `ch:high_coord' on page 152 undefined on input line 37
4.


Underfull \vbox (badness 4467) has occurred while \output is active []




Package fancyhdr Warning: \headheight is too small (12.0pt): 
(fancyhdr)                Make it at least 13.59999pt, for example:
(fancyhdr)                \setlength{\headheight}{13.59999pt}.
(fancyhdr)                You might also make \topmargin smaller:
(fancyhdr)                \addtolength{\topmargin}{-1.59999pt}.

[152]

LaTeX Warning: Reference `tab:unified:path' on page 153 undefined on input line
 390.


LaTeX Warning: Reference `ch:tau_n' on page 153 undefined on input line 403.


LaTeX Warning: Reference `ch:deuterium' on page 153 undefined on input line 404
.


LaTeX Warning: Reference `ch:helium4' on page 153 undefined on input line 404.


LaTeX Warning: Reference `ch:high_coord' on page 153 undefined on input line 40
5.


LaTeX Warning: Reference `ch:unified' on page 153 undefined on input line 406.


LaTeX Warning: Reference `ch:instanton' on page 153 undefined on input line 409
.


LaTeX Warning: Reference `ch:tau_n' on page 153 undefined on input line 409.


LaTeX Warning: Reference `ch:deuterium' on page 153 undefined on input line 410
.


LaTeX Warning: Reference `ch:light_clusters' on page 153 undefined on input lin
e 410.


LaTeX Warning: Reference `ch:barrier_release' on page 153 undefined on input li
ne 411.


LaTeX Warning: Reference `ch:high_coord' on page 153 undefined on input line 41
1.


LaTeX Warning: Reference `ch:unified' on page 153 undefined on input line 412.


LaTeX Warning: Reference `ch:repro' on page 153 undefined on input line 415.


LaTeX Warning: `h' float specifier changed to `ht'.




Package fancyhdr Warning: \headheight is too small (12.0pt): 
(fancyhdr)                Make it at least 13.59999pt, for example:
(fancyhdr)                \setlength{\headheight}{13.59999pt}.
(fancyhdr)                You might also make \topmargin smaller:
(fancyhdr)                \addtolength{\topmargin}{-1.59999pt}.

[153]

LaTeX Warning: Reference `tab:unified:tree' on page 154 undefined on input line
 452.


LaTeX Warning: Reference `tab:unified:epistemic' on page 154 undefined on input
 line 454.


LaTeX Warning: Reference `ch:repro' on page 154 undefined on input line 464.


LaTeX Warning: Reference `ch:repro' on page 154 undefined on input line 485.


LaTeX Warning: Reference `ch:repro' on page 154 undefined on input line 486.




Package fancyhdr Warning: \headheight is too small (12.0pt): 
(fancyhdr)                Make it at least 13.59999pt, for example:
(fancyhdr)                \setlength{\headheight}{13.59999pt}.
(fancyhdr)                You might also make \topmargin smaller:
(fancyhdr)                \addtolength{\topmargin}{-1.59999pt}.

[154]) (./chapters/ch17_reproducibility.tex


Package fancyhdr Warning: \headheight is too small (12.0pt): 
(fancyhdr)                Make it at least 13.59999pt, for example:
(fancyhdr)                \setlength{\headheight}{13.59999pt}.
(fancyhdr)                You might also make \topmargin smaller:
(fancyhdr)                \addtolength{\topmargin}{-1.59999pt}.

[155]


Package fancyhdr Warning: \headheight is too small (12.0pt): 
(fancyhdr)                Make it at least 13.59999pt, for example:
(fancyhdr)                \setlength{\headheight}{13.59999pt}.
(fancyhdr)                You might also make \topmargin smaller:
(fancyhdr)                \addtolength{\topmargin}{-1.59999pt}.

[156

]
Chapter 17.

LaTeX Warning: Reference `app:quarantine' on page 157 undefined on input line 1
2.


LaTeX Warning: Reference `ch:high_coord' on page 157 undefined on input line 21
.


LaTeX Warning: Reference `ch:unified' on page 157 undefined on input line 25.


LaTeX Warning: Reference `tab:repro:artifacts' on page 157 undefined on input l
ine 74.



[157]

LaTeX Warning: Reference `tab:repro:layerAB' on page 158 undefined on input lin
e 106.


LaTeX Warning: Reference `ch:kappa' on page 158 undefined on input line 117.


LaTeX Warning: Reference `ch:L0delta' on page 158 undefined on input line 118.


LaTeX Warning: Reference `ch:barrier_release' on page 158 undefined on input li
ne 120.


LaTeX Warning: Reference `sec:q:prefactor' on page 158 undefined on input line 
122.


LaTeX Warning: Reference `sec:q:g' on page 158 undefined on input line 123.


LaTeX Warning: Reference `sec:q:gn' on page 158 undefined on input line 124.


LaTeX Warning: Reference `app:quarantine' on page 158 undefined on input line 1
44.




Package fancyhdr Warning: \headheight is too small (12.0pt): 
(fancyhdr)                Make it at least 13.59999pt, for example:
(fancyhdr)                \setlength{\headheight}{13.59999pt}.
(fancyhdr)                You might also make \topmargin smaller:
(fancyhdr)                \addtolength{\topmargin}{-1.59999pt}.

[158]

LaTeX Warning: Reference `ch:kappa' on page 159 undefined on input line 164.


LaTeX Warning: Reference `ch:L0delta' on page 159 undefined on input line 165.




Package fancyhdr Warning: \headheight is too small (12.0pt): 
(fancyhdr)                Make it at least 13.59999pt, for example:
(fancyhdr)                \setlength{\headheight}{13.59999pt}.
(fancyhdr)                You might also make \topmargin smaller:
(fancyhdr)                \addtolength{\topmargin}{-1.59999pt}.

[159]

LaTeX Warning: Reference `sec:q:gn' on page 160 undefined on input line 230.


LaTeX Warning: Reference `sec:q:prefactor' on page 160 undefined on input line 
231.


LaTeX Warning: Reference `sec:q:g' on page 160 undefined on input line 232.


LaTeX Warning: Reference `sec:q:benchmark' on page 160 undefined on input line 
233.




Package fancyhdr Warning: \headheight is too small (12.0pt): 
(fancyhdr)                Make it at least 13.59999pt, for example:
(fancyhdr)                \setlength{\headheight}{13.59999pt}.
(fancyhdr)                You might also make \topmargin smaller:
(fancyhdr)                \addtolength{\topmargin}{-1.59999pt}.

[160]

LaTeX Warning: Reference `app:analogies' on page 161 undefined on input line 27
9.


LaTeX Warning: Reference `app:tables' on page 161 undefined on input line 336.




Package fancyhdr Warning: \headheight is too small (12.0pt): 
(fancyhdr)                Make it at least 13.59999pt, for example:
(fancyhdr)                \setlength{\headheight}{13.59999pt}.
(fancyhdr)                You might also make \topmargin smaller:
(fancyhdr)                \addtolength{\topmargin}{-1.59999pt}.

[161]

LaTeX Warning: Reference `app:quarantine' on page 162 undefined on input line 3
73.




Package fancyhdr Warning: \headheight is too small (12.0pt): 
(fancyhdr)                Make it at least 13.59999pt, for example:
(fancyhdr)                \setlength{\headheight}{13.59999pt}.
(fancyhdr)                You might also make \topmargin smaller:
(fancyhdr)                \addtolength{\topmargin}{-1.59999pt}.

[162])


Package fancyhdr Warning: \headheight is too small (12.0pt): 
(fancyhdr)                Make it at least 13.59999pt, for example:
(fancyhdr)                \setlength{\headheight}{13.59999pt}.
(fancyhdr)                You might also make \topmargin smaller:
(fancyhdr)                \addtolength{\topmargin}{-1.59999pt}.

[163]


Package fancyhdr Warning: \headheight is too small (12.0pt): 
(fancyhdr)                Make it at least 13.59999pt, for example:
(fancyhdr)                \setlength{\headheight}{13.59999pt}.
(fancyhdr)                You might also make \topmargin smaller:
(fancyhdr)                \addtolength{\topmargin}{-1.59999pt}.

[164

] (./appendices/app_Nbonds_local_optimality.tex

Package hyperref Warning: Token not allowed in a PDF string (Unicode):
(hyperref)                removing `math shift' on input line 10.


Package hyperref Warning: Token not allowed in a PDF string (Unicode):
(hyperref)                removing `subscript' on input line 10.


Package hyperref Warning: Token not allowed in a PDF string (Unicode):
(hyperref)                removing `math shift' on input line 10.


LaTeX Warning: Reference `ch:sigma_to_K' on page 165 undefined on input line 19
.



[165

]

LaTeX Warning: Reference `ch:sigma_to_K' on page 166 undefined on input line 86
.


LaTeX Warning: Command \textdegree invalid in math mode on input line 148.


LaTeX Warning: Command \textdegree invalid in math mode on input line 148.


LaTeX Warning: Command \textdegree invalid in math mode on input line 148.


LaTeX Warning: Command \textdegree invalid in math mode on input line 148.


LaTeX Warning: Command \textdegree invalid in math mode on input line 148.


LaTeX Warning: Command \textdegree invalid in math mode on input line 148.


LaTeX Warning: Command \textdegree invalid in math mode on input line 150.


LaTeX Warning: Command \textdegree invalid in math mode on input line 150.


LaTeX Warning: Command \textdegree invalid in math mode on input line 150.


LaTeX Warning: Command \textdegree invalid in math mode on input line 150.


LaTeX Warning: Command \textdegree invalid in math mode on input line 150.


LaTeX Warning: Command \textdegree invalid in math mode on input line 150.


LaTeX Warning: Command \textdegree invalid in math mode on input line 157.


LaTeX Warning: Command \textdegree invalid in math mode on input line 157.




Package fancyhdr Warning: \headheight is too small (12.0pt): 
(fancyhdr)                Make it at least 13.59999pt, for example:
(fancyhdr)                \setlength{\headheight}{13.59999pt}.
(fancyhdr)                You might also make \topmargin smaller:
(fancyhdr)                \addtolength{\topmargin}{-1.59999pt}.

[166]

LaTeX Warning: Command \textdegree invalid in math mode on input line 160.


LaTeX Warning: Command \textdegree invalid in math mode on input line 160.


LaTeX Warning: Reference `lem:upper_bound' on page 167 undefined on input line 
195.


LaTeX Warning: Reference `lem:saturation' on page 167 undefined on input line 1
96.


LaTeX Warning: Reference `eq:Bd_model' on page 167 undefined on input line 198.



LaTeX Warning: Reference `ch:deuterium' on page 167 undefined on input line 198
.


LaTeX Warning: Reference `ch:sigma_to_K' on page 167 undefined on input line 20
2.




Package fancyhdr Warning: \headheight is too small (12.0pt): 
(fancyhdr)                Make it at least 13.59999pt, for example:
(fancyhdr)                \setlength{\headheight}{13.59999pt}.
(fancyhdr)                You might also make \topmargin smaller:
(fancyhdr)                \addtolength{\topmargin}{-1.59999pt}.

[167]

LaTeX Warning: Reference `lem:upper_bound' on page 168 undefined on input line 
238.

) (./appendices/app_Vq_chosen_path.tex


Package fancyhdr Warning: \headheight is too small (12.0pt): 
(fancyhdr)                Make it at least 13.59999pt, for example:
(fancyhdr)                \setlength{\headheight}{13.59999pt}.
(fancyhdr)                You might also make \topmargin smaller:
(fancyhdr)                \addtolength{\topmargin}{-1.59999pt}.

[168]

LaTeX Warning: Reference `ch:instanton' on page 169 undefined on input line 44.




[169

]


Package fancyhdr Warning: \headheight is too small (12.0pt): 
(fancyhdr)                Make it at least 13.59999pt, for example:
(fancyhdr)                \setlength{\headheight}{13.59999pt}.
(fancyhdr)                You might also make \topmargin smaller:
(fancyhdr)                \addtolength{\topmargin}{-1.59999pt}.

[170]

LaTeX Warning: Reference `eq:Ltot_inplane' on page 171 undefined on input line 
158.




Package fancyhdr Warning: \headheight is too small (12.0pt): 
(fancyhdr)                Make it at least 13.59999pt, for example:
(fancyhdr)                \setlength{\headheight}{13.59999pt}.
(fancyhdr)                You might also make \topmargin smaller:
(fancyhdr)                \addtolength{\topmargin}{-1.59999pt}.

[171]


Package fancyhdr Warning: \headheight is too small (12.0pt): 
(fancyhdr)                Make it at least 13.59999pt, for example:
(fancyhdr)                \setlength{\headheight}{13.59999pt}.
(fancyhdr)                You might also make \topmargin smaller:
(fancyhdr)                \addtolength{\topmargin}{-1.59999pt}.

[172]

LaTeX Warning: Reference `eq:V_decomposition' on page 173 undefined on input li
ne 301.


LaTeX Warning: Reference `sec:vq:barrier' on page 173 undefined on input line 3
12.


LaTeX Warning: Reference `sec:metastable:barrier' on page 173 undefined on inpu
t line 318.


Package hyperref Warning: Token not allowed in a PDF string (Unicode):
(hyperref)                removing `math shift' on input line 335.


Package hyperref Warning: Token not allowed in a PDF string (Unicode):
(hyperref)                removing `subscript' on input line 335.


Package hyperref Warning: Token not allowed in a PDF string (Unicode):
(hyperref)                removing `\Delta' on input line 335.


Package hyperref Warning: Token not allowed in a PDF string (Unicode):
(hyperref)                removing `subscript' on input line 335.


Package hyperref Warning: Token not allowed in a PDF string (Unicode):
(hyperref)                removing `math shift' on input line 335.


LaTeX Warning: Reference `ch:instanton' on page 173 undefined on input line 357
.




Package fancyhdr Warning: \headheight is too small (12.0pt): 
(fancyhdr)                Make it at least 13.59999pt, for example:
(fancyhdr)                \setlength{\headheight}{13.59999pt}.
(fancyhdr)                You might also make \topmargin smaller:
(fancyhdr)                \addtolength{\topmargin}{-1.59999pt}.

[173]

LaTeX Warning: Reference `thm:steiner_min' on page 174 undefined on input line 
383.


LaTeX Warning: Reference `ch:instanton' on page 174 undefined on input line 394
.

) (./appendices/app_L0delta_model_bvp.tex


Package fancyhdr Warning: \headheight is too small (12.0pt): 
(fancyhdr)                Make it at least 13.59999pt, for example:
(fancyhdr)                \setlength{\headheight}{13.59999pt}.
(fancyhdr)                You might also make \topmargin smaller:
(fancyhdr)                \addtolength{\topmargin}{-1.59999pt}.

[174]


Package fancyhdr Warning: \headheight is too small (12.0pt): 
(fancyhdr)                Make it at least 13.59999pt, for example:
(fancyhdr)                \setlength{\headheight}{13.59999pt}.
(fancyhdr)                You might also make \topmargin smaller:
(fancyhdr)                \addtolength{\topmargin}{-1.59999pt}.

[175]


Package fancyhdr Warning: \headheight is too small (12.0pt): 
(fancyhdr)                Make it at least 13.59999pt, for example:
(fancyhdr)                \setlength{\headheight}{13.59999pt}.
(fancyhdr)                You might also make \topmargin smaller:
(fancyhdr)                \addtolength{\topmargin}{-1.59999pt}.

[176

]

Package hyperref Warning: Token not allowed in a PDF string (Unicode):
(hyperref)                removing `math shift' on input line 5.


Package hyperref Warning: Token not allowed in a PDF string (Unicode):
(hyperref)                removing `subscript' on input line 5.


Package hyperref Warning: Token not allowed in a PDF string (Unicode):
(hyperref)                removing `\delta' on input line 5.


Package hyperref Warning: Token not allowed in a PDF string (Unicode):
(hyperref)                removing `math shift' on input line 5.



[177]


Package fancyhdr Warning: \headheight is too small (12.0pt): 
(fancyhdr)                Make it at least 13.59999pt, for example:
(fancyhdr)                \setlength{\headheight}{13.59999pt}.
(fancyhdr)                You might also make \topmargin smaller:
(fancyhdr)                \addtolength{\topmargin}{-1.59999pt}.

[178]

LaTeX Warning: Reference `eq:transcendental' on page 179 undefined on input lin
e 203.


LaTeX Warning: Reference `eq:L0_delta_from_kappa' on page 179 undefined on inpu
t line 203.




Package fancyhdr Warning: \headheight is too small (12.0pt): 
(fancyhdr)                Make it at least 13.59999pt, for example:
(fancyhdr)                \setlength{\headheight}{13.59999pt}.
(fancyhdr)                You might also make \topmargin smaller:
(fancyhdr)                \addtolength{\topmargin}{-1.59999pt}.

[179]

LaTeX Warning: Reference `eq:transcendental' on page 180 undefined on input lin
e 226.


Package hyperref Warning: Token not allowed in a PDF string (Unicode):
(hyperref)                removing `math shift' on input line 258.


Package hyperref Warning: Token not allowed in a PDF string (Unicode):
(hyperref)                removing `subscript' on input line 258.


Package hyperref Warning: Token not allowed in a PDF string (Unicode):
(hyperref)                removing `math shift' on input line 258.


LaTeX Warning: Reference `ch:L0delta' on page 180 undefined on input line 265.


LaTeX Warning: Reference `ch:L0delta' on page 180 undefined on input line 274.


LaTeX Warning: Reference `ch:L0delta' on page 180 undefined on input line 276.


LaTeX Warning: Reference `ch:L0delta' on page 180 undefined on input line 278.


LaTeX Warning: Reference `sec:L0d:math' on page 180 undefined on input line 290
.




Package fancyhdr Warning: \headheight is too small (12.0pt): 
(fancyhdr)                Make it at least 13.59999pt, for example:
(fancyhdr)                \setlength{\headheight}{13.59999pt}.
(fancyhdr)                You might also make \topmargin smaller:
(fancyhdr)                \addtolength{\topmargin}{-1.59999pt}.

[180]

LaTeX Warning: Reference `ch:L0delta' on page 181 undefined on input line 335.


LaTeX Warning: Reference `ch:L0delta' on page 181 undefined on input line 339.


Overfull \hbox (45.18321pt too wide) in paragraph at lines 343--361
 [] 
 []


Package hyperref Warning: Token not allowed in a PDF string (Unicode):
(hyperref)                removing `math shift' on input line 370.


Package hyperref Warning: Token not allowed in a PDF string (Unicode):
(hyperref)                removing `math shift' on input line 370.




Package fancyhdr Warning: \headheight is too small (12.0pt): 
(fancyhdr)                Make it at least 13.59999pt, for example:
(fancyhdr)                \setlength{\headheight}{13.59999pt}.
(fancyhdr)                You might also make \topmargin smaller:
(fancyhdr)                \addtolength{\topmargin}{-1.59999pt}.

[181]

LaTeX Warning: Reference `ch:tau_n' on page 182 undefined on input line 401.

) (./appendices/appA_superheavy_code.tex
Underfull \vbox (badness 10000) has occurred while \output is active []




Package fancyhdr Warning: \headheight is too small (12.0pt): 
(fancyhdr)                Make it at least 13.59999pt, for example:
(fancyhdr)                \setlength{\headheight}{13.59999pt}.
(fancyhdr)                You might also make \topmargin smaller:
(fancyhdr)                \addtolength{\topmargin}{-1.59999pt}.

[182]


Package fancyhdr Warning: \headheight is too small (12.0pt): 
(fancyhdr)                Make it at least 13.59999pt, for example:
(fancyhdr)                \setlength{\headheight}{13.59999pt}.
(fancyhdr)                You might also make \topmargin smaller:
(fancyhdr)                \addtolength{\topmargin}{-1.59999pt}.

[183]


Package fancyhdr Warning: \headheight is too small (12.0pt): 
(fancyhdr)                Make it at least 13.59999pt, for example:
(fancyhdr)                \setlength{\headheight}{13.59999pt}.
(fancyhdr)                You might also make \topmargin smaller:
(fancyhdr)                \addtolength{\topmargin}{-1.59999pt}.

[184

]
Overfull \hbox (16.59174pt too wide) in paragraph at lines 10--13
\T1/lmr/m/n/10.95 This script com-putes closed-4 re-lease times for high-coordi
nation clus-ters us-ing the frustration-
 []

Package hyperref Info: bookmark level for unknown lstlisting defaults to 0 on i
nput line 27.
(./code/book4_highcoord_predictions.py

[185]
LaTeX Font Info:    Font shape `T1/lmtt/bx/n' in size <10> not available
(Font)              Font shape `T1/lmtt/b/n' tried instead on input line 21.

Overfull \hbox (98.31358pt too wide) in paragraph at lines 24--25
[][][][][]  
 []


Overfull \hbox (98.31358pt too wide) in paragraph at lines 26--28
[][][][][]  
 []


Overfull \hbox (98.31358pt too wide) in paragraph at lines 46--47
[][][][][]  
 []


Overfull \hbox (98.31358pt too wide) in paragraph at lines 48--50
[][][][][]  
 []


Underfull \vbox (badness 10000) has occurred while \output is active []




Package fancyhdr Warning: \headheight is too small (12.0pt): 
(fancyhdr)                Make it at least 13.59999pt, for example:
(fancyhdr)                \setlength{\headheight}{13.59999pt}.
(fancyhdr)                You might also make \topmargin smaller:
(fancyhdr)                \addtolength{\topmargin}{-1.59999pt}.

[186]
Overfull \hbox (98.31358pt too wide) in paragraph at lines 91--92
[][][][][]  
 []


Overfull \hbox (98.31358pt too wide) in paragraph at lines 93--95
[][][][][]  
 []


Underfull \vbox (badness 10000) has occurred while \output is active []




Package fancyhdr Warning: \headheight is too small (12.0pt): 
(fancyhdr)                Make it at least 13.59999pt, for example:
(fancyhdr)                \setlength{\headheight}{13.59999pt}.
(fancyhdr)                You might also make \topmargin smaller:
(fancyhdr)                \addtolength{\topmargin}{-1.59999pt}.

[187]
Underfull \vbox (badness 10000) has occurred while \output is active []




Package fancyhdr Warning: \headheight is too small (12.0pt): 
(fancyhdr)                Make it at least 13.59999pt, for example:
(fancyhdr)                \setlength{\headheight}{13.59999pt}.
(fancyhdr)                You might also make \topmargin smaller:
(fancyhdr)                \addtolength{\topmargin}{-1.59999pt}.

[188]
Overfull \hbox (98.31358pt too wide) in paragraph at lines 177--178
[][][][][]  
 []


Overfull \hbox (98.31358pt too wide) in paragraph at lines 179--181
[][][][][]  
 []


Underfull \vbox (badness 10000) has occurred while \output is active []




Package fancyhdr Warning: \headheight is too small (12.0pt): 
(fancyhdr)                Make it at least 13.59999pt, for example:
(fancyhdr)                \setlength{\headheight}{13.59999pt}.
(fancyhdr)                You might also make \topmargin smaller:
(fancyhdr)                \addtolength{\topmargin}{-1.59999pt}.

[189]
Underfull \vbox (badness 10000) has occurred while \output is active []




Package fancyhdr Warning: \headheight is too small (12.0pt): 
(fancyhdr)                Make it at least 13.59999pt, for example:
(fancyhdr)                \setlength{\headheight}{13.59999pt}.
(fancyhdr)                You might also make \topmargin smaller:
(fancyhdr)                \addtolength{\topmargin}{-1.59999pt}.

[190]
Overfull \hbox (98.31358pt too wide) in paragraph at lines 293--294
[][][][][]  
 []


Overfull \hbox (98.31358pt too wide) in paragraph at lines 295--297
[][][][][]  
 []


Underfull \vbox (badness 10000) has occurred while \output is active []




Package fancyhdr Warning: \headheight is too small (12.0pt): 
(fancyhdr)                Make it at least 13.59999pt, for example:
(fancyhdr)                \setlength{\headheight}{13.59999pt}.
(fancyhdr)                You might also make \topmargin smaller:
(fancyhdr)                \addtolength{\topmargin}{-1.59999pt}.

[191])
LaTeX Font Info:    Font shape `T1/lmtt/bx/n' in size <10.95> not available
(Font)              Font shape `T1/lmtt/b/n' tried instead on input line 42.


LaTeX Warning: Reference `ch:frustrated' on page 192 undefined on input line 54
.




Package fancyhdr Warning: \headheight is too small (12.0pt): 
(fancyhdr)                Make it at least 13.59999pt, for example:
(fancyhdr)                \setlength{\headheight}{13.59999pt}.
(fancyhdr)                You might also make \topmargin smaller:
(fancyhdr)                \addtolength{\topmargin}{-1.59999pt}.

[192]) (./appendices/appB_kramers_code.tex


Package fancyhdr Warning: \headheight is too small (12.0pt): 
(fancyhdr)                Make it at least 13.59999pt, for example:
(fancyhdr)                \setlength{\headheight}{13.59999pt}.
(fancyhdr)                You might also make \topmargin smaller:
(fancyhdr)                \addtolength{\topmargin}{-1.59999pt}.

[193]


Package fancyhdr Warning: \headheight is too small (12.0pt): 
(fancyhdr)                Make it at least 13.59999pt, for example:
(fancyhdr)                \setlength{\headheight}{13.59999pt}.
(fancyhdr)                You might also make \topmargin smaller:
(fancyhdr)                \addtolength{\topmargin}{-1.59999pt}.

[194

] (./code/book4_kramers_validation.py

[195]
Overfull \hbox (98.31358pt too wide) in paragraph at lines 27--28
[][][][][]  
 []


Overfull \hbox (98.31358pt too wide) in paragraph at lines 29--31
[][][][][]  
 []


Underfull \vbox (badness 10000) has occurred while \output is active []




Package fancyhdr Warning: \headheight is too small (12.0pt): 
(fancyhdr)                Make it at least 13.59999pt, for example:
(fancyhdr)                \setlength{\headheight}{13.59999pt}.
(fancyhdr)                You might also make \topmargin smaller:
(fancyhdr)                \addtolength{\topmargin}{-1.59999pt}.

[196]
Overfull \hbox (98.31358pt too wide) in paragraph at lines 69--70
[][][][][]  
 []


Overfull \hbox (98.31358pt too wide) in paragraph at lines 71--73
[][][][][]  
 []


Underfull \vbox (badness 10000) has occurred while \output is active []




Package fancyhdr Warning: \headheight is too small (12.0pt): 
(fancyhdr)                Make it at least 13.59999pt, for example:
(fancyhdr)                \setlength{\headheight}{13.59999pt}.
(fancyhdr)                You might also make \topmargin smaller:
(fancyhdr)                \addtolength{\topmargin}{-1.59999pt}.

[197]
Overfull \hbox (98.31358pt too wide) in paragraph at lines 136--137
[][][][][]  
 []


Overfull \hbox (98.31358pt too wide) in paragraph at lines 138--140
[][][][][]  
 []


Underfull \vbox (badness 10000) has occurred while \output is active []




Package fancyhdr Warning: \headheight is too small (12.0pt): 
(fancyhdr)                Make it at least 13.59999pt, for example:
(fancyhdr)                \setlength{\headheight}{13.59999pt}.
(fancyhdr)                You might also make \topmargin smaller:
(fancyhdr)                \addtolength{\topmargin}{-1.59999pt}.

[198]
Underfull \vbox (badness 10000) has occurred while \output is active []




Package fancyhdr Warning: \headheight is too small (12.0pt): 
(fancyhdr)                Make it at least 13.59999pt, for example:
(fancyhdr)                \setlength{\headheight}{13.59999pt}.
(fancyhdr)                You might also make \topmargin smaller:
(fancyhdr)                \addtolength{\topmargin}{-1.59999pt}.

[199]
Overfull \hbox (98.31358pt too wide) in paragraph at lines 264--265
[][][][][]  
 []


Overfull \hbox (98.31358pt too wide) in paragraph at lines 266--268
[][][][][]  
 []


Underfull \vbox (badness 10000) has occurred while \output is active []




Package fancyhdr Warning: \headheight is too small (12.0pt): 
(fancyhdr)                Make it at least 13.59999pt, for example:
(fancyhdr)                \setlength{\headheight}{13.59999pt}.
(fancyhdr)                You might also make \topmargin smaller:
(fancyhdr)                \addtolength{\topmargin}{-1.59999pt}.

[200]
Overfull \hbox (98.31358pt too wide) in paragraph at lines 313--314
[][][][][]  
 []


Overfull \hbox (98.31358pt too wide) in paragraph at lines 315--317
[][][][][]  
 []


Underfull \vbox (badness 10000) has occurred while \output is active []




Package fancyhdr Warning: \headheight is too small (12.0pt): 
(fancyhdr)                Make it at least 13.59999pt, for example:
(fancyhdr)                \setlength{\headheight}{13.59999pt}.
(fancyhdr)                You might also make \topmargin smaller:
(fancyhdr)                \addtolength{\topmargin}{-1.59999pt}.

[201]
Overfull \hbox (98.31358pt too wide) in paragraph at lines 362--363
[][][][][]  
 []


Underfull \vbox (badness 10000) has occurred while \output is active []




Package fancyhdr Warning: \headheight is too small (12.0pt): 
(fancyhdr)                Make it at least 13.59999pt, for example:
(fancyhdr)                \setlength{\headheight}{13.59999pt}.
(fancyhdr)                You might also make \topmargin smaller:
(fancyhdr)                \addtolength{\topmargin}{-1.59999pt}.

[202]
Overfull \hbox (98.31358pt too wide) in paragraph at lines 364--366
[][][][][]  
 []

)


Package fancyhdr Warning: \headheight is too small (12.0pt): 
(fancyhdr)                Make it at least 13.59999pt, for example:
(fancyhdr)                \setlength{\headheight}{13.59999pt}.
(fancyhdr)                You might also make \topmargin smaller:
(fancyhdr)                \addtolength{\topmargin}{-1.59999pt}.

[203]
Overfull \hbox (1.92903pt too wide) in paragraph at lines 53--54
[]\T1/lmr/m/n/10.95 Single BAOAB in-te-gra-tion step 
 []


Overfull \hbox (1.74773pt too wide) in paragraph at lines 55--56
[]\T1/lmr/m/n/10.95 Run en-sem-ble of es-cape tra-
 []

) (./appendices/appC_tables.tex


Package fancyhdr Warning: \headheight is too small (12.0pt): 
(fancyhdr)                Make it at least 13.59999pt, for example:
(fancyhdr)                \setlength{\headheight}{13.59999pt}.
(fancyhdr)                You might also make \topmargin smaller:
(fancyhdr)                \addtolength{\topmargin}{-1.59999pt}.

[204]

Package hyperref Warning: Token not allowed in a PDF string (Unicode):
(hyperref)                removing `math shift' on input line 9.


Package hyperref Warning: Token not allowed in a PDF string (Unicode):
(hyperref)                removing `subscript' on input line 9.


Package hyperref Warning: Token not allowed in a PDF string (Unicode):
(hyperref)                removing `math shift' on input line 9.


LaTeX Warning: Reference `ch:helium4' on page 205 undefined on input line 120.



[205

]

LaTeX Warning: Reference `app:quarantine' on page 206 undefined on input line 1
73.




Package fancyhdr Warning: \headheight is too small (12.0pt): 
(fancyhdr)                Make it at least 13.59999pt, for example:
(fancyhdr)                \setlength{\headheight}{13.59999pt}.
(fancyhdr)                You might also make \topmargin smaller:
(fancyhdr)                \addtolength{\topmargin}{-1.59999pt}.

[206]) (./appendices/app_P2_WP2_Israel_nodewell.tex


Package fancyhdr Warning: \headheight is too small (12.0pt): 
(fancyhdr)                Make it at least 13.59999pt, for example:
(fancyhdr)                \setlength{\headheight}{13.59999pt}.
(fancyhdr)                You might also make \topmargin smaller:
(fancyhdr)                \addtolength{\topmargin}{-1.59999pt}.

[207]


Package fancyhdr Warning: \headheight is too small (12.0pt): 
(fancyhdr)                Make it at least 13.59999pt, for example:
(fancyhdr)                \setlength{\headheight}{13.59999pt}.
(fancyhdr)                You might also make \topmargin smaller:
(fancyhdr)                \addtolength{\topmargin}{-1.59999pt}.

[208

]

LaTeX Warning: Reference `app:vq_chosen_path' on page 209 undefined on input li
ne 49.



[209]

LaTeX Warning: Reference `eq:israel_standard' on page 210 undefined on input li
ne 97.


LaTeX Warning: Reference `eq:israel_standard' on page 210 undefined on input li
ne 125.




Package fancyhdr Warning: \headheight is too small (12.0pt): 
(fancyhdr)                Make it at least 13.59999pt, for example:
(fancyhdr)                \setlength{\headheight}{13.59999pt}.
(fancyhdr)                You might also make \topmargin smaller:
(fancyhdr)                \addtolength{\topmargin}{-1.59999pt}.

[210]

Package hyperref Warning: Token not allowed in a PDF string (Unicode):
(hyperref)                removing `math shift' on input line 163.


Package hyperref Warning: Token not allowed in a PDF string (Unicode):
(hyperref)                removing `math shift' on input line 163.




Package fancyhdr Warning: \headheight is too small (12.0pt): 
(fancyhdr)                Make it at least 13.59999pt, for example:
(fancyhdr)                \setlength{\headheight}{13.59999pt}.
(fancyhdr)                You might also make \topmargin smaller:
(fancyhdr)                \addtolength{\topmargin}{-1.59999pt}.

[211]

LaTeX Warning: Reference `eq:israel_trace' on page 212 undefined on input line 
254.


LaTeX Warning: Reference `eq:deficit_energy' on page 212 undefined on input lin
e 263.




Package fancyhdr Warning: \headheight is too small (12.0pt): 
(fancyhdr)                Make it at least 13.59999pt, for example:
(fancyhdr)                \setlength{\headheight}{13.59999pt}.
(fancyhdr)                You might also make \topmargin smaller:
(fancyhdr)                \addtolength{\topmargin}{-1.59999pt}.

[212]

LaTeX Warning: Reference `app:vq_chosen_path' on page 213 undefined on input li
ne 284.




Package fancyhdr Warning: \headheight is too small (12.0pt): 
(fancyhdr)                Make it at least 13.59999pt, for example:
(fancyhdr)                \setlength{\headheight}{13.59999pt}.
(fancyhdr)                You might also make \topmargin smaller:
(fancyhdr)                \addtolength{\topmargin}{-1.59999pt}.

[213]

LaTeX Warning: Reference `app:vq_chosen_path' on page 214 undefined on input li
ne 355.


LaTeX Warning: Reference `sec:vq:compact' on page 214 undefined on input line 3
55.


Overfull \hbox (1.86996pt too wide) in paragraph at lines 353--358
[]\T1/lmr/bx/n/10.95 Compact-direction dis-place-ment: \T1/lmr/m/n/10.95 If the
 node moves along $\OML/lmm/m/it/10.95 ^^X$ \T1/lmr/m/n/10.95 (the compact-dire
ction
 []


LaTeX Warning: Reference `eq:israel_trace' on page 214 undefined on input line 
407.




Package fancyhdr Warning: \headheight is too small (12.0pt): 
(fancyhdr)                Make it at least 13.59999pt, for example:
(fancyhdr)                \setlength{\headheight}{13.59999pt}.
(fancyhdr)                You might also make \topmargin smaller:
(fancyhdr)                \addtolength{\topmargin}{-1.59999pt}.

[214]

LaTeX Warning: Reference `eq:israel_trace' on page 215 undefined on input line 
424.


Package hyperref Warning: Token not allowed in a PDF string (Unicode):
(hyperref)                removing `math shift' on input line 479.


Package hyperref Warning: Token not allowed in a PDF string (Unicode):
(hyperref)                removing `subscript' on input line 479.


Package hyperref Warning: Token not allowed in a PDF string (Unicode):
(hyperref)                removing `math shift' on input line 479.


Overfull \hbox (9.98271pt too wide) in paragraph at lines 486--498
 [] 
 []


Underfull \vbox (badness 2443) has occurred while \output is active []




Package fancyhdr Warning: \headheight is too small (12.0pt): 
(fancyhdr)                Make it at least 13.59999pt, for example:
(fancyhdr)                \setlength{\headheight}{13.59999pt}.
(fancyhdr)                You might also make \topmargin smaller:
(fancyhdr)                \addtolength{\topmargin}{-1.59999pt}.

[215]

LaTeX Warning: Reference `eq:deficit_zero' on page 216 undefined on input line 
524.


LaTeX Warning: Reference `eq:V_israel_arm' on page 216 undefined on input line 
530.




Package fancyhdr Warning: \headheight is too small (12.0pt): 
(fancyhdr)                Make it at least 13.59999pt, for example:
(fancyhdr)                \setlength{\headheight}{13.59999pt}.
(fancyhdr)                You might also make \topmargin smaller:
(fancyhdr)                \addtolength{\topmargin}{-1.59999pt}.

[216]


Package fancyhdr Warning: \headheight is too small (12.0pt): 
(fancyhdr)                Make it at least 13.59999pt, for example:
(fancyhdr)                \setlength{\headheight}{13.59999pt}.
(fancyhdr)                You might also make \topmargin smaller:
(fancyhdr)                \addtolength{\topmargin}{-1.59999pt}.

[217]) (./appendices/app_P2_N7_core_nodewell.tex


Package fancyhdr Warning: \headheight is too small (12.0pt): 
(fancyhdr)                Make it at least 13.59999pt, for example:
(fancyhdr)                \setlength{\headheight}{13.59999pt}.
(fancyhdr)                You might also make \topmargin smaller:
(fancyhdr)                \addtolength{\topmargin}{-1.59999pt}.

[218]

LaTeX Warning: Reference `app:vq_chosen_path' on page 219 undefined on input li
ne 25.



[219

]

LaTeX Warning: Reference `app:P2_WP2_Israel' on page 220 undefined on input lin
e 83.




Package fancyhdr Warning: \headheight is too small (12.0pt): 
(fancyhdr)                Make it at least 25.2232pt, for example:
(fancyhdr)                \setlength{\headheight}{25.2232pt}.
(fancyhdr)                You might also make \topmargin smaller:
(fancyhdr)                \addtolength{\topmargin}{-13.2232pt}.

[220]


Package fancyhdr Warning: \headheight is too small (12.0pt): 
(fancyhdr)                Make it at least 13.59999pt, for example:
(fancyhdr)                \setlength{\headheight}{13.59999pt}.
(fancyhdr)                You might also make \topmargin smaller:
(fancyhdr)                \addtolength{\topmargin}{-1.59999pt}.

[221]

LaTeX Warning: Reference `app:vq_chosen_path' on page 222 undefined on input li
ne 255.


LaTeX Warning: Reference `app:vq_chosen_path' on page 222 undefined on input li
ne 280.


LaTeX Warning: Reference `thm:steiner_min' on page 222 undefined on input line 
283.




Package fancyhdr Warning: \headheight is too small (12.0pt): 
(fancyhdr)                Make it at least 25.2232pt, for example:
(fancyhdr)                \setlength{\headheight}{25.2232pt}.
(fancyhdr)                You might also make \topmargin smaller:
(fancyhdr)                \addtolength{\topmargin}{-13.2232pt}.

[222]

LaTeX Warning: Reference `sec:P2N7:reduction' on page 223 undefined on input li
ne 356.


Package hyperref Warning: Token not allowed in a PDF string (Unicode):
(hyperref)                removing `math shift' on input line 379.


Package hyperref Warning: Token not allowed in a PDF string (Unicode):
(hyperref)                removing `math shift' on input line 379.




Package fancyhdr Warning: \headheight is too small (12.0pt): 
(fancyhdr)                Make it at least 13.59999pt, for example:
(fancyhdr)                \setlength{\headheight}{13.59999pt}.
(fancyhdr)                You might also make \topmargin smaller:
(fancyhdr)                \addtolength{\topmargin}{-1.59999pt}.

[223]

LaTeX Warning: Reference `thm:monotone_nogo' on page 224 undefined on input lin
e 423.


Overfull \hbox (2.64359pt too wide) in paragraph at lines 472--478
\T1/lmr/m/n/10.95 The Vari-ant 3 phe-nomeno-log-i-cal well (for-bid-den donor F
-N7-2) used $\OML/lmm/m/it/10.95 V[] \OT1/lmr/m/n/10.95 = \OMS/lmsy/m/n/10.95 ^
^@\OML/lmm/m/it/10.95 V[] []\OT1/lmr/m/n/10.95 (\OMS/lmsy/m/n/10.95 ^^@\OT1/lmr
/m/n/10.95 (\OML/lmm/m/it/10.95 q \OMS/lmsy/m/n/10.95 ^^@
 []




Package fancyhdr Warning: \headheight is too small (12.0pt): 
(fancyhdr)                Make it at least 25.2232pt, for example:
(fancyhdr)                \setlength{\headheight}{25.2232pt}.
(fancyhdr)                You might also make \topmargin smaller:
(fancyhdr)                \addtolength{\topmargin}{-13.2232pt}.

[224]

LaTeX Warning: Reference `thm:monotone_nogo' on page 225 undefined on input lin
e 504.




Package fancyhdr Warning: \headheight is too small (12.0pt): 
(fancyhdr)                Make it at least 13.59999pt, for example:
(fancyhdr)                \setlength{\headheight}{13.59999pt}.
(fancyhdr)                You might also make \topmargin smaller:
(fancyhdr)                \addtolength{\topmargin}{-1.59999pt}.

[225]
Overfull \hbox (79.6478pt too wide) in paragraph at lines 587--600
 [] 
 []

) (./appendices/app_P2_N2_bulk_backreaction.tex
Underfull \vbox (badness 10000) has occurred while \output is active []




Package fancyhdr Warning: \headheight is too small (12.0pt): 
(fancyhdr)                Make it at least 25.2232pt, for example:
(fancyhdr)                \setlength{\headheight}{25.2232pt}.
(fancyhdr)                You might also make \topmargin smaller:
(fancyhdr)                \addtolength{\topmargin}{-13.2232pt}.

[226]


Package fancyhdr Warning: \headheight is too small (12.0pt): 
(fancyhdr)                Make it at least 13.59999pt, for example:
(fancyhdr)                \setlength{\headheight}{13.59999pt}.
(fancyhdr)                You might also make \topmargin smaller:
(fancyhdr)                \addtolength{\topmargin}{-1.59999pt}.

[227]


Package fancyhdr Warning: \headheight is too small (12.0pt): 
(fancyhdr)                Make it at least 25.2232pt, for example:
(fancyhdr)                \setlength{\headheight}{25.2232pt}.
(fancyhdr)                You might also make \topmargin smaller:
(fancyhdr)                \addtolength{\topmargin}{-13.2232pt}.

[228

]

LaTeX Warning: Reference `app:vq_chosen_path' on page 229 undefined on input li
ne 24.



[229]


Package fancyhdr Warning: \headheight is too small (12.0pt): 
(fancyhdr)                Make it at least 25.2232pt, for example:
(fancyhdr)                \setlength{\headheight}{25.2232pt}.
(fancyhdr)                You might also make \topmargin smaller:
(fancyhdr)                \addtolength{\topmargin}{-13.2232pt}.

[230]

LaTeX Warning: Reference `eq:N2_Vbulk_perturbative' on page 231 undefined on in
put line 205.




Package fancyhdr Warning: \headheight is too small (12.0pt): 
(fancyhdr)                Make it at least 13.59999pt, for example:
(fancyhdr)                \setlength{\headheight}{13.59999pt}.
(fancyhdr)                You might also make \topmargin smaller:
(fancyhdr)                \addtolength{\topmargin}{-1.59999pt}.

[231]

LaTeX Warning: Reference `app:P2_WP2_Israel' on page 232 undefined on input lin
e 212.


LaTeX Warning: Reference `app:P2_WP2_Israel' on page 232 undefined on input lin
e 246.


LaTeX Warning: Reference `eq:N2_Vbulk_perturbative' on page 232 undefined on in
put line 253.




Package fancyhdr Warning: \headheight is too small (12.0pt): 
(fancyhdr)                Make it at least 25.2232pt, for example:
(fancyhdr)                \setlength{\headheight}{25.2232pt}.
(fancyhdr)                You might also make \topmargin smaller:
(fancyhdr)                \addtolength{\topmargin}{-13.2232pt}.

[232]

LaTeX Warning: Reference `eq:N2_Vself' on page 233 undefined on input line 298.



LaTeX Warning: Reference `eq:N2_Vself_arms' on page 233 undefined on input line
 327.


Underfull \vbox (badness 10000) has occurred while \output is active []




Package fancyhdr Warning: \headheight is too small (12.0pt): 
(fancyhdr)                Make it at least 13.59999pt, for example:
(fancyhdr)                \setlength{\headheight}{13.59999pt}.
(fancyhdr)                You might also make \topmargin smaller:
(fancyhdr)                \addtolength{\topmargin}{-1.59999pt}.

[233]

LaTeX Warning: Reference `app:P2_WP2_Israel' on page 234 undefined on input lin
e 400.


Underfull \vbox (badness 10000) has occurred while \output is active []




Package fancyhdr Warning: \headheight is too small (12.0pt): 
(fancyhdr)                Make it at least 25.2232pt, for example:
(fancyhdr)                \setlength{\headheight}{25.2232pt}.
(fancyhdr)                You might also make \topmargin smaller:
(fancyhdr)                \addtolength{\topmargin}{-13.2232pt}.

[234]
Overfull \hbox (1.66553pt too wide) detected at line 418
[][][][]\OML/lmm/m/it/10.95 V[]\OT1/lmr/m/n/10.95 (\OML/lmm/m/it/10.95 q\OT1/lm
r/m/n/10.95 ) = \OMS/lmsy/m/n/10.95 ^^@[] [] []   [][]\OML/lmm/m/it/10.95 ^^Z[]
\OT1/lmr/m/n/10.95 (\OML/lmm/m/it/10.95 s\OT1/lmr/m/n/10.95 ) \OMS/lmsy/m/n/10.
95 ^^@ \OML/lmm/m/it/10.95 ^^Z[]\OT1/lmr/m/n/10.95 (\OML/lmm/m/it/10.95 s\OT1/l
mr/m/n/10.95 )[] \OML/lmm/m/it/10.95 G[]\OT1/lmr/m/n/10.95 (\OML/lmm/m/it/10.95
 r[]\OT1/lmr/m/n/10.95 (\OML/lmm/m/it/10.95 s\OT1/lmr/m/n/10.95 )\OML/lmm/m/it/
10.95 ; r[]\OT1/lmr/m/n/10.95 (\OML/lmm/m/it/10.95 s[]\OT1/lmr/m/n/10.95 )) []\
OML/lmm/m/it/10.95 ^^Z[]\OT1/lmr/m/n/10.95 (\OML/lmm/m/it/10.95 s[]\OT1/lmr/m/n
/10.95 ) \OMS/lmsy/m/n/10.95 ^^@ \OML/lmm/m/it/10.95 ^^Z[]\OT1/lmr/m/n/10.95 (\
OML/lmm/m/it/10.95 s[]\OT1/lmr/m/n/10.95 )[] \OML/lmm/m/it/10.95 ds ds[]
 []


Package hyperref Warning: Token not allowed in a PDF string (Unicode):
(hyperref)                removing `math shift' on input line 460.


Package hyperref Warning: Token not allowed in a PDF string (Unicode):
(hyperref)                removing `\kappa' on input line 460.


Package hyperref Warning: Token not allowed in a PDF string (Unicode):
(hyperref)                removing `subscript' on input line 460.


Package hyperref Warning: Token not allowed in a PDF string (Unicode):
(hyperref)                removing `superscript' on input line 460.


Package hyperref Warning: Token not allowed in a PDF string (Unicode):
(hyperref)                removing `math shift' on input line 460.




Package fancyhdr Warning: \headheight is too small (12.0pt): 
(fancyhdr)                Make it at least 13.59999pt, for example:
(fancyhdr)                \setlength{\headheight}{13.59999pt}.
(fancyhdr)                You might also make \topmargin smaller:
(fancyhdr)                \addtolength{\topmargin}{-1.59999pt}.

[235]

Package hyperref Warning: Token not allowed in a PDF string (Unicode):
(hyperref)                removing `math shift' on input line 490.


Package hyperref Warning: Token not allowed in a PDF string (Unicode):
(hyperref)                removing `subscript' on input line 490.


Package hyperref Warning: Token not allowed in a PDF string (Unicode):
(hyperref)                removing `math shift' on input line 490.


Overfull \hbox (123.61122pt too wide) in paragraph at lines 540--556
 [] 
 []




Package fancyhdr Warning: \headheight is too small (12.0pt): 
(fancyhdr)                Make it at least 25.2232pt, for example:
(fancyhdr)                \setlength{\headheight}{25.2232pt}.
(fancyhdr)                You might also make \topmargin smaller:
(fancyhdr)                \addtolength{\topmargin}{-13.2232pt}.

[236]

Package hyperref Warning: Token not allowed in a PDF string (Unicode):
(hyperref)                removing `math shift' on input line 558.


Package hyperref Warning: Token not allowed in a PDF string (Unicode):
(hyperref)                removing `subscript' on input line 558.


Package hyperref Warning: Token not allowed in a PDF string (Unicode):
(hyperref)                removing `math shift' on input line 558.


LaTeX Warning: Reference `sec:P2N2:model' on page 237 undefined on input line 6
08.




Package fancyhdr Warning: \headheight is too small (12.0pt): 
(fancyhdr)                Make it at least 13.59999pt, for example:
(fancyhdr)                \setlength{\headheight}{13.59999pt}.
(fancyhdr)                You might also make \topmargin smaller:
(fancyhdr)                \addtolength{\topmargin}{-1.59999pt}.

[237]
Underfull \vbox (badness 10000) has occurred while \output is active []




Package fancyhdr Warning: \headheight is too small (12.0pt): 
(fancyhdr)                Make it at least 25.2232pt, for example:
(fancyhdr)                \setlength{\headheight}{25.2232pt}.
(fancyhdr)                You might also make \topmargin smaller:
(fancyhdr)                \addtolength{\topmargin}{-13.2232pt}.

[238]
Overfull \hbox (118.2642pt too wide) in paragraph at lines 694--706
 [] 
 []


Underfull \vbox (badness 10000) has occurred while \output is active []




Package fancyhdr Warning: \headheight is too small (12.0pt): 
(fancyhdr)                Make it at least 13.59999pt, for example:
(fancyhdr)                \setlength{\headheight}{13.59999pt}.
(fancyhdr)                You might also make \topmargin smaller:
(fancyhdr)                \addtolength{\topmargin}{-1.59999pt}.

[239]) (./appendices/app_P2_NMCP_provenance_test.tex
Underfull \vbox (badness 10000) has occurred while \output is active []




Package fancyhdr Warning: \headheight is too small (12.0pt): 
(fancyhdr)                Make it at least 25.2232pt, for example:
(fancyhdr)                \setlength{\headheight}{25.2232pt}.
(fancyhdr)                You might also make \topmargin smaller:
(fancyhdr)                \addtolength{\topmargin}{-13.2232pt}.

[240]


Package fancyhdr Warning: \headheight is too small (12.0pt): 
(fancyhdr)                Make it at least 13.59999pt, for example:
(fancyhdr)                \setlength{\headheight}{13.59999pt}.
(fancyhdr)                You might also make \topmargin smaller:
(fancyhdr)                \addtolength{\topmargin}{-1.59999pt}.

[241]


Package fancyhdr Warning: \headheight is too small (12.0pt): 
(fancyhdr)                Make it at least 25.2232pt, for example:
(fancyhdr)                \setlength{\headheight}{25.2232pt}.
(fancyhdr)                You might also make \topmargin smaller:
(fancyhdr)                \addtolength{\topmargin}{-13.2232pt}.

[242

]

LaTeX Warning: Reference `app:P2_N7_core' on page 243 undefined on input line 2
1.


Overfull \hbox (3.7302pt too wide) in paragraph at lines 28--34
\T1/lmr/m/n/10.95 po-si-tion $\OML/lmm/m/it/10.95 q[]$\T1/lmr/m/n/10.95 , width
 $\OML/lmm/m/it/10.95 w$\T1/lmr/m/n/10.95 , am-pli-tude $\OML/lmm/m/it/10.95 A$
\T1/lmr/m/n/10.95 ) that can pro-duce any de-sired $\OML/lmm/m/it/10.95 V[]$\T1
/lmr/m/n/10.95 . With-out provenance---
 []


LaTeX Warning: Reference `sec:NMCP:candidates' on page 243 undefined on input l
ine 38.


Overfull \hbox (0.90558pt too wide) in paragraph at lines 41--44
[]\T1/lmr/m/n/10.95 Whether non-monotonicity has prove-nance within $\OML/lmm/m
/it/10.95 S[] \OT1/lmr/m/n/10.95 + \OML/lmm/m/it/10.95 S[]$ \T1/lmr/m/n/10.95 o
r re-quires non-minimal
 []


LaTeX Warning: Reference `app:P2_N7_core' on page 243 undefined on input line 6
1.


LaTeX Warning: Reference `thm:monotone_nogo' on page 243 undefined on input lin
e 61.



[243]

LaTeX Warning: Reference `app:P2_N7_core' on page 244 undefined on input line 7
8.


LaTeX Warning: Reference `sec:P2N7:reduction' on page 244 undefined on input li
ne 78.


LaTeX Warning: Reference `eq:NMCP_sign_combined' on page 244 undefined on input
 line 118.


Package hyperref Warning: Token not allowed in a PDF string (Unicode):
(hyperref)                removing `math shift' on input line 134.


Package hyperref Warning: Token not allowed in a PDF string (Unicode):
(hyperref)                removing `subscript' on input line 134.


Package hyperref Warning: Token not allowed in a PDF string (Unicode):
(hyperref)                removing `\to' on input line 134.


Package hyperref Warning: Token not allowed in a PDF string (Unicode):
(hyperref)                removing `subscript' on input line 134.


Package hyperref Warning: Token not allowed in a PDF string (Unicode):
(hyperref)                removing `math shift' on input line 134.


LaTeX Warning: Reference `eq:NMCP_strain' on page 244 undefined on input line 1
41.




Package fancyhdr Warning: \headheight is too small (12.0pt): 
(fancyhdr)                Make it at least 25.2232pt, for example:
(fancyhdr)                \setlength{\headheight}{25.2232pt}.
(fancyhdr)                You might also make \topmargin smaller:
(fancyhdr)                \addtolength{\topmargin}{-13.2232pt}.

[244]


Package fancyhdr Warning: \headheight is too small (12.0pt): 
(fancyhdr)                Make it at least 13.59999pt, for example:
(fancyhdr)                \setlength{\headheight}{13.59999pt}.
(fancyhdr)                You might also make \topmargin smaller:
(fancyhdr)                \addtolength{\topmargin}{-1.59999pt}.

[245]

LaTeX Warning: Reference `eq:NMCP_bind_local' on page 246 undefined on input li
ne 262.


LaTeX Warning: Reference `eq:NMCP_strain_local' on page 246 undefined on input 
line 263.




Package fancyhdr Warning: \headheight is too small (12.0pt): 
(fancyhdr)                Make it at least 25.2232pt, for example:
(fancyhdr)                \setlength{\headheight}{25.2232pt}.
(fancyhdr)                You might also make \topmargin smaller:
(fancyhdr)                \addtolength{\topmargin}{-13.2232pt}.

[246]
Overfull \hbox (11.35875pt too wide) in paragraph at lines 386--392
[]\T1/lmr/bx/it/10.95 Overlap mono-tonic-ity: \T1/lmr/m/it/10.95 The bind-ing e
n-ergy den-sity at each $\OML/lmm/m/it/10.95 r[]$ \T1/lmr/m/it/10.95 sat-is-fie
s $\OMS/lmsy/m/n/10.95 E[]\OT1/lmr/m/n/10.95 (\OML/lmm/m/it/10.95 r[]; \OT1/lmr
/m/n/10.95 0) \OMS/lmsy/m/n/10.95 ^^T
 []




Package fancyhdr Warning: \headheight is too small (12.0pt): 
(fancyhdr)                Make it at least 25.2232pt, for example:
(fancyhdr)                \setlength{\headheight}{25.2232pt}.
(fancyhdr)                You might also make \topmargin smaller:
(fancyhdr)                \addtolength{\topmargin}{-13.2232pt}.

[247]

LaTeX Warning: Reference `thm:monotone_nogo' on page 248 undefined on input lin
e 441.


LaTeX Warning: Reference `thm:NMCP_general_sign' on page 248 undefined on input
 line 443.


LaTeX Warning: Reference `app:vq_chosen_path' on page 248 undefined on input li
ne 457.


LaTeX Warning: Reference `eq:boundary_points' on page 248 undefined on input li
ne 458.




Package fancyhdr Warning: \headheight is too small (12.0pt): 
(fancyhdr)                Make it at least 25.2232pt, for example:
(fancyhdr)                \setlength{\headheight}{25.2232pt}.
(fancyhdr)                You might also make \topmargin smaller:
(fancyhdr)                \addtolength{\topmargin}{-13.2232pt}.

[248]

LaTeX Warning: Reference `thm:NMCP_general_sign' on page 249 undefined on input
 line 515.


Underfull \vbox (badness 10000) has occurred while \output is active []




Package fancyhdr Warning: \headheight is too small (12.0pt): 
(fancyhdr)                Make it at least 13.59999pt, for example:
(fancyhdr)                \setlength{\headheight}{13.59999pt}.
(fancyhdr)                You might also make \topmargin smaller:
(fancyhdr)                \addtolength{\topmargin}{-1.59999pt}.

[249]
Underfull \vbox (badness 10000) has occurred while \output is active []




Package fancyhdr Warning: \headheight is too small (12.0pt): 
(fancyhdr)                Make it at least 25.2232pt, for example:
(fancyhdr)                \setlength{\headheight}{25.2232pt}.
(fancyhdr)                You might also make \topmargin smaller:
(fancyhdr)                \addtolength{\topmargin}{-13.2232pt}.

[250]
Overfull \hbox (5.30008pt too wide) in paragraph at lines 639--643
[]\T1/lmr/bx/n/10.95 Sign check: \T1/lmr/m/n/10.95 For a com-pre-hen-sive fam-i
ly of core en-ergy mod-els (Gaus-sian, Lorentzian,
 []


Overfull \hbox (12.7634pt too wide) in paragraph at lines 674--689
 [] 
 []


Overfull \hbox (29.54301pt too wide) in paragraph at lines 702--713
 [] 
 []

) (./appendices/appD_provenance.tex


Package fancyhdr Warning: \headheight is too small (12.0pt): 
(fancyhdr)                Make it at least 13.59999pt, for example:
(fancyhdr)                \setlength{\headheight}{13.59999pt}.
(fancyhdr)                You might also make \topmargin smaller:
(fancyhdr)                \addtolength{\topmargin}{-1.59999pt}.

[251]
Underfull \vbox (badness 10000) has occurred while \output is active []




Package fancyhdr Warning: \headheight is too small (12.0pt): 
(fancyhdr)                Make it at least 25.2232pt, for example:
(fancyhdr)                \setlength{\headheight}{25.2232pt}.
(fancyhdr)                You might also make \topmargin smaller:
(fancyhdr)                \addtolength{\topmargin}{-13.2232pt}.

[252]
Overfull \vbox (12.34657pt too high) has occurred while \output is active []




Package fancyhdr Warning: \headheight is too small (12.0pt): 
(fancyhdr)                Make it at least 13.59999pt, for example:
(fancyhdr)                \setlength{\headheight}{13.59999pt}.
(fancyhdr)                You might also make \topmargin smaller:
(fancyhdr)                \addtolength{\topmargin}{-1.59999pt}.

[253]


Package fancyhdr Warning: \headheight is too small (12.0pt): 
(fancyhdr)                Make it at least 25.2232pt, for example:
(fancyhdr)                \setlength{\headheight}{25.2232pt}.
(fancyhdr)                You might also make \topmargin smaller:
(fancyhdr)                \addtolength{\topmargin}{-13.2232pt}.

[254

]
Overfull \hbox (30.3247pt too wide) in alignment at lines 20--40
 [] [] [] 
 []


Package longtable Warning: Column widths have changed
(longtable)                in table 7 on input line 40.

) (./appendices/appQ_quarantine.tex

[255]


Package fancyhdr Warning: \headheight is too small (12.0pt): 
(fancyhdr)                Make it at least 13.59999pt, for example:
(fancyhdr)                \setlength{\headheight}{13.59999pt}.
(fancyhdr)                You might also make \topmargin smaller:
(fancyhdr)                \addtolength{\topmargin}{-1.59999pt}.

[256

]

Package hyperref Warning: Token not allowed in a PDF string (Unicode):
(hyperref)                removing `math shift' on input line 54.


Package hyperref Warning: Token not allowed in a PDF string (Unicode):
(hyperref)                removing `math shift' on input line 54.



[257]

Package hyperref Warning: Token not allowed in a PDF string (Unicode):
(hyperref)                removing `math shift' on input line 88.


Package hyperref Warning: Token not allowed in a PDF string (Unicode):
(hyperref)                removing `math shift' on input line 88.


LaTeX Warning: Reference `ch:high_coord' on page 258 undefined on input line 13
8.




Package fancyhdr Warning: \headheight is too small (12.0pt): 
(fancyhdr)                Make it at least 13.59999pt, for example:
(fancyhdr)                \setlength{\headheight}{13.59999pt}.
(fancyhdr)                You might also make \topmargin smaller:
(fancyhdr)                \addtolength{\topmargin}{-1.59999pt}.

[258]


Package fancyhdr Warning: \headheight is too small (12.0pt): 
(fancyhdr)                Make it at least 13.59999pt, for example:
(fancyhdr)                \setlength{\headheight}{13.59999pt}.
(fancyhdr)                You might also make \topmargin smaller:
(fancyhdr)                \addtolength{\topmargin}{-1.59999pt}.

[259]) (./appendices/appX_analogies.tex


Package fancyhdr Warning: \headheight is too small (12.0pt): 
(fancyhdr)                Make it at least 13.59999pt, for example:
(fancyhdr)                \setlength{\headheight}{13.59999pt}.
(fancyhdr)                You might also make \topmargin smaller:
(fancyhdr)                \addtolength{\topmargin}{-1.59999pt}.

[260]
Overfull \hbox (274.16013pt too wide) in paragraph at lines 23--39
 [][] 
 []


Package hyperref Warning: Token not allowed in a PDF string (Unicode):
(hyperref)                removing `math shift' on input line 46.


Package hyperref Warning: Token not allowed in a PDF string (Unicode):
(hyperref)                removing `subscript' on input line 46.


Package hyperref Warning: Token not allowed in a PDF string (Unicode):
(hyperref)                removing `math shift' on input line 46.


LaTeX Warning: Reference `ch:helium4' on page 261 undefined on input line 58.



[261

]
Overfull \hbox (1.63434pt too wide) in paragraph at lines 96--98
[]\T1/lmr/m/n/10.95 EDC frame-work pro-poses topo-log-i-cal ori-gin for both st
a-bil-ity (an-chor) and metasta-
 []


Package hyperref Warning: Token not allowed in a PDF string (Unicode):
(hyperref)                removing `math shift' on input line 100.


Package hyperref Warning: Token not allowed in a PDF string (Unicode):
(hyperref)                removing `subscript' on input line 100.


Package hyperref Warning: Token not allowed in a PDF string (Unicode):
(hyperref)                removing `math shift' on input line 100.




Package fancyhdr Warning: \headheight is too small (12.0pt): 
(fancyhdr)                Make it at least 13.59999pt, for example:
(fancyhdr)                \setlength{\headheight}{13.59999pt}.
(fancyhdr)                You might also make \topmargin smaller:
(fancyhdr)                \addtolength{\topmargin}{-1.59999pt}.

[262])


Package fancyhdr Warning: \headheight is too small (12.0pt): 
(fancyhdr)                Make it at least 13.59999pt, for example:
(fancyhdr)                \setlength{\headheight}{13.59999pt}.
(fancyhdr)                You might also make \topmargin smaller:
(fancyhdr)                \addtolength{\topmargin}{-1.59999pt}.

[263]


Package fancyhdr Warning: \headheight is too small (12.0pt): 
(fancyhdr)                Make it at least 13.59999pt, for example:
(fancyhdr)                \setlength{\headheight}{13.59999pt}.
(fancyhdr)                You might also make \topmargin smaller:
(fancyhdr)                \addtolength{\topmargin}{-1.59999pt}.

[264

]

[265]


Package fancyhdr Warning: \headheight is too small (12.0pt): 
(fancyhdr)                Make it at least 13.59999pt, for example:
(fancyhdr)                \setlength{\headheight}{13.59999pt}.
(fancyhdr)                You might also make \topmargin smaller:
(fancyhdr)                \addtolength{\topmargin}{-1.59999pt}.

[266]

Package longtable Warning: Table widths have changed. Rerun LaTeX.

(./main.aux)
 ***********
LaTeX2e <2024-11-01> patch level 2
L3 programming layer <2025-01-18>
 ***********


LaTeX Warning: There were undefined references.


LaTeX Warning: Label(s) may have changed. Rerun to get cross-references right.


Package rerunfilecheck Warning: File `main.out' has changed.
(rerunfilecheck)                Rerun to get outlines right
(rerunfilecheck)                or use package `bookmark'.

Package rerunfilecheck Info: Checksums for `main.out':
(rerunfilecheck)             Before: 70588A6BDBC77CFB0F5811439E81CE6B;10637
(rerunfilecheck)             After:  F5226B8EBD8BB48333142F5AAA2E2F69;134511.
 ) 
Here is how much of TeX's memory you used:
 34136 strings out of 473190
 655838 string characters out of 5715800
 1185074 words of memory out of 5000000
 54389 multiletter control sequences out of 15000+600000
 753434 words of font info for 174 fonts, out of 8000000 for 9000
 1141 hyphenation exceptions out of 8191
 103i,17n,104p,476b,2700s stack positions out of 10000i,1000n,20000p,200000b,200000s
</usr/local/texlive/2025/texmf-dist/fonts/type1/public/lm/lmbx10.pfb></usr/lo
cal/texlive/2025/texmf-dist/fonts/type1/public/lm/lmbx12.pfb></usr/local/texliv
e/2025/texmf-dist/fonts/type1/public/lm/lmbx8.pfb></usr/local/texlive/2025/texm
f-dist/fonts/type1/public/lm/lmbx9.pfb></usr/local/texlive/2025/texmf-dist/font
s/type1/public/lm/lmbxi10.pfb></usr/local/texlive/2025/texmf-dist/fonts/type1/p
ublic/lm/lmex10.pfb></usr/local/texlive/2025/texmf-dist/fonts/type1/public/lm/l
mmi10.pfb></usr/local/texlive/2025/texmf-dist/fonts/type1/public/lm/lmmi12.pfb>
</usr/local/texlive/2025/texmf-dist/fonts/type1/public/lm/lmmi6.pfb></usr/local
/texlive/2025/texmf-dist/fonts/type1/public/lm/lmmi7.pfb></usr/local/texlive/20
25/texmf-dist/fonts/type1/public/lm/lmmi8.pfb></usr/local/texlive/2025/texmf-di
st/fonts/type1/public/lm/lmmi9.pfb></usr/local/texlive/2025/texmf-dist/fonts/ty
pe1/public/lm/lmr10.pfb></usr/local/texlive/2025/texmf-dist/fonts/type1/public/
lm/lmr12.pfb></usr/local/texlive/2025/texmf-dist/fonts/type1/public/lm/lmr17.pf
b></usr/local/texlive/2025/texmf-dist/fonts/type1/public/lm/lmr6.pfb></usr/loca
l/texlive/2025/texmf-dist/fonts/type1/public/lm/lmr7.pfb></usr/local/texlive/20
25/texmf-dist/fonts/type1/public/lm/lmr8.pfb></usr/local/texlive/2025/texmf-dis
t/fonts/type1/public/lm/lmr9.pfb></usr/local/texlive/2025/texmf-dist/fonts/type
1/public/lm/lmri10.pfb></usr/local/texlive/2025/texmf-dist/fonts/type1/public/l
m/lmri7.pfb></usr/local/texlive/2025/texmf-dist/fonts/type1/public/lm/lmri8.pfb
></usr/local/texlive/2025/texmf-dist/fonts/type1/public/lm/lmsy10.pfb></usr/loc
al/texlive/2025/texmf-dist/fonts/type1/public/lm/lmsy6.pfb></usr/local/texlive/
2025/texmf-dist/fonts/type1/public/lm/lmsy7.pfb></usr/local/texlive/2025/texmf-
dist/fonts/type1/public/lm/lmsy8.pfb></usr/local/texlive/2025/texmf-dist/fonts/
type1/public/lm/lmsy9.pfb></usr/local/texlive/2025/texmf-dist/fonts/type1/publi
c/lm/lmtk10.pfb></usr/local/texlive/2025/texmf-dist/fonts/type1/public/lm/lmtt1
0.pfb></usr/local/texlive/2025/texmf-dist/fonts/type1/public/lm/lmtti10.pfb></u
sr/local/texlive/2025/texmf-dist/fonts/type1/public/amsfonts/symbols/msam10.pfb
></usr/local/texlive/2025/texmf-dist/fonts/type1/public/amsfonts/symbols/msbm10
.pfb>
Output written on main.pdf (276 pages, 1337960 bytes).
PDF statistics:
 4230 PDF objects out of 4296 (max. 8388607)
 3839 compressed objects within 39 object streams
 2386 named destinations out of 2487 (max. 500000)
 429 words of extra memory for PDF output out of 10000 (max. 10000000)

