This is pdfTeX, Version 3.141592653-2.6-1.40.27 (TeX Live 2025) (preloaded format=pdflatex 2026.1.12)  30 JAN 2026 15:57
entering extended mode
 restricted \write18 enabled.
 %&-line parsing enabled.
**main.tex
(./main.tex
LaTeX2e <2024-11-01> patch level 2
L3 programming layer <2025-01-18>
(/usr/local/texlive/2025/texmf-dist/tex/latex/base/book.cls
Document Class: book 2024/06/29 v1.4n Standard LaTeX document class
(/usr/local/texlive/2025/texmf-dist/tex/latex/base/bk12.clo
File: bk12.clo 2024/06/29 v1.4n Standard LaTeX file (size option)
)
\c@part=\count196
\c@chapter=\count197
\c@section=\count198
\c@subsection=\count199
\c@subsubsection=\count266
\c@paragraph=\count267
\c@subparagraph=\count268
\c@figure=\count269
\c@table=\count270
\abovecaptionskip=\skip49
\belowcaptionskip=\skip50
\bibindent=\dimen141
)
(/usr/local/texlive/2025/texmf-dist/tex/latex/base/inputenc.sty
Package: inputenc 2024/02/08 v1.3d Input encoding file
\inpenc@prehook=\toks17
\inpenc@posthook=\toks18
)
(/usr/local/texlive/2025/texmf-dist/tex/latex/base/fontenc.sty
Package: fontenc 2021/04/29 v2.0v Standard LaTeX package
)
(/usr/local/texlive/2025/texmf-dist/tex/latex/textgreek/textgreek.sty
Package: textgreek 2011/10/09 v0.7 Greek symbols in text
Package textgreek Info: Loading the definitions for the Greek fontencoding. on 
input line 39.

(/usr/local/texlive/2025/texmf-dist/tex/latex/greek-fontenc/lgrenc.def
File: lgrenc.def 2023-09-12 2.5 LGR Greek font encoding definitions
Now handling font encoding LGR ...
... processing UTF-8 mapping file for font encoding LGR

(/usr/local/texlive/2025/texmf-dist/tex/latex/greek-inputenc/lgrenc.dfu
File: lgrenc.dfu 2023-03-21 1.9 UTF-8 support for Greek
   defining Unicode char U+00A8 (decimal 168)
   defining Unicode char U+00AB (decimal 171)
   defining Unicode char U+00AF (decimal 175)
   defining Unicode char U+00B4 (decimal 180)
   defining Unicode char U+00B7 (decimal 183)
   defining Unicode char U+00BB (decimal 187)
   defining Unicode char U+0259 (decimal 601)
   defining Unicode char U+02D8 (decimal 728)
   defining Unicode char U+0374 (decimal 884)
   defining Unicode char U+0375 (decimal 885)
   defining Unicode char U+037A (decimal 890)
   defining Unicode char U+037E (decimal 894)
   defining Unicode char U+0384 (decimal 900)
   defining Unicode char U+0385 (decimal 901)
   defining Unicode char U+0386 (decimal 902)
   defining Unicode char U+0387 (decimal 903)
   defining Unicode char U+0388 (decimal 904)
   defining Unicode char U+0389 (decimal 905)
   defining Unicode char U+038A (decimal 906)
   defining Unicode char U+038C (decimal 908)
   defining Unicode char U+038E (decimal 910)
   defining Unicode char U+038F (decimal 911)
   defining Unicode char U+0390 (decimal 912)
   defining Unicode char U+0391 (decimal 913)
   defining Unicode char U+0392 (decimal 914)
   defining Unicode char U+0393 (decimal 915)
   defining Unicode char U+0394 (decimal 916)
   defining Unicode char U+0395 (decimal 917)
   defining Unicode char U+0396 (decimal 918)
   defining Unicode char U+0397 (decimal 919)
   defining Unicode char U+0398 (decimal 920)
   defining Unicode char U+0399 (decimal 921)
   defining Unicode char U+039A (decimal 922)
   defining Unicode char U+039B (decimal 923)
   defining Unicode char U+039C (decimal 924)
   defining Unicode char U+039D (decimal 925)
   defining Unicode char U+039E (decimal 926)
   defining Unicode char U+039F (decimal 927)
   defining Unicode char U+03A0 (decimal 928)
   defining Unicode char U+03A1 (decimal 929)
   defining Unicode char U+03A3 (decimal 931)
   defining Unicode char U+03A4 (decimal 932)
   defining Unicode char U+03A5 (decimal 933)
   defining Unicode char U+03A6 (decimal 934)
   defining Unicode char U+03A7 (decimal 935)
   defining Unicode char U+03A8 (decimal 936)
   defining Unicode char U+03A9 (decimal 937)
   defining Unicode char U+03AA (decimal 938)
   defining Unicode char U+03AB (decimal 939)
   defining Unicode char U+03AC (decimal 940)
   defining Unicode char U+03AD (decimal 941)
   defining Unicode char U+03AE (decimal 942)
   defining Unicode char U+03AF (decimal 943)
   defining Unicode char U+03B0 (decimal 944)
   defining Unicode char U+03B1 (decimal 945)
   defining Unicode char U+03B2 (decimal 946)
   defining Unicode char U+03B3 (decimal 947)
   defining Unicode char U+03B4 (decimal 948)
   defining Unicode char U+03B5 (decimal 949)
   defining Unicode char U+03B6 (decimal 950)
   defining Unicode char U+03B7 (decimal 951)
   defining Unicode char U+03B8 (decimal 952)
   defining Unicode char U+03B9 (decimal 953)
   defining Unicode char U+03BA (decimal 954)
   defining Unicode char U+03BB (decimal 955)
   defining Unicode char U+03BC (decimal 956)
   defining Unicode char U+03BD (decimal 957)
   defining Unicode char U+03BE (decimal 958)
   defining Unicode char U+03BF (decimal 959)
   defining Unicode char U+03C0 (decimal 960)
   defining Unicode char U+03C1 (decimal 961)
   defining Unicode char U+03C2 (decimal 962)
   defining Unicode char U+03C3 (decimal 963)
   defining Unicode char U+03C4 (decimal 964)
   defining Unicode char U+03C5 (decimal 965)
   defining Unicode char U+03C6 (decimal 966)
   defining Unicode char U+03C7 (decimal 967)
   defining Unicode char U+03C8 (decimal 968)
   defining Unicode char U+03C9 (decimal 969)
   defining Unicode char U+03CA (decimal 970)
   defining Unicode char U+03CB (decimal 971)
   defining Unicode char U+03CC (decimal 972)
   defining Unicode char U+03CD (decimal 973)
   defining Unicode char U+03CE (decimal 974)
   defining Unicode char U+03D0 (decimal 976)
   defining Unicode char U+03D1 (decimal 977)
   defining Unicode char U+03D5 (decimal 981)
   defining Unicode char U+03D6 (decimal 982)
   defining Unicode char U+03D8 (decimal 984)
   defining Unicode char U+03D9 (decimal 985)
   defining Unicode char U+03DA (decimal 986)
   defining Unicode char U+03DB (decimal 987)
   defining Unicode char U+03DC (decimal 988)
   defining Unicode char U+03DD (decimal 989)
   defining Unicode char U+03DE (decimal 990)
   defining Unicode char U+03DF (decimal 991)
   defining Unicode char U+03E0 (decimal 992)
   defining Unicode char U+03E1 (decimal 993)
   defining Unicode char U+03F0 (decimal 1008)
   defining Unicode char U+03F1 (decimal 1009)
   defining Unicode char U+03F4 (decimal 1012)
   defining Unicode char U+03F5 (decimal 1013)
   defining Unicode char U+1F00 (decimal 7936)
   defining Unicode char U+1F01 (decimal 7937)
   defining Unicode char U+1F02 (decimal 7938)
   defining Unicode char U+1F03 (decimal 7939)
   defining Unicode char U+1F04 (decimal 7940)
   defining Unicode char U+1F05 (decimal 7941)
   defining Unicode char U+1F06 (decimal 7942)
   defining Unicode char U+1F07 (decimal 7943)
   defining Unicode char U+1F08 (decimal 7944)
   defining Unicode char U+1F09 (decimal 7945)
   defining Unicode char U+1F0A (decimal 7946)
   defining Unicode char U+1F0B (decimal 7947)
   defining Unicode char U+1F0C (decimal 7948)
   defining Unicode char U+1F0D (decimal 7949)
   defining Unicode char U+1F0E (decimal 7950)
   defining Unicode char U+1F0F (decimal 7951)
   defining Unicode char U+1F10 (decimal 7952)
   defining Unicode char U+1F11 (decimal 7953)
   defining Unicode char U+1F12 (decimal 7954)
   defining Unicode char U+1F13 (decimal 7955)
   defining Unicode char U+1F14 (decimal 7956)
   defining Unicode char U+1F15 (decimal 7957)
   defining Unicode char U+1F18 (decimal 7960)
   defining Unicode char U+1F19 (decimal 7961)
   defining Unicode char U+1F1A (decimal 7962)
   defining Unicode char U+1F1B (decimal 7963)
   defining Unicode char U+1F1C (decimal 7964)
   defining Unicode char U+1F1D (decimal 7965)
   defining Unicode char U+1F20 (decimal 7968)
   defining Unicode char U+1F21 (decimal 7969)
   defining Unicode char U+1F22 (decimal 7970)
   defining Unicode char U+1F23 (decimal 7971)
   defining Unicode char U+1F24 (decimal 7972)
   defining Unicode char U+1F25 (decimal 7973)
   defining Unicode char U+1F26 (decimal 7974)
   defining Unicode char U+1F27 (decimal 7975)
   defining Unicode char U+1F28 (decimal 7976)
   defining Unicode char U+1F29 (decimal 7977)
   defining Unicode char U+1F2A (decimal 7978)
   defining Unicode char U+1F2B (decimal 7979)
   defining Unicode char U+1F2C (decimal 7980)
   defining Unicode char U+1F2D (decimal 7981)
   defining Unicode char U+1F2E (decimal 7982)
   defining Unicode char U+1F2F (decimal 7983)
   defining Unicode char U+1F30 (decimal 7984)
   defining Unicode char U+1F31 (decimal 7985)
   defining Unicode char U+1F32 (decimal 7986)
   defining Unicode char U+1F33 (decimal 7987)
   defining Unicode char U+1F34 (decimal 7988)
   defining Unicode char U+1F35 (decimal 7989)
   defining Unicode char U+1F36 (decimal 7990)
   defining Unicode char U+1F37 (decimal 7991)
   defining Unicode char U+1F38 (decimal 7992)
   defining Unicode char U+1F39 (decimal 7993)
   defining Unicode char U+1F3A (decimal 7994)
   defining Unicode char U+1F3B (decimal 7995)
   defining Unicode char U+1F3C (decimal 7996)
   defining Unicode char U+1F3D (decimal 7997)
   defining Unicode char U+1F3E (decimal 7998)
   defining Unicode char U+1F3F (decimal 7999)
   defining Unicode char U+1F40 (decimal 8000)
   defining Unicode char U+1F41 (decimal 8001)
   defining Unicode char U+1F42 (decimal 8002)
   defining Unicode char U+1F43 (decimal 8003)
   defining Unicode char U+1F44 (decimal 8004)
   defining Unicode char U+1F45 (decimal 8005)
   defining Unicode char U+1F48 (decimal 8008)
   defining Unicode char U+1F49 (decimal 8009)
   defining Unicode char U+1F4A (decimal 8010)
   defining Unicode char U+1F4B (decimal 8011)
   defining Unicode char U+1F4C (decimal 8012)
   defining Unicode char U+1F4D (decimal 8013)
   defining Unicode char U+1F50 (decimal 8016)
   defining Unicode char U+1F51 (decimal 8017)
   defining Unicode char U+1F52 (decimal 8018)
   defining Unicode char U+1F53 (decimal 8019)
   defining Unicode char U+1F54 (decimal 8020)
   defining Unicode char U+1F55 (decimal 8021)
   defining Unicode char U+1F56 (decimal 8022)
   defining Unicode char U+1F57 (decimal 8023)
   defining Unicode char U+1F59 (decimal 8025)
   defining Unicode char U+1F5B (decimal 8027)
   defining Unicode char U+1F5D (decimal 8029)
   defining Unicode char U+1F5F (decimal 8031)
   defining Unicode char U+1F60 (decimal 8032)
   defining Unicode char U+1F61 (decimal 8033)
   defining Unicode char U+1F62 (decimal 8034)
   defining Unicode char U+1F63 (decimal 8035)
   defining Unicode char U+1F64 (decimal 8036)
   defining Unicode char U+1F65 (decimal 8037)
   defining Unicode char U+1F66 (decimal 8038)
   defining Unicode char U+1F67 (decimal 8039)
   defining Unicode char U+1F68 (decimal 8040)
   defining Unicode char U+1F69 (decimal 8041)
   defining Unicode char U+1F6A (decimal 8042)
   defining Unicode char U+1F6B (decimal 8043)
   defining Unicode char U+1F6C (decimal 8044)
   defining Unicode char U+1F6D (decimal 8045)
   defining Unicode char U+1F6E (decimal 8046)
   defining Unicode char U+1F6F (decimal 8047)
   defining Unicode char U+1F70 (decimal 8048)
   defining Unicode char U+1F71 (decimal 8049)
   defining Unicode char U+1F72 (decimal 8050)
   defining Unicode char U+1F73 (decimal 8051)
   defining Unicode char U+1F74 (decimal 8052)
   defining Unicode char U+1F75 (decimal 8053)
   defining Unicode char U+1F76 (decimal 8054)
   defining Unicode char U+1F77 (decimal 8055)
   defining Unicode char U+1F78 (decimal 8056)
   defining Unicode char U+1F79 (decimal 8057)
   defining Unicode char U+1F7A (decimal 8058)
   defining Unicode char U+1F7B (decimal 8059)
   defining Unicode char U+1F7C (decimal 8060)
   defining Unicode char U+1F7D (decimal 8061)
   defining Unicode char U+1F80 (decimal 8064)
   defining Unicode char U+1F81 (decimal 8065)
   defining Unicode char U+1F82 (decimal 8066)
   defining Unicode char U+1F83 (decimal 8067)
   defining Unicode char U+1F84 (decimal 8068)
   defining Unicode char U+1F85 (decimal 8069)
   defining Unicode char U+1F86 (decimal 8070)
   defining Unicode char U+1F87 (decimal 8071)
   defining Unicode char U+1F88 (decimal 8072)
   defining Unicode char U+1F89 (decimal 8073)
   defining Unicode char U+1F8A (decimal 8074)
   defining Unicode char U+1F8B (decimal 8075)
   defining Unicode char U+1F8C (decimal 8076)
   defining Unicode char U+1F8D (decimal 8077)
   defining Unicode char U+1F8E (decimal 8078)
   defining Unicode char U+1F8F (decimal 8079)
   defining Unicode char U+1F90 (decimal 8080)
   defining Unicode char U+1F91 (decimal 8081)
   defining Unicode char U+1F92 (decimal 8082)
   defining Unicode char U+1F93 (decimal 8083)
   defining Unicode char U+1F94 (decimal 8084)
   defining Unicode char U+1F95 (decimal 8085)
   defining Unicode char U+1F96 (decimal 8086)
   defining Unicode char U+1F97 (decimal 8087)
   defining Unicode char U+1F98 (decimal 8088)
   defining Unicode char U+1F99 (decimal 8089)
   defining Unicode char U+1F9A (decimal 8090)
   defining Unicode char U+1F9B (decimal 8091)
   defining Unicode char U+1F9C (decimal 8092)
   defining Unicode char U+1F9D (decimal 8093)
   defining Unicode char U+1F9E (decimal 8094)
   defining Unicode char U+1F9F (decimal 8095)
   defining Unicode char U+1FA0 (decimal 8096)
   defining Unicode char U+1FA1 (decimal 8097)
   defining Unicode char U+1FA2 (decimal 8098)
   defining Unicode char U+1FA3 (decimal 8099)
   defining Unicode char U+1FA4 (decimal 8100)
   defining Unicode char U+1FA5 (decimal 8101)
   defining Unicode char U+1FA6 (decimal 8102)
   defining Unicode char U+1FA7 (decimal 8103)
   defining Unicode char U+1FA8 (decimal 8104)
   defining Unicode char U+1FA9 (decimal 8105)
   defining Unicode char U+1FAA (decimal 8106)
   defining Unicode char U+1FAB (decimal 8107)
   defining Unicode char U+1FAC (decimal 8108)
   defining Unicode char U+1FAD (decimal 8109)
   defining Unicode char U+1FAE (decimal 8110)
   defining Unicode char U+1FAF (decimal 8111)
   defining Unicode char U+1FB0 (decimal 8112)
   defining Unicode char U+1FB1 (decimal 8113)
   defining Unicode char U+1FB2 (decimal 8114)
   defining Unicode char U+1FB3 (decimal 8115)
   defining Unicode char U+1FB4 (decimal 8116)
   defining Unicode char U+1FB6 (decimal 8118)
   defining Unicode char U+1FB7 (decimal 8119)
   defining Unicode char U+1FB8 (decimal 8120)
   defining Unicode char U+1FB9 (decimal 8121)
   defining Unicode char U+1FBA (decimal 8122)
   defining Unicode char U+1FBB (decimal 8123)
   defining Unicode char U+1FBC (decimal 8124)
   defining Unicode char U+1FBD (decimal 8125)
   defining Unicode char U+1FBE (decimal 8126)
   defining Unicode char U+1FBF (decimal 8127)
   defining Unicode char U+1FC0 (decimal 8128)
   defining Unicode char U+1FC1 (decimal 8129)
   defining Unicode char U+1FC2 (decimal 8130)
   defining Unicode char U+1FC3 (decimal 8131)
   defining Unicode char U+1FC4 (decimal 8132)
   defining Unicode char U+1FC6 (decimal 8134)
   defining Unicode char U+1FC7 (decimal 8135)
   defining Unicode char U+1FC8 (decimal 8136)
   defining Unicode char U+1FC9 (decimal 8137)
   defining Unicode char U+1FCA (decimal 8138)
   defining Unicode char U+1FCB (decimal 8139)
   defining Unicode char U+1FCC (decimal 8140)
   defining Unicode char U+1FCD (decimal 8141)
   defining Unicode char U+1FCE (decimal 8142)
   defining Unicode char U+1FCF (decimal 8143)
   defining Unicode char U+1FD0 (decimal 8144)
   defining Unicode char U+1FD1 (decimal 8145)
   defining Unicode char U+1FD2 (decimal 8146)
   defining Unicode char U+1FD3 (decimal 8147)
   defining Unicode char U+1FD6 (decimal 8150)
   defining Unicode char U+1FD7 (decimal 8151)
   defining Unicode char U+1FD8 (decimal 8152)
   defining Unicode char U+1FD9 (decimal 8153)
   defining Unicode char U+1FDA (decimal 8154)
   defining Unicode char U+1FDB (decimal 8155)
   defining Unicode char U+1FDD (decimal 8157)
   defining Unicode char U+1FDE (decimal 8158)
   defining Unicode char U+1FDF (decimal 8159)
   defining Unicode char U+1FE0 (decimal 8160)
   defining Unicode char U+1FE1 (decimal 8161)
   defining Unicode char U+1FE2 (decimal 8162)
   defining Unicode char U+1FE3 (decimal 8163)
   defining Unicode char U+1FE4 (decimal 8164)
   defining Unicode char U+1FE5 (decimal 8165)
   defining Unicode char U+1FE6 (decimal 8166)
   defining Unicode char U+1FE7 (decimal 8167)
   defining Unicode char U+1FE8 (decimal 8168)
   defining Unicode char U+1FE9 (decimal 8169)
   defining Unicode char U+1FEA (decimal 8170)
   defining Unicode char U+1FEB (decimal 8171)
   defining Unicode char U+1FEC (decimal 8172)
   defining Unicode char U+1FED (decimal 8173)
   defining Unicode char U+1FEE (decimal 8174)
   defining Unicode char U+1FEF (decimal 8175)
   defining Unicode char U+1FF2 (decimal 8178)
   defining Unicode char U+1FF3 (decimal 8179)
   defining Unicode char U+1FF4 (decimal 8180)
   defining Unicode char U+1FF6 (decimal 8182)
   defining Unicode char U+1FF7 (decimal 8183)
   defining Unicode char U+1FF8 (decimal 8184)
   defining Unicode char U+1FF9 (decimal 8185)
   defining Unicode char U+1FFA (decimal 8186)
   defining Unicode char U+1FFB (decimal 8187)
   defining Unicode char U+1FFC (decimal 8188)
   defining Unicode char U+1FFD (decimal 8189)
   defining Unicode char U+1FFE (decimal 8190)
   defining Unicode char U+2013 (decimal 8211)
   defining Unicode char U+2014 (decimal 8212)
   defining Unicode char U+2018 (decimal 8216)
   defining Unicode char U+2019 (decimal 8217)
   defining Unicode char U+201A (decimal 8218)
   defining Unicode char U+2030 (decimal 8240)
   defining Unicode char U+2039 (decimal 8249)
   defining Unicode char U+203A (decimal 8250)
   defining Unicode char U+20AC (decimal 8364)
   defining Unicode char U+2126 (decimal 8486)
   defining Unicode char U+10144 (decimal 65860)
   defining Unicode char U+10145 (decimal 65861)
   defining Unicode char U+10146 (decimal 65862)
   defining Unicode char U+10147 (decimal 65863)
)
(/usr/local/texlive/2025/texmf-dist/tex/latex/greek-fontenc/greek-fontenc.def
File: greek-fontenc.def 2023-09-12 2.5 Common Greek font encoding definitions
))
Package textgreek Info: Loaded fontmap: {eur/*/*}{U/eur/*/*} {phv/*/*}{U/psy/*/
*}. on input line 69.
) (/usr/local/texlive/2025/texmf-dist/tex/latex/amsmath/amsmath.sty
Package: amsmath 2024/11/05 v2.17t AMS math features
\@mathmargin=\skip51

For additional information on amsmath, use the `?' option.
(/usr/local/texlive/2025/texmf-dist/tex/latex/amsmath/amstext.sty
Package: amstext 2021/08/26 v2.01 AMS text

(/usr/local/texlive/2025/texmf-dist/tex/latex/amsmath/amsgen.sty
File: amsgen.sty 1999/11/30 v2.0 generic functions
\@emptytoks=\toks19
\ex@=\dimen142
))
(/usr/local/texlive/2025/texmf-dist/tex/latex/amsmath/amsbsy.sty
Package: amsbsy 1999/11/29 v1.2d Bold Symbols
\pmbraise@=\dimen143
)
(/usr/local/texlive/2025/texmf-dist/tex/latex/amsmath/amsopn.sty
Package: amsopn 2022/04/08 v2.04 operator names
)
\inf@bad=\count271
LaTeX Info: Redefining \frac on input line 233.
\uproot@=\count272
\leftroot@=\count273
LaTeX Info: Redefining \overline on input line 398.
LaTeX Info: Redefining \colon on input line 409.
\classnum@=\count274
\DOTSCASE@=\count275
LaTeX Info: Redefining \ldots on input line 495.
LaTeX Info: Redefining \dots on input line 498.
LaTeX Info: Redefining \cdots on input line 619.
\Mathstrutbox@=\box52
\strutbox@=\box53
LaTeX Info: Redefining \big on input line 721.
LaTeX Info: Redefining \Big on input line 722.
LaTeX Info: Redefining \bigg on input line 723.
LaTeX Info: Redefining \Bigg on input line 724.
\big@size=\dimen144
LaTeX Font Info:    Redeclaring font encoding OML on input line 742.
LaTeX Font Info:    Redeclaring font encoding OMS on input line 743.
\macc@depth=\count276
LaTeX Info: Redefining \bmod on input line 904.
LaTeX Info: Redefining \pmod on input line 909.
LaTeX Info: Redefining \smash on input line 939.
LaTeX Info: Redefining \relbar on input line 969.
LaTeX Info: Redefining \Relbar on input line 970.
\c@MaxMatrixCols=\count277
\dotsspace@=\muskip17
\c@parentequation=\count278
\dspbrk@lvl=\count279
\tag@help=\toks20
\row@=\count280
\column@=\count281
\maxfields@=\count282
\andhelp@=\toks21
\eqnshift@=\dimen145
\alignsep@=\dimen146
\tagshift@=\dimen147
\tagwidth@=\dimen148
\totwidth@=\dimen149
\lineht@=\dimen150
\@envbody=\toks22
\multlinegap=\skip52
\multlinetaggap=\skip53
\mathdisplay@stack=\toks23
LaTeX Info: Redefining \[ on input line 2953.
LaTeX Info: Redefining \] on input line 2954.
)
(/usr/local/texlive/2025/texmf-dist/tex/latex/amsfonts/amssymb.sty
Package: amssymb 2013/01/14 v3.01 AMS font symbols

(/usr/local/texlive/2025/texmf-dist/tex/latex/amsfonts/amsfonts.sty
Package: amsfonts 2013/01/14 v3.01 Basic AMSFonts support
\symAMSa=\mathgroup4
\symAMSb=\mathgroup5
LaTeX Font Info:    Redeclaring math symbol \hbar on input line 98.
LaTeX Font Info:    Overwriting math alphabet `\mathfrak' in version `bold'
(Font)                  U/euf/m/n --> U/euf/b/n on input line 106.
))
(/usr/local/texlive/2025/texmf-dist/tex/latex/amscls/amsthm.sty
Package: amsthm 2020/05/29 v2.20.6
\thm@style=\toks24
\thm@bodyfont=\toks25
\thm@headfont=\toks26
\thm@notefont=\toks27
\thm@headpunct=\toks28
\thm@preskip=\skip54
\thm@postskip=\skip55
\thm@headsep=\skip56
\dth@everypar=\toks29
)
(/usr/local/texlive/2025/texmf-dist/tex/latex/graphics/graphicx.sty
Package: graphicx 2021/09/16 v1.2d Enhanced LaTeX Graphics (DPC,SPQR)

(/usr/local/texlive/2025/texmf-dist/tex/latex/graphics/keyval.sty
Package: keyval 2022/05/29 v1.15 key=value parser (DPC)
\KV@toks@=\toks30
)
(/usr/local/texlive/2025/texmf-dist/tex/latex/graphics/graphics.sty
Package: graphics 2024/08/06 v1.4g Standard LaTeX Graphics (DPC,SPQR)

(/usr/local/texlive/2025/texmf-dist/tex/latex/graphics/trig.sty
Package: trig 2023/12/02 v1.11 sin cos tan (DPC)
)
(/usr/local/texlive/2025/texmf-dist/tex/latex/graphics-cfg/graphics.cfg
File: graphics.cfg 2016/06/04 v1.11 sample graphics configuration
)
Package graphics Info: Driver file: pdftex.def on input line 106.

(/usr/local/texlive/2025/texmf-dist/tex/latex/graphics-def/pdftex.def
File: pdftex.def 2024/04/13 v1.2c Graphics/color driver for pdftex
))
\Gin@req@height=\dimen151
\Gin@req@width=\dimen152
)
(/usr/local/texlive/2025/texmf-dist/tex/latex/xcolor/xcolor.sty
Package: xcolor 2024/09/29 v3.02 LaTeX color extensions (UK)

(/usr/local/texlive/2025/texmf-dist/tex/latex/graphics-cfg/color.cfg
File: color.cfg 2016/01/02 v1.6 sample color configuration
)
Package xcolor Info: Driver file: pdftex.def on input line 274.

(/usr/local/texlive/2025/texmf-dist/tex/latex/graphics/mathcolor.ltx)
Package xcolor Info: Model `cmy' substituted by `cmy0' on input line 1349.
Package xcolor Info: Model `hsb' substituted by `rgb' on input line 1353.
Package xcolor Info: Model `RGB' extended on input line 1365.
Package xcolor Info: Model `HTML' substituted by `rgb' on input line 1367.
Package xcolor Info: Model `Hsb' substituted by `hsb' on input line 1368.
Package xcolor Info: Model `tHsb' substituted by `hsb' on input line 1369.
Package xcolor Info: Model `HSB' substituted by `hsb' on input line 1370.
Package xcolor Info: Model `Gray' substituted by `gray' on input line 1371.
Package xcolor Info: Model `wave' substituted by `hsb' on input line 1372.
)
(/usr/local/texlive/2025/texmf-dist/tex/latex/hyperref/hyperref.sty
Package: hyperref 2024-11-05 v7.01l Hypertext links for LaTeX

(/usr/local/texlive/2025/texmf-dist/tex/generic/iftex/iftex.sty
Package: iftex 2024/12/12 v1.0g TeX engine tests
)
(/usr/local/texlive/2025/texmf-dist/tex/latex/kvsetkeys/kvsetkeys.sty
Package: kvsetkeys 2022-10-05 v1.19 Key value parser (HO)
)
(/usr/local/texlive/2025/texmf-dist/tex/generic/kvdefinekeys/kvdefinekeys.sty
Package: kvdefinekeys 2019-12-19 v1.6 Define keys (HO)
)
(/usr/local/texlive/2025/texmf-dist/tex/generic/pdfescape/pdfescape.sty
Package: pdfescape 2019/12/09 v1.15 Implements pdfTeX's escape features (HO)

(/usr/local/texlive/2025/texmf-dist/tex/generic/ltxcmds/ltxcmds.sty
Package: ltxcmds 2023-12-04 v1.26 LaTeX kernel commands for general use (HO)
)
(/usr/local/texlive/2025/texmf-dist/tex/generic/pdftexcmds/pdftexcmds.sty
Package: pdftexcmds 2020-06-27 v0.33 Utility functions of pdfTeX for LuaTeX (HO
)

(/usr/local/texlive/2025/texmf-dist/tex/generic/infwarerr/infwarerr.sty
Package: infwarerr 2019/12/03 v1.5 Providing info/warning/error messages (HO)
)
Package pdftexcmds Info: \pdf@primitive is available.
Package pdftexcmds Info: \pdf@ifprimitive is available.
Package pdftexcmds Info: \pdfdraftmode found.
))
(/usr/local/texlive/2025/texmf-dist/tex/latex/hycolor/hycolor.sty
Package: hycolor 2020-01-27 v1.10 Color options for hyperref/bookmark (HO)
)
(/usr/local/texlive/2025/texmf-dist/tex/latex/hyperref/nameref.sty
Package: nameref 2023-11-26 v2.56 Cross-referencing by name of section

(/usr/local/texlive/2025/texmf-dist/tex/latex/refcount/refcount.sty
Package: refcount 2019/12/15 v3.6 Data extraction from label references (HO)
)
(/usr/local/texlive/2025/texmf-dist/tex/generic/gettitlestring/gettitlestring.s
ty
Package: gettitlestring 2019/12/15 v1.6 Cleanup title references (HO)
 (/usr/local/texlive/2025/texmf-dist/tex/latex/kvoptions/kvoptions.sty
Package: kvoptions 2022-06-15 v3.15 Key value format for package options (HO)
))
\c@section@level=\count283
)
(/usr/local/texlive/2025/texmf-dist/tex/latex/etoolbox/etoolbox.sty
Package: etoolbox 2025/02/11 v2.5l e-TeX tools for LaTeX (JAW)
\etb@tempcnta=\count284
)
(/usr/local/texlive/2025/texmf-dist/tex/generic/stringenc/stringenc.sty
Package: stringenc 2019/11/29 v1.12 Convert strings between diff. encodings (HO
)
)
\@linkdim=\dimen153
\Hy@linkcounter=\count285
\Hy@pagecounter=\count286

(/usr/local/texlive/2025/texmf-dist/tex/latex/hyperref/pd1enc.def
File: pd1enc.def 2024-11-05 v7.01l Hyperref: PDFDocEncoding definition (HO)
Now handling font encoding PD1 ...
... no UTF-8 mapping file for font encoding PD1
)
(/usr/local/texlive/2025/texmf-dist/tex/generic/intcalc/intcalc.sty
Package: intcalc 2019/12/15 v1.3 Expandable calculations with integers (HO)
)
\Hy@SavedSpaceFactor=\count287

(/usr/local/texlive/2025/texmf-dist/tex/latex/hyperref/puenc.def
File: puenc.def 2024-11-05 v7.01l Hyperref: PDF Unicode definition (HO)
Now handling font encoding PU ...
... no UTF-8 mapping file for font encoding PU

(/usr/local/texlive/2025/texmf-dist/tex/latex/greek-fontenc/puenc-greek.def
File: puenc-greek.def 2023-09-12 2.5 Greek LICRs for PDF strings

(/usr/local/texlive/2025/texmf-dist/tex/latex/greek-fontenc/greek-fontenc.def
File: greek-fontenc.def 2023-09-12 2.5 Common Greek font encoding definitions
)))
Package hyperref Info: Hyper figures OFF on input line 4157.
Package hyperref Info: Link nesting OFF on input line 4162.
Package hyperref Info: Hyper index ON on input line 4165.
Package hyperref Info: Plain pages OFF on input line 4172.
Package hyperref Info: Backreferencing OFF on input line 4177.
Package hyperref Info: Implicit mode ON; LaTeX internals redefined.
Package hyperref Info: Bookmarks ON on input line 4424.
\c@Hy@tempcnt=\count288
 (/usr/local/texlive/2025/texmf-dist/tex/latex/url/url.sty
\Urlmuskip=\muskip18
Package: url 2013/09/16  ver 3.4  Verb mode for urls, etc.
)
LaTeX Info: Redefining \url on input line 4763.
\XeTeXLinkMargin=\dimen154

(/usr/local/texlive/2025/texmf-dist/tex/generic/bitset/bitset.sty
Package: bitset 2019/12/09 v1.3 Handle bit-vector datatype (HO)

(/usr/local/texlive/2025/texmf-dist/tex/generic/bigintcalc/bigintcalc.sty
Package: bigintcalc 2019/12/15 v1.5 Expandable calculations on big integers (HO
)
))
\Fld@menulength=\count289
\Field@Width=\dimen155
\Fld@charsize=\dimen156
Package hyperref Info: Hyper figures OFF on input line 6042.
Package hyperref Info: Link nesting OFF on input line 6047.
Package hyperref Info: Hyper index ON on input line 6050.
Package hyperref Info: backreferencing OFF on input line 6057.
Package hyperref Info: Link coloring OFF on input line 6062.
Package hyperref Info: Link coloring with OCG OFF on input line 6067.
Package hyperref Info: PDF/A mode OFF on input line 6072.

(/usr/local/texlive/2025/texmf-dist/tex/latex/base/atbegshi-ltx.sty
Package: atbegshi-ltx 2021/01/10 v1.0c Emulation of the original atbegshi
package with kernel methods
)
\Hy@abspage=\count290
\c@Item=\count291
\c@Hfootnote=\count292
)
Package hyperref Info: Driver (autodetected): hpdftex.

(/usr/local/texlive/2025/texmf-dist/tex/latex/hyperref/hpdftex.def
File: hpdftex.def 2024-11-05 v7.01l Hyperref driver for pdfTeX

(/usr/local/texlive/2025/texmf-dist/tex/latex/base/atveryend-ltx.sty
Package: atveryend-ltx 2020/08/19 v1.0a Emulation of the original atveryend pac
kage
with kernel methods
)
\Fld@listcount=\count293
\c@bookmark@seq@number=\count294

(/usr/local/texlive/2025/texmf-dist/tex/latex/rerunfilecheck/rerunfilecheck.sty
Package: rerunfilecheck 2022-07-10 v1.10 Rerun checks for auxiliary files (HO)

(/usr/local/texlive/2025/texmf-dist/tex/generic/uniquecounter/uniquecounter.sty
Package: uniquecounter 2019/12/15 v1.4 Provide unlimited unique counter (HO)
)
Package uniquecounter Info: New unique counter `rerunfilecheck' on input line 2
85.
)
\Hy@SectionHShift=\skip57
) (/usr/local/texlive/2025/texmf-dist/tex/latex/cleveref/cleveref.sty
Package: cleveref 2018/03/27 v0.21.4 Intelligent cross-referencing
Package cleveref Info: `hyperref' support loaded on input line 2370.
LaTeX Info: Redefining \cref on input line 2370.
LaTeX Info: Redefining \Cref on input line 2370.
LaTeX Info: Redefining \crefrange on input line 2370.
LaTeX Info: Redefining \Crefrange on input line 2370.
LaTeX Info: Redefining \cpageref on input line 2370.
LaTeX Info: Redefining \Cpageref on input line 2370.
LaTeX Info: Redefining \cpagerefrange on input line 2370.
LaTeX Info: Redefining \Cpagerefrange on input line 2370.
LaTeX Info: Redefining \labelcref on input line 2370.
LaTeX Info: Redefining \labelcpageref on input line 2370.
Package cleveref Info: `amsthm' support loaded on input line 3026.
)
(/usr/local/texlive/2025/texmf-dist/tex/latex/mdframed/mdframed.sty
Package: mdframed 2013/07/01 1.9b: mdframed

(/usr/local/texlive/2025/texmf-dist/tex/latex/l3packages/xparse/xparse.sty
(/usr/local/texlive/2025/texmf-dist/tex/latex/l3kernel/expl3.sty
Package: expl3 2025-01-18 L3 programming layer (loader) 

(/usr/local/texlive/2025/texmf-dist/tex/latex/l3backend/l3backend-pdftex.def
File: l3backend-pdftex.def 2024-05-08 L3 backend support: PDF output (pdfTeX)
\l__color_backend_stack_int=\count295
\l__pdf_internal_box=\box54
))
Package: xparse 2024-08-16 L3 Experimental document command parser
) (/usr/local/texlive/2025/texmf-dist/tex/latex/zref/zref-abspage.sty
Package: zref-abspage 2023-09-14 v2.35 Module abspage for zref (HO)

(/usr/local/texlive/2025/texmf-dist/tex/latex/zref/zref-base.sty
Package: zref-base 2023-09-14 v2.35 Module base for zref (HO)

(/usr/local/texlive/2025/texmf-dist/tex/generic/etexcmds/etexcmds.sty
Package: etexcmds 2019/12/15 v1.7 Avoid name clashes with e-TeX commands (HO)
)
(/usr/local/texlive/2025/texmf-dist/tex/latex/auxhook/auxhook.sty
Package: auxhook 2019-12-17 v1.6 Hooks for auxiliary files (HO)
)
Package zref Info: New property list: main on input line 767.
Package zref Info: New property: default on input line 768.
Package zref Info: New property: page on input line 769.
)
\c@abspage=\count296
Package zref Info: New property: abspage on input line 67.
)
(/usr/local/texlive/2025/texmf-dist/tex/latex/needspace/needspace.sty
Package: needspace 2010/09/12 v1.3d reserve vertical space
)
\mdf@templength=\skip58
\c@mdf@globalstyle@cnt=\count297
\mdf@skipabove@length=\skip59
\mdf@skipbelow@length=\skip60
\mdf@leftmargin@length=\skip61
\mdf@rightmargin@length=\skip62
\mdf@innerleftmargin@length=\skip63
\mdf@innerrightmargin@length=\skip64
\mdf@innertopmargin@length=\skip65
\mdf@innerbottommargin@length=\skip66
\mdf@splittopskip@length=\skip67
\mdf@splitbottomskip@length=\skip68
\mdf@outermargin@length=\skip69
\mdf@innermargin@length=\skip70
\mdf@linewidth@length=\skip71
\mdf@innerlinewidth@length=\skip72
\mdf@middlelinewidth@length=\skip73
\mdf@outerlinewidth@length=\skip74
\mdf@roundcorner@length=\skip75
\mdf@footenotedistance@length=\skip76
\mdf@userdefinedwidth@length=\skip77
\mdf@needspace@length=\skip78
\mdf@frametitleaboveskip@length=\skip79
\mdf@frametitlebelowskip@length=\skip80
\mdf@frametitlerulewidth@length=\skip81
\mdf@frametitleleftmargin@length=\skip82
\mdf@frametitlerightmargin@length=\skip83
\mdf@shadowsize@length=\skip84
\mdf@extratopheight@length=\skip85
\mdf@subtitleabovelinewidth@length=\skip86
\mdf@subtitlebelowlinewidth@length=\skip87
\mdf@subtitleaboveskip@length=\skip88
\mdf@subtitlebelowskip@length=\skip89
\mdf@subtitleinneraboveskip@length=\skip90
\mdf@subtitleinnerbelowskip@length=\skip91
\mdf@subsubtitleabovelinewidth@length=\skip92
\mdf@subsubtitlebelowlinewidth@length=\skip93
\mdf@subsubtitleaboveskip@length=\skip94
\mdf@subsubtitlebelowskip@length=\skip95
\mdf@subsubtitleinneraboveskip@length=\skip96
\mdf@subsubtitleinnerbelowskip@length=\skip97

(/usr/local/texlive/2025/texmf-dist/tex/latex/mdframed/md-frame-0.mdf
File: md-frame-0.mdf 2013/07/01\ 1.9b: md-frame-0
)
\mdf@frametitlebox=\box55
\mdf@footnotebox=\box56
\mdf@splitbox@one=\box57
\mdf@splitbox@two=\box58
\mdf@splitbox@save=\box59
\mdfsplitboxwidth=\skip98
\mdfsplitboxtotalwidth=\skip99
\mdfsplitboxheight=\skip100
\mdfsplitboxdepth=\skip101
\mdfsplitboxtotalheight=\skip102
\mdfframetitleboxwidth=\skip103
\mdfframetitleboxtotalwidth=\skip104
\mdfframetitleboxheight=\skip105
\mdfframetitleboxdepth=\skip106
\mdfframetitleboxtotalheight=\skip107
\mdffootnoteboxwidth=\skip108
\mdffootnoteboxtotalwidth=\skip109
\mdffootnoteboxheight=\skip110
\mdffootnoteboxdepth=\skip111
\mdffootnoteboxtotalheight=\skip112
\mdftotallinewidth=\skip113
\mdfboundingboxwidth=\skip114
\mdfboundingboxtotalwidth=\skip115
\mdfboundingboxheight=\skip116
\mdfboundingboxdepth=\skip117
\mdfboundingboxtotalheight=\skip118
\mdf@freevspace@length=\skip119
\mdf@horizontalwidthofbox@length=\skip120
\mdf@verticalmarginwhole@length=\skip121
\mdf@horizontalspaceofbox=\skip122
\mdfsubtitleheight=\skip123
\mdfsubsubtitleheight=\skip124
\c@mdfcountframes=\count298

****** mdframed patching \endmdf@trivlist

****** -- success******

\mdf@envdepth=\count299
\c@mdf@env@i=\count300
\c@mdf@env@ii=\count301
\c@mdf@zref@counter=\count302
Package zref Info: New property: mdf@pagevalue on input line 895.
)
(/usr/local/texlive/2025/texmf-dist/tex/latex/tcolorbox/tcolorbox.sty
Package: tcolorbox 2024/10/22 version 6.4.1 text color boxes

(/usr/local/texlive/2025/texmf-dist/tex/latex/pgf/frontendlayer/tikz.sty
(/usr/local/texlive/2025/texmf-dist/tex/latex/pgf/basiclayer/pgf.sty
(/usr/local/texlive/2025/texmf-dist/tex/latex/pgf/utilities/pgfrcs.sty
(/usr/local/texlive/2025/texmf-dist/tex/generic/pgf/utilities/pgfutil-common.te
x
\pgfutil@everybye=\toks31
\pgfutil@tempdima=\dimen157
\pgfutil@tempdimb=\dimen158
)
(/usr/local/texlive/2025/texmf-dist/tex/generic/pgf/utilities/pgfutil-latex.def
\pgfutil@abb=\box60
) (/usr/local/texlive/2025/texmf-dist/tex/generic/pgf/utilities/pgfrcs.code.tex
(/usr/local/texlive/2025/texmf-dist/tex/generic/pgf/pgf.revision.tex)
Package: pgfrcs 2023-01-15 v3.1.10 (3.1.10)
))
Package: pgf 2023-01-15 v3.1.10 (3.1.10)

(/usr/local/texlive/2025/texmf-dist/tex/latex/pgf/basiclayer/pgfcore.sty
(/usr/local/texlive/2025/texmf-dist/tex/latex/pgf/systemlayer/pgfsys.sty
(/usr/local/texlive/2025/texmf-dist/tex/generic/pgf/systemlayer/pgfsys.code.tex
Package: pgfsys 2023-01-15 v3.1.10 (3.1.10)
(/usr/local/texlive/2025/texmf-dist/tex/generic/pgf/utilities/pgfkeys.code.tex
\pgfkeys@pathtoks=\toks32
\pgfkeys@temptoks=\toks33

(/usr/local/texlive/2025/texmf-dist/tex/generic/pgf/utilities/pgfkeyslibraryfil
tered.code.tex
\pgfkeys@tmptoks=\toks34
))
\pgf@x=\dimen159
\pgf@y=\dimen160
\pgf@xa=\dimen161
\pgf@ya=\dimen162
\pgf@xb=\dimen163
\pgf@yb=\dimen164
\pgf@xc=\dimen165
\pgf@yc=\dimen166
\pgf@xd=\dimen167
\pgf@yd=\dimen168
\w@pgf@writea=\write3
\r@pgf@reada=\read2
\c@pgf@counta=\count303
\c@pgf@countb=\count304
\c@pgf@countc=\count305
\c@pgf@countd=\count306
\t@pgf@toka=\toks35
\t@pgf@tokb=\toks36
\t@pgf@tokc=\toks37
\pgf@sys@id@count=\count307

(/usr/local/texlive/2025/texmf-dist/tex/generic/pgf/systemlayer/pgf.cfg
File: pgf.cfg 2023-01-15 v3.1.10 (3.1.10)
)
Driver file for pgf: pgfsys-pdftex.def

(/usr/local/texlive/2025/texmf-dist/tex/generic/pgf/systemlayer/pgfsys-pdftex.d
ef
File: pgfsys-pdftex.def 2023-01-15 v3.1.10 (3.1.10)

(/usr/local/texlive/2025/texmf-dist/tex/generic/pgf/systemlayer/pgfsys-common-p
df.def
File: pgfsys-common-pdf.def 2023-01-15 v3.1.10 (3.1.10)
)))
(/usr/local/texlive/2025/texmf-dist/tex/generic/pgf/systemlayer/pgfsyssoftpath.
code.tex
File: pgfsyssoftpath.code.tex 2023-01-15 v3.1.10 (3.1.10)
\pgfsyssoftpath@smallbuffer@items=\count308
\pgfsyssoftpath@bigbuffer@items=\count309
)
(/usr/local/texlive/2025/texmf-dist/tex/generic/pgf/systemlayer/pgfsysprotocol.
code.tex
File: pgfsysprotocol.code.tex 2023-01-15 v3.1.10 (3.1.10)
))
(/usr/local/texlive/2025/texmf-dist/tex/generic/pgf/basiclayer/pgfcore.code.tex
Package: pgfcore 2023-01-15 v3.1.10 (3.1.10)
(/usr/local/texlive/2025/texmf-dist/tex/generic/pgf/math/pgfmath.code.tex
(/usr/local/texlive/2025/texmf-dist/tex/generic/pgf/math/pgfmathutil.code.tex)
(/usr/local/texlive/2025/texmf-dist/tex/generic/pgf/math/pgfmathparser.code.tex
\pgfmath@dimen=\dimen169
\pgfmath@count=\count310
\pgfmath@box=\box61
\pgfmath@toks=\toks38
\pgfmath@stack@operand=\toks39
\pgfmath@stack@operation=\toks40
)
(/usr/local/texlive/2025/texmf-dist/tex/generic/pgf/math/pgfmathfunctions.code.
tex)
(/usr/local/texlive/2025/texmf-dist/tex/generic/pgf/math/pgfmathfunctions.basic
.code.tex)
(/usr/local/texlive/2025/texmf-dist/tex/generic/pgf/math/pgfmathfunctions.trigo
nometric.code.tex)
(/usr/local/texlive/2025/texmf-dist/tex/generic/pgf/math/pgfmathfunctions.rando
m.code.tex)
(/usr/local/texlive/2025/texmf-dist/tex/generic/pgf/math/pgfmathfunctions.compa
rison.code.tex)
(/usr/local/texlive/2025/texmf-dist/tex/generic/pgf/math/pgfmathfunctions.base.
code.tex)
(/usr/local/texlive/2025/texmf-dist/tex/generic/pgf/math/pgfmathfunctions.round
.code.tex)
(/usr/local/texlive/2025/texmf-dist/tex/generic/pgf/math/pgfmathfunctions.misc.
code.tex)
(/usr/local/texlive/2025/texmf-dist/tex/generic/pgf/math/pgfmathfunctions.integ
erarithmetics.code.tex)
(/usr/local/texlive/2025/texmf-dist/tex/generic/pgf/math/pgfmathcalc.code.tex)
(/usr/local/texlive/2025/texmf-dist/tex/generic/pgf/math/pgfmathfloat.code.tex
\c@pgfmathroundto@lastzeros=\count311
)) (/usr/local/texlive/2025/texmf-dist/tex/generic/pgf/math/pgfint.code.tex)
(/usr/local/texlive/2025/texmf-dist/tex/generic/pgf/basiclayer/pgfcorepoints.co
de.tex
File: pgfcorepoints.code.tex 2023-01-15 v3.1.10 (3.1.10)
\pgf@picminx=\dimen170
\pgf@picmaxx=\dimen171
\pgf@picminy=\dimen172
\pgf@picmaxy=\dimen173
\pgf@pathminx=\dimen174
\pgf@pathmaxx=\dimen175
\pgf@pathminy=\dimen176
\pgf@pathmaxy=\dimen177
\pgf@xx=\dimen178
\pgf@xy=\dimen179
\pgf@yx=\dimen180
\pgf@yy=\dimen181
\pgf@zx=\dimen182
\pgf@zy=\dimen183
)
(/usr/local/texlive/2025/texmf-dist/tex/generic/pgf/basiclayer/pgfcorepathconst
ruct.code.tex
File: pgfcorepathconstruct.code.tex 2023-01-15 v3.1.10 (3.1.10)
\pgf@path@lastx=\dimen184
\pgf@path@lasty=\dimen185
)
(/usr/local/texlive/2025/texmf-dist/tex/generic/pgf/basiclayer/pgfcorepathusage
.code.tex
File: pgfcorepathusage.code.tex 2023-01-15 v3.1.10 (3.1.10)
\pgf@shorten@end@additional=\dimen186
\pgf@shorten@start@additional=\dimen187
)
(/usr/local/texlive/2025/texmf-dist/tex/generic/pgf/basiclayer/pgfcorescopes.co
de.tex
File: pgfcorescopes.code.tex 2023-01-15 v3.1.10 (3.1.10)
\pgfpic=\box62
\pgf@hbox=\box63
\pgf@layerbox@main=\box64
\pgf@picture@serial@count=\count312
)
(/usr/local/texlive/2025/texmf-dist/tex/generic/pgf/basiclayer/pgfcoregraphicst
ate.code.tex
File: pgfcoregraphicstate.code.tex 2023-01-15 v3.1.10 (3.1.10)
\pgflinewidth=\dimen188
)
(/usr/local/texlive/2025/texmf-dist/tex/generic/pgf/basiclayer/pgfcoretransform
ations.code.tex
File: pgfcoretransformations.code.tex 2023-01-15 v3.1.10 (3.1.10)
\pgf@pt@x=\dimen189
\pgf@pt@y=\dimen190
\pgf@pt@temp=\dimen191
)
(/usr/local/texlive/2025/texmf-dist/tex/generic/pgf/basiclayer/pgfcorequick.cod
e.tex
File: pgfcorequick.code.tex 2023-01-15 v3.1.10 (3.1.10)
)
(/usr/local/texlive/2025/texmf-dist/tex/generic/pgf/basiclayer/pgfcoreobjects.c
ode.tex
File: pgfcoreobjects.code.tex 2023-01-15 v3.1.10 (3.1.10)
)
(/usr/local/texlive/2025/texmf-dist/tex/generic/pgf/basiclayer/pgfcorepathproce
ssing.code.tex
File: pgfcorepathprocessing.code.tex 2023-01-15 v3.1.10 (3.1.10)
)
(/usr/local/texlive/2025/texmf-dist/tex/generic/pgf/basiclayer/pgfcorearrows.co
de.tex
File: pgfcorearrows.code.tex 2023-01-15 v3.1.10 (3.1.10)
\pgfarrowsep=\dimen192
)
(/usr/local/texlive/2025/texmf-dist/tex/generic/pgf/basiclayer/pgfcoreshade.cod
e.tex
File: pgfcoreshade.code.tex 2023-01-15 v3.1.10 (3.1.10)
\pgf@max=\dimen193
\pgf@sys@shading@range@num=\count313
\pgf@shadingcount=\count314
)
(/usr/local/texlive/2025/texmf-dist/tex/generic/pgf/basiclayer/pgfcoreimage.cod
e.tex
File: pgfcoreimage.code.tex 2023-01-15 v3.1.10 (3.1.10)
)
(/usr/local/texlive/2025/texmf-dist/tex/generic/pgf/basiclayer/pgfcoreexternal.
code.tex
File: pgfcoreexternal.code.tex 2023-01-15 v3.1.10 (3.1.10)
\pgfexternal@startupbox=\box65
)
(/usr/local/texlive/2025/texmf-dist/tex/generic/pgf/basiclayer/pgfcorelayers.co
de.tex
File: pgfcorelayers.code.tex 2023-01-15 v3.1.10 (3.1.10)
)
(/usr/local/texlive/2025/texmf-dist/tex/generic/pgf/basiclayer/pgfcoretranspare
ncy.code.tex
File: pgfcoretransparency.code.tex 2023-01-15 v3.1.10 (3.1.10)
)
(/usr/local/texlive/2025/texmf-dist/tex/generic/pgf/basiclayer/pgfcorepatterns.
code.tex
File: pgfcorepatterns.code.tex 2023-01-15 v3.1.10 (3.1.10)
)
(/usr/local/texlive/2025/texmf-dist/tex/generic/pgf/basiclayer/pgfcorerdf.code.
tex
File: pgfcorerdf.code.tex 2023-01-15 v3.1.10 (3.1.10)
)))
(/usr/local/texlive/2025/texmf-dist/tex/generic/pgf/modules/pgfmoduleshapes.cod
e.tex
File: pgfmoduleshapes.code.tex 2023-01-15 v3.1.10 (3.1.10)
\pgfnodeparttextbox=\box66
)
(/usr/local/texlive/2025/texmf-dist/tex/generic/pgf/modules/pgfmoduleplot.code.
tex
File: pgfmoduleplot.code.tex 2023-01-15 v3.1.10 (3.1.10)
)
(/usr/local/texlive/2025/texmf-dist/tex/latex/pgf/compatibility/pgfcomp-version
-0-65.sty
Package: pgfcomp-version-0-65 2023-01-15 v3.1.10 (3.1.10)
\pgf@nodesepstart=\dimen194
\pgf@nodesepend=\dimen195
)
(/usr/local/texlive/2025/texmf-dist/tex/latex/pgf/compatibility/pgfcomp-version
-1-18.sty
Package: pgfcomp-version-1-18 2023-01-15 v3.1.10 (3.1.10)
))
(/usr/local/texlive/2025/texmf-dist/tex/latex/pgf/utilities/pgffor.sty
(/usr/local/texlive/2025/texmf-dist/tex/latex/pgf/utilities/pgfkeys.sty
(/usr/local/texlive/2025/texmf-dist/tex/generic/pgf/utilities/pgfkeys.code.tex)
) (/usr/local/texlive/2025/texmf-dist/tex/latex/pgf/math/pgfmath.sty
(/usr/local/texlive/2025/texmf-dist/tex/generic/pgf/math/pgfmath.code.tex))
(/usr/local/texlive/2025/texmf-dist/tex/generic/pgf/utilities/pgffor.code.tex
Package: pgffor 2023-01-15 v3.1.10 (3.1.10)
\pgffor@iter=\dimen196
\pgffor@skip=\dimen197
\pgffor@stack=\toks41
\pgffor@toks=\toks42
))
(/usr/local/texlive/2025/texmf-dist/tex/generic/pgf/frontendlayer/tikz/tikz.cod
e.tex
Package: tikz 2023-01-15 v3.1.10 (3.1.10)

(/usr/local/texlive/2025/texmf-dist/tex/generic/pgf/libraries/pgflibraryplothan
dlers.code.tex
File: pgflibraryplothandlers.code.tex 2023-01-15 v3.1.10 (3.1.10)
\pgf@plot@mark@count=\count315
\pgfplotmarksize=\dimen198
)
\tikz@lastx=\dimen199
\tikz@lasty=\dimen256
\tikz@lastxsaved=\dimen257
\tikz@lastysaved=\dimen258
\tikz@lastmovetox=\dimen259
\tikz@lastmovetoy=\dimen260
\tikzleveldistance=\dimen261
\tikzsiblingdistance=\dimen262
\tikz@figbox=\box67
\tikz@figbox@bg=\box68
\tikz@tempbox=\box69
\tikz@tempbox@bg=\box70
\tikztreelevel=\count316
\tikznumberofchildren=\count317
\tikznumberofcurrentchild=\count318
\tikz@fig@count=\count319

(/usr/local/texlive/2025/texmf-dist/tex/generic/pgf/modules/pgfmodulematrix.cod
e.tex
File: pgfmodulematrix.code.tex 2023-01-15 v3.1.10 (3.1.10)
\pgfmatrixcurrentrow=\count320
\pgfmatrixcurrentcolumn=\count321
\pgf@matrix@numberofcolumns=\count322
)
\tikz@expandcount=\count323

(/usr/local/texlive/2025/texmf-dist/tex/generic/pgf/frontendlayer/tikz/librarie
s/tikzlibrarytopaths.code.tex
File: tikzlibrarytopaths.code.tex 2023-01-15 v3.1.10 (3.1.10)
)))
(/usr/local/texlive/2025/texmf-dist/tex/latex/tools/verbatim.sty
Package: verbatim 2024-01-22 v1.5x LaTeX2e package for verbatim enhancements
\every@verbatim=\toks43
\verbatim@line=\toks44
\verbatim@in@stream=\read3
)
(/usr/local/texlive/2025/texmf-dist/tex/latex/environ/environ.sty
Package: environ 2014/05/04 v0.3 A new way to define environments

(/usr/local/texlive/2025/texmf-dist/tex/latex/trimspaces/trimspaces.sty
Package: trimspaces 2009/09/17 v1.1 Trim spaces around a token list
))
\tcb@titlebox=\box71
\tcb@upperbox=\box72
\tcb@lowerbox=\box73
\tcb@phantombox=\box74
\c@tcbbreakpart=\count324
\c@tcblayer=\count325
\c@tcolorbox@number=\count326
\l__tcobox_tmpa_box=\box75
\l__tcobox_tmpa_dim=\dimen263
\tcb@temp=\box76
\tcb@temp=\box77
\tcb@temp=\box78
\tcb@temp=\box79

(/usr/local/texlive/2025/texmf-dist/tex/latex/tcolorbox/tcbraster.code.tex
Library (tcolorbox): 'tcbraster.code.tex' version '6.4.1'
\c@tcbrastercolumn=\count327
\c@tcbrasterrow=\count328
\c@tcbrasternum=\count329
\c@tcbraster=\count330
) (/usr/local/texlive/2025/texmf-dist/tex/latex/tcolorbox/tcbskins.code.tex
Library (tcolorbox): 'tcbskins.code.tex' version '6.4.1'
(/usr/local/texlive/2025/texmf-dist/tex/latex/tikzfill/tikzfill.image.sty
Package: tikzfill.image 2023/08/08 v1.0.1 Image filling library for TikZ

(/usr/local/texlive/2025/texmf-dist/tex/latex/tikzfill/tikzfill-common.sty
Package: tikzfill-common 2023/08/08 v1.0.1 Auxiliary code for tikzfill
)
(/usr/local/texlive/2025/texmf-dist/tex/latex/tikzfill/tikzlibraryfill.image.co
de.tex
File: tikzlibraryfill.image.code.tex 2023/08/08 v1.0.1 Image filling library
\l__tikzfill_img_box=\box80
))
(/usr/local/texlive/2025/texmf-dist/tex/latex/tcolorbox/tcbskinsjigsaw.code.tex
Library (tcolorbox): 'tcbskinsjigsaw.code.tex' version '6.4.1'
))
(/usr/local/texlive/2025/texmf-dist/tex/latex/tcolorbox/tcbbreakable.code.tex
Library (tcolorbox): 'tcbbreakable.code.tex' version '6.4.1'
(/usr/local/texlive/2025/texmf-dist/tex/latex/pdfcol/pdfcol.sty
Package: pdfcol 2022-09-21 v1.7 Handle new color stacks for pdfTeX (HO)
)
Package pdfcol Info: New color stack `tcb@breakable' = 1 on input line 23.
\tcb@testbox=\box81
\tcb@totalupperbox=\box82
\tcb@totallowerbox=\box83
)
(/usr/local/texlive/2025/texmf-dist/tex/latex/tcolorbox/tcbhooks.code.tex
Library (tcolorbox): 'tcbhooks.code.tex' version '6.4.1'
) (/usr/local/texlive/2025/texmf-dist/tex/latex/tcolorbox/tcbtheorems.code.tex
Library (tcolorbox): 'tcbtheorems.code.tex' version '6.4.1'
) (/usr/local/texlive/2025/texmf-dist/tex/latex/tcolorbox/tcbfitting.code.tex
Library (tcolorbox): 'tcbfitting.code.tex' version '6.4.1'
\tcbfitdim=\dimen264
\tcb@lowerfitdim=\dimen265
\tcb@upperfitdim=\dimen266
\tcb@cur@hbadness=\count331
)
(/usr/local/texlive/2025/texmf-dist/tex/latex/tcolorbox/tcblistingsutf8.code.te
x
Library (tcolorbox): 'tcblistingsutf8.code.tex' version '6.4.1'
(/usr/local/texlive/2025/texmf-dist/tex/latex/tcolorbox/tcblistings.code.tex
Library (tcolorbox): 'tcblistings.code.tex' version '6.4.1'
(/usr/local/texlive/2025/texmf-dist/tex/latex/listings/listings.sty
\lst@mode=\count332
\lst@gtempboxa=\box84
\lst@token=\toks45
\lst@length=\count333
\lst@currlwidth=\dimen267
\lst@column=\count334
\lst@pos=\count335
\lst@lostspace=\dimen268
\lst@width=\dimen269
\lst@newlines=\count336
\lst@lineno=\count337
\lst@maxwidth=\dimen270

(/usr/local/texlive/2025/texmf-dist/tex/latex/listings/lstpatch.sty
File: lstpatch.sty 2024/09/23 1.10c (Carsten Heinz)
)
(/usr/local/texlive/2025/texmf-dist/tex/latex/listings/lstmisc.sty
File: lstmisc.sty 2024/09/23 1.10c (Carsten Heinz)
\c@lstnumber=\count338
\lst@skipnumbers=\count339
\lst@framebox=\box85
)
(/usr/local/texlive/2025/texmf-dist/tex/latex/listings/listings.cfg
File: listings.cfg 2024/09/23 1.10c listings configuration
))
Package: listings 2024/09/23 1.10c (Carsten Heinz)

(/usr/local/texlive/2025/texmf-dist/tex/latex/tcolorbox/tcblistingscore.code.te
x
Library (tcolorbox): 'tcblistingscore.code.tex' version '6.4.1'
(/usr/local/texlive/2025/texmf-dist/tex/latex/tcolorbox/tcbprocessing.code.tex
Library (tcolorbox): 'tcbprocessing.code.tex' version '6.4.1'
)
\c@tcblisting=\count340
)) (/usr/local/texlive/2025/texmf-dist/tex/latex/listingsutf8/listingsutf8.sty
Package: listingsutf8 2019-12-10 v1.5 Allow UTF-8 in listings input (HO)
)) (/usr/local/texlive/2025/texmf-dist/tex/latex/tcolorbox/tcbexternal.code.tex
Library (tcolorbox): 'tcbexternal.code.tex' version '6.4.1'
) (/usr/local/texlive/2025/texmf-dist/tex/latex/tcolorbox/tcbmagazine.code.tex
Library (tcolorbox): 'tcbmagazine.code.tex' version '6.4.1'
) (/usr/local/texlive/2025/texmf-dist/tex/latex/tcolorbox/tcbvignette.code.tex
Library (tcolorbox): 'tcbvignette.code.tex' version '6.4.1'

(/usr/local/texlive/2025/texmf-dist/tex/generic/pgf/frontendlayer/tikz/librarie
s/tikzlibraryfadings.code.tex
File: tikzlibraryfadings.code.tex 2023-01-15 v3.1.10 (3.1.10)

(/usr/local/texlive/2025/texmf-dist/tex/generic/pgf/libraries/pgflibraryfadings
.code.tex
File: pgflibraryfadings.code.tex 2023-01-15 v3.1.10 (3.1.10)
)))
(/usr/local/texlive/2025/texmf-dist/tex/latex/tcolorbox/tcbposter.code.tex
Library (tcolorbox): 'tcbposter.code.tex' version '6.4.1'
)) (/usr/local/texlive/2025/texmf-dist/tex/latex/booktabs/booktabs.sty
Package: booktabs 2020/01/12 v1.61803398 Publication quality tables
\heavyrulewidth=\dimen271
\lightrulewidth=\dimen272
\cmidrulewidth=\dimen273
\belowrulesep=\dimen274
\belowbottomsep=\dimen275
\aboverulesep=\dimen276
\abovetopsep=\dimen277
\cmidrulesep=\dimen278
\cmidrulekern=\dimen279
\defaultaddspace=\dimen280
\@cmidla=\count341
\@cmidlb=\count342
\@aboverulesep=\dimen281
\@belowrulesep=\dimen282
\@thisruleclass=\count343
\@lastruleclass=\count344
\@thisrulewidth=\dimen283
)
(/usr/local/texlive/2025/texmf-dist/tex/latex/enumitem/enumitem.sty
Package: enumitem 2025/02/06 v3.11 Customized lists
\labelindent=\skip125
\enit@outerparindent=\dimen284
\enit@toks=\toks46
\enit@inbox=\box86
\enit@count@id=\count345
\enitdp@description=\count346
)
(/usr/local/texlive/2025/texmf-dist/tex/latex/graphics/dvipsnam.def
File: dvipsnam.def 2016/06/17 v3.0m Driver-dependent file (DPC,SPQR)
)
\c@definition=\count347
\c@theorem=\count348
Package hyperref Info: Option `colorlinks' set `true' on input line 60.

(./includes/EDC_MACROS_COMPLETE.tex) (./main.aux)
\openout1 = `main.aux'.

LaTeX Font Info:    Checking defaults for OML/cmm/m/it on input line 94.
LaTeX Font Info:    ... okay on input line 94.
LaTeX Font Info:    Checking defaults for OMS/cmsy/m/n on input line 94.
LaTeX Font Info:    ... okay on input line 94.
LaTeX Font Info:    Checking defaults for OT1/cmr/m/n on input line 94.
LaTeX Font Info:    ... okay on input line 94.
LaTeX Font Info:    Checking defaults for T1/cmr/m/n on input line 94.
LaTeX Font Info:    ... okay on input line 94.
LaTeX Font Info:    Checking defaults for TS1/cmr/m/n on input line 94.
LaTeX Font Info:    ... okay on input line 94.
LaTeX Font Info:    Checking defaults for OMX/cmex/m/n on input line 94.
LaTeX Font Info:    ... okay on input line 94.
LaTeX Font Info:    Checking defaults for U/cmr/m/n on input line 94.
LaTeX Font Info:    ... okay on input line 94.
LaTeX Font Info:    Checking defaults for LGR/cmr/m/n on input line 94.
LaTeX Font Info:    Trying to load font information for LGR+cmr on input line 9
4.

(/usr/local/texlive/2025/texmf-dist/tex/latex/cbfonts-fd/lgrcmr.fd
File: lgrcmr.fd 2017/07/29 v1.2 Greek European Computer Regular
)
LaTeX Font Info:    ... okay on input line 94.
LaTeX Font Info:    Checking defaults for PD1/pdf/m/n on input line 94.
LaTeX Font Info:    ... okay on input line 94.
LaTeX Font Info:    Checking defaults for PU/pdf/m/n on input line 94.
LaTeX Font Info:    ... okay on input line 94.

(/usr/local/texlive/2025/texmf-dist/tex/context/base/mkii/supp-pdf.mkii
[Loading MPS to PDF converter (version 2006.09.02).]
\scratchcounter=\count349
\scratchdimen=\dimen285
\scratchbox=\box87
\nofMPsegments=\count350
\nofMParguments=\count351
\everyMPshowfont=\toks47
\MPscratchCnt=\count352
\MPscratchDim=\dimen286
\MPnumerator=\count353
\makeMPintoPDFobject=\count354
\everyMPtoPDFconversion=\toks48
) (/usr/local/texlive/2025/texmf-dist/tex/latex/epstopdf-pkg/epstopdf-base.sty
Package: epstopdf-base 2020-01-24 v2.11 Base part for package epstopdf

(/usr/local/texlive/2025/texmf-dist/tex/latex/grfext/grfext.sty
Package: grfext 2019/12/03 v1.3 Manage graphics extensions (HO)
)
Package epstopdf-base Info: Redefining graphics rule for `.eps' on input line 4
85.
Package grfext Info: Graphics extension search list:
(grfext)             [.pdf,.png,.jpg,.mps,.jpeg,.jbig2,.jb2,.PDF,.PNG,.JPG,.JPE
G,.JBIG2,.JB2,.eps]
(grfext)             \AppendGraphicsExtensions on input line 504.

(/usr/local/texlive/2025/texmf-dist/tex/latex/latexconfig/epstopdf-sys.cfg
File: epstopdf-sys.cfg 2010/07/13 v1.3 Configuration of (r)epstopdf for TeX Liv
e
))
Package hyperref Info: Link coloring ON on input line 94.

(./main.out) (./main.out)
\@outlinefile=\write4
\openout4 = `main.out'.

\c@lstlisting=\count355
LaTeX Font Info:    Trying to load font information for U+msa on input line 99.


(/usr/local/texlive/2025/texmf-dist/tex/latex/amsfonts/umsa.fd
File: umsa.fd 2013/01/14 v3.01 AMS symbols A
)
LaTeX Font Info:    Trying to load font information for U+msb on input line 99.


(/usr/local/texlive/2025/texmf-dist/tex/latex/amsfonts/umsb.fd
File: umsb.fd 2013/01/14 v3.01 AMS symbols B
)

[1



{/usr/local/texlive/2025/texmf-var/fonts/map/pdftex/updmap/pdftex.map}{/usr/loc
al/texlive/2025/texmf-dist/fonts/enc/dvips/cm-super/cm-super-t1.enc}]

[2

] (./main.toc

[3]

[4]

[5]

[6]

[7{/usr/local/texlive/2025/texmf-dist/fonts/enc/dvips/cm-super/cm-super-ts1.enc
}]

[8]

[9]

[10]

[11])
\tf@toc=\write5
\openout5 = `main.toc'.



[12]

[13

]

[14

] (./bridge/BASELINE_CONSTANTS_TABLE.tex
Overfull \hbox (64.59134pt too wide) in paragraph at lines 14--50
 [][] 
 []

)

[15]

[16

] (./bridge/chapter_0_bridge.tex
Chapter 1.


[1

]
Overfull \hbox (3.44778pt too wide) in paragraph at lines 78--79
\T1/cmr/bx/n/12 Geometric Ori-gin\T1/cmr/m/n/12 : Asym-met-ric Y-junction ($\OT
1/cmr/m/n/12 60[]$ \T1/cmr/m/n/12 an-gle) vs sym-met-ric ($\OT1/cmr/m/n/12 120[
]$\T1/cmr/m/n/12 ). 
 []



[2]
Overfull \hbox (7.16998pt too wide) in paragraph at lines 117--117
[]\T1/cmr/bx/n/17.28 Particle Struc-tures (DO NOT RE-DERIVE) 
 []


Package hyperref Warning: Token not allowed in a PDF string (Unicode):
(hyperref)                removing `math shift' on input line 124.


Package hyperref Warning: Token not allowed in a PDF string (Unicode):
(hyperref)                removing `superscript' on input line 124.


Package hyperref Warning: Token not allowed in a PDF string (Unicode):
(hyperref)                removing `\circ' on input line 124.


Package hyperref Warning: Token not allowed in a PDF string (Unicode):
(hyperref)                removing `math shift' on input line 124.


Package hyperref Warning: Token not allowed in a PDF string (Unicode):
(hyperref)                removing `math shift' on input line 134.


Package hyperref Warning: Token not allowed in a PDF string (Unicode):
(hyperref)                removing `superscript' on input line 134.


Package hyperref Warning: Token not allowed in a PDF string (Unicode):
(hyperref)                removing `\circ' on input line 134.


Package hyperref Warning: Token not allowed in a PDF string (Unicode):
(hyperref)                removing `math shift' on input line 134.


Package hyperref Warning: Token not allowed in a PDF string (Unicode):
(hyperref)                removing `math shift' on input line 144.


Package hyperref Warning: Token not allowed in a PDF string (Unicode):
(hyperref)                removing `superscript' on input line 144.


Package hyperref Warning: Token not allowed in a PDF string (Unicode):
(hyperref)                removing `math shift' on input line 144.



[3]

[4]

[5]

[6]

[7]) (./bridge/EPISTEMIC_STANDARD_COMPLETE_FINAL.tex

[8]

[9]

[10]
Overfull \hbox (4.97397pt too wide) in paragraph at lines 127--128
 [] 
 []


Overfull \hbox (30.74173pt too wide) in paragraph at lines 145--146
\T1/cmr/m/n/12 Empirical mea-sure-ment or con-sen-sus value used as ref-er-ence
 (e.g. CO-DATA/PDG/-
 []



[11]

[12])

[13]

[14

]

[15]

[16] (./part1/chapter_01_weak_interface.tex
Chapter 2.

Underfull \vbox (badness 10000) has occurred while \output is active []



[17

]
Package mdframed Info: mdframed works in twoside mode on input line 74.
Package mdframed Info: mdframed detected package amsthm 
 changed the theorem header of amsthm
(mdframed)              on input line 74.
Package mdframed Info: mdframed detected package amsthm 
 changed the theorem header of amsthm
(mdframed)              on input line 93.


[18]
Overfull \hbox (11.46214pt too wide) in paragraph at lines 126--136
 [] 
 []



[19]

[20]
Package mdframed Info: mdframed works in twoside mode on input line 217.
Package mdframed Info: mdframed detected package amsthm 
 changed the theorem header of amsthm
(mdframed)              on input line 217.
Package mdframed Info: mdframed detected package amsthm 
 changed the theorem header of amsthm
(mdframed)              on input line 239.


[21]

Package hyperref Warning: Token not allowed in a PDF string (Unicode):
(hyperref)                removing `math shift' on input line 266.


Package hyperref Warning: Token not allowed in a PDF string (Unicode):
(hyperref)                removing `\to' on input line 266.


Package hyperref Warning: Token not allowed in a PDF string (Unicode):
(hyperref)                removing `math shift' on input line 266.



[22]
Underfull \vbox (badness 10000) has occurred while \output is active []



[23]) (./part1/chapter_02_ontology.tex

[24]
Chapter 3.


[25

]
Package mdframed Info: mdframed works in twoside mode on input line 60.
Package mdframed Info: mdframed detected package amsthm 
 changed the theorem header of amsthm
(mdframed)              on input line 60.
Package mdframed Info: mdframed detected package amsthm 
 changed the theorem header of amsthm
(mdframed)              on input line 79.
Package mdframed Info: mdframed works in twoside mode on input line 86.
Package mdframed Info: mdframed detected package amsthm 
 changed the theorem header of amsthm
(mdframed)              on input line 86.

Overfull \hbox (2.67229pt too wide) in paragraph at lines 95--99
[]\T1/cmr/bx/n/12 Stability [Der]\T1/cmr/m/n/12 : The Stein-er/Lami the-o-rem p
roves $\OT1/cmr/m/n/12 120[]$ \T1/cmr/m/n/12 is the \T1/cmr/m/it/12 unique
 []

Package mdframed Info: mdframed detected package amsthm 
 changed the theorem header of amsthm
(mdframed)              on input line 108.


[26]
Package mdframed Info: mdframed works in twoside mode on input line 115.
Package mdframed Info: mdframed detected package amsthm 
 changed the theorem header of amsthm
(mdframed)              on input line 115.
Package mdframed Info: mdframed detected package amsthm 
 changed the theorem header of amsthm
(mdframed)              on input line 132.


[27]
Package mdframed Info: mdframed works in twoside mode on input line 157.
Package mdframed Info: mdframed detected package amsthm 
 changed the theorem header of amsthm
(mdframed)              on input line 157.
Package mdframed Info: mdframed detected package amsthm 
 changed the theorem header of amsthm
(mdframed)              on input line 167.
Package mdframed Info: mdframed works in twoside mode on input line 171.
Package mdframed Info: mdframed detected package amsthm 
 changed the theorem header of amsthm
(mdframed)              on input line 171.
Package mdframed Info: mdframed detected package amsthm 
 changed the theorem header of amsthm
(mdframed)              on input line 186.
Package mdframed Info: mdframed works in twoside mode on input line 190.
Package mdframed Info: mdframed detected package amsthm 
 changed the theorem header of amsthm
(mdframed)              on input line 190.
Package mdframed Info: mdframed detected package amsthm 
 changed the theorem header of amsthm
(mdframed)              on input line 201.


Package hyperref Warning: Token not allowed in a PDF string (Unicode):
(hyperref)                removing `math shift' on input line 204.


Package hyperref Warning: Token not allowed in a PDF string (Unicode):
(hyperref)                removing `superscript' on input line 204.


Package hyperref Warning: Token not allowed in a PDF string (Unicode):
(hyperref)                removing `math shift' on input line 204.


Package hyperref Warning: Token not allowed in a PDF string (Unicode):
(hyperref)                removing `math shift' on input line 204.


Package hyperref Warning: Token not allowed in a PDF string (Unicode):
(hyperref)                removing `superscript' on input line 204.


Package hyperref Warning: Token not allowed in a PDF string (Unicode):
(hyperref)                removing `math shift' on input line 204.


Underfull \vbox (badness 5022) has occurred while \output is active []



[28]

[29]) (./part1/chapter_03_frozen.tex

[30]
Chapter 4.


[31

]

Package hyperref Warning: Token not allowed in a PDF string (Unicode):
(hyperref)                removing `math shift' on input line 85.


Package hyperref Warning: Token not allowed in a PDF string (Unicode):
(hyperref)                removing `\sigma' on input line 85.


Package hyperref Warning: Token not allowed in a PDF string (Unicode):
(hyperref)                removing `math shift' on input line 85.

Package mdframed Info: mdframed works in twoside mode on input line 87.
Package mdframed Info: mdframed detected package amsthm 
 changed the theorem header of amsthm
(mdframed)              on input line 87.
Package mdframed Info: mdframed detected package amsthm 
 changed the theorem header of amsthm
(mdframed)              on input line 111.
Package mdframed Info: Box was splittet wrong
 starting loop to iterate the splitting point
(mdframed)              on input line 111.


[32]
Package mdframed Info: mdframed works in twoside mode on input line 115.
Package mdframed Info: mdframed detected package amsthm 
 changed the theorem header of amsthm
(mdframed)              on input line 115.

Overfull \hbox (5.82588pt too wide) in paragraph at lines 126--128
[]\T1/cmr/bx/n/12 Physical mean-ing\T1/cmr/m/n/12 : If we POS-TU-LATE that topo
l-ogy can-not change
 []

Package mdframed Info: mdframed detected package amsthm 
 changed the theorem header of amsthm
(mdframed)              on input line 128.


[33]

Package hyperref Warning: Token not allowed in a PDF string (Unicode):
(hyperref)                removing `math shift' on input line 185.


Package hyperref Warning: Token not allowed in a PDF string (Unicode):
(hyperref)                removing `\to' on input line 185.


Package hyperref Warning: Token not allowed in a PDF string (Unicode):
(hyperref)                removing `math shift' on input line 185.

Package mdframed Info: mdframed works in twoside mode on input line 192.
Package mdframed Info: mdframed detected package amsthm 
 changed the theorem header of amsthm
(mdframed)              on input line 192.
Package mdframed Info: mdframed detected package amsthm 
 changed the theorem header of amsthm
(mdframed)              on input line 218.


[34]) (./part1/chapter_04_z6_program.tex

[35]

[36

]
Chapter 5.

Package hyperref Warning: Token not allowed in a PDF string (Unicode):
(hyperref)                removing `math shift' on input line 1.


Package hyperref Warning: Token not allowed in a PDF string (Unicode):
(hyperref)                removing `subscript' on input line 1.


Package hyperref Warning: Token not allowed in a PDF string (Unicode):
(hyperref)                removing `math shift' on input line 1.

Package mdframed Info: mdframed works in twoside mode on input line 49.
Package mdframed Info: mdframed detected package amsthm 
 changed the theorem header of amsthm
(mdframed)              on input line 49.
Package mdframed Info: mdframed detected package amsthm 
 changed the theorem header of amsthm
(mdframed)              on input line 63.
Package mdframed Info: Not enough space on this page on input line 63.


[37]
Package mdframed Info: Not enough space on this page on input line 63.


Package hyperref Warning: Token not allowed in a PDF string (Unicode):
(hyperref)                removing `math shift' on input line 65.


Package hyperref Warning: Token not allowed in a PDF string (Unicode):
(hyperref)                removing `subscript' on input line 65.


Package hyperref Warning: Token not allowed in a PDF string (Unicode):
(hyperref)                removing `math shift' on input line 65.


Package hyperref Warning: Token not allowed in a PDF string (Unicode):
(hyperref)                removing `math shift' on input line 91.


Package hyperref Warning: Token not allowed in a PDF string (Unicode):
(hyperref)                removing `subscript' on input line 91.


Package hyperref Warning: Token not allowed in a PDF string (Unicode):
(hyperref)                removing `math shift' on input line 91.


Package hyperref Warning: Token not allowed in a PDF string (Unicode):
(hyperref)                removing `math shift' on input line 95.


Package hyperref Warning: Token not allowed in a PDF string (Unicode):
(hyperref)                removing `subscript' on input line 95.


Package hyperref Warning: Token not allowed in a PDF string (Unicode):
(hyperref)                removing `math shift' on input line 95.

Package mdframed Info: mdframed works in twoside mode on input line 102.
Package mdframed Info: mdframed detected package amsthm 
 changed the theorem header of amsthm
(mdframed)              on input line 102.
Package mdframed Info: mdframed detected package amsthm 
 changed the theorem header of amsthm
(mdframed)              on input line 122.
Package mdframed Info: Not enough space on this page on input line 122.


[38]
Package mdframed Info: Not enough space on this page on input line 122.


Package hyperref Warning: Token not allowed in a PDF string (Unicode):
(hyperref)                removing `math shift' on input line 141.


Package hyperref Warning: Token not allowed in a PDF string (Unicode):
(hyperref)                removing `subscript' on input line 141.


Package hyperref Warning: Token not allowed in a PDF string (Unicode):
(hyperref)                removing `math shift' on input line 141.

Package mdframed Info: mdframed works in twoside mode on input line 149.
Package mdframed Info: mdframed detected package amsthm 
 changed the theorem header of amsthm
(mdframed)              on input line 149.
Package mdframed Info: mdframed detected package amsthm 
 changed the theorem header of amsthm
(mdframed)              on input line 167.


[39]

Package hyperref Warning: Token not allowed in a PDF string (Unicode):
(hyperref)                removing `math shift' on input line 174.


Package hyperref Warning: Token not allowed in a PDF string (Unicode):
(hyperref)                removing `subscript' on input line 174.


Package hyperref Warning: Token not allowed in a PDF string (Unicode):
(hyperref)                removing `math shift' on input line 174.

Package mdframed Info: mdframed works in twoside mode on input line 185.
Package mdframed Info: mdframed detected package amsthm 
 changed the theorem header of amsthm
(mdframed)              on input line 185.
Package mdframed Info: mdframed detected package amsthm 
 changed the theorem header of amsthm
(mdframed)              on input line 204.


[40]
Package mdframed Info: mdframed works in twoside mode on input line 229.
Package mdframed Info: mdframed detected package amsthm 
 changed the theorem header of amsthm
(mdframed)              on input line 229.
Package mdframed Info: mdframed detected package amsthm 
 changed the theorem header of amsthm
(mdframed)              on input line 245.


[41]) (./part1/chapter_05_case_studies.tex

[42]
Chapter 6.
Package mdframed Info: mdframed works in twoside mode on input line 39.
Package mdframed Info: mdframed detected package amsthm 
 changed the theorem header of amsthm
(mdframed)              on input line 39.
Package mdframed Info: mdframed detected package amsthm 
 changed the theorem header of amsthm
(mdframed)              on input line 59.


[43

]

[44]
Package mdframed Info: mdframed works in twoside mode on input line 153.
Package mdframed Info: mdframed detected package amsthm 
 changed the theorem header of amsthm
(mdframed)              on input line 153.
Package mdframed Info: mdframed detected package amsthm 
 changed the theorem header of amsthm
(mdframed)              on input line 169.


[45]
Package mdframed Info: mdframed works in twoside mode on input line 225.
Package mdframed Info: mdframed detected package amsthm 
 changed the theorem header of amsthm
(mdframed)              on input line 225.
Package mdframed Info: mdframed detected package amsthm 
 changed the theorem header of amsthm
(mdframed)              on input line 238.
Package mdframed Info: Not enough space on this page on input line 238.


[46]
Package mdframed Info: Not enough space on this page on input line 238.
Package mdframed Info: mdframed works in twoside mode on input line 277.
Package mdframed Info: mdframed detected package amsthm 
 changed the theorem header of amsthm
(mdframed)              on input line 277.
Package mdframed Info: mdframed detected package amsthm 
 changed the theorem header of amsthm
(mdframed)              on input line 288.


[47]
Overfull \hbox (88.02185pt too wide) in paragraph at lines 314--329
 [] 
 []


Underfull \vbox (badness 1297) has occurred while \output is active []



[48])

[49]

[50

]

[51]

[52] (./part2/chapter_06_electroweak.tex
Chapter 7.

Package hyperref Warning: Token not allowed in a PDF string (Unicode):
(hyperref)                removing `math shift' on input line 41.


Package hyperref Warning: Token not allowed in a PDF string (Unicode):
(hyperref)                removing `subscript' on input line 41.


Package hyperref Warning: Token not allowed in a PDF string (Unicode):
(hyperref)                removing `math shift' on input line 41.



[53

]
Package mdframed Info: mdframed works in twoside mode on input line 73.
Package mdframed Info: mdframed detected package amsthm 
 changed the theorem header of amsthm
(mdframed)              on input line 73.
Package mdframed Info: mdframed detected package amsthm 
 changed the theorem header of amsthm
(mdframed)              on input line 87.

Underfull \vbox (badness 7685) has occurred while \output is active []



[54]
Overfull \hbox (15.87549pt too wide) in paragraph at lines 134--134
[]\T1/cmr/bx/n/17.28 From Mem-brane Thick-ness to Me-di-a-tor Mass 
 []


Underfull \hbox (badness 1102) in paragraph at lines 139--141
[]\T1/cmr/m/n/12 This sec-tion ex-plains \T1/cmr/bx/n/12 how \T1/cmr/m/n/12 bra
ne ge-om-e-try de-ter-mines me-di-a-tor
 []



[55]

Package hyperref Warning: Token not allowed in a PDF string (Unicode):
(hyperref)                removing `math shift' on input line 204.


Package hyperref Warning: Token not allowed in a PDF string (Unicode):
(hyperref)                removing `\delta' on input line 204.


Package hyperref Warning: Token not allowed in a PDF string (Unicode):
(hyperref)                removing `subscript' on input line 204.


Package hyperref Warning: Token not allowed in a PDF string (Unicode):
(hyperref)                removing `\xi' on input line 204.


Package hyperref Warning: Token not allowed in a PDF string (Unicode):
(hyperref)                removing `math shift' on input line 204.



[56]

[57]) (./part2/chapter_07_leptons.tex

[58]
Chapter 8.


[59

]
Package mdframed Info: mdframed works in twoside mode on input line 51.
Package mdframed Info: mdframed detected package amsthm 
 changed the theorem header of amsthm
(mdframed)              on input line 51.
Package mdframed Info: mdframed detected package amsthm 
 changed the theorem header of amsthm
(mdframed)              on input line 75.


[60]
Overfull \hbox (11.16434pt too wide) in paragraph at lines 140--141
[]\T1/cmr/bx/n/12 Brane re-sponse: \T1/cmr/m/n/12 Mode re-dis-tri-bu-tion oc-cu
rs en-tirely within the brane---
 []



[61]

[62]
Underfull \vbox (badness 10000) has occurred while \output is active []



[63]) (./part2/chapter_08_generations.tex

[64]
Chapter 9.

Overfull \hbox (8.11652pt too wide) in paragraph at lines 7--8
[]\T1/cmr/m/it/12 This chap-ter ad-dresses one of the deep-est puz-zles in par-
ti-cle physics:
 []



[65

]
Package mdframed Info: mdframed works in twoside mode on input line 53.
Package mdframed Info: mdframed detected package amsthm 
 changed the theorem header of amsthm
(mdframed)              on input line 53.

Overfull \hbox (17.32568pt too wide) in paragraph at lines 68--71
\T1/cmr/m/n/12 fermion ``chooses'' one of three an-gu-lar sec-tors at po-si-tio
ns $\OML/cmm/m/it/12 ^^^ \OT1/cmr/m/n/12 = 0\OML/cmm/m/it/12 ; \OT1/cmr/m/n/12 
2\OML/cmm/m/it/12 ^^Y=\OT1/cmr/m/n/12 3\OML/cmm/m/it/12 ; \OT1/cmr/m/n/12 4\OML
/cmm/m/it/12 ^^Y=\OT1/cmr/m/n/12 3$\T1/cmr/m/n/12 .
 []

Package mdframed Info: mdframed detected package amsthm 
 changed the theorem header of amsthm
(mdframed)              on input line 83.

Overfull \hbox (24.19629pt too wide) in paragraph at lines 83--83
[][][][][][][] 
 []


Package hyperref Warning: Token not allowed in a PDF string (Unicode):
(hyperref)                removing `math shift' on input line 90.


Package hyperref Warning: Token not allowed in a PDF string (Unicode):
(hyperref)                removing `subscript' on input line 90.


Package hyperref Warning: Token not allowed in a PDF string (Unicode):
(hyperref)                removing `math shift' on input line 90.


Overfull \hbox (12.32558pt too wide) in paragraph at lines 101--111
 [] 
 []



[66]
Overfull \hbox (5.93098pt too wide) in paragraph at lines 117--119
\T1/cmr/m/n/12 In Kaluza-Klein the-o-ries, com-pact-i-fi-ca-tion pro-duces an i
n-fi-nite tower of modes.
 []



[67]
Underfull \vbox (badness 10000) has occurred while \output is active []



[68]
Overfull \hbox (53.88264pt too wide) in paragraph at lines 236--249
 [] 
 []

) (./part2/chapter_09_neutrinos.tex

[69]

[70

]
Chapter 10.

Overfull \hbox (0.20059pt too wide) in paragraph at lines 7--8
[]\T1/cmr/m/it/12 This chap-ter ex-plains neu-trino prop-er-ties within EDC's 5
D frame-
 []



[71]
Package mdframed Info: mdframed works in twoside mode on input line 55.
Package mdframed Info: mdframed detected package amsthm 
 changed the theorem header of amsthm
(mdframed)              on input line 55.
Package mdframed Info: mdframed detected package amsthm 
 changed the theorem header of amsthm
(mdframed)              on input line 85.


[72]

Package hyperref Warning: Token not allowed in a PDF string (Unicode):
(hyperref)                removing `math shift' on input line 128.


Package hyperref Warning: Token not allowed in a PDF string (Unicode):
(hyperref)                removing `subscript' on input line 128.


Package hyperref Warning: Token not allowed in a PDF string (Unicode):
(hyperref)                removing `math shift' on input line 128.


Package hyperref Warning: Token not allowed in a PDF string (Unicode):
(hyperref)                removing `math shift' on input line 148.


Package hyperref Warning: Token not allowed in a PDF string (Unicode):
(hyperref)                removing `math shift' on input line 148.



[73]

[74]
Underfull \vbox (badness 10000) has occurred while \output is active []



[75]
Underfull \vbox (badness 10000) has occurred while \output is active []



[76]) (./part2/chapter_10_va_structure.tex

[77]

[78

]
Chapter 11.

Underfull \hbox (badness 3158) in paragraph at lines 32--34
[]\T1/cmr/bx/n/10.95 EDC Pro-jec-tion Prin-ci-ple: \T1/cmr/m/n/10.95 Ev-ery phy
s-i-cal pro-cess has a \T1/cmr/bx/n/10.95 5D
 []


Underfull \vbox (badness 10000) has occurred while \output is active []



[79]
Underfull \vbox (badness 7777) has occurred while \output is active []




Overfull \hbox (5.11867pt too wide) has occurred while \output is active
\T1/cmr/m/n/12 80 \T1/cmr/m/sl/12 CHAPTER 11.  V--A STRUCTURE FROM 5D CHIRAL LO
CALIZATION
 []

[80]

[81]


Overfull \hbox (5.11867pt too wide) has occurred while \output is active
\T1/cmr/m/n/12 82 \T1/cmr/m/sl/12 CHAPTER 11.  V--A STRUCTURE FROM 5D CHIRAL LO
CALIZATION
 []

[82]

[83]


Overfull \hbox (5.11867pt too wide) has occurred while \output is active
\T1/cmr/m/n/12 84 \T1/cmr/m/sl/12 CHAPTER 11.  V--A STRUCTURE FROM 5D CHIRAL LO
CALIZATION
 []

[84]

[85]
Overfull \hbox (32.28828pt too wide) in paragraph at lines 368--370
[]\T1/cmr/m/n/12 If $\OML/cmm/m/it/12 m\OT1/cmr/m/n/12 (\OML/cmm/m/it/12 ^^X\OT
1/cmr/m/n/12 )$ \T1/cmr/m/n/12 in-creases from neg-a-tive to pos-i-tive val-ues
 (e.g., $\OML/cmm/m/it/12 m\OT1/cmr/m/n/12 (\OML/cmm/m/it/12 ^^X\OT1/cmr/m/n/12
 ) = \OML/cmm/m/it/12 m[] []\OT1/cmr/m/n/12 (\OML/cmm/m/it/12 z=L\OT1/cmr/m/n/1
2 )$\T1/cmr/m/n/12 ),
 []




Overfull \hbox (5.11867pt too wide) has occurred while \output is active
\T1/cmr/m/n/12 86 \T1/cmr/m/sl/12 CHAPTER 11.  V--A STRUCTURE FROM 5D CHIRAL LO
CALIZATION
 []

[86]

[87]
Overfull \hbox (2.93095pt too wide) in paragraph at lines 462--462
[]\T1/cmr/bx/n/14.4 Normalizability Con-di-tions (Domain-Dependent) 
 []




Overfull \hbox (5.11867pt too wide) has occurred while \output is active
\T1/cmr/m/n/12 88 \T1/cmr/m/sl/12 CHAPTER 11.  V--A STRUCTURE FROM 5D CHIRAL LO
CALIZATION
 []

[88]

[89]
Overfull \hbox (17.08665pt too wide) in paragraph at lines 585--585
[]\T1/cmr/bx/n/14.4 Quantitative Sup-pres-sion Tar-get (In-equal-ity Chain,
 []




Overfull \hbox (5.11867pt too wide) has occurred while \output is active
\T1/cmr/m/n/12 90 \T1/cmr/m/sl/12 CHAPTER 11.  V--A STRUCTURE FROM 5D CHIRAL LO
CALIZATION
 []

[90]

[91]
Overfull \hbox (30.79282pt too wide) in paragraph at lines 670--672
 []\T1/cmr/bx/n/12 The sup-pres-sion in-equal-ity (parameter-free form).[] \T1/
cmr/m/n/12 Com-bin-ing Eqs. []
 []


Overfull \hbox (5.84213pt too wide) in paragraph at lines 695--698
[]\T1/cmr/m/n/12 For a lin-ear mass pro-file $\OML/cmm/m/it/12 m\OT1/cmr/m/n/12
 (\OML/cmm/m/it/12 ^^X\OT1/cmr/m/n/12 ) = \OML/cmm/m/it/12 m[]z=^^U$\T1/cmr/m/n
/12 , this re-quires $\OML/cmm/m/it/12 m[]z[]=^^U \OT1/cmr/m/n/12 = \OMS/cmsy/m
/n/12 O\OT1/cmr/m/n/12 (5[]10)$\T1/cmr/m/n/12 ,
 []




Overfull \hbox (5.11867pt too wide) has occurred while \output is active
\T1/cmr/m/n/12 92 \T1/cmr/m/sl/12 CHAPTER 11.  V--A STRUCTURE FROM 5D CHIRAL LO
CALIZATION
 []

[92]
Underfull \vbox (badness 10000) has occurred while \output is active []



[93]
Overfull \hbox (5.79607pt too wide) in paragraph at lines 808--808
[]\T1/cmr/bx/n/17.28 Effective 4D Cou-pling and V^^UA Emer-gence 
 []


Underfull \vbox (badness 10000) has occurred while \output is active []




Overfull \hbox (5.11867pt too wide) has occurred while \output is active
\T1/cmr/m/n/12 94 \T1/cmr/m/sl/12 CHAPTER 11.  V--A STRUCTURE FROM 5D CHIRAL LO
CALIZATION
 []

[94]

[95]


Overfull \hbox (5.11867pt too wide) has occurred while \output is active
\T1/cmr/m/n/12 96 \T1/cmr/m/sl/12 CHAPTER 11.  V--A STRUCTURE FROM 5D CHIRAL LO
CALIZATION
 []

[96]

[97]
Underfull \vbox (badness 10000) has occurred while \output is active []




Overfull \hbox (5.11867pt too wide) has occurred while \output is active
\T1/cmr/m/n/12 98 \T1/cmr/m/sl/12 CHAPTER 11.  V--A STRUCTURE FROM 5D CHIRAL LO
CALIZATION
 []

[98]
Overfull \hbox (21.6873pt too wide) in paragraph at lines 1039--1051
[][] 
 []


Underfull \vbox (badness 10000) has occurred while \output is active []



[99]
Underfull \vbox (badness 10000) has occurred while \output is active []




Overfull \hbox (10.99223pt too wide) has occurred while \output is active
\T1/cmr/m/n/12 100 \T1/cmr/m/sl/12 CHAPTER 11.  V--A STRUCTURE FROM 5D CHIRAL L
OCALIZATION
 []

[100]
Overfull \hbox (105.6005pt too wide) in paragraph at lines 1149--1173
 [] 
 []


Underfull \hbox (badness 10000) in paragraph at lines 1175--1178
\T1/cmr/bx/n/12 Summary: \T1/cmr/m/n/12 The V--A re-sult is \T1/cmr/bx/n/12 der
ived-conditional\T1/cmr/m/n/12 ---
 []


Underfull \vbox (badness 10000) has occurred while \output is active []



[101]) (./part2/chapter_11_ckm.tex


Overfull \hbox (10.99223pt too wide) has occurred while \output is active
\T1/cmr/m/n/12 102 \T1/cmr/m/sl/12 CHAPTER 11.  V--A STRUCTURE FROM 5D CHIRAL L
OCALIZATION
 []

[102]
Chapter 12.


[103

]
Package mdframed Info: mdframed works in twoside mode on input line 57.
Package mdframed Info: mdframed detected package amsthm 
 changed the theorem header of amsthm
(mdframed)              on input line 57.
Package mdframed Info: mdframed detected package amsthm 
 changed the theorem header of amsthm
(mdframed)              on input line 89.

Overfull \hbox (3.23608pt too wide) in paragraph at lines 89--89
[][][][][][][] 
 []



[104]

[105]
Overfull \hbox (23.3939pt too wide) in paragraph at lines 183--191
 [] 
 []


Underfull \hbox (badness 6445) in paragraph at lines 214--217
[]\T1/cmr/bx/n/12 Proof sketch: \T1/cmr/m/n/12 The phases ei-ther can-cel in th
e prod-uct
 []


Package hyperref Warning: Token not allowed in a PDF string (Unicode):
(hyperref)                removing `math shift' on input line 221.


Package hyperref Warning: Token not allowed in a PDF string (Unicode):
(hyperref)                removing `subscript' on input line 221.


Package hyperref Warning: Token not allowed in a PDF string (Unicode):
(hyperref)                removing `math shift' on input line 221.



[106]
! Missing $ inserted.
<inserted text> 
                $
l.230 The 5^
            \circ discrepancy remains \tagOpen{}.
I've inserted a begin-math/end-math symbol since I think
you left one out. Proceed, with fingers crossed.

! Missing $ inserted.
<inserted text> 
                $
l.231 
      
I've inserted a begin-math/end-math symbol since I think
you left one out. Proceed, with fingers crossed.


Underfull \vbox (badness 5316) has occurred while \output is active []



[107])

[108]

[109

]

[110] (./part3/chapter_12_gf_chain.tex
Chapter 13.

Package hyperref Warning: Token not allowed in a PDF string (Unicode):
(hyperref)                removing `math shift' on input line 1.


Package hyperref Warning: Token not allowed in a PDF string (Unicode):
(hyperref)                removing `subscript' on input line 1.


Package hyperref Warning: Token not allowed in a PDF string (Unicode):
(hyperref)                removing `\to' on input line 1.


Package hyperref Warning: Token not allowed in a PDF string (Unicode):
(hyperref)                removing `subscript' on input line 1.


Package hyperref Warning: Token not allowed in a PDF string (Unicode):
(hyperref)                removing `math shift' on input line 1.


Package hyperref Warning: Token not allowed in a PDF string (Unicode):
(hyperref)                removing `math shift' on input line 37.


Package hyperref Warning: Token not allowed in a PDF string (Unicode):
(hyperref)                removing `subscript' on input line 37.


Package hyperref Warning: Token not allowed in a PDF string (Unicode):
(hyperref)                removing `math shift' on input line 37.



[111

]
Package mdframed Info: mdframed works in twoside mode on input line 53.
Package mdframed Info: mdframed detected package amsthm 
 changed the theorem header of amsthm
(mdframed)              on input line 53.
Package mdframed Info: mdframed detected package amsthm 
 changed the theorem header of amsthm
(mdframed)              on input line 68.


Package hyperref Warning: Token not allowed in a PDF string (Unicode):
(hyperref)                removing `math shift' on input line 84.


Package hyperref Warning: Token not allowed in a PDF string (Unicode):
(hyperref)                removing `subscript' on input line 84.


Package hyperref Warning: Token not allowed in a PDF string (Unicode):
(hyperref)                removing `\to' on input line 84.


Package hyperref Warning: Token not allowed in a PDF string (Unicode):
(hyperref)                removing `subscript' on input line 84.


Package hyperref Warning: Token not allowed in a PDF string (Unicode):
(hyperref)                removing `math shift' on input line 84.


Package hyperref Warning: Token not allowed in a PDF string (Unicode):
(hyperref)                removing `math shift' on input line 97.


Package hyperref Warning: Token not allowed in a PDF string (Unicode):
(hyperref)                removing `subscript' on input line 97.


Package hyperref Warning: Token not allowed in a PDF string (Unicode):
(hyperref)                removing `\xi' on input line 97.


Package hyperref Warning: Token not allowed in a PDF string (Unicode):
(hyperref)                removing `math shift' on input line 97.

Package mdframed Info: mdframed works in twoside mode on input line 99.
Package mdframed Info: mdframed detected package amsthm 
 changed the theorem header of amsthm
(mdframed)              on input line 99.
Package mdframed Info: mdframed detected package amsthm 
 changed the theorem header of amsthm
(mdframed)              on input line 113.


[112]

Package hyperref Warning: Token not allowed in a PDF string (Unicode):
(hyperref)                removing `math shift' on input line 124.


Package hyperref Warning: Token not allowed in a PDF string (Unicode):
(hyperref)                removing `subscript' on input line 124.


Package hyperref Warning: Token not allowed in a PDF string (Unicode):
(hyperref)                removing `\to' on input line 124.


Package hyperref Warning: Token not allowed in a PDF string (Unicode):
(hyperref)                removing `subscript' on input line 124.


Package hyperref Warning: Token not allowed in a PDF string (Unicode):
(hyperref)                removing `math shift' on input line 124.

Package mdframed Info: mdframed works in twoside mode on input line 141.
Package mdframed Info: mdframed detected package amsthm 
 changed the theorem header of amsthm
(mdframed)              on input line 141.
Package mdframed Info: mdframed detected package amsthm 
 changed the theorem header of amsthm
(mdframed)              on input line 163.
Package mdframed Info: Box was splittet wrong
 starting loop to iterate the splitting point
(mdframed)              on input line 163.


[113]

Package hyperref Warning: Token not allowed in a PDF string (Unicode):
(hyperref)                removing `math shift' on input line 166.


Package hyperref Warning: Token not allowed in a PDF string (Unicode):
(hyperref)                removing `subscript' on input line 166.


Package hyperref Warning: Token not allowed in a PDF string (Unicode):
(hyperref)                removing `math shift' on input line 166.


Package hyperref Warning: Token not allowed in a PDF string (Unicode):
(hyperref)                removing `math shift' on input line 170.


Package hyperref Warning: Token not allowed in a PDF string (Unicode):
(hyperref)                removing `subscript' on input line 170.


Package hyperref Warning: Token not allowed in a PDF string (Unicode):
(hyperref)                removing `math shift' on input line 170.

Package mdframed Info: mdframed works in twoside mode on input line 186.
Package mdframed Info: mdframed detected package amsthm 
 changed the theorem header of amsthm
(mdframed)              on input line 186.
Package mdframed Info: mdframed detected package amsthm 
 changed the theorem header of amsthm
(mdframed)              on input line 202.

Overfull \hbox (40.3981pt too wide) in paragraph at lines 210--224
 [] 
 []



[114]) (./part3/chapter_13_foundation_params.tex

[115]

[116

]
Chapter 14.


[117]
Overfull \hbox (102.42331pt too wide) in paragraph at lines 56--66
 [] 
 []



[118]

[119]

Package hyperref Warning: Token not allowed in a PDF string (Unicode):
(hyperref)                removing `math shift' on input line 157.


Package hyperref Warning: Token not allowed in a PDF string (Unicode):
(hyperref)                removing `subscript' on input line 157.


Package hyperref Warning: Token not allowed in a PDF string (Unicode):
(hyperref)                removing `math shift' on input line 157.


Package hyperref Warning: Token not allowed in a PDF string (Unicode):
(hyperref)                removing `math shift' on input line 157.


Package hyperref Warning: Token not allowed in a PDF string (Unicode):
(hyperref)                removing `\sigma' on input line 157.


Package hyperref Warning: Token not allowed in a PDF string (Unicode):
(hyperref)                removing `math shift' on input line 157.


Package hyperref Warning: Token not allowed in a PDF string (Unicode):
(hyperref)                removing `math shift' on input line 157.


Package hyperref Warning: Token not allowed in a PDF string (Unicode):
(hyperref)                removing `\Delta' on input line 157.


Package hyperref Warning: Token not allowed in a PDF string (Unicode):
(hyperref)                removing `math shift' on input line 157.



[120]

[121]

Package hyperref Warning: Token not allowed in a PDF string (Unicode):
(hyperref)                removing `math shift' on input line 276.


Package hyperref Warning: Token not allowed in a PDF string (Unicode):
(hyperref)                removing `subscript' on input line 276.


Package hyperref Warning: Token not allowed in a PDF string (Unicode):
(hyperref)                removing `\to' on input line 276.


Package hyperref Warning: Token not allowed in a PDF string (Unicode):
(hyperref)                removing `subscript' on input line 276.


Package hyperref Warning: Token not allowed in a PDF string (Unicode):
(hyperref)                removing `math shift' on input line 276.


Overfull \hbox (0.57994pt too wide) in paragraph at lines 305--320
 [] 
 []


Underfull \vbox (badness 10000) has occurred while \output is active []



[122]
Underfull \vbox (badness 10000) has occurred while \output is active []



[123]

[124]) (./part3/chapter_14_bvp.tex

[125]

[126

]
Chapter 15.

Overfull \hbox (3.25537pt too wide) in paragraph at lines 6--7
[]\T1/cmr/m/it/12 Many EDC pre-dic-tions re-duce to bound-ary value prob-lems (
BVPs).
 []


Overfull \hbox (0.26498pt too wide) in paragraph at lines 10--10
[]\T1/cmr/bx/n/17.28 Introduction: Why Bound-ary Value Prob-
 []



[127]
Package mdframed Info: mdframed works in twoside mode on input line 61.
Package mdframed Info: mdframed detected package amsthm 
 changed the theorem header of amsthm
(mdframed)              on input line 61.
Package mdframed Info: mdframed detected package amsthm 
 changed the theorem header of amsthm
(mdframed)              on input line 79.


[128]
Package mdframed Info: mdframed works in twoside mode on input line 134.
Package mdframed Info: mdframed detected package amsthm 
 changed the theorem header of amsthm
(mdframed)              on input line 134.
Package mdframed Info: mdframed detected package amsthm 
 changed the theorem header of amsthm
(mdframed)              on input line 153.


Package mdframed Warning: You got a bad break
(mdframed)                because the last box will be empty
(mdframed)                you have to change it manually
(mdframed)                by changing the text, the space
(mdframed)                or something else on input line 153.

Package mdframed Info: Box was splittet wrong
 starting loop to iterate the splitting point
(mdframed)              on input line 153.


[129]

[130]
Overfull \hbox (5.10352pt too wide) in paragraph at lines 221--221
[]        \T1/cmtt/m/n/12 rhs = k * (kappa_p + kappa_m) / (k**2 - kappa_p*kappa
_m)[] 
 []



[131]) (./part3/chapter_15_mw_gf.tex

[132]
Chapter 16.

Package hyperref Warning: Token not allowed in a PDF string (Unicode):
(hyperref)                removing `math shift' on input line 1.


Package hyperref Warning: Token not allowed in a PDF string (Unicode):
(hyperref)                removing `subscript' on input line 1.


Package hyperref Warning: Token not allowed in a PDF string (Unicode):
(hyperref)                removing `math shift' on input line 1.


Package hyperref Warning: Token not allowed in a PDF string (Unicode):
(hyperref)                removing `math shift' on input line 1.


Package hyperref Warning: Token not allowed in a PDF string (Unicode):
(hyperref)                removing `subscript' on input line 1.


Package hyperref Warning: Token not allowed in a PDF string (Unicode):
(hyperref)                removing `math shift' on input line 1.

Package mdframed Info: mdframed works in twoside mode on input line 35.
Package mdframed Info: mdframed detected package amsthm 
 changed the theorem header of amsthm
(mdframed)              on input line 35.
Package mdframed Info: mdframed detected package amsthm 
 changed the theorem header of amsthm
(mdframed)              on input line 48.


[133

]

Package hyperref Warning: Token not allowed in a PDF string (Unicode):
(hyperref)                removing `math shift' on input line 81.


Package hyperref Warning: Token not allowed in a PDF string (Unicode):
(hyperref)                removing `subscript' on input line 81.


Package hyperref Warning: Token not allowed in a PDF string (Unicode):
(hyperref)                removing `math shift' on input line 81.


Overfull \hbox (60.69449pt too wide) in paragraph at lines 86--100
 [] 
 []



[134]

Package hyperref Warning: Token not allowed in a PDF string (Unicode):
(hyperref)                removing `math shift' on input line 106.


Package hyperref Warning: Token not allowed in a PDF string (Unicode):
(hyperref)                removing `subscript' on input line 106.


Package hyperref Warning: Token not allowed in a PDF string (Unicode):
(hyperref)                removing `math shift' on input line 106.


Package hyperref Warning: Token not allowed in a PDF string (Unicode):
(hyperref)                removing `math shift' on input line 106.


Package hyperref Warning: Token not allowed in a PDF string (Unicode):
(hyperref)                removing `subscript' on input line 106.


Package hyperref Warning: Token not allowed in a PDF string (Unicode):
(hyperref)                removing `math shift' on input line 106.


Overfull \hbox (1.03682pt too wide) in paragraph at lines 127--129
[]\T1/cmr/bx/n/12 Agreement\T1/cmr/m/n/12 : $\OT1/cmr/m/n/12 (1\OML/cmm/m/it/12
 :\OT1/cmr/m/n/12 1547 \OMS/cmsy/m/n/12 ^^@ \OT1/cmr/m/n/12 1\OML/cmm/m/it/12 :
\OT1/cmr/m/n/12 1345)\OML/cmm/m/it/12 =\OT1/cmr/m/n/12 1\OML/cmm/m/it/12 :\OT1/
cmr/m/n/12 1345 = 1\OML/cmm/m/it/12 :\OT1/cmr/m/n/12 8%$  \T1/cmr/m/n/12 (withi
n ex-pected $[][] \OML/cmm/m/it/12 ^^R[]$
 []


Package hyperref Warning: Token not allowed in a PDF string (Unicode):
(hyperref)                removing `math shift' on input line 161.


Package hyperref Warning: Token not allowed in a PDF string (Unicode):
(hyperref)                removing `subscript' on input line 161.


Package hyperref Warning: Token not allowed in a PDF string (Unicode):
(hyperref)                removing `math shift' on input line 161.


Overfull \hbox (42.58644pt too wide) in paragraph at lines 166--179
 [] 
 []



[135]

Package hyperref Warning: Token not allowed in a PDF string (Unicode):
(hyperref)                removing `math shift' on input line 185.


Package hyperref Warning: Token not allowed in a PDF string (Unicode):
(hyperref)                removing `subscript' on input line 185.


Package hyperref Warning: Token not allowed in a PDF string (Unicode):
(hyperref)                removing `math shift' on input line 185.


Package hyperref Warning: Token not allowed in a PDF string (Unicode):
(hyperref)                removing `math shift' on input line 212.


Package hyperref Warning: Token not allowed in a PDF string (Unicode):
(hyperref)                removing `subscript' on input line 212.


Package hyperref Warning: Token not allowed in a PDF string (Unicode):
(hyperref)                removing `math shift' on input line 212.


Underfull \vbox (badness 10000) has occurred while \output is active []



[136]

[137]) (./part3/chapter_16_epistemic_summary.tex

[138]
Chapter 17.

Overfull \hbox (11.89081pt too wide) in paragraph at lines 10--10
[]\T1/cmr/bx/n/17.28 Introduction: Trans-parency Over Cer-tainty 
 []


Underfull \vbox (badness 4144) has occurred while \output is active []



[139

]

[140]

[141]

[142]

[143]) (./epilogue/chapter_17_beyond.tex

[144]
Chapter 18.


[145

]
Overfull \hbox (6.28941pt too wide) in paragraph at lines 74--83
 [] 
 []



[146]

[147]) (./appendices/opr_register.tex

[148]
Appendix A.

Overfull \hbox (1.39275pt too wide) in paragraph at lines 8--8
[]\T1/cmr/bx/n/17.28 Critical Prob-lems (Block Mul-ti-ple Re-sults) 
 []



[149

]

[150]

[151]

[152]
Underfull \vbox (badness 3492) has occurred while \output is active []



[153]) (./appendices/notation.tex

[154]
Appendix B.

Underfull \hbox (badness 5878) in paragraph at lines 56--57
[]\T1/cmr/m/n/12 Pure math-e-mat-i-cal state-ment, prov-able
 []



[155

]
Overfull \hbox (2.13574pt too wide) in paragraph at lines 108--131
 [] 
 []



[156]

[157]) (./appendices/numerical_standards.tex

[158]
Appendix C.


[159

]

[160]

[161]

[162]
Overfull \hbox (5.10352pt too wide) in paragraph at lines 183--183
[]        \T1/cmtt/m/n/12 rhs = k * (kappa_p + kappa_m) / (k**2 - kappa_p*kappa
_m)[] 
 []

) (./main.bbl

[163]

[164

])

[165] (./main.aux)
 ***********
LaTeX2e <2024-11-01> patch level 2
L3 programming layer <2025-01-18>
 ***********
Package rerunfilecheck Info: File `main.out' has not changed.
(rerunfilecheck)             Checksum: 04244D014CBFFD82D3981FDD2A4D1746;66178.
 ) 
Here is how much of TeX's memory you used:
 34775 strings out of 473190
 692647 string characters out of 5715800
 1064867 words of memory out of 5000000
 56417 multiletter control sequences out of 15000+600000
 592692 words of font info for 121 fonts, out of 8000000 for 9000
 1141 hyphenation exceptions out of 8191
 98i,13n,101p,518b,932s stack positions out of 10000i,1000n,20000p,200000b,200000s
</usr/local/texlive/2025/texmf-dist/fonts/type1/public/amsfonts/cm/cmex10.pfb
></usr/local/texlive/2025/texmf-dist/fonts/type1/public/amsfonts/cm/cmmi10.pfb>
</usr/local/texlive/2025/texmf-dist/fonts/type1/public/amsfonts/cm/cmmi12.pfb><
/usr/local/texlive/2025/texmf-dist/fonts/type1/public/amsfonts/cm/cmmi6.pfb></u
sr/local/texlive/2025/texmf-dist/fonts/type1/public/amsfonts/cm/cmmi7.pfb></usr
/local/texlive/2025/texmf-dist/fonts/type1/public/amsfonts/cm/cmmi8.pfb></usr/l
ocal/texlive/2025/texmf-dist/fonts/type1/public/amsfonts/cm/cmr10.pfb></usr/loc
al/texlive/2025/texmf-dist/fonts/type1/public/amsfonts/cm/cmr12.pfb></usr/local
/texlive/2025/texmf-dist/fonts/type1/public/amsfonts/cm/cmr17.pfb></usr/local/t
exlive/2025/texmf-dist/fonts/type1/public/amsfonts/cm/cmr6.pfb></usr/local/texl
ive/2025/texmf-dist/fonts/type1/public/amsfonts/cm/cmr8.pfb></usr/local/texlive
/2025/texmf-dist/fonts/type1/public/amsfonts/cm/cmsy10.pfb></usr/local/texlive/
2025/texmf-dist/fonts/type1/public/amsfonts/cm/cmsy6.pfb></usr/local/texlive/20
25/texmf-dist/fonts/type1/public/amsfonts/cm/cmsy8.pfb></usr/local/texlive/2025
/texmf-dist/fonts/type1/public/amsfonts/symbols/msam10.pfb></usr/local/texlive/
2025/texmf-dist/fonts/type1/public/amsfonts/symbols/msbm10.pfb></usr/local/texl
ive/2025/texmf-dist/fonts/type1/public/cm-super/sfbx0800.pfb></usr/local/texliv
e/2025/texmf-dist/fonts/type1/public/cm-super/sfbx1000.pfb></usr/local/texlive/
2025/texmf-dist/fonts/type1/public/cm-super/sfbx1095.pfb></usr/local/texlive/20
25/texmf-dist/fonts/type1/public/cm-super/sfbx1200.pfb></usr/local/texlive/2025
/texmf-dist/fonts/type1/public/cm-super/sfbx1440.pfb></usr/local/texlive/2025/t
exmf-dist/fonts/type1/public/cm-super/sfbx1728.pfb></usr/local/texlive/2025/tex
mf-dist/fonts/type1/public/cm-super/sfbx2488.pfb></usr/local/texlive/2025/texmf
-dist/fonts/type1/public/cm-super/sfrm0600.pfb></usr/local/texlive/2025/texmf-d
ist/fonts/type1/public/cm-super/sfrm0700.pfb></usr/local/texlive/2025/texmf-dis
t/fonts/type1/public/cm-super/sfrm0800.pfb></usr/local/texlive/2025/texmf-dist/
fonts/type1/public/cm-super/sfrm1000.pfb></usr/local/texlive/2025/texmf-dist/fo
nts/type1/public/cm-super/sfrm1095.pfb></usr/local/texlive/2025/texmf-dist/font
s/type1/public/cm-super/sfrm1200.pfb></usr/local/texlive/2025/texmf-dist/fonts/
type1/public/cm-super/sfrm1440.pfb></usr/local/texlive/2025/texmf-dist/fonts/ty
pe1/public/cm-super/sfrm1728.pfb></usr/local/texlive/2025/texmf-dist/fonts/type
1/public/cm-super/sfrm2074.pfb></usr/local/texlive/2025/texmf-dist/fonts/type1/
public/cm-super/sfsl0800.pfb></usr/local/texlive/2025/texmf-dist/fonts/type1/pu
blic/cm-super/sfsl1200.pfb></usr/local/texlive/2025/texmf-dist/fonts/type1/publ
ic/cm-super/sfti1095.pfb></usr/local/texlive/2025/texmf-dist/fonts/type1/public
/cm-super/sfti1200.pfb></usr/local/texlive/2025/texmf-dist/fonts/type1/public/c
m-super/sftt1200.pfb>
Output written on main.pdf (181 pages, 1058857 bytes).
PDF statistics:
 3621 PDF objects out of 4296 (max. 8388607)
 3301 compressed objects within 34 object streams
 999 named destinations out of 1000 (max. 500000)
 3029 words of extra memory for PDF output out of 10000 (max. 10000000)

