This is pdfTeX, Version 3.141592653-2.6-1.40.27 (TeX Live 2025) (preloaded format=pdflatex 2026.1.12)  3 FEB 2026 22:05
entering extended mode
 restricted \write18 enabled.
 %&-line parsing enabled.
**main.tex
(./main.tex
LaTeX2e <2024-11-01> patch level 2
L3 programming layer <2025-01-18>
(/usr/local/texlive/2025/texmf-dist/tex/latex/base/article.cls
Document Class: article 2024/06/29 v1.4n Standard LaTeX document class
(/usr/local/texlive/2025/texmf-dist/tex/latex/base/size11.clo
File: size11.clo 2024/06/29 v1.4n Standard LaTeX file (size option)
)
\c@part=\count196
\c@section=\count197
\c@subsection=\count198
\c@subsubsection=\count199
\c@paragraph=\count266
\c@subparagraph=\count267
\c@figure=\count268
\c@table=\count269
\abovecaptionskip=\skip49
\belowcaptionskip=\skip50
\bibindent=\dimen141
)
(/usr/local/texlive/2025/texmf-dist/tex/latex/base/inputenc.sty
Package: inputenc 2024/02/08 v1.3d Input encoding file
\inpenc@prehook=\toks17
\inpenc@posthook=\toks18
)
(/usr/local/texlive/2025/texmf-dist/tex/latex/base/fontenc.sty
Package: fontenc 2021/04/29 v2.0v Standard LaTeX package
)
(/usr/local/texlive/2025/texmf-dist/tex/latex/amsmath/amsmath.sty
Package: amsmath 2024/11/05 v2.17t AMS math features
\@mathmargin=\skip51

For additional information on amsmath, use the `?' option.
(/usr/local/texlive/2025/texmf-dist/tex/latex/amsmath/amstext.sty
Package: amstext 2021/08/26 v2.01 AMS text

(/usr/local/texlive/2025/texmf-dist/tex/latex/amsmath/amsgen.sty
File: amsgen.sty 1999/11/30 v2.0 generic functions
\@emptytoks=\toks19
\ex@=\dimen142
))
(/usr/local/texlive/2025/texmf-dist/tex/latex/amsmath/amsbsy.sty
Package: amsbsy 1999/11/29 v1.2d Bold Symbols
\pmbraise@=\dimen143
)
(/usr/local/texlive/2025/texmf-dist/tex/latex/amsmath/amsopn.sty
Package: amsopn 2022/04/08 v2.04 operator names
)
\inf@bad=\count270
LaTeX Info: Redefining \frac on input line 233.
\uproot@=\count271
\leftroot@=\count272
LaTeX Info: Redefining \overline on input line 398.
LaTeX Info: Redefining \colon on input line 409.
\classnum@=\count273
\DOTSCASE@=\count274
LaTeX Info: Redefining \ldots on input line 495.
LaTeX Info: Redefining \dots on input line 498.
LaTeX Info: Redefining \cdots on input line 619.
\Mathstrutbox@=\box52
\strutbox@=\box53
LaTeX Info: Redefining \big on input line 721.
LaTeX Info: Redefining \Big on input line 722.
LaTeX Info: Redefining \bigg on input line 723.
LaTeX Info: Redefining \Bigg on input line 724.
\big@size=\dimen144
LaTeX Font Info:    Redeclaring font encoding OML on input line 742.
LaTeX Font Info:    Redeclaring font encoding OMS on input line 743.
\macc@depth=\count275
LaTeX Info: Redefining \bmod on input line 904.
LaTeX Info: Redefining \pmod on input line 909.
LaTeX Info: Redefining \smash on input line 939.
LaTeX Info: Redefining \relbar on input line 969.
LaTeX Info: Redefining \Relbar on input line 970.
\c@MaxMatrixCols=\count276
\dotsspace@=\muskip17
\c@parentequation=\count277
\dspbrk@lvl=\count278
\tag@help=\toks20
\row@=\count279
\column@=\count280
\maxfields@=\count281
\andhelp@=\toks21
\eqnshift@=\dimen145
\alignsep@=\dimen146
\tagshift@=\dimen147
\tagwidth@=\dimen148
\totwidth@=\dimen149
\lineht@=\dimen150
\@envbody=\toks22
\multlinegap=\skip52
\multlinetaggap=\skip53
\mathdisplay@stack=\toks23
LaTeX Info: Redefining \[ on input line 2953.
LaTeX Info: Redefining \] on input line 2954.
)
(/usr/local/texlive/2025/texmf-dist/tex/latex/amsfonts/amssymb.sty
Package: amssymb 2013/01/14 v3.01 AMS font symbols

(/usr/local/texlive/2025/texmf-dist/tex/latex/amsfonts/amsfonts.sty
Package: amsfonts 2013/01/14 v3.01 Basic AMSFonts support
\symAMSa=\mathgroup4
\symAMSb=\mathgroup5
LaTeX Font Info:    Redeclaring math symbol \hbar on input line 98.
LaTeX Font Info:    Overwriting math alphabet `\mathfrak' in version `bold'
(Font)                  U/euf/m/n --> U/euf/b/n on input line 106.
))
(/usr/local/texlive/2025/texmf-dist/tex/latex/amscls/amsthm.sty
Package: amsthm 2020/05/29 v2.20.6
\thm@style=\toks24
\thm@bodyfont=\toks25
\thm@headfont=\toks26
\thm@notefont=\toks27
\thm@headpunct=\toks28
\thm@preskip=\skip54
\thm@postskip=\skip55
\thm@headsep=\skip56
\dth@everypar=\toks29
)
(/usr/local/texlive/2025/texmf-dist/tex/latex/mathtools/mathtools.sty
Package: mathtools 2024/10/04 v1.31 mathematical typesetting tools

(/usr/local/texlive/2025/texmf-dist/tex/latex/graphics/keyval.sty
Package: keyval 2022/05/29 v1.15 key=value parser (DPC)
\KV@toks@=\toks30
)
(/usr/local/texlive/2025/texmf-dist/tex/latex/tools/calc.sty
Package: calc 2023/07/08 v4.3 Infix arithmetic (KKT,FJ)
\calc@Acount=\count282
\calc@Bcount=\count283
\calc@Adimen=\dimen151
\calc@Bdimen=\dimen152
\calc@Askip=\skip57
\calc@Bskip=\skip58
LaTeX Info: Redefining \setlength on input line 80.
LaTeX Info: Redefining \addtolength on input line 81.
\calc@Ccount=\count284
\calc@Cskip=\skip59
)
(/usr/local/texlive/2025/texmf-dist/tex/latex/mathtools/mhsetup.sty
Package: mhsetup 2021/03/18 v1.4 programming setup (MH)
)
\g_MT_multlinerow_int=\count285
\l_MT_multwidth_dim=\dimen153
\origjot=\skip60
\l_MT_shortvdotswithinadjustabove_dim=\dimen154
\l_MT_shortvdotswithinadjustbelow_dim=\dimen155
\l_MT_above_intertext_sep=\dimen156
\l_MT_below_intertext_sep=\dimen157
\l_MT_above_shortintertext_sep=\dimen158
\l_MT_below_shortintertext_sep=\dimen159
\xmathstrut@box=\box54
\xmathstrut@dim=\dimen160
)
(/usr/local/texlive/2025/texmf-dist/tex/latex/geometry/geometry.sty
Package: geometry 2020/01/02 v5.9 Page Geometry

(/usr/local/texlive/2025/texmf-dist/tex/generic/iftex/ifvtex.sty
Package: ifvtex 2019/10/25 v1.7 ifvtex legacy package. Use iftex instead.

(/usr/local/texlive/2025/texmf-dist/tex/generic/iftex/iftex.sty
Package: iftex 2024/12/12 v1.0g TeX engine tests
))
\Gm@cnth=\count286
\Gm@cntv=\count287
\c@Gm@tempcnt=\count288
\Gm@bindingoffset=\dimen161
\Gm@wd@mp=\dimen162
\Gm@odd@mp=\dimen163
\Gm@even@mp=\dimen164
\Gm@layoutwidth=\dimen165
\Gm@layoutheight=\dimen166
\Gm@layouthoffset=\dimen167
\Gm@layoutvoffset=\dimen168
\Gm@dimlist=\toks31
)
(/usr/local/texlive/2025/texmf-dist/tex/latex/hyperref/hyperref.sty
Package: hyperref 2024-11-05 v7.01l Hypertext links for LaTeX

(/usr/local/texlive/2025/texmf-dist/tex/latex/kvsetkeys/kvsetkeys.sty
Package: kvsetkeys 2022-10-05 v1.19 Key value parser (HO)
)
(/usr/local/texlive/2025/texmf-dist/tex/generic/kvdefinekeys/kvdefinekeys.sty
Package: kvdefinekeys 2019-12-19 v1.6 Define keys (HO)
)
(/usr/local/texlive/2025/texmf-dist/tex/generic/pdfescape/pdfescape.sty
Package: pdfescape 2019/12/09 v1.15 Implements pdfTeX's escape features (HO)

(/usr/local/texlive/2025/texmf-dist/tex/generic/ltxcmds/ltxcmds.sty
Package: ltxcmds 2023-12-04 v1.26 LaTeX kernel commands for general use (HO)
)
(/usr/local/texlive/2025/texmf-dist/tex/generic/pdftexcmds/pdftexcmds.sty
Package: pdftexcmds 2020-06-27 v0.33 Utility functions of pdfTeX for LuaTeX (HO
)

(/usr/local/texlive/2025/texmf-dist/tex/generic/infwarerr/infwarerr.sty
Package: infwarerr 2019/12/03 v1.5 Providing info/warning/error messages (HO)
)
Package pdftexcmds Info: \pdf@primitive is available.
Package pdftexcmds Info: \pdf@ifprimitive is available.
Package pdftexcmds Info: \pdfdraftmode found.
))
(/usr/local/texlive/2025/texmf-dist/tex/latex/hycolor/hycolor.sty
Package: hycolor 2020-01-27 v1.10 Color options for hyperref/bookmark (HO)
)
(/usr/local/texlive/2025/texmf-dist/tex/latex/hyperref/nameref.sty
Package: nameref 2023-11-26 v2.56 Cross-referencing by name of section

(/usr/local/texlive/2025/texmf-dist/tex/latex/refcount/refcount.sty
Package: refcount 2019/12/15 v3.6 Data extraction from label references (HO)
)
(/usr/local/texlive/2025/texmf-dist/tex/generic/gettitlestring/gettitlestring.s
ty
Package: gettitlestring 2019/12/15 v1.6 Cleanup title references (HO)
 (/usr/local/texlive/2025/texmf-dist/tex/latex/kvoptions/kvoptions.sty
Package: kvoptions 2022-06-15 v3.15 Key value format for package options (HO)
))
\c@section@level=\count289
)
(/usr/local/texlive/2025/texmf-dist/tex/latex/etoolbox/etoolbox.sty
Package: etoolbox 2025/02/11 v2.5l e-TeX tools for LaTeX (JAW)
\etb@tempcnta=\count290
)
(/usr/local/texlive/2025/texmf-dist/tex/generic/stringenc/stringenc.sty
Package: stringenc 2019/11/29 v1.12 Convert strings between diff. encodings (HO
)
)
\@linkdim=\dimen169
\Hy@linkcounter=\count291
\Hy@pagecounter=\count292

(/usr/local/texlive/2025/texmf-dist/tex/latex/hyperref/pd1enc.def
File: pd1enc.def 2024-11-05 v7.01l Hyperref: PDFDocEncoding definition (HO)
Now handling font encoding PD1 ...
... no UTF-8 mapping file for font encoding PD1
)
(/usr/local/texlive/2025/texmf-dist/tex/generic/intcalc/intcalc.sty
Package: intcalc 2019/12/15 v1.3 Expandable calculations with integers (HO)
)
\Hy@SavedSpaceFactor=\count293

(/usr/local/texlive/2025/texmf-dist/tex/latex/hyperref/puenc.def
File: puenc.def 2024-11-05 v7.01l Hyperref: PDF Unicode definition (HO)
Now handling font encoding PU ...
... no UTF-8 mapping file for font encoding PU
)
Package hyperref Info: Hyper figures OFF on input line 4157.
Package hyperref Info: Link nesting OFF on input line 4162.
Package hyperref Info: Hyper index ON on input line 4165.
Package hyperref Info: Plain pages OFF on input line 4172.
Package hyperref Info: Backreferencing OFF on input line 4177.
Package hyperref Info: Implicit mode ON; LaTeX internals redefined.
Package hyperref Info: Bookmarks ON on input line 4424.
\c@Hy@tempcnt=\count294

(/usr/local/texlive/2025/texmf-dist/tex/latex/url/url.sty
\Urlmuskip=\muskip18
Package: url 2013/09/16  ver 3.4  Verb mode for urls, etc.
)
LaTeX Info: Redefining \url on input line 4763.
\XeTeXLinkMargin=\dimen170

(/usr/local/texlive/2025/texmf-dist/tex/generic/bitset/bitset.sty
Package: bitset 2019/12/09 v1.3 Handle bit-vector datatype (HO)

(/usr/local/texlive/2025/texmf-dist/tex/generic/bigintcalc/bigintcalc.sty
Package: bigintcalc 2019/12/15 v1.5 Expandable calculations on big integers (HO
)
))
\Fld@menulength=\count295
\Field@Width=\dimen171
\Fld@charsize=\dimen172
Package hyperref Info: Hyper figures OFF on input line 6042.
Package hyperref Info: Link nesting OFF on input line 6047.
Package hyperref Info: Hyper index ON on input line 6050.
Package hyperref Info: backreferencing OFF on input line 6057.
Package hyperref Info: Link coloring OFF on input line 6062.
Package hyperref Info: Link coloring with OCG OFF on input line 6067.
Package hyperref Info: PDF/A mode OFF on input line 6072.

(/usr/local/texlive/2025/texmf-dist/tex/latex/base/atbegshi-ltx.sty
Package: atbegshi-ltx 2021/01/10 v1.0c Emulation of the original atbegshi
package with kernel methods
)
\Hy@abspage=\count296
\c@Item=\count297
\c@Hfootnote=\count298
)
Package hyperref Info: Driver (autodetected): hpdftex.

(/usr/local/texlive/2025/texmf-dist/tex/latex/hyperref/hpdftex.def
File: hpdftex.def 2024-11-05 v7.01l Hyperref driver for pdfTeX

(/usr/local/texlive/2025/texmf-dist/tex/latex/base/atveryend-ltx.sty
Package: atveryend-ltx 2020/08/19 v1.0a Emulation of the original atveryend pac
kage
with kernel methods
)
\Fld@listcount=\count299
\c@bookmark@seq@number=\count300

(/usr/local/texlive/2025/texmf-dist/tex/latex/rerunfilecheck/rerunfilecheck.sty
Package: rerunfilecheck 2022-07-10 v1.10 Rerun checks for auxiliary files (HO)

(/usr/local/texlive/2025/texmf-dist/tex/generic/uniquecounter/uniquecounter.sty
Package: uniquecounter 2019/12/15 v1.4 Provide unlimited unique counter (HO)
)
Package uniquecounter Info: New unique counter `rerunfilecheck' on input line 2
85.
)
\Hy@SectionHShift=\skip61
) (/usr/local/texlive/2025/texmf-dist/tex/latex/cleveref/cleveref.sty
Package: cleveref 2018/03/27 v0.21.4 Intelligent cross-referencing
Package cleveref Info: `hyperref' support loaded on input line 2370.
LaTeX Info: Redefining \cref on input line 2370.
LaTeX Info: Redefining \Cref on input line 2370.
LaTeX Info: Redefining \crefrange on input line 2370.
LaTeX Info: Redefining \Crefrange on input line 2370.
LaTeX Info: Redefining \cpageref on input line 2370.
LaTeX Info: Redefining \Cpageref on input line 2370.
LaTeX Info: Redefining \cpagerefrange on input line 2370.
LaTeX Info: Redefining \Cpagerefrange on input line 2370.
LaTeX Info: Redefining \labelcref on input line 2370.
LaTeX Info: Redefining \labelcpageref on input line 2370.
Package cleveref Info: `amsthm' support loaded on input line 3026.
)
(/usr/local/texlive/2025/texmf-dist/tex/latex/booktabs/booktabs.sty
Package: booktabs 2020/01/12 v1.61803398 Publication quality tables
\heavyrulewidth=\dimen173
\lightrulewidth=\dimen174
\cmidrulewidth=\dimen175
\belowrulesep=\dimen176
\belowbottomsep=\dimen177
\aboverulesep=\dimen178
\abovetopsep=\dimen179
\cmidrulesep=\dimen180
\cmidrulekern=\dimen181
\defaultaddspace=\dimen182
\@cmidla=\count301
\@cmidlb=\count302
\@aboverulesep=\dimen183
\@belowrulesep=\dimen184
\@thisruleclass=\count303
\@lastruleclass=\count304
\@thisrulewidth=\dimen185
)
(/usr/local/texlive/2025/texmf-dist/tex/latex/tools/array.sty
Package: array 2024/10/17 v2.6g Tabular extension package (FMi)
\col@sep=\dimen186
\ar@mcellbox=\box55
\extrarowheight=\dimen187
\NC@list=\toks32
\extratabsurround=\skip62
\backup@length=\skip63
\ar@cellbox=\box56
)
(/usr/local/texlive/2025/texmf-dist/tex/latex/tools/longtable.sty
Package: longtable 2024-10-27 v4.22 Multi-page Table package (DPC)
\LTleft=\skip64
\LTright=\skip65
\LTpre=\skip66
\LTpost=\skip67
\LTchunksize=\count305
\LTcapwidth=\dimen188
\LT@head=\box57
\LT@firsthead=\box58
\LT@foot=\box59
\LT@lastfoot=\box60
\LT@gbox=\box61
\LT@cols=\count306
\LT@rows=\count307
\c@LT@tables=\count308
\c@LT@chunks=\count309
\LT@p@ftn=\toks33
)
(/usr/local/texlive/2025/texmf-dist/tex/latex/pgf/frontendlayer/tikz.sty
(/usr/local/texlive/2025/texmf-dist/tex/latex/pgf/basiclayer/pgf.sty
(/usr/local/texlive/2025/texmf-dist/tex/latex/pgf/utilities/pgfrcs.sty
(/usr/local/texlive/2025/texmf-dist/tex/generic/pgf/utilities/pgfutil-common.te
x
\pgfutil@everybye=\toks34
\pgfutil@tempdima=\dimen189
\pgfutil@tempdimb=\dimen190
)
(/usr/local/texlive/2025/texmf-dist/tex/generic/pgf/utilities/pgfutil-latex.def
\pgfutil@abb=\box62
) (/usr/local/texlive/2025/texmf-dist/tex/generic/pgf/utilities/pgfrcs.code.tex
(/usr/local/texlive/2025/texmf-dist/tex/generic/pgf/pgf.revision.tex)
Package: pgfrcs 2023-01-15 v3.1.10 (3.1.10)
))
Package: pgf 2023-01-15 v3.1.10 (3.1.10)

(/usr/local/texlive/2025/texmf-dist/tex/latex/pgf/basiclayer/pgfcore.sty
(/usr/local/texlive/2025/texmf-dist/tex/latex/graphics/graphicx.sty
Package: graphicx 2021/09/16 v1.2d Enhanced LaTeX Graphics (DPC,SPQR)

(/usr/local/texlive/2025/texmf-dist/tex/latex/graphics/graphics.sty
Package: graphics 2024/08/06 v1.4g Standard LaTeX Graphics (DPC,SPQR)

(/usr/local/texlive/2025/texmf-dist/tex/latex/graphics/trig.sty
Package: trig 2023/12/02 v1.11 sin cos tan (DPC)
)
(/usr/local/texlive/2025/texmf-dist/tex/latex/graphics-cfg/graphics.cfg
File: graphics.cfg 2016/06/04 v1.11 sample graphics configuration
)
Package graphics Info: Driver file: pdftex.def on input line 106.

(/usr/local/texlive/2025/texmf-dist/tex/latex/graphics-def/pdftex.def
File: pdftex.def 2024/04/13 v1.2c Graphics/color driver for pdftex
))
\Gin@req@height=\dimen191
\Gin@req@width=\dimen192
)
(/usr/local/texlive/2025/texmf-dist/tex/latex/pgf/systemlayer/pgfsys.sty
(/usr/local/texlive/2025/texmf-dist/tex/generic/pgf/systemlayer/pgfsys.code.tex
Package: pgfsys 2023-01-15 v3.1.10 (3.1.10)
(/usr/local/texlive/2025/texmf-dist/tex/generic/pgf/utilities/pgfkeys.code.tex
\pgfkeys@pathtoks=\toks35
\pgfkeys@temptoks=\toks36

(/usr/local/texlive/2025/texmf-dist/tex/generic/pgf/utilities/pgfkeyslibraryfil
tered.code.tex
\pgfkeys@tmptoks=\toks37
))
\pgf@x=\dimen193
\pgf@y=\dimen194
\pgf@xa=\dimen195
\pgf@ya=\dimen196
\pgf@xb=\dimen197
\pgf@yb=\dimen198
\pgf@xc=\dimen199
\pgf@yc=\dimen256
\pgf@xd=\dimen257
\pgf@yd=\dimen258
\w@pgf@writea=\write3
\r@pgf@reada=\read2
\c@pgf@counta=\count310
\c@pgf@countb=\count311
\c@pgf@countc=\count312
\c@pgf@countd=\count313
\t@pgf@toka=\toks38
\t@pgf@tokb=\toks39
\t@pgf@tokc=\toks40
\pgf@sys@id@count=\count314

(/usr/local/texlive/2025/texmf-dist/tex/generic/pgf/systemlayer/pgf.cfg
File: pgf.cfg 2023-01-15 v3.1.10 (3.1.10)
)
Driver file for pgf: pgfsys-pdftex.def

(/usr/local/texlive/2025/texmf-dist/tex/generic/pgf/systemlayer/pgfsys-pdftex.d
ef
File: pgfsys-pdftex.def 2023-01-15 v3.1.10 (3.1.10)

(/usr/local/texlive/2025/texmf-dist/tex/generic/pgf/systemlayer/pgfsys-common-p
df.def
File: pgfsys-common-pdf.def 2023-01-15 v3.1.10 (3.1.10)
)))
(/usr/local/texlive/2025/texmf-dist/tex/generic/pgf/systemlayer/pgfsyssoftpath.
code.tex
File: pgfsyssoftpath.code.tex 2023-01-15 v3.1.10 (3.1.10)
\pgfsyssoftpath@smallbuffer@items=\count315
\pgfsyssoftpath@bigbuffer@items=\count316
)
(/usr/local/texlive/2025/texmf-dist/tex/generic/pgf/systemlayer/pgfsysprotocol.
code.tex
File: pgfsysprotocol.code.tex 2023-01-15 v3.1.10 (3.1.10)
)) (/usr/local/texlive/2025/texmf-dist/tex/latex/xcolor/xcolor.sty
Package: xcolor 2024/09/29 v3.02 LaTeX color extensions (UK)

(/usr/local/texlive/2025/texmf-dist/tex/latex/graphics-cfg/color.cfg
File: color.cfg 2016/01/02 v1.6 sample color configuration
)
Package xcolor Info: Driver file: pdftex.def on input line 274.

(/usr/local/texlive/2025/texmf-dist/tex/latex/graphics/mathcolor.ltx)
Package xcolor Info: Model `cmy' substituted by `cmy0' on input line 1349.
Package xcolor Info: Model `hsb' substituted by `rgb' on input line 1353.
Package xcolor Info: Model `RGB' extended on input line 1365.
Package xcolor Info: Model `HTML' substituted by `rgb' on input line 1367.
Package xcolor Info: Model `Hsb' substituted by `hsb' on input line 1368.
Package xcolor Info: Model `tHsb' substituted by `hsb' on input line 1369.
Package xcolor Info: Model `HSB' substituted by `hsb' on input line 1370.
Package xcolor Info: Model `Gray' substituted by `gray' on input line 1371.
Package xcolor Info: Model `wave' substituted by `hsb' on input line 1372.
)
(/usr/local/texlive/2025/texmf-dist/tex/generic/pgf/basiclayer/pgfcore.code.tex
Package: pgfcore 2023-01-15 v3.1.10 (3.1.10)
(/usr/local/texlive/2025/texmf-dist/tex/generic/pgf/math/pgfmath.code.tex
(/usr/local/texlive/2025/texmf-dist/tex/generic/pgf/math/pgfmathutil.code.tex)
(/usr/local/texlive/2025/texmf-dist/tex/generic/pgf/math/pgfmathparser.code.tex
\pgfmath@dimen=\dimen259
\pgfmath@count=\count317
\pgfmath@box=\box63
\pgfmath@toks=\toks41
\pgfmath@stack@operand=\toks42
\pgfmath@stack@operation=\toks43
)
(/usr/local/texlive/2025/texmf-dist/tex/generic/pgf/math/pgfmathfunctions.code.
tex)
(/usr/local/texlive/2025/texmf-dist/tex/generic/pgf/math/pgfmathfunctions.basic
.code.tex)
(/usr/local/texlive/2025/texmf-dist/tex/generic/pgf/math/pgfmathfunctions.trigo
nometric.code.tex)
(/usr/local/texlive/2025/texmf-dist/tex/generic/pgf/math/pgfmathfunctions.rando
m.code.tex)
(/usr/local/texlive/2025/texmf-dist/tex/generic/pgf/math/pgfmathfunctions.compa
rison.code.tex)
(/usr/local/texlive/2025/texmf-dist/tex/generic/pgf/math/pgfmathfunctions.base.
code.tex)
(/usr/local/texlive/2025/texmf-dist/tex/generic/pgf/math/pgfmathfunctions.round
.code.tex)
(/usr/local/texlive/2025/texmf-dist/tex/generic/pgf/math/pgfmathfunctions.misc.
code.tex)
(/usr/local/texlive/2025/texmf-dist/tex/generic/pgf/math/pgfmathfunctions.integ
erarithmetics.code.tex)
(/usr/local/texlive/2025/texmf-dist/tex/generic/pgf/math/pgfmathcalc.code.tex)
(/usr/local/texlive/2025/texmf-dist/tex/generic/pgf/math/pgfmathfloat.code.tex
\c@pgfmathroundto@lastzeros=\count318
)) (/usr/local/texlive/2025/texmf-dist/tex/generic/pgf/math/pgfint.code.tex)
(/usr/local/texlive/2025/texmf-dist/tex/generic/pgf/basiclayer/pgfcorepoints.co
de.tex
File: pgfcorepoints.code.tex 2023-01-15 v3.1.10 (3.1.10)
\pgf@picminx=\dimen260
\pgf@picmaxx=\dimen261
\pgf@picminy=\dimen262
\pgf@picmaxy=\dimen263
\pgf@pathminx=\dimen264
\pgf@pathmaxx=\dimen265
\pgf@pathminy=\dimen266
\pgf@pathmaxy=\dimen267
\pgf@xx=\dimen268
\pgf@xy=\dimen269
\pgf@yx=\dimen270
\pgf@yy=\dimen271
\pgf@zx=\dimen272
\pgf@zy=\dimen273
)
(/usr/local/texlive/2025/texmf-dist/tex/generic/pgf/basiclayer/pgfcorepathconst
ruct.code.tex
File: pgfcorepathconstruct.code.tex 2023-01-15 v3.1.10 (3.1.10)
\pgf@path@lastx=\dimen274
\pgf@path@lasty=\dimen275
)
(/usr/local/texlive/2025/texmf-dist/tex/generic/pgf/basiclayer/pgfcorepathusage
.code.tex
File: pgfcorepathusage.code.tex 2023-01-15 v3.1.10 (3.1.10)
\pgf@shorten@end@additional=\dimen276
\pgf@shorten@start@additional=\dimen277
)
(/usr/local/texlive/2025/texmf-dist/tex/generic/pgf/basiclayer/pgfcorescopes.co
de.tex
File: pgfcorescopes.code.tex 2023-01-15 v3.1.10 (3.1.10)
\pgfpic=\box64
\pgf@hbox=\box65
\pgf@layerbox@main=\box66
\pgf@picture@serial@count=\count319
)
(/usr/local/texlive/2025/texmf-dist/tex/generic/pgf/basiclayer/pgfcoregraphicst
ate.code.tex
File: pgfcoregraphicstate.code.tex 2023-01-15 v3.1.10 (3.1.10)
\pgflinewidth=\dimen278
)
(/usr/local/texlive/2025/texmf-dist/tex/generic/pgf/basiclayer/pgfcoretransform
ations.code.tex
File: pgfcoretransformations.code.tex 2023-01-15 v3.1.10 (3.1.10)
\pgf@pt@x=\dimen279
\pgf@pt@y=\dimen280
\pgf@pt@temp=\dimen281
)
(/usr/local/texlive/2025/texmf-dist/tex/generic/pgf/basiclayer/pgfcorequick.cod
e.tex
File: pgfcorequick.code.tex 2023-01-15 v3.1.10 (3.1.10)
)
(/usr/local/texlive/2025/texmf-dist/tex/generic/pgf/basiclayer/pgfcoreobjects.c
ode.tex
File: pgfcoreobjects.code.tex 2023-01-15 v3.1.10 (3.1.10)
)
(/usr/local/texlive/2025/texmf-dist/tex/generic/pgf/basiclayer/pgfcorepathproce
ssing.code.tex
File: pgfcorepathprocessing.code.tex 2023-01-15 v3.1.10 (3.1.10)
)
(/usr/local/texlive/2025/texmf-dist/tex/generic/pgf/basiclayer/pgfcorearrows.co
de.tex
File: pgfcorearrows.code.tex 2023-01-15 v3.1.10 (3.1.10)
\pgfarrowsep=\dimen282
)
(/usr/local/texlive/2025/texmf-dist/tex/generic/pgf/basiclayer/pgfcoreshade.cod
e.tex
File: pgfcoreshade.code.tex 2023-01-15 v3.1.10 (3.1.10)
\pgf@max=\dimen283
\pgf@sys@shading@range@num=\count320
\pgf@shadingcount=\count321
)
(/usr/local/texlive/2025/texmf-dist/tex/generic/pgf/basiclayer/pgfcoreimage.cod
e.tex
File: pgfcoreimage.code.tex 2023-01-15 v3.1.10 (3.1.10)
)
(/usr/local/texlive/2025/texmf-dist/tex/generic/pgf/basiclayer/pgfcoreexternal.
code.tex
File: pgfcoreexternal.code.tex 2023-01-15 v3.1.10 (3.1.10)
\pgfexternal@startupbox=\box67
)
(/usr/local/texlive/2025/texmf-dist/tex/generic/pgf/basiclayer/pgfcorelayers.co
de.tex
File: pgfcorelayers.code.tex 2023-01-15 v3.1.10 (3.1.10)
)
(/usr/local/texlive/2025/texmf-dist/tex/generic/pgf/basiclayer/pgfcoretranspare
ncy.code.tex
File: pgfcoretransparency.code.tex 2023-01-15 v3.1.10 (3.1.10)
)
(/usr/local/texlive/2025/texmf-dist/tex/generic/pgf/basiclayer/pgfcorepatterns.
code.tex
File: pgfcorepatterns.code.tex 2023-01-15 v3.1.10 (3.1.10)
)
(/usr/local/texlive/2025/texmf-dist/tex/generic/pgf/basiclayer/pgfcorerdf.code.
tex
File: pgfcorerdf.code.tex 2023-01-15 v3.1.10 (3.1.10)
)))
(/usr/local/texlive/2025/texmf-dist/tex/generic/pgf/modules/pgfmoduleshapes.cod
e.tex
File: pgfmoduleshapes.code.tex 2023-01-15 v3.1.10 (3.1.10)
\pgfnodeparttextbox=\box68
)
(/usr/local/texlive/2025/texmf-dist/tex/generic/pgf/modules/pgfmoduleplot.code.
tex
File: pgfmoduleplot.code.tex 2023-01-15 v3.1.10 (3.1.10)
)
(/usr/local/texlive/2025/texmf-dist/tex/latex/pgf/compatibility/pgfcomp-version
-0-65.sty
Package: pgfcomp-version-0-65 2023-01-15 v3.1.10 (3.1.10)
\pgf@nodesepstart=\dimen284
\pgf@nodesepend=\dimen285
)
(/usr/local/texlive/2025/texmf-dist/tex/latex/pgf/compatibility/pgfcomp-version
-1-18.sty
Package: pgfcomp-version-1-18 2023-01-15 v3.1.10 (3.1.10)
))
(/usr/local/texlive/2025/texmf-dist/tex/latex/pgf/utilities/pgffor.sty
(/usr/local/texlive/2025/texmf-dist/tex/latex/pgf/utilities/pgfkeys.sty
(/usr/local/texlive/2025/texmf-dist/tex/generic/pgf/utilities/pgfkeys.code.tex)
) (/usr/local/texlive/2025/texmf-dist/tex/latex/pgf/math/pgfmath.sty
(/usr/local/texlive/2025/texmf-dist/tex/generic/pgf/math/pgfmath.code.tex))
(/usr/local/texlive/2025/texmf-dist/tex/generic/pgf/utilities/pgffor.code.tex
Package: pgffor 2023-01-15 v3.1.10 (3.1.10)
\pgffor@iter=\dimen286
\pgffor@skip=\dimen287
\pgffor@stack=\toks44
\pgffor@toks=\toks45
))
(/usr/local/texlive/2025/texmf-dist/tex/generic/pgf/frontendlayer/tikz/tikz.cod
e.tex
Package: tikz 2023-01-15 v3.1.10 (3.1.10)

(/usr/local/texlive/2025/texmf-dist/tex/generic/pgf/libraries/pgflibraryplothan
dlers.code.tex
File: pgflibraryplothandlers.code.tex 2023-01-15 v3.1.10 (3.1.10)
\pgf@plot@mark@count=\count322
\pgfplotmarksize=\dimen288
)
\tikz@lastx=\dimen289
\tikz@lasty=\dimen290
\tikz@lastxsaved=\dimen291
\tikz@lastysaved=\dimen292
\tikz@lastmovetox=\dimen293
\tikz@lastmovetoy=\dimen294
\tikzleveldistance=\dimen295
\tikzsiblingdistance=\dimen296
\tikz@figbox=\box69
\tikz@figbox@bg=\box70
\tikz@tempbox=\box71
\tikz@tempbox@bg=\box72
\tikztreelevel=\count323
\tikznumberofchildren=\count324
\tikznumberofcurrentchild=\count325
\tikz@fig@count=\count326

(/usr/local/texlive/2025/texmf-dist/tex/generic/pgf/modules/pgfmodulematrix.cod
e.tex
File: pgfmodulematrix.code.tex 2023-01-15 v3.1.10 (3.1.10)
\pgfmatrixcurrentrow=\count327
\pgfmatrixcurrentcolumn=\count328
\pgf@matrix@numberofcolumns=\count329
)
\tikz@expandcount=\count330

(/usr/local/texlive/2025/texmf-dist/tex/generic/pgf/frontendlayer/tikz/librarie
s/tikzlibrarytopaths.code.tex
File: tikzlibrarytopaths.code.tex 2023-01-15 v3.1.10 (3.1.10)
)))
(/usr/local/texlive/2025/texmf-dist/tex/generic/pgf/libraries/pgflibraryarrows.
meta.code.tex
File: pgflibraryarrows.meta.code.tex 2023-01-15 v3.1.10 (3.1.10)
\pgfarrowinset=\dimen297
\pgfarrowlength=\dimen298
\pgfarrowwidth=\dimen299
\pgfarrowlinewidth=\dimen300
)
(/usr/local/texlive/2025/texmf-dist/tex/generic/pgf/frontendlayer/tikz/librarie
s/tikzlibrarypositioning.code.tex
File: tikzlibrarypositioning.code.tex 2023-01-15 v3.1.10 (3.1.10)
)
(/usr/local/texlive/2025/texmf-dist/tex/generic/pgf/frontendlayer/tikz/librarie
s/tikzlibraryshapes.geometric.code.tex
File: tikzlibraryshapes.geometric.code.tex 2023-01-15 v3.1.10 (3.1.10)

(/usr/local/texlive/2025/texmf-dist/tex/generic/pgf/libraries/shapes/pgflibrary
shapes.geometric.code.tex
File: pgflibraryshapes.geometric.code.tex 2023-01-15 v3.1.10 (3.1.10)
))
(/usr/local/texlive/2025/texmf-dist/tex/generic/pgf/frontendlayer/tikz/librarie
s/tikzlibrarycalc.code.tex
File: tikzlibrarycalc.code.tex 2023-01-15 v3.1.10 (3.1.10)
)
(/usr/local/texlive/2025/texmf-dist/tex/generic/pgf/frontendlayer/tikz/librarie
s/tikzlibrarydecorations.pathmorphing.code.tex
(/usr/local/texlive/2025/texmf-dist/tex/generic/pgf/frontendlayer/tikz/librarie
s/tikzlibrarydecorations.code.tex
(/usr/local/texlive/2025/texmf-dist/tex/generic/pgf/modules/pgfmoduledecoration
s.code.tex
\pgfdecoratedcompleteddistance=\dimen301
\pgfdecoratedremainingdistance=\dimen302
\pgfdecoratedinputsegmentcompleteddistance=\dimen303
\pgfdecoratedinputsegmentremainingdistance=\dimen304
\pgf@decorate@distancetomove=\dimen305
\pgf@decorate@repeatstate=\count331
\pgfdecorationsegmentamplitude=\dimen306
\pgfdecorationsegmentlength=\dimen307
)
\tikz@lib@dec@box=\box73
)
(/usr/local/texlive/2025/texmf-dist/tex/generic/pgf/libraries/decorations/pgfli
brarydecorations.pathmorphing.code.tex))
(/usr/local/texlive/2025/texmf-dist/tex/latex/tcolorbox/tcolorbox.sty
Package: tcolorbox 2024/10/22 version 6.4.1 text color boxes

(/usr/local/texlive/2025/texmf-dist/tex/latex/tools/verbatim.sty
Package: verbatim 2024-01-22 v1.5x LaTeX2e package for verbatim enhancements
\every@verbatim=\toks46
\verbatim@line=\toks47
\verbatim@in@stream=\read3
)
(/usr/local/texlive/2025/texmf-dist/tex/latex/environ/environ.sty
Package: environ 2014/05/04 v0.3 A new way to define environments

(/usr/local/texlive/2025/texmf-dist/tex/latex/trimspaces/trimspaces.sty
Package: trimspaces 2009/09/17 v1.1 Trim spaces around a token list
))
\tcb@titlebox=\box74
\tcb@upperbox=\box75
\tcb@lowerbox=\box76
\tcb@phantombox=\box77
\c@tcbbreakpart=\count332
\c@tcblayer=\count333
\c@tcolorbox@number=\count334
\l__tcobox_tmpa_box=\box78
\l__tcobox_tmpa_dim=\dimen308
\tcb@temp=\box79
\tcb@temp=\box80
\tcb@temp=\box81
\tcb@temp=\box82
)
(/usr/local/texlive/2025/texmf-dist/tex/latex/tcolorbox/tcbtheorems.code.tex
Library (tcolorbox): 'tcbtheorems.code.tex' version '6.4.1'
) (/usr/local/texlive/2025/texmf-dist/tex/latex/tcolorbox/tcbskins.code.tex
Library (tcolorbox): 'tcbskins.code.tex' version '6.4.1'
(/usr/local/texlive/2025/texmf-dist/tex/latex/tikzfill/tikzfill.image.sty
Package: tikzfill.image 2023/08/08 v1.0.1 Image filling library for TikZ

(/usr/local/texlive/2025/texmf-dist/tex/latex/tikzfill/tikzfill-common.sty
Package: tikzfill-common 2023/08/08 v1.0.1 Auxiliary code for tikzfill
)
(/usr/local/texlive/2025/texmf-dist/tex/latex/tikzfill/tikzlibraryfill.image.co
de.tex
File: tikzlibraryfill.image.code.tex 2023/08/08 v1.0.1 Image filling library
\l__tikzfill_img_box=\box83
))
(/usr/local/texlive/2025/texmf-dist/tex/latex/tcolorbox/tcbskinsjigsaw.code.tex
Library (tcolorbox): 'tcbskinsjigsaw.code.tex' version '6.4.1'
))
(/usr/local/texlive/2025/texmf-dist/tex/latex/tcolorbox/tcbbreakable.code.tex
Library (tcolorbox): 'tcbbreakable.code.tex' version '6.4.1'
(/usr/local/texlive/2025/texmf-dist/tex/latex/pdfcol/pdfcol.sty
Package: pdfcol 2022-09-21 v1.7 Handle new color stacks for pdfTeX (HO)
)
Package pdfcol Info: New color stack `tcb@breakable' = 1 on input line 23.
\tcb@testbox=\box84
\tcb@totalupperbox=\box85
\tcb@totallowerbox=\box86
)
(/usr/local/texlive/2025/texmf-dist/tex/latex/enumitem/enumitem.sty
Package: enumitem 2025/02/06 v3.11 Customized lists
\labelindent=\skip68
\enit@outerparindent=\dimen309
\enit@toks=\toks48
\enit@inbox=\box87
\enit@count@id=\count335
\enitdp@description=\count336
)
Package hyperref Info: Option `colorlinks' set `true' on input line 26.
\c@theorem=\count337


! LaTeX Error: Command \openbox already defined.
               Or name \end... illegal, see p.192 of the manual.

See the LaTeX manual or LaTeX Companion for explanation.
Type  H <return>  for immediate help.
 ...                                              
                                                  
l.59 }
      
Your command was ignored.
Type  I <command> <return>  to replace it with another command,
or  <return>  to continue without it.

(/usr/local/texlive/2025/texmf-dist/tex/latex/l3backend/l3backend-pdftex.def
File: l3backend-pdftex.def 2024-05-08 L3 backend support: PDF output (pdfTeX)
\l__color_backend_stack_int=\count338
\l__pdf_internal_box=\box88
)
(./main.aux)
\openout1 = `main.aux'.

LaTeX Font Info:    Checking defaults for OML/cmm/m/it on input line 81.
LaTeX Font Info:    ... okay on input line 81.
LaTeX Font Info:    Checking defaults for OMS/cmsy/m/n on input line 81.
LaTeX Font Info:    ... okay on input line 81.
LaTeX Font Info:    Checking defaults for OT1/cmr/m/n on input line 81.
LaTeX Font Info:    ... okay on input line 81.
LaTeX Font Info:    Checking defaults for T1/cmr/m/n on input line 81.
LaTeX Font Info:    ... okay on input line 81.
LaTeX Font Info:    Checking defaults for TS1/cmr/m/n on input line 81.
LaTeX Font Info:    ... okay on input line 81.
LaTeX Font Info:    Checking defaults for OMX/cmex/m/n on input line 81.
LaTeX Font Info:    ... okay on input line 81.
LaTeX Font Info:    Checking defaults for U/cmr/m/n on input line 81.
LaTeX Font Info:    ... okay on input line 81.
LaTeX Font Info:    Checking defaults for PD1/pdf/m/n on input line 81.
LaTeX Font Info:    ... okay on input line 81.
LaTeX Font Info:    Checking defaults for PU/pdf/m/n on input line 81.
LaTeX Font Info:    ... okay on input line 81.

*geometry* driver: auto-detecting
*geometry* detected driver: pdftex
*geometry* verbose mode - [ preamble ] result:
* driver: pdftex
* paper: a4paper
* layout: <same size as paper>
* layoutoffset:(h,v)=(0.0pt,0.0pt)
* modes: 
* h-part:(L,W,R)=(72.26999pt, 452.9679pt, 72.26999pt)
* v-part:(T,H,B)=(72.26999pt, 700.50687pt, 72.26999pt)
* \paperwidth=597.50787pt
* \paperheight=845.04684pt
* \textwidth=452.9679pt
* \textheight=700.50687pt
* \oddsidemargin=0.0pt
* \evensidemargin=0.0pt
* \topmargin=-37.0pt
* \headheight=12.0pt
* \headsep=25.0pt
* \topskip=11.0pt
* \footskip=30.0pt
* \marginparwidth=50.0pt
* \marginparsep=10.0pt
* \columnsep=10.0pt
* \skip\footins=10.0pt plus 4.0pt minus 2.0pt
* \hoffset=0.0pt
* \voffset=0.0pt
* \mag=1000
* \@twocolumnfalse
* \@twosidefalse
* \@mparswitchfalse
* \@reversemarginfalse
* (1in=72.27pt=25.4mm, 1cm=28.453pt)

Package hyperref Info: Link coloring ON on input line 81.
(./main.out) (./main.out)
\@outlinefile=\write4
\openout4 = `main.out'.


(/usr/local/texlive/2025/texmf-dist/tex/context/base/mkii/supp-pdf.mkii
[Loading MPS to PDF converter (version 2006.09.02).]
\scratchcounter=\count339
\scratchdimen=\dimen310
\scratchbox=\box89
\nofMPsegments=\count340
\nofMParguments=\count341
\everyMPshowfont=\toks49
\MPscratchCnt=\count342
\MPscratchDim=\dimen311
\MPnumerator=\count343
\makeMPintoPDFobject=\count344
\everyMPtoPDFconversion=\toks50
) (/usr/local/texlive/2025/texmf-dist/tex/latex/epstopdf-pkg/epstopdf-base.sty
Package: epstopdf-base 2020-01-24 v2.11 Base part for package epstopdf
Package epstopdf-base Info: Redefining graphics rule for `.eps' on input line 4
85.

(/usr/local/texlive/2025/texmf-dist/tex/latex/latexconfig/epstopdf-sys.cfg
File: epstopdf-sys.cfg 2010/07/13 v1.3 Configuration of (r)epstopdf for TeX Liv
e
))
LaTeX Font Info:    Trying to load font information for U+msa on input line 84.


(/usr/local/texlive/2025/texmf-dist/tex/latex/amsfonts/umsa.fd
File: umsa.fd 2013/01/14 v3.01 AMS symbols A
)
LaTeX Font Info:    Trying to load font information for U+msb on input line 84.


(/usr/local/texlive/2025/texmf-dist/tex/latex/amsfonts/umsb.fd
File: umsb.fd 2013/01/14 v3.01 AMS symbols B
) (./main.toc
LaTeX Font Info:    Trying to load font information for U+euf on input line 18.


(/usr/local/texlive/2025/texmf-dist/tex/latex/amsfonts/ueuf.fd
File: ueuf.fd 2013/01/14 v3.01 Euler Fraktur
)

[1

{/usr/local/texlive/2025/texmf-var/fonts/map/pdftex/updmap/pdftex.map}{/usr/loc
al/texlive/2025/texmf-dist/fonts/enc/dvips/cm-super/cm-super-t1.enc}]

[2])
\tf@toc=\write5
\openout5 = `main.toc'.



[3]

[4{/usr/local/texlive/2025/texmf-dist/fonts/enc/dvips/cm-super/cm-super-ts1.enc
}]

[5]

Package hyperref Warning: Token not allowed in a PDF string (Unicode):
(hyperref)                removing `math shift' on input line 281.


Package hyperref Warning: Token not allowed in a PDF string (Unicode):
(hyperref)                removing `superscript' on input line 281.


Package hyperref Warning: Token not allowed in a PDF string (Unicode):
(hyperref)                removing `subscript' on input line 281.


Package hyperref Warning: Token not allowed in a PDF string (Unicode):
(hyperref)                removing `math shift' on input line 281.


Package hyperref Warning: Token not allowed in a PDF string (Unicode):
(hyperref)                removing `math shift' on input line 320.


Package hyperref Warning: Token not allowed in a PDF string (Unicode):
(hyperref)                removing `\leftrightarrow' on input line 320.


Package hyperref Warning: Token not allowed in a PDF string (Unicode):
(hyperref)                removing `math shift' on input line 320.



[6]

Package hyperref Warning: Token not allowed in a PDF string (Unicode):
(hyperref)                removing `math shift' on input line 352.


Package hyperref Warning: Token not allowed in a PDF string (Unicode):
(hyperref)                removing `superscript' on input line 352.


Package hyperref Warning: Token not allowed in a PDF string (Unicode):
(hyperref)                removing `math shift' on input line 352.



[7]

[8]

Package hyperref Warning: Token not allowed in a PDF string (Unicode):
(hyperref)                removing `math shift' on input line 537.


Package hyperref Warning: Token not allowed in a PDF string (Unicode):
(hyperref)                removing `\to' on input line 537.


Package hyperref Warning: Token not allowed in a PDF string (Unicode):
(hyperref)                removing `math shift' on input line 537.


Package hyperref Warning: Token not allowed in a PDF string (Unicode):
(hyperref)                removing `math shift' on input line 585.


Package hyperref Warning: Token not allowed in a PDF string (Unicode):
(hyperref)                removing `math shift' on input line 585.



[9]

Package hyperref Warning: Token not allowed in a PDF string (Unicode):
(hyperref)                removing `math shift' on input line 610.


Package hyperref Warning: Token not allowed in a PDF string (Unicode):
(hyperref)                removing `subscript' on input line 610.


Package hyperref Warning: Token not allowed in a PDF string (Unicode):
(hyperref)                removing `\to' on input line 610.


Package hyperref Warning: Token not allowed in a PDF string (Unicode):
(hyperref)                removing `subscript' on input line 610.


Package hyperref Warning: Token not allowed in a PDF string (Unicode):
(hyperref)                removing `\times' on input line 610.


Package hyperref Warning: Token not allowed in a PDF string (Unicode):
(hyperref)                removing `subscript' on input line 610.


Package hyperref Warning: Token not allowed in a PDF string (Unicode):
(hyperref)                removing `math shift' on input line 610.


Package hyperref Warning: Token not allowed in a PDF string (Unicode):
(hyperref)                removing `math shift' on input line 628.


Package hyperref Warning: Token not allowed in a PDF string (Unicode):
(hyperref)                removing `subscript' on input line 628.


Package hyperref Warning: Token not allowed in a PDF string (Unicode):
(hyperref)                removing `\to' on input line 628.


Package hyperref Warning: Token not allowed in a PDF string (Unicode):
(hyperref)                removing `subscript' on input line 628.


Package hyperref Warning: Token not allowed in a PDF string (Unicode):
(hyperref)                removing `math shift' on input line 628.


LaTeX Warning: `h' float specifier changed to `ht'.


Package hyperref Warning: Token not allowed in a PDF string (Unicode):
(hyperref)                removing `math shift' on input line 689.


Package hyperref Warning: Token not allowed in a PDF string (Unicode):
(hyperref)                removing `subscript' on input line 689.


Package hyperref Warning: Token not allowed in a PDF string (Unicode):
(hyperref)                removing `math shift' on input line 689.



[10]

Package hyperref Warning: Token not allowed in a PDF string (Unicode):
(hyperref)                removing `math shift' on input line 715.


Package hyperref Warning: Token not allowed in a PDF string (Unicode):
(hyperref)                removing `subscript' on input line 715.


Package hyperref Warning: Token not allowed in a PDF string (Unicode):
(hyperref)                removing `\to' on input line 715.


Package hyperref Warning: Token not allowed in a PDF string (Unicode):
(hyperref)                removing `\times' on input line 715.


Package hyperref Warning: Token not allowed in a PDF string (Unicode):
(hyperref)                removing `subscript' on input line 715.


Package hyperref Warning: Token not allowed in a PDF string (Unicode):
(hyperref)                removing `\psi' on input line 715.


Package hyperref Warning: Token not allowed in a PDF string (Unicode):
(hyperref)                removing `math shift' on input line 715.


Package hyperref Warning: Token not allowed in a PDF string (Unicode):
(hyperref)                removing `math shift' on input line 729.


Package hyperref Warning: Token not allowed in a PDF string (Unicode):
(hyperref)                removing `\to' on input line 729.


Package hyperref Warning: Token not allowed in a PDF string (Unicode):
(hyperref)                removing `math shift' on input line 729.


Package hyperref Warning: Token not allowed in a PDF string (Unicode):
(hyperref)                removing `math shift' on input line 739.


Package hyperref Warning: Token not allowed in a PDF string (Unicode):
(hyperref)                removing `subscript' on input line 739.


Package hyperref Warning: Token not allowed in a PDF string (Unicode):
(hyperref)                removing `math shift' on input line 739.


LaTeX Warning: `h' float specifier changed to `ht'.



[11]

LaTeX Warning: `h' float specifier changed to `ht'.


Package hyperref Warning: Token not allowed in a PDF string (Unicode):
(hyperref)                removing `math shift' on input line 863.


Package hyperref Warning: Token not allowed in a PDF string (Unicode):
(hyperref)                removing `\to' on input line 863.


Package hyperref Warning: Token not allowed in a PDF string (Unicode):
(hyperref)                removing `math shift' on input line 863.



[12]

[13]
! Undefined control sequence.
\endtcolorbox ->\tcb@insert@after@part 
                                       \end {tcb@savebox}\tcb@draw@color@box...
l.954 \end{openbox}
                   
The control sequence at the end of the top line
of your error message was never \def'ed. If you have
misspelled it (e.g., `\hobx'), type `I' and the correct
spelling (e.g., `I\hbox'). Otherwise just continue,
and I'll forget about whatever was undefined.

! Too many }'s.
\endtcb@savebox ...efalse \color@endgroup \egroup 
                                                  \expandafter \@iiiparbox \...
l.954 \end{openbox}
                   
You've closed more groups than you opened.
Such booboos are generally harmless, so keep going.

! Undefined control sequence.
\endtcb@savebox ...pandafter \@iiiparbox \@mpargs 
                                                  {\unvbox \@tempboxa }
l.954 \end{openbox}
                   
The control sequence at the end of the top line
of your error message was never \def'ed. If you have
misspelled it (e.g., `\hobx'), type `I' and the correct
spelling (e.g., `I\hbox'). Otherwise just continue,
and I'll forget about whatever was undefined.

! Missing number, treated as zero.
<to be read again> 
                   \protect 
l.971 \begin
            {tabular}{clcc}
A number should have been here; I inserted `0'.
(If you can't figure out why I needed to see a number,
look up `weird error' in the index to The TeXbook.)

! Illegal unit of measure (pt inserted).
<to be read again> 
                   \protect 
l.971 \begin
            {tabular}{clcc}
Dimensions can be in units of em, ex, in, pt, pc,
cm, mm, dd, cc, nd, nc, bp, or sp; but yours is a new one!
I'll assume that you meant to say pt, for printer's points.
To recover gracefully from this error, it's best to
delete the erroneous units; e.g., type `2' to delete
two letters. (See Chapter 27 of The TeXbook.)


! Package calc Error: `\let ' invalid at this point.

See the calc package documentation for explanation.
Type  H <return>  for immediate help.
 ...                                              
                                                  
l.971 \begin
            {tabular}{clcc}
I expected to see one of: + - * / )


Underfull \hbox (badness 10000) in paragraph at lines 971--971

 []

! Missing \endcsname inserted.
<to be read again> 
                   \scan_stop: 
l.971 \begin
            {tabular}{clcc}
The control sequence marked <to be read again> should
not appear between \csname and \endcsname.

! Missing \endcsname inserted.
<to be read again> 
                   \scan_stop: 
l.971 \begin
            {tabular}{clcc}
The control sequence marked <to be read again> should
not appear between \csname and \endcsname.


! LaTeX Error: Environment \@@par  undefined.

See the LaTeX manual or LaTeX Companion for explanation.
Type  H <return>  for immediate help.
 ...                                              
                                                  
l.971 \begin
            {tabular}{clcc}
Your command was ignored.
Type  I <command> <return>  to replace it with another command,
or  <return>  to continue without it.

! Extra }, or forgotten \endgroup.
\@begin@tempboxa ...begingroup #2\color@endgroup }
                                                  \def \width {\wd \@tempbox...
l.971 \begin
            {tabular}{clcc}
I've deleted a group-closing symbol because it seems to be
spurious, as in `$x}$'. But perhaps the } is legitimate and
you forgot something else, as in `\hbox{$x}'. In such cases
the way to recover is to insert both the forgotten and the
deleted material, e.g., by typing `I$}'.

Runaway argument?
{\@checkend {tcb@savebox}\endgroup \UseHook {env/tcb@savebox/after}\if@ignore \
ETC.
! Paragraph ended before \calc@assign@generic was complete.
<to be read again> 
                   \par 
l.971 \begin
            {tabular}{clcc}
I suspect you've forgotten a `}', causing me to apply this
control sequence to too much text. How can we recover?
My plan is to forget the whole thing and hope for the best.


Overfull \hbox (69.29419pt too wide) in paragraph at lines 971--971
[]\T1/cmr/bx/n/12 Links
 []


Overfull \hbox (49.48792pt too wide) in paragraph at lines 971--971
\T1/cmr/bx/n/12 to
 []


Overfull \hbox (72.04486pt too wide) in paragraph at lines 971--971
\T1/cmr/bx/n/12 Other
 []


Overfull \hbox (80.68858pt too wide) in paragraph at lines 971--971
\T1/cmr/bx/n/12 Deriva-
 []


Overfull \hbox (66.05887pt too wide) in paragraph at lines 971--971
\T1/cmr/bx/n/12 tions 
 []


Overfull \hbox (27.37506pt too wide) in paragraph at lines 971--971
[]
 []


Overfull \hbox (49.51317pt too wide) in paragraph at lines 971--971
\T1/cmr/bx/n/10.95 v32\T1/cmr/m/n/10.95 :
 []


Overfull \hbox (48.24112pt too wide) in paragraph at lines 971--971
\T1/cmr/m/n/10.95 Uni-
 []


Overfull \hbox (44.31512pt too wide) in paragraph at lines 971--971
\T1/cmr/m/n/10.95 fied
 []


Overfull \hbox (54.59476pt too wide) in paragraph at lines 971--971
\T1/cmr/m/n/10.95 gauge
 []


Overfull \hbox (42.94601pt too wide) in paragraph at lines 971--971
\T1/cmr/m/n/10.95 BC
 []


Overfull \hbox (57.31859pt too wide) in paragraph at lines 971--971
\T1/cmr/m/n/10.95 break-
 []


Overfull \hbox (41.89348pt too wide) in paragraph at lines 971--971
\T1/cmr/m/n/10.95 ing
 []


Overfull \hbox (57.92308pt too wide) in paragraph at lines 971--971
\T1/cmr/m/n/10.95 frame-
 []


Overfull \hbox (50.35971pt too wide) in paragraph at lines 971--971
\T1/cmr/m/n/10.95 work 
 []


Overfull \hbox (27.37506pt too wide) in paragraph at lines 971--971
[]
 []


Overfull \hbox (49.51317pt too wide) in paragraph at lines 971--971
\T1/cmr/bx/n/10.95 v33\T1/cmr/m/n/10.95 :
 []


Overfull \hbox (50.65898pt too wide) in paragraph at lines 971--971
\T1/cmr/m/n/10.95 Mat-
 []


Overfull \hbox (62.37872pt too wide) in paragraph at lines 971--971
\T1/cmr/m/n/10.95 ter/RG
 []


Overfull \hbox (51.5724pt too wide) in paragraph at lines 971--971
\T1/cmr/m/n/10.95 track
 []


Overfull \hbox (54.65894pt too wide) in paragraph at lines 971--971
\T1/cmr/m/n/10.95 struc-
 []


Overfull \hbox (46.73297pt too wide) in paragraph at lines 971--971
\T1/cmr/m/n/10.95 ture 
 []


Overfull \hbox (27.37506pt too wide) in paragraph at lines 971--971
[]
 []


Overfull \hbox (49.51317pt too wide) in paragraph at lines 971--971
\T1/cmr/bx/n/10.95 v34\T1/cmr/m/n/10.95 :
 []


Overfull \hbox (43.04428pt too wide) in paragraph at lines 971--971
\OML/cmm/m/it/10.95 G[]$
 []


Overfull \hbox (49.45305pt too wide) in paragraph at lines 971--971
\T1/cmr/m/n/10.95 from
 []


Overfull \hbox (44.30157pt too wide) in paragraph at lines 971--971
\T1/cmr/m/n/10.95 KK
 []


Overfull \hbox (41.59125pt too wide) in paragraph at lines 971--971
\T1/cmr/m/n/10.95 ex-
 []


Overfull \hbox (59.73642pt too wide) in paragraph at lines 971--971
\T1/cmr/m/n/10.95 change
 []


Overfull \hbox (51.08887pt too wide) in paragraph at lines 971--971
\T1/cmr/m/n/10.95 (uses
 []


Overfull \hbox (45.58446pt too wide) in paragraph at lines 971--971
\T1/cmr/m/n/10.95 sur-
 []


Overfull \hbox (51.27017pt too wide) in paragraph at lines 971--971
\T1/cmr/m/n/10.95 vivor
 []


Overfull \hbox (51.33063pt too wide) in paragraph at lines 971--971
\T1/cmr/m/n/10.95 spec-
 []


Overfull \hbox (55.1992pt too wide) in paragraph at lines 971--971
\T1/cmr/m/n/10.95 trum) 
 []


Overfull \hbox (27.37506pt too wide) in paragraph at lines 971--971
[]
 []


Overfull \hbox (66.8279pt too wide) in paragraph at lines 971--971
\T1/cmr/bx/n/10.95 Future\T1/cmr/m/n/10.95 :
 []


Overfull \hbox (70.31532pt too wide) in paragraph at lines 971--971
\T1/cmr/m/n/10.95 Anomaly
 []


Overfull \hbox (45.52402pt too wide) in paragraph at lines 971--971
\T1/cmr/m/n/10.95 ver-
 []


Overfull \hbox (34.0317pt too wide) in paragraph at lines 971--971
\T1/cmr/m/n/10.95 i-
 []


Overfull \hbox (37.05779pt too wide) in paragraph at lines 971--971
\T1/cmr/m/n/10.95 fi-
 []


Overfull \hbox (41.289pt too wide) in paragraph at lines 971--971
\T1/cmr/m/n/10.95 ca-
 []


Overfull \hbox (49.15459pt too wide) in paragraph at lines 971--971
\T1/cmr/m/n/10.95 tion,
 []


Overfull \hbox (63.96466pt too wide) in paragraph at lines 971--971
\T1/cmr/m/n/10.95 Yukawa
 []


Overfull \hbox (49.45305pt too wide) in paragraph at lines 971--971
\T1/cmr/m/n/10.95 from
 []


Overfull \hbox (50.66571pt too wide) in paragraph at lines 971--971
\T1/cmr/m/n/10.95 over-
 []


Overfull \hbox (41.89348pt too wide) in paragraph at lines 971--971
\T1/cmr/m/n/10.95 lap 
 []


Overfull \hbox (95.22455pt too wide) in paragraph at lines 971--971
[]\T1/cmr/bx/n/14.4 Reviewer
 []


Overfull \hbox (64.50792pt too wide) in paragraph at lines 971--971
\T1/cmr/bx/n/14.4 Trap
 []


Overfull \hbox (79.34332pt too wide) in paragraph at lines 971--971
\T1/cmr/bx/n/14.4 Check-
 []


Overfull \hbox (52.87537pt too wide) in paragraph at lines 971--971
\T1/cmr/bx/n/14.4 list 
 []


! LaTeX Error: Not in outer par mode.

See the LaTeX manual or LaTeX Companion for explanation.
Type  H <return>  for immediate help.
 ...                                              
                                                  
l.971 \begin
            {tabular}{clcc}
You've lost some text.  Try typing  <return>  to proceed.
If that doesn't work, type  X <return>  to quit.

! Undefined control sequence.
\@xfloat ...@fltovf \fi \global \setbox \@currbox 
                                                  \color@vbox \normalcolor \...
l.971 \begin
            {tabular}{clcc}
The control sequence at the end of the top line
of your error message was never \def'ed. If you have
misspelled it (e.g., `\hobx'), type `I' and the correct
spelling (e.g., `I\hbox'). Otherwise just continue,
and I'll forget about whatever was undefined.

! Missing number, treated as zero.
<to be read again> 
                   \vbox 
l.971 \begin
            {tabular}{clcc}
A number should have been here; I inserted `0'.
(If you can't figure out why I needed to see a number,
look up `weird error' in the index to The TeXbook.)


LaTeX Warning: Unexpected alignment h on input line 971.

! Misplaced \noalign.
\toprule ->\noalign 
                    {\ifnum 0=`}\fi \@aboverulesep =\abovetopsep \global \@b...
l.972 \toprule
              
I expect to see \noalign only after the \cr of
an alignment. Proceed, and I'll ignore this case.


Overfull \hbox (58.07364pt too wide) in paragraph at lines 971--973
\T1/cmr/m/n/10.95 b[][]tabularclcc 
 []

! Misplaced alignment tab character &.
l.973 \# &
           Trap & Status & Resolution \\
I can't figure out why you would want to use a tab mark
here. If you just want an ampersand, the remedy is
simple: Just type `I\&' now. But if some right brace
up above has ended a previous alignment prematurely,
you're probably due for more error messages, and you
might try typing `S' now just to see what is salvageable.

! Misplaced alignment tab character &.
l.973 \# & Trap &
                  Status & Resolution \\
I can't figure out why you would want to use a tab mark
here. If you just want an ampersand, the remedy is
simple: Just type `I\&' now. But if some right brace
up above has ended a previous alignment prematurely,
you're probably due for more error messages, and you
might try typing `S' now just to see what is salvageable.

! Misplaced alignment tab character &.
l.973 \# & Trap & Status &
                           Resolution \\
I can't figure out why you would want to use a tab mark
here. If you just want an ampersand, the remedy is
simple: Just type `I\&' now. But if some right brace
up above has ended a previous alignment prematurely,
you're probably due for more error messages, and you
might try typing `S' now just to see what is salvageable.

! Misplaced \noalign.
\midrule ->\noalign 
                    {\ifnum 0=`}\fi \@aboverulesep =\aboverulesep \global \@...
l.974 \midrule
              
I expect to see \noalign only after the \cr of
an alignment. Proceed, and I'll ignore this case.


Overfull \hbox (9.07071pt too wide) in paragraph at lines 973--975
[]\T1/cmr/m/n/10.95 #
 []


Overfull \hbox (22.68243pt too wide) in paragraph at lines 973--975
\T1/cmr/m/n/10.95 Trap
 []


Overfull \hbox (19.35788pt too wide) in paragraph at lines 973--975
\T1/cmr/m/n/10.95 Sta-
 []


Overfull \hbox (14.57886pt too wide) in paragraph at lines 973--975
\T1/cmr/m/n/10.95 tus
 []


Overfull \hbox (20.77689pt too wide) in paragraph at lines 973--975
\T1/cmr/m/n/10.95 Res-
 []


Overfull \hbox (9.07448pt too wide) in paragraph at lines 973--975
\T1/cmr/m/n/10.95 o-
 []


Overfull \hbox (12.70502pt too wide) in paragraph at lines 973--975
\T1/cmr/m/n/10.95 lu-
 []


Overfull \hbox (18.75343pt too wide) in paragraph at lines 973--975
\T1/cmr/m/n/10.95 tion 
 []

! Misplaced alignment tab character &.
l.975 1 &
          Rank mismatch & PASS & Explicitly tracked rank drops \\
I can't figure out why you would want to use a tab mark
here. If you just want an ampersand, the remedy is
simple: Just type `I\&' now. But if some right brace
up above has ended a previous alignment prematurely,
you're probably due for more error messages, and you
might try typing `S' now just to see what is salvageable.

! Misplaced alignment tab character &.
l.975 1 & Rank mismatch &
                          PASS & Explicitly tracked rank drops \\
I can't figure out why you would want to use a tab mark
here. If you just want an ampersand, the remedy is
simple: Just type `I\&' now. But if some right brace
up above has ended a previous alignment prematurely,
you're probably due for more error messages, and you
might try typing `S' now just to see what is salvageable.

! Misplaced alignment tab character &.
l.975 1 & Rank mismatch & PASS &
                                 Explicitly tracked rank drops \\
I can't figure out why you would want to use a tab mark
here. If you just want an ampersand, the remedy is
simple: Just type `I\&' now. But if some right brace
up above has ended a previous alignment prematurely,
you're probably due for more error messages, and you
might try typing `S' now just to see what is salvageable.

! Misplaced alignment tab character &.
l.976 2 &
          Hidden $U(1)$ & PASS & All $U(1)$s identified \\
I can't figure out why you would want to use a tab mark
here. If you just want an ampersand, the remedy is
simple: Just type `I\&' now. But if some right brace
up above has ended a previous alignment prematurely,
you're probably due for more error messages, and you
might try typing `S' now just to see what is salvageable.

! Misplaced alignment tab character &.
l.976 2 & Hidden $U(1)$ &
                          PASS & All $U(1)$s identified \\
I can't figure out why you would want to use a tab mark
here. If you just want an ampersand, the remedy is
simple: Just type `I\&' now. But if some right brace
up above has ended a previous alignment prematurely,
you're probably due for more error messages, and you
might try typing `S' now just to see what is salvageable.

! Misplaced alignment tab character &.
l.976 2 & Hidden $U(1)$ & PASS &
                                 All $U(1)$s identified \\
I can't figure out why you would want to use a tab mark
here. If you just want an ampersand, the remedy is
simple: Just type `I\&' now. But if some right brace
up above has ended a previous alignment prematurely,
you're probably due for more error messages, and you
might try typing `S' now just to see what is salvageable.

! Misplaced alignment tab character &.
l.977 3 &
          Wrong hypercharge norm & PASS & GUT vs SM convention noted \\
I can't figure out why you would want to use a tab mark
here. If you just want an ampersand, the remedy is
simple: Just type `I\&' now. But if some right brace
up above has ended a previous alignment prematurely,
you're probably due for more error messages, and you
might try typing `S' now just to see what is salvageable.

! Misplaced alignment tab character &.
l.977 3 & Wrong hypercharge norm &
                                   PASS & GUT vs SM convention noted \\
I can't figure out why you would want to use a tab mark
here. If you just want an ampersand, the remedy is
simple: Just type `I\&' now. But if some right brace
up above has ended a previous alignment prematurely,
you're probably due for more error messages, and you
might try typing `S' now just to see what is salvageable.

! Misplaced alignment tab character &.
l.977 3 & Wrong hypercharge norm & PASS &
                                          GUT vs SM convention noted \\
I can't figure out why you would want to use a tab mark
here. If you just want an ampersand, the remedy is
simple: Just type `I\&' now. But if some right brace
up above has ended a previous alignment prematurely,
you're probably due for more error messages, and you
might try typing `S' now just to see what is salvageable.

! Misplaced alignment tab character &.
l.978 4 &
          Orbifold doubling & PASS & Interval $[0,L]$ used \\
I can't figure out why you would want to use a tab mark
here. If you just want an ampersand, the remedy is
simple: Just type `I\&' now. But if some right brace
up above has ended a previous alignment prematurely,
you're probably due for more error messages, and you
might try typing `S' now just to see what is salvageable.

! Misplaced alignment tab character &.
l.978 4 & Orbifold doubling &
                              PASS & Interval $[0,L]$ used \\
I can't figure out why you would want to use a tab mark
here. If you just want an ampersand, the remedy is
simple: Just type `I\&' now. But if some right brace
up above has ended a previous alignment prematurely,
you're probably due for more error messages, and you
might try typing `S' now just to see what is salvageable.

! Misplaced alignment tab character &.
l.978 4 & Orbifold doubling & PASS &
                                     Interval $[0,L]$ used \\
I can't figure out why you would want to use a tab mark
here. If you just want an ampersand, the remedy is
simple: Just type `I\&' now. But if some right brace
up above has ended a previous alignment prematurely,
you're probably due for more error messages, and you
might try typing `S' now just to see what is salvageable.

! Misplaced alignment tab character &.
l.979 5 &
          $P^2 \neq 1$ & PASS & Involution verified \\
I can't figure out why you would want to use a tab mark
here. If you just want an ampersand, the remedy is
simple: Just type `I\&' now. But if some right brace
up above has ended a previous alignment prematurely,
you're probably due for more error messages, and you
might try typing `S' now just to see what is salvageable.

! Misplaced alignment tab character &.
l.979 5 & $P^2 \neq 1$ &
                         PASS & Involution verified \\
I can't figure out why you would want to use a tab mark
here. If you just want an ampersand, the remedy is
simple: Just type `I\&' now. But if some right brace
up above has ended a previous alignment prematurely,
you're probably due for more error messages, and you
might try typing `S' now just to see what is salvageable.

! Misplaced alignment tab character &.
l.979 5 & $P^2 \neq 1$ & PASS &
                                Involution verified \\
I can't figure out why you would want to use a tab mark
here. If you just want an ampersand, the remedy is
simple: Just type `I\&' now. But if some right brace
up above has ended a previous alignment prematurely,
you're probably due for more error messages, and you
might try typing `S' now just to see what is salvageable.

! Misplaced alignment tab character &.
l.980 6 &
          Survivor not subalgebra & PASS & Closure proof in Thm \ref{thm:sur...
I can't figure out why you would want to use a tab mark
here. If you just want an ampersand, the remedy is
simple: Just type `I\&' now. But if some right brace
up above has ended a previous alignment prematurely,
you're probably due for more error messages, and you
might try typing `S' now just to see what is salvageable.

! Misplaced alignment tab character &.
l.980 6 & Survivor not subalgebra &
                                    PASS & Closure proof in Thm \ref{thm:sur...
I can't figure out why you would want to use a tab mark
here. If you just want an ampersand, the remedy is
simple: Just type `I\&' now. But if some right brace
up above has ended a previous alignment prematurely,
you're probably due for more error messages, and you
might try typing `S' now just to see what is salvageable.

! Misplaced alignment tab character &.
l.980 6 & Survivor not subalgebra & PASS &
                                           Closure proof in Thm \ref{thm:sur...
I can't figure out why you would want to use a tab mark
here. If you just want an ampersand, the remedy is
simple: Just type `I\&' now. But if some right brace
up above has ended a previous alignment prematurely,
you're probably due for more error messages, and you
might try typing `S' now just to see what is salvageable.

! Misplaced alignment tab character &.
l.981 7 &
          Missing coset count & PASS & All 4 tracks have full census \\
I can't figure out why you would want to use a tab mark
here. If you just want an ampersand, the remedy is
simple: Just type `I\&' now. But if some right brace
up above has ended a previous alignment prematurely,
you're probably due for more error messages, and you
might try typing `S' now just to see what is salvageable.

! Misplaced alignment tab character &.
l.981 7 & Missing coset count &
                                PASS & All 4 tracks have full census \\
I can't figure out why you would want to use a tab mark
here. If you just want an ampersand, the remedy is
simple: Just type `I\&' now. But if some right brace
up above has ended a previous alignment prematurely,
you're probably due for more error messages, and you
might try typing `S' now just to see what is salvageable.

! Misplaced alignment tab character &.
l.981 7 & Missing coset count & PASS &
                                       All 4 tracks have full census \\
I can't figure out why you would want to use a tab mark
here. If you just want an ampersand, the remedy is
simple: Just type `I\&' now. But if some right brace
up above has ended a previous alignment prematurely,
you're probably due for more error messages, and you
might try typing `S' now just to see what is salvageable.

! Misplaced alignment tab character &.
l.982 8 &
          $B-L$ not broken (SO(10)) & PASS & Rank 5$\to$4 noted \\
I can't figure out why you would want to use a tab mark
here. If you just want an ampersand, the remedy is
simple: Just type `I\&' now. But if some right brace
up above has ended a previous alignment prematurely,
you're probably due for more error messages, and you
might try typing `S' now just to see what is salvageable.

! Misplaced alignment tab character &.
l.982 8 & $B-L$ not broken (SO(10)) &
                                      PASS & Rank 5$\to$4 noted \\
I can't figure out why you would want to use a tab mark
here. If you just want an ampersand, the remedy is
simple: Just type `I\&' now. But if some right brace
up above has ended a previous alignment prematurely,
you're probably due for more error messages, and you
might try typing `S' now just to see what is salvageable.

! Misplaced alignment tab character &.
l.982 8 & $B-L$ not broken (SO(10)) & PASS &
                                             Rank 5$\to$4 noted \\
I can't figure out why you would want to use a tab mark
here. If you just want an ampersand, the remedy is
simple: Just type `I\&' now. But if some right brace
up above has ended a previous alignment prematurely,
you're probably due for more error messages, and you
might try typing `S' now just to see what is salvageable.

! Misplaced alignment tab character &.
l.983 9 &
          PS $Y$ embedding wrong & PASS & Eq.~\eqref{eq:ps-Y} correct \\
I can't figure out why you would want to use a tab mark
here. If you just want an ampersand, the remedy is
simple: Just type `I\&' now. But if some right brace
up above has ended a previous alignment prematurely,
you're probably due for more error messages, and you
might try typing `S' now just to see what is salvageable.

! Misplaced alignment tab character &.
l.983 9 & PS $Y$ embedding wrong &
                                   PASS & Eq.~\eqref{eq:ps-Y} correct \\
I can't figure out why you would want to use a tab mark
here. If you just want an ampersand, the remedy is
simple: Just type `I\&' now. But if some right brace
up above has ended a previous alignment prematurely,
you're probably due for more error messages, and you
might try typing `S' now just to see what is salvageable.

! Misplaced alignment tab character &.
l.983 9 & PS $Y$ embedding wrong & PASS &
                                          Eq.~\eqref{eq:ps-Y} correct \\
I can't figure out why you would want to use a tab mark
here. If you just want an ampersand, the remedy is
simple: Just type `I\&' now. But if some right brace
up above has ended a previous alignment prematurely,
you're probably due for more error messages, and you
might try typing `S' now just to see what is salvageable.

! Misplaced alignment tab character &.
l.984 10 &
           $E_6$ single-step claim & PASS & Two-step cascade shown \\
I can't figure out why you would want to use a tab mark
here. If you just want an ampersand, the remedy is
simple: Just type `I\&' now. But if some right brace
up above has ended a previous alignment prematurely,
you're probably due for more error messages, and you
might try typing `S' now just to see what is salvageable.

! Misplaced alignment tab character &.
l.984 10 & $E_6$ single-step claim &
                                     PASS & Two-step cascade shown \\
I can't figure out why you would want to use a tab mark
here. If you just want an ampersand, the remedy is
simple: Just type `I\&' now. But if some right brace
up above has ended a previous alignment prematurely,
you're probably due for more error messages, and you
might try typing `S' now just to see what is salvageable.

! Misplaced alignment tab character &.
l.984 10 & $E_6$ single-step claim & PASS &
                                            Two-step cascade shown \\
I can't figure out why you would want to use a tab mark
here. If you just want an ampersand, the remedy is
simple: Just type `I\&' now. But if some right brace
up above has ended a previous alignment prematurely,
you're probably due for more error messages, and you
might try typing `S' now just to see what is salvageable.

! Misplaced alignment tab character &.
l.985 11 &
           Exotic matter ignored & \tagOPEN & Stub in Appendix \\
I can't figure out why you would want to use a tab mark
here. If you just want an ampersand, the remedy is
simple: Just type `I\&' now. But if some right brace
up above has ended a previous alignment prematurely,
you're probably due for more error messages, and you
might try typing `S' now just to see what is salvageable.

! Misplaced alignment tab character &.
l.985 11 & Exotic matter ignored &
                                   \tagOPEN & Stub in Appendix \\
I can't figure out why you would want to use a tab mark
here. If you just want an ampersand, the remedy is
simple: Just type `I\&' now. But if some right brace
up above has ended a previous alignment prematurely,
you're probably due for more error messages, and you
might try typing `S' now just to see what is salvageable.

! Misplaced alignment tab character &.
l.985 11 & Exotic matter ignored & \tagOPEN &
                                              Stub in Appendix \\
I can't figure out why you would want to use a tab mark
here. If you just want an ampersand, the remedy is
simple: Just type `I\&' now. But if some right brace
up above has ended a previous alignment prematurely,
you're probably due for more error messages, and you
might try typing `S' now just to see what is salvageable.

! Misplaced alignment tab character &.
l.986 12 &
           Anomaly not checked & \tagOPEN & Noted as future work \\
I can't figure out why you would want to use a tab mark
here. If you just want an ampersand, the remedy is
simple: Just type `I\&' now. But if some right brace
up above has ended a previous alignment prematurely,
you're probably due for more error messages, and you
might try typing `S' now just to see what is salvageable.

! Misplaced alignment tab character &.
l.986 12 & Anomaly not checked &
                                 \tagOPEN & Noted as future work \\
I can't figure out why you would want to use a tab mark
here. If you just want an ampersand, the remedy is
simple: Just type `I\&' now. But if some right brace
up above has ended a previous alignment prematurely,
you're probably due for more error messages, and you
might try typing `S' now just to see what is salvageable.

! Misplaced alignment tab character &.
l.986 12 & Anomaly not checked & \tagOPEN &
                                            Noted as future work \\
I can't figure out why you would want to use a tab mark
here. If you just want an ampersand, the remedy is
simple: Just type `I\&' now. But if some right brace
up above has ended a previous alignment prematurely,
you're probably due for more error messages, and you
might try typing `S' now just to see what is salvageable.

! Misplaced alignment tab character &.
l.987 13 &
           Scale not specified & PASS & Design Rule explicit \\
I can't figure out why you would want to use a tab mark
here. If you just want an ampersand, the remedy is
simple: Just type `I\&' now. But if some right brace
up above has ended a previous alignment prematurely,
you're probably due for more error messages, and you
might try typing `S' now just to see what is salvageable.

! Misplaced alignment tab character &.
l.987 13 & Scale not specified &
                                 PASS & Design Rule explicit \\
I can't figure out why you would want to use a tab mark
here. If you just want an ampersand, the remedy is
simple: Just type `I\&' now. But if some right brace
up above has ended a previous alignment prematurely,
you're probably due for more error messages, and you
might try typing `S' now just to see what is salvageable.

! Misplaced alignment tab character &.
l.987 13 & Scale not specified & PASS &
                                        Design Rule explicit \\
I can't figure out why you would want to use a tab mark
here. If you just want an ampersand, the remedy is
simple: Just type `I\&' now. But if some right brace
up above has ended a previous alignment prematurely,
you're probably due for more error messages, and you
might try typing `S' now just to see what is salvageable.

! Misplaced alignment tab character &.
l.988 14 &
           Forbidden inputs & PASS & None used \\
I can't figure out why you would want to use a tab mark
here. If you just want an ampersand, the remedy is
simple: Just type `I\&' now. But if some right brace
up above has ended a previous alignment prematurely,
you're probably due for more error messages, and you
might try typing `S' now just to see what is salvageable.

! Misplaced alignment tab character &.
l.988 14 & Forbidden inputs &
                              PASS & None used \\
I can't figure out why you would want to use a tab mark
here. If you just want an ampersand, the remedy is
simple: Just type `I\&' now. But if some right brace
up above has ended a previous alignment prematurely,
you're probably due for more error messages, and you
might try typing `S' now just to see what is salvageable.

! Misplaced alignment tab character &.
l.988 14 & Forbidden inputs & PASS &
                                     None used \\
I can't figure out why you would want to use a tab mark
here. If you just want an ampersand, the remedy is
simple: Just type `I\&' now. But if some right brace
up above has ended a previous alignment prematurely,
you're probably due for more error messages, and you
might try typing `S' now just to see what is salvageable.

! Misplaced \noalign.
\bottomrule ->\noalign 
                       {\ifnum 0=`}\fi \@aboverulesep =\aboverulesep \global...
l.989 \bottomrule
                 
I expect to see \noalign only after the \cr of
an alignment. Proceed, and I'll ignore this case.


Overfull \hbox (5.44394pt too wide) in paragraph at lines 975--990
[]\T1/cmr/m/n/10.95 1
 []


Overfull \hbox (25.24988pt too wide) in paragraph at lines 975--990
\T1/cmr/m/n/10.95 Rank
 []


Overfull \hbox (20.0228pt too wide) in paragraph at lines 975--990
\T1/cmr/m/n/10.95 mis-
 []


Overfull \hbox (29.33527pt too wide) in paragraph at lines 975--990
\T1/cmr/m/n/10.95 match
 []


Overfull \hbox (26.75807pt too wide) in paragraph at lines 975--990
\T1/cmr/m/n/10.95 PASS
 []


Overfull \hbox (16.78365pt too wide) in paragraph at lines 975--990
\T1/cmr/m/n/10.95 Ex-
 []


Overfull \hbox (20.57057pt too wide) in paragraph at lines 975--990
\T1/cmr/m/n/10.95 plic-
 []


Overfull \hbox (16.03336pt too wide) in paragraph at lines 975--990
\T1/cmr/m/n/10.95 itly
 []


Overfull \hbox (34.78297pt too wide) in paragraph at lines 975--990
\T1/cmr/m/n/10.95 tracked
 []


Overfull \hbox (21.4735pt too wide) in paragraph at lines 975--990
\T1/cmr/m/n/10.95 rank
 []


Overfull \hbox (26.07118pt too wide) in paragraph at lines 975--990
\T1/cmr/m/n/10.95 drops 
 []


Overfull \hbox (5.44394pt too wide) in paragraph at lines 975--990
\T1/cmr/m/n/10.95 2
 []


Overfull \hbox (20.86606pt too wide) in paragraph at lines 975--990
\T1/cmr/m/n/10.95 Hid-
 []


Overfull \hbox (16.93626pt too wide) in paragraph at lines 975--990
\T1/cmr/m/n/10.95 den
 []


Overfull \hbox (22.66194pt too wide) in paragraph at lines 975--990
\OML/cmm/m/it/10.95 U\OT1/cmr/m/n/10.95 (1)$
 []


Overfull \hbox (26.75807pt too wide) in paragraph at lines 975--990
\T1/cmr/m/n/10.95 PASS
 []


Overfull \hbox (14.21323pt too wide) in paragraph at lines 975--990
\T1/cmr/m/n/10.95 All
 []


Overfull \hbox (26.9574pt too wide) in paragraph at lines 975--990
\OML/cmm/m/it/10.95 U\OT1/cmr/m/n/10.95 (1)$\T1/cmr/m/n/10.95 s
 []


Overfull \hbox (23.5929pt too wide) in paragraph at lines 975--990
\T1/cmr/m/n/10.95 iden-
 []


Overfull \hbox (10.89165pt too wide) in paragraph at lines 975--990
\T1/cmr/m/n/10.95 ti-
 []


Overfull \hbox (16.94006pt too wide) in paragraph at lines 975--990
\T1/cmr/m/n/10.95 fied 
 []


Overfull \hbox (5.44394pt too wide) in paragraph at lines 975--990
\T1/cmr/m/n/10.95 3
 []


Overfull \hbox (31.44794pt too wide) in paragraph at lines 975--990
\T1/cmr/m/n/10.95 Wrong
 []


Overfull \hbox (15.12283pt too wide) in paragraph at lines 975--990
\T1/cmr/m/n/10.95 hy-
 []


Overfull \hbox (19.05566pt too wide) in paragraph at lines 975--990
\T1/cmr/m/n/10.95 per-
 []


Overfull \hbox (30.54799pt too wide) in paragraph at lines 975--990
\T1/cmr/m/n/10.95 charge
 []


Overfull \hbox (24.79805pt too wide) in paragraph at lines 975--990
\T1/cmr/m/n/10.95 norm
 []


Overfull \hbox (26.75807pt too wide) in paragraph at lines 975--990
\T1/cmr/m/n/10.95 PASS
 []


Overfull \hbox (24.56387pt too wide) in paragraph at lines 975--990
\T1/cmr/m/n/10.95 GUT
 []


Overfull \hbox (10.04161pt too wide) in paragraph at lines 975--990
\T1/cmr/m/n/10.95 vs
 []


Overfull \hbox (16.02281pt too wide) in paragraph at lines 975--990
\T1/cmr/m/n/10.95 SM
 []


Overfull \hbox (19.96233pt too wide) in paragraph at lines 975--990
\T1/cmr/m/n/10.95 con-
 []


Overfull \hbox (19.96233pt too wide) in paragraph at lines 975--990
\T1/cmr/m/n/10.95 ven-
 []


Overfull \hbox (18.75343pt too wide) in paragraph at lines 975--990
\T1/cmr/m/n/10.95 tion
 []


Overfull \hbox (26.61522pt too wide) in paragraph at lines 975--990
\T1/cmr/m/n/10.95 noted 
 []


Overfull \hbox (5.44394pt too wide) in paragraph at lines 975--990
\T1/cmr/m/n/10.95 4
 []


Overfull \hbox (22.38017pt too wide) in paragraph at lines 975--990
\T1/cmr/m/n/10.95 Orb-
 []


Overfull \hbox (20.87283pt too wide) in paragraph at lines 975--990
\T1/cmr/m/n/10.95 ifold
 []


Overfull \hbox (21.17125pt too wide) in paragraph at lines 975--990
\T1/cmr/m/n/10.95 dou-
 []


Overfull \hbox (23.5929pt too wide) in paragraph at lines 975--990
\T1/cmr/m/n/10.95 bling
 []


Overfull \hbox (26.75807pt too wide) in paragraph at lines 975--990
\T1/cmr/m/n/10.95 PASS
 []


Overfull \hbox (13.60872pt too wide) in paragraph at lines 975--990
\T1/cmr/m/n/10.95 In-
 []


Overfull \hbox (16.94006pt too wide) in paragraph at lines 975--990
\T1/cmr/m/n/10.95 ter-
 []


Overfull \hbox (13.61172pt too wide) in paragraph at lines 975--990
\T1/cmr/m/n/10.95 val
 []


Overfull \hbox (23.87708pt too wide) in paragraph at lines 975--990
\OT1/cmr/m/n/10.95 [0\OML/cmm/m/it/10.95 ; L\OT1/cmr/m/n/10.95 ]$
 []


Overfull \hbox (21.23172pt too wide) in paragraph at lines 975--990
\T1/cmr/m/n/10.95 used 
 []


Overfull \hbox (5.44394pt too wide) in paragraph at lines 975--990
\T1/cmr/m/n/10.95 5
 []


Overfull \hbox (24.85925pt too wide) in paragraph at lines 975--990
\OML/cmm/m/it/10.95 P[] \OMS/cmsy/m/n/10.95 6\OT1/cmr/m/n/10.95 =
 []


Overfull \hbox (5.475pt too wide) in paragraph at lines 975--990
\OT1/cmr/m/n/10.95 1$
 []


Overfull \hbox (26.75807pt too wide) in paragraph at lines 975--990
\T1/cmr/m/n/10.95 PASS
 []


Overfull \hbox (13.60872pt too wide) in paragraph at lines 975--990
\T1/cmr/m/n/10.95 In-
 []


Overfull \hbox (14.51839pt too wide) in paragraph at lines 975--990
\T1/cmr/m/n/10.95 vo-
 []


Overfull \hbox (12.70502pt too wide) in paragraph at lines 975--990
\T1/cmr/m/n/10.95 lu-
 []


Overfull \hbox (18.75343pt too wide) in paragraph at lines 975--990
\T1/cmr/m/n/10.95 tion
 []


Overfull \hbox (18.14896pt too wide) in paragraph at lines 975--990
\T1/cmr/m/n/10.95 ver-
 []


Overfull \hbox (6.65663pt too wide) in paragraph at lines 975--990
\T1/cmr/m/n/10.95 i-
 []


Overfull \hbox (16.94006pt too wide) in paragraph at lines 975--990
\T1/cmr/m/n/10.95 fied 
 []


Overfull \hbox (5.44394pt too wide) in paragraph at lines 975--990
\T1/cmr/m/n/10.95 6
 []


Overfull \hbox (19.96233pt too wide) in paragraph at lines 975--990
\T1/cmr/m/n/10.95 Sur-
 []


Overfull \hbox (23.89511pt too wide) in paragraph at lines 975--990
\T1/cmr/m/n/10.95 vivor
 []


Overfull \hbox (15.72734pt too wide) in paragraph at lines 975--990
\T1/cmr/m/n/10.95 not
 []


Overfull \hbox (20.02277pt too wide) in paragraph at lines 975--990
\T1/cmr/m/n/10.95 sub-
 []


Overfull \hbox (12.10057pt too wide) in paragraph at lines 975--990
\T1/cmr/m/n/10.95 al-
 []


Overfull \hbox (13.91397pt too wide) in paragraph at lines 975--990
\T1/cmr/m/n/10.95 ge-
 []


Overfull \hbox (15.72734pt too wide) in paragraph at lines 975--990
\T1/cmr/m/n/10.95 bra
 []


Overfull \hbox (26.75807pt too wide) in paragraph at lines 975--990
\T1/cmr/m/n/10.95 PASS
 []


Overfull \hbox (19.96236pt too wide) in paragraph at lines 975--990
\T1/cmr/m/n/10.95 Clo-
 []


Overfull \hbox (19.41835pt too wide) in paragraph at lines 975--990
\T1/cmr/m/n/10.95 sure
 []


Overfull \hbox (24.80183pt too wide) in paragraph at lines 975--990
\T1/cmr/m/n/10.95 proof
 []


Overfull \hbox (9.07448pt too wide) in paragraph at lines 975--990
\T1/cmr/m/n/10.95 in
 []


Overfull \hbox (22.98088pt too wide) in paragraph at lines 975--990
\T1/cmr/m/n/10.95 Thm
 []


Overfull \hbox (13.91397pt too wide) in paragraph at lines 975--990
[][]\T1/cmr/m/n/10.95 5.1[][] 
 []


Overfull \hbox (5.44394pt too wide) in paragraph at lines 975--990
\T1/cmr/m/n/10.95 7
 []


Overfull \hbox (25.22197pt too wide) in paragraph at lines 975--990
\T1/cmr/m/n/10.95 Miss-
 []


Overfull \hbox (14.51842pt too wide) in paragraph at lines 975--990
\T1/cmr/m/n/10.95 ing
 []


Overfull \hbox (23.65337pt too wide) in paragraph at lines 975--990
\T1/cmr/m/n/10.95 coset
 []


Overfull \hbox (26.31294pt too wide) in paragraph at lines 975--990
\T1/cmr/m/n/10.95 count
 []


Overfull \hbox (26.75807pt too wide) in paragraph at lines 975--990
\T1/cmr/m/n/10.95 PASS
 []


Overfull \hbox (14.21323pt too wide) in paragraph at lines 975--990
\T1/cmr/m/n/10.95 All
 []


Overfull \hbox (5.44394pt too wide) in paragraph at lines 975--990
\T1/cmr/m/n/10.95 4
 []


Overfull \hbox (28.4928pt too wide) in paragraph at lines 975--990
\T1/cmr/m/n/10.95 tracks
 []


Overfull \hbox (21.47348pt too wide) in paragraph at lines 975--990
\T1/cmr/m/n/10.95 have
 []


Overfull \hbox (15.4289pt too wide) in paragraph at lines 975--990
\T1/cmr/m/n/10.95 full
 []


Overfull \hbox (19.35788pt too wide) in paragraph at lines 975--990
\T1/cmr/m/n/10.95 cen-
 []


Overfull \hbox (14.6393pt too wide) in paragraph at lines 975--990
\T1/cmr/m/n/10.95 sus 
 []


Overfull \hbox (5.44394pt too wide) in paragraph at lines 975--990
\T1/cmr/m/n/10.95 8
 []


Overfull \hbox (17.37173pt too wide) in paragraph at lines 975--990
\OML/cmm/m/it/10.95 B \OMS/cmsy/m/n/10.95 ^^@
 []


Overfull \hbox (7.45209pt too wide) in paragraph at lines 975--990
\OML/cmm/m/it/10.95 L$
 []


Overfull \hbox (15.72734pt too wide) in paragraph at lines 975--990
\T1/cmr/m/n/10.95 not
 []


Overfull \hbox (19.35788pt too wide) in paragraph at lines 975--990
\T1/cmr/m/n/10.95 bro-
 []


Overfull \hbox (16.33179pt too wide) in paragraph at lines 975--990
\T1/cmr/m/n/10.95 ken
 []


Overfull \hbox (42.34256pt too wide) in paragraph at lines 975--990
\T1/cmr/m/n/10.95 (SO(10))
 []


Overfull \hbox (26.75807pt too wide) in paragraph at lines 975--990
\T1/cmr/m/n/10.95 PASS
 []


Overfull \hbox (25.24988pt too wide) in paragraph at lines 975--990
\T1/cmr/m/n/10.95 Rank
 []


Overfull \hbox (21.8379pt too wide) in paragraph at lines 975--990
\T1/cmr/m/n/10.95 5$\OMS/cmsy/m/n/10.95 !$\T1/cmr/m/n/10.95 4
 []


Overfull \hbox (26.61522pt too wide) in paragraph at lines 975--990
\T1/cmr/m/n/10.95 noted 
 []


Overfull \hbox (5.44394pt too wide) in paragraph at lines 975--990
\T1/cmr/m/n/10.95 9
 []


Overfull \hbox (13.45534pt too wide) in paragraph at lines 975--990
\T1/cmr/m/n/10.95 PS
 []


Overfull \hbox (8.79042pt too wide) in paragraph at lines 975--990
\OML/cmm/m/it/10.95 Y$
 []


Overfull \hbox (17.54074pt too wide) in paragraph at lines 975--990
\T1/cmr/m/n/10.95 em-
 []


Overfull \hbox (20.86903pt too wide) in paragraph at lines 975--990
\T1/cmr/m/n/10.95 bed-
 []


Overfull \hbox (20.5668pt too wide) in paragraph at lines 975--990
\T1/cmr/m/n/10.95 ding
 []


Overfull \hbox (29.03307pt too wide) in paragraph at lines 975--990
\T1/cmr/m/n/10.95 wrong
 []


Overfull \hbox (26.75807pt too wide) in paragraph at lines 975--990
\T1/cmr/m/n/10.95 PASS
 []


Overfull \hbox (37.95872pt too wide) in paragraph at lines 975--990
\T1/cmr/m/n/10.95 Eq. []
 []


Overfull \hbox (18.14896pt too wide) in paragraph at lines 975--990
\T1/cmr/m/n/10.95 cor-
 []


Overfull \hbox (18.14899pt too wide) in paragraph at lines 975--990
\T1/cmr/m/n/10.95 rect 
 []


Overfull \hbox (10.88788pt too wide) in paragraph at lines 975--990
\T1/cmr/m/n/10.95 10
 []


Overfull \hbox (12.8333pt too wide) in paragraph at lines 975--990
\OML/cmm/m/it/10.95 E[]$
 []


Overfull \hbox (30.31pt too wide) in paragraph at lines 975--990
\T1/cmr/m/n/10.95 single-
 []


Overfull \hbox (19.41835pt too wide) in paragraph at lines 975--990
\T1/cmr/m/n/10.95 step
 []


Overfull \hbox (25.4063pt too wide) in paragraph at lines 975--990
\T1/cmr/m/n/10.95 claim
 []


Overfull \hbox (26.75807pt too wide) in paragraph at lines 975--990
\T1/cmr/m/n/10.95 PASS
 []


Overfull \hbox (23.58911pt too wide) in paragraph at lines 975--990
\T1/cmr/m/n/10.95 Two-
 []


Overfull \hbox (19.41835pt too wide) in paragraph at lines 975--990
\T1/cmr/m/n/10.95 step
 []


Overfull \hbox (18.2094pt too wide) in paragraph at lines 975--990
\T1/cmr/m/n/10.95 cas-
 []


Overfull \hbox (21.17128pt too wide) in paragraph at lines 975--990
\T1/cmr/m/n/10.95 cade
 []


Overfull \hbox (29.3957pt too wide) in paragraph at lines 975--990
\T1/cmr/m/n/10.95 shown 
 []


Overfull \hbox (10.88788pt too wide) in paragraph at lines 975--990
\T1/cmr/m/n/10.95 11
 []


Overfull \hbox (16.78365pt too wide) in paragraph at lines 975--990
\T1/cmr/m/n/10.95 Ex-
 []


Overfull \hbox (17.54451pt too wide) in paragraph at lines 975--990
\T1/cmr/m/n/10.95 otic
 []


Overfull \hbox (22.3802pt too wide) in paragraph at lines 975--990
\T1/cmr/m/n/10.95 mat-
 []


Overfull \hbox (13.30952pt too wide) in paragraph at lines 975--990
\T1/cmr/m/n/10.95 ter
 []


Overfull \hbox (12.10057pt too wide) in paragraph at lines 975--990
\T1/cmr/m/n/10.95 ig-
 []


Overfull \hbox (26.61522pt too wide) in paragraph at lines 975--990
\T1/cmr/m/n/10.95 nored
 []


Overfull \hbox (37.49336pt too wide) in paragraph at lines 975--990
[]\T1/cmr/m/n/10.95 [OPEN][]
 []


Overfull \hbox (22.38017pt too wide) in paragraph at lines 975--990
\T1/cmr/m/n/10.95 Stub
 []


Overfull \hbox (9.07448pt too wide) in paragraph at lines 975--990
\T1/cmr/m/n/10.95 in
 []


Overfull \hbox (17.83997pt too wide) in paragraph at lines 975--990
\T1/cmr/m/n/10.95 Ap-
 []


Overfull \hbox (32.05913pt too wide) in paragraph at lines 975--990
\T1/cmr/m/n/10.95 pendix 
 []


Overfull \hbox (10.88788pt too wide) in paragraph at lines 975--990
\T1/cmr/m/n/10.95 12
 []


Overfull \hbox (42.94026pt too wide) in paragraph at lines 975--990
\T1/cmr/m/n/10.95 Anomaly
 []


Overfull \hbox (15.72734pt too wide) in paragraph at lines 975--990
\T1/cmr/m/n/10.95 not
 []


Overfull \hbox (36.2941pt too wide) in paragraph at lines 975--990
\T1/cmr/m/n/10.95 checked
 []


Overfull \hbox (37.49336pt too wide) in paragraph at lines 975--990
[]\T1/cmr/m/n/10.95 [OPEN][]
 []


Overfull \hbox (28.72787pt too wide) in paragraph at lines 975--990
\T1/cmr/m/n/10.95 Noted
 []


Overfull \hbox (9.7394pt too wide) in paragraph at lines 975--990
\T1/cmr/m/n/10.95 as
 []


Overfull \hbox (13.00725pt too wide) in paragraph at lines 975--990
\T1/cmr/m/n/10.95 fu-
 []


Overfull \hbox (19.35791pt too wide) in paragraph at lines 975--990
\T1/cmr/m/n/10.95 ture
 []


Overfull \hbox (22.98465pt too wide) in paragraph at lines 975--990
\T1/cmr/m/n/10.95 work 
 []


Overfull \hbox (10.88788pt too wide) in paragraph at lines 975--990
\T1/cmr/m/n/10.95 13
 []


Overfull \hbox (24.19737pt too wide) in paragraph at lines 975--990
\T1/cmr/m/n/10.95 Scale
 []


Overfull \hbox (15.72734pt too wide) in paragraph at lines 975--990
\T1/cmr/m/n/10.95 not
 []


Overfull \hbox (23.95557pt too wide) in paragraph at lines 975--990
\T1/cmr/m/n/10.95 spec-
 []


Overfull \hbox (6.65663pt too wide) in paragraph at lines 975--990
\T1/cmr/m/n/10.95 i-
 []


Overfull \hbox (16.94006pt too wide) in paragraph at lines 975--990
\T1/cmr/m/n/10.95 fied
 []


Overfull \hbox (26.75807pt too wide) in paragraph at lines 975--990
\T1/cmr/m/n/10.95 PASS
 []


Overfull \hbox (16.78368pt too wide) in paragraph at lines 975--990
\T1/cmr/m/n/10.95 De-
 []


Overfull \hbox (18.81387pt too wide) in paragraph at lines 975--990
\T1/cmr/m/n/10.95 sign
 []


Overfull \hbox (21.92537pt too wide) in paragraph at lines 975--990
\T1/cmr/m/n/10.95 Rule
 []


Overfull \hbox (14.21619pt too wide) in paragraph at lines 975--990
\T1/cmr/m/n/10.95 ex-
 []


Overfull \hbox (24.20114pt too wide) in paragraph at lines 975--990
\T1/cmr/m/n/10.95 plicit 
 []


Overfull \hbox (10.88788pt too wide) in paragraph at lines 975--990
\T1/cmr/m/n/10.95 14
 []


Overfull \hbox (19.50752pt too wide) in paragraph at lines 975--990
\T1/cmr/m/n/10.95 For-
 []


Overfull \hbox (18.7534pt too wide) in paragraph at lines 975--990
\T1/cmr/m/n/10.95 bid-
 []


Overfull \hbox (16.93626pt too wide) in paragraph at lines 975--990
\T1/cmr/m/n/10.95 den
 []


Overfull \hbox (12.70502pt too wide) in paragraph at lines 975--990
\T1/cmr/m/n/10.95 in-
 []


Overfull \hbox (20.62724pt too wide) in paragraph at lines 975--990
\T1/cmr/m/n/10.95 puts
 []


Overfull \hbox (26.75807pt too wide) in paragraph at lines 975--990
\T1/cmr/m/n/10.95 PASS
 []


Overfull \hbox (24.49286pt too wide) in paragraph at lines 975--990
\T1/cmr/m/n/10.95 None
 []


Overfull \hbox (21.23172pt too wide) in paragraph at lines 975--990
\T1/cmr/m/n/10.95 used 
 []

! Misplaced \crcr.
\tbl_crcr:n ...l_count_missing_cells:n {#1}}\crcr 
                                                  
l.990 \end{tabular}
                   
I can't figure out why you would want to use a tab mark
or \cr or \span just now. If something like a right brace
up above has ended a previous alignment prematurely,
you're probably due for more error messages, and you
might try typing `S' now just to see what is salvageable.

! Extra }, or forgotten \endgroup.
\endarray ...tbl_restore_outer_cell_data: \egroup 
                                                  \@arrayright \gdef \@pream...
l.990 \end{tabular}
                   
I've deleted a group-closing symbol because it seems to be
spurious, as in `$x}$'. But perhaps the } is legitimate and
you forgot something else, as in `\hbox{$x}'. In such cases
the way to recover is to insert both the forgotten and the
deleted material, e.g., by typing `I$}'.

! Extra }, or forgotten $.
<recently read> \egroup 
                        
l.990 \end{tabular}
                   
I've deleted a group-closing symbol because it seems to be
spurious, as in `$x}$'. But perhaps the } is legitimate and
you forgot something else, as in `\hbox{$x}'. In such cases
the way to recover is to insert both the forgotten and the
deleted material, e.g., by typing `I$}'.


! LaTeX Error: \begin{table} on input line 971 ended by \end{tabular}.

See the LaTeX manual or LaTeX Companion for explanation.
Type  H <return>  for immediate help.
 ...                                              
                                                  
l.990 \end{tabular}
                   
Your command was ignored.
Type  I <command> <return>  to replace it with another command,
or  <return>  to continue without it.

! Missing $ inserted.
<inserted text> 
                $
l.990 \end{tabular}
                   
I've inserted something that you may have forgotten.
(See the <inserted text> above.)
With luck, this will get me unwedged. But if you
really didn't forget anything, try typing `2' now; then
my insertion and my current dilemma will both disappear.


! LaTeX Error: \caption outside float.

See the LaTeX manual or LaTeX Companion for explanation.
Type  H <return>  for immediate help.
 ...                                              
                                                  
l.991 \caption
              {Reviewer trap checklist.}
You're in trouble here.  Try typing  <return>  to proceed.
If that doesn't work, type  X <return>  to quit.


Overfull \hbox (16.48143pt too wide) in paragraph at lines 990--993
\T1/cmr/m/n/10.95 Re-
 []


Overfull \hbox (30.24579pt too wide) in paragraph at lines 990--993
\T1/cmr/m/n/10.95 viewer
 []


Overfull \hbox (19.96236pt too wide) in paragraph at lines 990--993
\T1/cmr/m/n/10.95 trap
 []


Overfull \hbox (29.339pt too wide) in paragraph at lines 990--993
\T1/cmr/m/n/10.95 check-
 []


Overfull \hbox (17.60875pt too wide) in paragraph at lines 990--993
\T1/cmr/m/n/10.95 list.
 []

! Extra }, or forgotten \endgroup.
\@endfloatbox ...pagefalse \outer@nobreak \egroup 
                                                  \color@endbox 
l.993 \end{table}
                 
I've deleted a group-closing symbol because it seems to be
spurious, as in `$x}$'. But perhaps the } is legitimate and
you forgot something else, as in `\hbox{$x}'. In such cases
the way to recover is to insert both the forgotten and the
deleted material, e.g., by typing `I$}'.


! LaTeX Error: \begin{document} ended by \end{table}.

See the LaTeX manual or LaTeX Companion for explanation.
Type  H <return>  for immediate help.
 ...                                              
                                                  
l.993 \end{table}
                 
Your command was ignored.
Type  I <command> <return>  to replace it with another command,
or  <return>  to continue without it.



[14]

[15]

Package hyperref Warning: Token not allowed in a PDF string (Unicode):
(hyperref)                removing `math shift' on input line 1129.


Package hyperref Warning: Token not allowed in a PDF string (Unicode):
(hyperref)                removing `subscript' on input line 1129.


Package hyperref Warning: Token not allowed in a PDF string (Unicode):
(hyperref)                removing `math shift' on input line 1129.



[16]

Package hyperref Warning: Token not allowed in a PDF string (Unicode):
(hyperref)                removing `math shift' on input line 1233.


Package hyperref Warning: Token not allowed in a PDF string (Unicode):
(hyperref)                removing `subscript' on input line 1233.


Package hyperref Warning: Token not allowed in a PDF string (Unicode):
(hyperref)                removing `math shift' on input line 1233.

! Undefined control sequence.
\endtcolorbox ->\tcb@insert@after@part 
                                       \end {tcb@savebox}\tcb@draw@color@box...
l.1253 \end{openbox}
                    
The control sequence at the end of the top line
of your error message was never \def'ed. If you have
misspelled it (e.g., `\hobx'), type `I' and the correct
spelling (e.g., `I\hbox'). Otherwise just continue,
and I'll forget about whatever was undefined.

! Extra }, or forgotten \endgroup.
\endtcb@savebox ...efalse \color@endgroup \egroup 
                                                  \expandafter \@iiiparbox \...
l.1253 \end{openbox}
                    
I've deleted a group-closing symbol because it seems to be
spurious, as in `$x}$'. But perhaps the } is legitimate and
you forgot something else, as in `\hbox{$x}'. In such cases
the way to recover is to insert both the forgotten and the
deleted material, e.g., by typing `I$}'.

! Undefined control sequence.
\endtcb@savebox ...pandafter \@iiiparbox \@mpargs 
                                                  {\unvbox \@tempboxa }
l.1253 \end{openbox}
                    
The control sequence at the end of the top line
of your error message was never \def'ed. If you have
misspelled it (e.g., `\hobx'), type `I' and the correct
spelling (e.g., `I\hbox'). Otherwise just continue,
and I'll forget about whatever was undefined.

! Missing number, treated as zero.
<to be read again> 
                   \protect 
l.1323 \begin
             {tabular}{lcccc}
A number should have been here; I inserted `0'.
(If you can't figure out why I needed to see a number,
look up `weird error' in the index to The TeXbook.)

! Illegal unit of measure (pt inserted).
<to be read again> 
                   \protect 
l.1323 \begin
             {tabular}{lcccc}
Dimensions can be in units of em, ex, in, pt, pc,
cm, mm, dd, cc, nd, nc, bp, or sp; but yours is a new one!
I'll assume that you meant to say pt, for printer's points.
To recover gracefully from this error, it's best to
delete the erroneous units; e.g., type `2' to delete
two letters. (See Chapter 27 of The TeXbook.)


! Package calc Error: `\let ' invalid at this point.

See the calc package documentation for explanation.
Type  H <return>  for immediate help.
 ...                                              
                                                  
l.1323 \begin
             {tabular}{lcccc}
I expected to see one of: + - * / )


Underfull \hbox (badness 10000) in paragraph at lines 1323--1323

 []

! Missing \endcsname inserted.
<to be read again> 
                   \scan_stop: 
l.1323 \begin
             {tabular}{lcccc}
The control sequence marked <to be read again> should
not appear between \csname and \endcsname.

! Missing \endcsname inserted.
<to be read again> 
                   \scan_stop: 
l.1323 \begin
             {tabular}{lcccc}
The control sequence marked <to be read again> should
not appear between \csname and \endcsname.


! LaTeX Error: Environment \@@par  undefined.

See the LaTeX manual or LaTeX Companion for explanation.
Type  H <return>  for immediate help.
 ...                                              
                                                  
l.1323 \begin
             {tabular}{lcccc}
Your command was ignored.
Type  I <command> <return>  to replace it with another command,
or  <return>  to continue without it.

! Extra }, or forgotten \endgroup.
\@begin@tempboxa ...begingroup #2\color@endgroup }
                                                  \def \width {\wd \@tempbox...
l.1323 \begin
             {tabular}{lcccc}
I've deleted a group-closing symbol because it seems to be
spurious, as in `$x}$'. But perhaps the } is legitimate and
you forgot something else, as in `\hbox{$x}'. In such cases
the way to recover is to insert both the forgotten and the
deleted material, e.g., by typing `I$}'.

Runaway argument?
{\@checkend {tcb@savebox}\endgroup \UseHook {env/tcb@savebox/after}\if@ignore \
ETC.
! Paragraph ended before \calc@assign@generic was complete.
<to be read again> 
                   \par 
l.1323 \begin
             {tabular}{lcccc}
I suspect you've forgotten a `}', causing me to apply this
control sequence to too much text. How can we recover?
My plan is to forget the whole thing and hope for the best.


Overfull \hbox (67.90884pt too wide) in paragraph at lines 1323--1323
[]\T1/cmr/bx/n/14.4 Robin
 []


Overfull \hbox (77.0739pt too wide) in paragraph at lines 1323--1323
\T1/cmr/bx/n/14.4 Bound-
 []


Overfull \hbox (48.93054pt too wide) in paragraph at lines 1323--1323
\T1/cmr/bx/n/14.4 ary
 []


Overfull \hbox (59.65912pt too wide) in paragraph at lines 1323--1323
\T1/cmr/bx/n/14.4 Con-
 []


Overfull \hbox (44.70268pt too wide) in paragraph at lines 1323--1323
\T1/cmr/bx/n/14.4 di-
 []


Overfull \hbox (59.74709pt too wide) in paragraph at lines 1323--1323
\T1/cmr/bx/n/14.4 tions 
 []


Overfull \hbox (15.87698pt too wide) in paragraph at lines 1323--1323
\T1/cmr/m/n/10.95 For
 []


Overfull \hbox (22.98465pt too wide) in paragraph at lines 1323--1323
\T1/cmr/m/n/10.95 com-
 []


Overfull \hbox (26.61902pt too wide) in paragraph at lines 1323--1323
\T1/cmr/m/n/10.95 plete-
 []


Overfull \hbox (22.50488pt too wide) in paragraph at lines 1323--1323
\T1/cmr/m/n/10.95 ness,
 []


Overfull \hbox (28.5782pt too wide) in paragraph at lines 1323--1323
\T1/cmr/m/n/10.95 Robin
 []


Overfull \hbox (37.20087pt too wide) in paragraph at lines 1323--1323
\T1/cmr/m/n/10.95 (mixed)
 []


Overfull \hbox (22.8925pt too wide) in paragraph at lines 1323--1323
\T1/cmr/m/n/10.95 BCs: 
 []


Overfull \hbox (193.09683pt too wide) detected at line 1323
[][][][]\OT1/cmr/m/n/10.95 (\OML/cmm/m/it/10.95 @[] \OT1/cmr/m/n/10.95 + \OML/c
mm/m/it/10.95 \OT1/cmr/m/n/10.95 )\OML/cmm/m/it/10.95 A[][][] \OT1/cmr/m/n/10.
95 = 0\OML/cmm/m/it/10.95 ;  \OT1/cmr/m/n/10.95 (\OML/cmm/m/it/10.95 @[] \OT1/c
mr/m/n/10.95 + \OML/cmm/m/it/10.95 ^^L\OT1/cmr/m/n/10.95 )\OML/cmm/m/it/10.95 A
[][][] \OT1/cmr/m/n/10.95 = 0
 []


Overfull \hbox (24.80185pt too wide) in paragraph at lines 1323--1323
[]\T1/cmr/m/n/10.95 Zero-
 []


Overfull \hbox (25.70476pt too wide) in paragraph at lines 1323--1323
\T1/cmr/m/n/10.95 mode
 []


Overfull \hbox (14.21619pt too wide) in paragraph at lines 1323--1323
\T1/cmr/m/n/10.95 ex-
 []


Overfull \hbox (10.95209pt too wide) in paragraph at lines 1323--1323
\T1/cmr/m/n/10.95 is-
 []


Overfull \hbox (24.80185pt too wide) in paragraph at lines 1323--1323
\T1/cmr/m/n/10.95 tence
 []


Overfull \hbox (12.70505pt too wide) in paragraph at lines 1323--1323
\T1/cmr/m/n/10.95 re-
 []


Overfull \hbox (31.21669pt too wide) in paragraph at lines 1323--1323
\T1/cmr/m/n/10.95 quires: 
 []


Overfull \hbox (165.59558pt too wide) detected at line 1323
[][][][]\OML/cmm/m/it/10.95  \OT1/cmr/m/n/10.95 = \OML/cmm/m/it/10.95 ^^L \OT1
/cmr/m/n/10.95 = 0 []
 []


Overfull \hbox (23.2839pt too wide) in paragraph at lines 1323--1323
[]\T1/cmr/m/n/10.95 Non-
 []


Overfull \hbox (19.35791pt too wide) in paragraph at lines 1323--1323
\T1/cmr/m/n/10.95 zero
 []


Overfull \hbox (18.68341pt too wide) in paragraph at lines 1323--1323
\OML/cmm/m/it/10.95 ; ^^L$
 []


Overfull \hbox (20.93327pt too wide) in paragraph at lines 1323--1323
\T1/cmr/m/n/10.95 shift
 []


Overfull \hbox (16.92651pt too wide) in paragraph at lines 1323--1323
\T1/cmr/m/n/10.95 KK
 []


Overfull \hbox (32.24051pt too wide) in paragraph at lines 1323--1323
\T1/cmr/m/n/10.95 masses
 []


Overfull \hbox (16.33179pt too wide) in paragraph at lines 1323--1323
\T1/cmr/m/n/10.95 but
 []


Overfull \hbox (24.80182pt too wide) in paragraph at lines 1323--1323
\T1/cmr/m/n/10.95 don't
 []


Overfull \hbox (12.70502pt too wide) in paragraph at lines 1323--1323
\T1/cmr/m/n/10.95 in-
 []


Overfull \hbox (17.54451pt too wide) in paragraph at lines 1323--1323
\T1/cmr/m/n/10.95 tro-
 []


Overfull \hbox (21.77573pt too wide) in paragraph at lines 1323--1323
\T1/cmr/m/n/10.95 duce
 []


Overfull \hbox (22.98845pt too wide) in paragraph at lines 1323--1323
\T1/cmr/m/n/10.95 zero-
 []


Overfull \hbox (33.0263pt too wide) in paragraph at lines 1323--1323
\T1/cmr/m/n/10.95 modes.
 []


Overfull \hbox (14.36583pt too wide) in paragraph at lines 1323--1323
[]\T1/cmr/m/n/10.95 [D][] 
 []


Overfull \hbox (124.65582pt too wide) in paragraph at lines 1323--1323
[]\T1/cmr/bx/n/14.4 Normalization
 []


Overfull \hbox (59.21922pt too wide) in paragraph at lines 1323--1323
\T1/cmr/bx/n/14.4 Con-
 []


Overfull \hbox (54.98247pt too wide) in paragraph at lines 1323--1323
\T1/cmr/bx/n/14.4 ven-
 []


Overfull \hbox (59.30719pt too wide) in paragraph at lines 1323--1323
\T1/cmr/bx/n/14.4 tions 
 []


Overfull \hbox (92.4843pt too wide) in paragraph at lines 1323--1323
[]\T1/cmr/bx/n/12 Generator
 []


Overfull \hbox (59.79092pt too wide) in paragraph at lines 1323--1323
\T1/cmr/bx/n/12 Nor-
 []


Overfull \hbox (58.53432pt too wide) in paragraph at lines 1323--1323
\T1/cmr/bx/n/12 mal-
 []


Overfull \hbox (53.2856pt too wide) in paragraph at lines 1323--1323
\T1/cmr/bx/n/12 iza-
 []


Overfull \hbox (55.7225pt too wide) in paragraph at lines 1323--1323
\T1/cmr/bx/n/12 tion 
 []


Overfull \hbox (81.19885pt too wide) detected at line 1323
[][][][][]\OT1/cmr/m/n/10.95 (\OML/cmm/m/it/10.95 T[]T[]\OT1/cmr/m/n/10.95 ) = 
[]\OML/cmm/m/it/10.95 ^^N[]
 []


Overfull \hbox (13.00728pt too wide) in paragraph at lines 1323--1323
[]\T1/cmr/m/n/10.95 for
 []


Overfull \hbox (19.05563pt too wide) in paragraph at lines 1323--1323
\T1/cmr/m/n/10.95 fun-
 []


Overfull \hbox (15.12286pt too wide) in paragraph at lines 1323--1323
\T1/cmr/m/n/10.95 da-
 []


Overfull \hbox (23.58913pt too wide) in paragraph at lines 1323--1323
\T1/cmr/m/n/10.95 men-
 []


Overfull \hbox (12.70505pt too wide) in paragraph at lines 1323--1323
\T1/cmr/m/n/10.95 tal
 []


Overfull \hbox (18.75343pt too wide) in paragraph at lines 1323--1323
\T1/cmr/m/n/10.95 rep-
 []


Overfull \hbox (12.70505pt too wide) in paragraph at lines 1323--1323
\T1/cmr/m/n/10.95 re-
 []


Overfull \hbox (18.81387pt too wide) in paragraph at lines 1323--1323
\T1/cmr/m/n/10.95 sen-
 []


Overfull \hbox (13.3095pt too wide) in paragraph at lines 1323--1323
\T1/cmr/m/n/10.95 ta-
 []


Overfull \hbox (18.75343pt too wide) in paragraph at lines 1323--1323
\T1/cmr/m/n/10.95 tion
 []


Overfull \hbox (8.77226pt too wide) in paragraph at lines 1323--1323
\T1/cmr/m/n/10.95 of
 []


Overfull \hbox (37.55049pt too wide) in paragraph at lines 1323--1323
\OML/cmm/m/it/10.95 SU\OT1/cmr/m/n/10.95 (\OML/cmm/m/it/10.95 N\OT1/cmr/m/n/10.
95 )$\T1/cmr/m/n/10.95 .
 []


Overfull \hbox (19.20529pt too wide) in paragraph at lines 1323--1323
[]\T1/cmr/m/n/10.95 [Dc][] 
 []


Overfull \hbox (107.79999pt too wide) in paragraph at lines 1323--1323
[]\T1/cmr/bx/n/12 Hypercharge
 []


Overfull \hbox (59.79092pt too wide) in paragraph at lines 1323--1323
\T1/cmr/bx/n/12 Nor-
 []


Overfull \hbox (58.53432pt too wide) in paragraph at lines 1323--1323
\T1/cmr/bx/n/12 mal-
 []


Overfull \hbox (53.2856pt too wide) in paragraph at lines 1323--1323
\T1/cmr/bx/n/12 iza-
 []


Overfull \hbox (55.7225pt too wide) in paragraph at lines 1323--1323
\T1/cmr/bx/n/12 tion 
 []


Overfull \hbox (28.19441pt too wide) in paragraph at lines 1323--1323
\T1/cmr/m/n/10.95 GUT-
 []


Overfull \hbox (55.0476pt too wide) in paragraph at lines 1323--1323
\T1/cmr/m/n/10.95 normalized: 
 []


Overfull \hbox (181.12524pt too wide) detected at line 1323
[][][][]\OML/cmm/m/it/10.95 Y[] \OT1/cmr/m/n/10.95 = [] [](2\OML/cmm/m/it/10.95
 ; \OT1/cmr/m/n/10.95 2\OML/cmm/m/it/10.95 ; \OT1/cmr/m/n/10.95 2\OML/cmm/m/it/
10.95 ; \OMS/cmsy/m/n/10.95 ^^@\OT1/cmr/m/n/10.95 3\OML/cmm/m/it/10.95 ; \OMS/c
msy/m/n/10.95 ^^@\OT1/cmr/m/n/10.95 3)[]
 []


Overfull \hbox (19.65335pt too wide) in paragraph at lines 1323--1323
[]\T1/cmr/m/n/10.95 SM-
 []


Overfull \hbox (55.0476pt too wide) in paragraph at lines 1323--1323
\T1/cmr/m/n/10.95 normalized: 
 []


Overfull \hbox (78.81055pt too wide) detected at line 1323
[][][][]\OML/cmm/m/it/10.95 Y[] \OT1/cmr/m/n/10.95 = []\OML/cmm/m/it/10.95 Y[]
 []


Overfull \hbox (43.10045pt too wide) in paragraph at lines 1323--1323
[]\T1/cmr/m/n/10.95 Relation: 
 []


Overfull \hbox (77.3277pt too wide) detected at line 1323
[][][][]\OML/cmm/m/it/10.95 g[] \OT1/cmr/m/n/10.95 = []\OML/cmm/m/it/10.95 g[]
 []


Overfull \hbox (101.37442pt too wide) in paragraph at lines 1323--1323
[]\T1/cmr/bx/n/14.4 Dimension
 []


Overfull \hbox (57.82458pt too wide) in paragraph at lines 1323--1323
\T1/cmr/bx/n/14.4 Ver-
 []


Overfull \hbox (37.9604pt too wide) in paragraph at lines 1323--1323
\T1/cmr/bx/n/14.4 i-
 []


Overfull \hbox (42.35938pt too wide) in paragraph at lines 1323--1323
\T1/cmr/bx/n/14.4 fi-
 []


Overfull \hbox (48.5179pt too wide) in paragraph at lines 1323--1323
\T1/cmr/bx/n/14.4 ca-
 []


Overfull \hbox (55.5562pt too wide) in paragraph at lines 1323--1323
\T1/cmr/bx/n/14.4 tion 
 []


Overfull \hbox (52.61908pt too wide) in paragraph at lines 1323--1323
[]\T1/cmr/bx/n/12 Lie
 []


Overfull \hbox (53.0426pt too wide) in paragraph at lines 1323--1323
\T1/cmr/bx/n/12 Al-
 []


Overfull \hbox (52.00812pt too wide) in paragraph at lines 1323--1323
\T1/cmr/bx/n/12 ge-
 []


Overfull \hbox (54.17426pt too wide) in paragraph at lines 1323--1323
\T1/cmr/bx/n/12 bra
 []


Overfull \hbox (53.19533pt too wide) in paragraph at lines 1323--1323
\T1/cmr/bx/n/12 Di-
 []


Overfull \hbox (64.00519pt too wide) in paragraph at lines 1323--1323
\T1/cmr/bx/n/12 men-
 []


Overfull \hbox (63.24567pt too wide) in paragraph at lines 1323--1323
\T1/cmr/bx/n/12 sions 
 []


Overfull \hbox (118.95798pt too wide) detected at line 1323
[]
 []


Overfull \hbox (102.39163pt too wide) in paragraph at lines 1323--1323
[]\T1/cmr/bx/n/12 Verification
 []


Overfull \hbox (53.92432pt too wide) in paragraph at lines 1323--1323
\T1/cmr/bx/n/12 Ta-
 []


Overfull \hbox (52.00812pt too wide) in paragraph at lines 1323--1323
\T1/cmr/bx/n/12 ble 
 []


! LaTeX Error: Not in outer par mode.

See the LaTeX manual or LaTeX Companion for explanation.
Type  H <return>  for immediate help.
 ...                                              
                                                  
l.1323 \begin
             {tabular}{lcccc}
You've lost some text.  Try typing  <return>  to proceed.
If that doesn't work, type  X <return>  to quit.

! Undefined control sequence.
\@xfloat ...@fltovf \fi \global \setbox \@currbox 
                                                  \color@vbox \normalcolor \...
l.1323 \begin
             {tabular}{lcccc}
The control sequence at the end of the top line
of your error message was never \def'ed. If you have
misspelled it (e.g., `\hobx'), type `I' and the correct
spelling (e.g., `I\hbox'). Otherwise just continue,
and I'll forget about whatever was undefined.

! Missing number, treated as zero.
<to be read again> 
                   \vbox 
l.1323 \begin
             {tabular}{lcccc}
A number should have been here; I inserted `0'.
(If you can't figure out why I needed to see a number,
look up `weird error' in the index to The TeXbook.)


LaTeX Warning: Unexpected alignment h on input line 1323.

! Misplaced \noalign.
\toprule ->\noalign 
                    {\ifnum 0=`}\fi \@aboverulesep =\abovetopsep \global \@b...
l.1324 \toprule
               
I expect to see \noalign only after the \cr of
an alignment. Proceed, and I'll ignore this case.


Overfull \hbox (62.9131pt too wide) in paragraph at lines 1323--1325
\T1/cmr/m/n/10.95 b[][]tabularlcccc 
 []

! Misplaced alignment tab character &.
l.1325 Group &
               Formula & Value & SM (12) & Broken \\
I can't figure out why you would want to use a tab mark
here. If you just want an ampersand, the remedy is
simple: Just type `I\&' now. But if some right brace
up above has ended a previous alignment prematurely,
you're probably due for more error messages, and you
might try typing `S' now just to see what is salvageable.

! Misplaced alignment tab character &.
l.1325 Group & Formula &
                         Value & SM (12) & Broken \\
I can't figure out why you would want to use a tab mark
here. If you just want an ampersand, the remedy is
simple: Just type `I\&' now. But if some right brace
up above has ended a previous alignment prematurely,
you're probably due for more error messages, and you
might try typing `S' now just to see what is salvageable.

! Misplaced alignment tab character &.
l.1325 Group & Formula & Value &
                                 SM (12) & Broken \\
I can't figure out why you would want to use a tab mark
here. If you just want an ampersand, the remedy is
simple: Just type `I\&' now. But if some right brace
up above has ended a previous alignment prematurely,
you're probably due for more error messages, and you
might try typing `S' now just to see what is salvageable.

! Misplaced alignment tab character &.
l.1325 Group & Formula & Value & SM (12) &
                                           Broken \\
I can't figure out why you would want to use a tab mark
here. If you just want an ampersand, the remedy is
simple: Just type `I\&' now. But if some right brace
up above has ended a previous alignment prematurely,
you're probably due for more error messages, and you
might try typing `S' now just to see what is salvageable.

! Misplaced \noalign.
\midrule ->\noalign 
                    {\ifnum 0=`}\fi \@aboverulesep =\aboverulesep \global \@...
l.1326 \midrule
               
I expect to see \noalign only after the \cr of
an alignment. Proceed, and I'll ignore this case.


Overfull \hbox (30.31677pt too wide) in paragraph at lines 1325--1327
[]\T1/cmr/m/n/10.95 Group
 []


Overfull \hbox (19.50752pt too wide) in paragraph at lines 1325--1327
\T1/cmr/m/n/10.95 For-
 []


Overfull \hbox (23.28688pt too wide) in paragraph at lines 1325--1327
\T1/cmr/m/n/10.95 mula
 []


Overfull \hbox (26.61226pt too wide) in paragraph at lines 1325--1327
\T1/cmr/m/n/10.95 Value
 []


Overfull \hbox (16.02281pt too wide) in paragraph at lines 1325--1327
\T1/cmr/m/n/10.95 SM
 []


Overfull \hbox (19.35791pt too wide) in paragraph at lines 1325--1327
\T1/cmr/m/n/10.95 (12)
 []


Overfull \hbox (21.01866pt too wide) in paragraph at lines 1325--1327
\T1/cmr/m/n/10.95 Bro-
 []


Overfull \hbox (16.33179pt too wide) in paragraph at lines 1325--1327
\T1/cmr/m/n/10.95 ken 
 []

! Misplaced alignment tab character &.
l.1327 SU(5) &
               $5^2-1$ & 24 & 12 & 12 \\
I can't figure out why you would want to use a tab mark
here. If you just want an ampersand, the remedy is
simple: Just type `I\&' now. But if some right brace
up above has ended a previous alignment prematurely,
you're probably due for more error messages, and you
might try typing `S' now just to see what is salvageable.

! Misplaced alignment tab character &.
l.1327 SU(5) & $5^2-1$ &
                         24 & 12 & 12 \\
I can't figure out why you would want to use a tab mark
here. If you just want an ampersand, the remedy is
simple: Just type `I\&' now. But if some right brace
up above has ended a previous alignment prematurely,
you're probably due for more error messages, and you
might try typing `S' now just to see what is salvageable.

! Misplaced alignment tab character &.
l.1327 SU(5) & $5^2-1$ & 24 &
                              12 & 12 \\
I can't figure out why you would want to use a tab mark
here. If you just want an ampersand, the remedy is
simple: Just type `I\&' now. But if some right brace
up above has ended a previous alignment prematurely,
you're probably due for more error messages, and you
might try typing `S' now just to see what is salvageable.

! Misplaced alignment tab character &.
l.1327 SU(5) & $5^2-1$ & 24 & 12 &
                                   12 \\
I can't figure out why you would want to use a tab mark
here. If you just want an ampersand, the remedy is
simple: Just type `I\&' now. But if some right brace
up above has ended a previous alignment prematurely,
you're probably due for more error messages, and you
might try typing `S' now just to see what is salvageable.

! Misplaced alignment tab character &.
l.1328 SO(10) &
                $10 \cdot 9/2$ & 45 & 12 & 33 \\
I can't figure out why you would want to use a tab mark
here. If you just want an ampersand, the remedy is
simple: Just type `I\&' now. But if some right brace
up above has ended a previous alignment prematurely,
you're probably due for more error messages, and you
might try typing `S' now just to see what is salvageable.

! Misplaced alignment tab character &.
l.1328 SO(10) & $10 \cdot 9/2$ &
                                 45 & 12 & 33 \\
I can't figure out why you would want to use a tab mark
here. If you just want an ampersand, the remedy is
simple: Just type `I\&' now. But if some right brace
up above has ended a previous alignment prematurely,
you're probably due for more error messages, and you
might try typing `S' now just to see what is salvageable.

! Misplaced alignment tab character &.
l.1328 SO(10) & $10 \cdot 9/2$ & 45 &
                                      12 & 33 \\
I can't figure out why you would want to use a tab mark
here. If you just want an ampersand, the remedy is
simple: Just type `I\&' now. But if some right brace
up above has ended a previous alignment prematurely,
you're probably due for more error messages, and you
might try typing `S' now just to see what is salvageable.

! Misplaced alignment tab character &.
l.1328 SO(10) & $10 \cdot 9/2$ & 45 & 12 &
                                           33 \\
I can't figure out why you would want to use a tab mark
here. If you just want an ampersand, the remedy is
simple: Just type `I\&' now. But if some right brace
up above has ended a previous alignment prematurely,
you're probably due for more error messages, and you
might try typing `S' now just to see what is salvageable.

! Misplaced alignment tab character &.
l.1329 SU(4)$\times$SU(2)$\times$SU(2) &
                                         $15+3+3$ & 21 & 12 & 9 \\
I can't figure out why you would want to use a tab mark
here. If you just want an ampersand, the remedy is
simple: Just type `I\&' now. But if some right brace
up above has ended a previous alignment prematurely,
you're probably due for more error messages, and you
might try typing `S' now just to see what is salvageable.

! Misplaced alignment tab character &.
l.1329 ...)$\times$SU(2)$\times$SU(2) & $15+3+3$ &
                                                   21 & 12 & 9 \\
I can't figure out why you would want to use a tab mark
here. If you just want an ampersand, the remedy is
simple: Just type `I\&' now. But if some right brace
up above has ended a previous alignment prematurely,
you're probably due for more error messages, and you
might try typing `S' now just to see what is salvageable.

! Misplaced alignment tab character &.
l.1329 ...mes$SU(2)$\times$SU(2) & $15+3+3$ & 21 &
                                                   12 & 9 \\
I can't figure out why you would want to use a tab mark
here. If you just want an ampersand, the remedy is
simple: Just type `I\&' now. But if some right brace
up above has ended a previous alignment prematurely,
you're probably due for more error messages, and you
might try typing `S' now just to see what is salvageable.

! Misplaced alignment tab character &.
l.1329 ...U(2)$\times$SU(2) & $15+3+3$ & 21 & 12 &
                                                   9 \\
I can't figure out why you would want to use a tab mark
here. If you just want an ampersand, the remedy is
simple: Just type `I\&' now. But if some right brace
up above has ended a previous alignment prematurely,
you're probably due for more error messages, and you
might try typing `S' now just to see what is salvageable.

! Misplaced alignment tab character &.
l.1330 $E_6$ &
               exceptional & 78 & 12 & 66 \\
I can't figure out why you would want to use a tab mark
here. If you just want an ampersand, the remedy is
simple: Just type `I\&' now. But if some right brace
up above has ended a previous alignment prematurely,
you're probably due for more error messages, and you
might try typing `S' now just to see what is salvageable.

! Misplaced alignment tab character &.
l.1330 $E_6$ & exceptional &
                             78 & 12 & 66 \\
I can't figure out why you would want to use a tab mark
here. If you just want an ampersand, the remedy is
simple: Just type `I\&' now. But if some right brace
up above has ended a previous alignment prematurely,
you're probably due for more error messages, and you
might try typing `S' now just to see what is salvageable.

! Misplaced alignment tab character &.
l.1330 $E_6$ & exceptional & 78 &
                                  12 & 66 \\
I can't figure out why you would want to use a tab mark
here. If you just want an ampersand, the remedy is
simple: Just type `I\&' now. But if some right brace
up above has ended a previous alignment prematurely,
you're probably due for more error messages, and you
might try typing `S' now just to see what is salvageable.

! Misplaced alignment tab character &.
l.1330 $E_6$ & exceptional & 78 & 12 &
                                       66 \\
I can't figure out why you would want to use a tab mark
here. If you just want an ampersand, the remedy is
simple: Just type `I\&' now. But if some right brace
up above has ended a previous alignment prematurely,
you're probably due for more error messages, and you
might try typing `S' now just to see what is salvageable.

! Misplaced \noalign.
\bottomrule ->\noalign 
                       {\ifnum 0=`}\fi \@aboverulesep =\aboverulesep \global...
l.1331 \bottomrule
                  
I expect to see \noalign only after the \cr of
an alignment. Proceed, and I'll ignore this case.


Overfull \hbox (28.1234pt too wide) in paragraph at lines 1327--1332
[]\T1/cmr/m/n/10.95 SU(5)
 []


Overfull \hbox (18.74176pt too wide) in paragraph at lines 1327--1332
\OT1/cmr/m/n/10.95 5[] \OMS/cmsy/m/n/10.95 ^^@
 []


Overfull \hbox (5.475pt too wide) in paragraph at lines 1327--1332
\OT1/cmr/m/n/10.95 1$
 []


Overfull \hbox (10.88788pt too wide) in paragraph at lines 1327--1332
\T1/cmr/m/n/10.95 24
 []


Overfull \hbox (10.88788pt too wide) in paragraph at lines 1327--1332
\T1/cmr/m/n/10.95 12
 []


Overfull \hbox (10.88788pt too wide) in paragraph at lines 1327--1332
\T1/cmr/m/n/10.95 12 
 []


Overfull \hbox (33.87253pt too wide) in paragraph at lines 1327--1332
\T1/cmr/m/n/10.95 SO(10)
 []


Overfull \hbox (13.99168pt too wide) in paragraph at lines 1327--1332
\OT1/cmr/m/n/10.95 10 \OMS/cmsy/m/n/10.95 ^^A
 []


Overfull \hbox (16.42502pt too wide) in paragraph at lines 1327--1332
\OT1/cmr/m/n/10.95 9\OML/cmm/m/it/10.95 =\OT1/cmr/m/n/10.95 2$
 []


Overfull \hbox (10.88788pt too wide) in paragraph at lines 1327--1332
\T1/cmr/m/n/10.95 45
 []


Overfull \hbox (10.88788pt too wide) in paragraph at lines 1327--1332
\T1/cmr/m/n/10.95 12
 []


Overfull \hbox (10.88788pt too wide) in paragraph at lines 1327--1332
\T1/cmr/m/n/10.95 33 
 []


Overfull \hbox (101.40358pt too wide) in paragraph at lines 1327--1332
\T1/cmr/m/n/10.95 SU(4)$\OMS/cmsy/m/n/10.95 ^^B$\T1/cmr/m/n/10.95 SU(2)$\OMS/cm
sy/m/n/10.95 ^^B$\T1/cmr/m/n/10.95 SU(2)
 []


Overfull \hbox (19.4667pt too wide) in paragraph at lines 1327--1332
\OT1/cmr/m/n/10.95 15 +
 []


Overfull \hbox (13.9917pt too wide) in paragraph at lines 1327--1332
\OT1/cmr/m/n/10.95 3 +
 []


Overfull \hbox (5.475pt too wide) in paragraph at lines 1327--1332
\OT1/cmr/m/n/10.95 3$
 []


Overfull \hbox (10.88788pt too wide) in paragraph at lines 1327--1332
\T1/cmr/m/n/10.95 21
 []


Overfull \hbox (10.88788pt too wide) in paragraph at lines 1327--1332
\T1/cmr/m/n/10.95 12
 []


Overfull \hbox (5.44394pt too wide) in paragraph at lines 1327--1332
\T1/cmr/m/n/10.95 9 
 []


Overfull \hbox (12.8333pt too wide) in paragraph at lines 1327--1332
\OML/cmm/m/it/10.95 E[]$
 []


Overfull \hbox (14.21619pt too wide) in paragraph at lines 1327--1332
\T1/cmr/m/n/10.95 ex-
 []


Overfull \hbox (19.35788pt too wide) in paragraph at lines 1327--1332
\T1/cmr/m/n/10.95 cep-
 []


Overfull \hbox (27.22346pt too wide) in paragraph at lines 1327--1332
\T1/cmr/m/n/10.95 tional
 []


Overfull \hbox (10.88788pt too wide) in paragraph at lines 1327--1332
\T1/cmr/m/n/10.95 78
 []


Overfull \hbox (10.88788pt too wide) in paragraph at lines 1327--1332
\T1/cmr/m/n/10.95 12
 []


Overfull \hbox (10.88788pt too wide) in paragraph at lines 1327--1332
\T1/cmr/m/n/10.95 66 
 []

! Misplaced \crcr.
\tbl_crcr:n ...l_count_missing_cells:n {#1}}\crcr 
                                                  
l.1332 \end{tabular}
                    
I can't figure out why you would want to use a tab mark
or \cr or \span just now. If something like a right brace
up above has ended a previous alignment prematurely,
you're probably due for more error messages, and you
might try typing `S' now just to see what is salvageable.

! Extra }, or forgotten \endgroup.
\endarray ...tbl_restore_outer_cell_data: \egroup 
                                                  \@arrayright \gdef \@pream...
l.1332 \end{tabular}
                    
I've deleted a group-closing symbol because it seems to be
spurious, as in `$x}$'. But perhaps the } is legitimate and
you forgot something else, as in `\hbox{$x}'. In such cases
the way to recover is to insert both the forgotten and the
deleted material, e.g., by typing `I$}'.

! Extra }, or forgotten $.
<recently read> \egroup 
                        
l.1332 \end{tabular}
                    
I've deleted a group-closing symbol because it seems to be
spurious, as in `$x}$'. But perhaps the } is legitimate and
you forgot something else, as in `\hbox{$x}'. In such cases
the way to recover is to insert both the forgotten and the
deleted material, e.g., by typing `I$}'.


! LaTeX Error: \begin{table} on input line 1323 ended by \end{tabular}.

See the LaTeX manual or LaTeX Companion for explanation.
Type  H <return>  for immediate help.
 ...                                              
                                                  
l.1332 \end{tabular}
                    
Your command was ignored.
Type  I <command> <return>  to replace it with another command,
or  <return>  to continue without it.

! Missing $ inserted.
<inserted text> 
                $
l.1332 \end{tabular}
                    
I've inserted something that you may have forgotten.
(See the <inserted text> above.)
With luck, this will get me unwedged. But if you
really didn't forget anything, try typing `2' now; then
my insertion and my current dilemma will both disappear.


! LaTeX Error: \caption outside float.

See the LaTeX manual or LaTeX Companion for explanation.
Type  H <return>  for immediate help.
 ...                                              
                                                  
l.1333 \caption
               {Dimension verification for all tracks.}
You're in trouble here.  Try typing  <return>  to proceed.
If that doesn't work, type  X <return>  to quit.


Overfull \hbox (14.97028pt too wide) in paragraph at lines 1332--1335
\T1/cmr/m/n/10.95 Di-
 []


Overfull \hbox (23.58913pt too wide) in paragraph at lines 1332--1335
\T1/cmr/m/n/10.95 men-
 []


Overfull \hbox (18.81387pt too wide) in paragraph at lines 1332--1335
\T1/cmr/m/n/10.95 sion
 []


Overfull \hbox (18.14896pt too wide) in paragraph at lines 1332--1335
\T1/cmr/m/n/10.95 ver-
 []


Overfull \hbox (6.65663pt too wide) in paragraph at lines 1332--1335
\T1/cmr/m/n/10.95 i-
 []


Overfull \hbox (9.68272pt too wide) in paragraph at lines 1332--1335
\T1/cmr/m/n/10.95 fi-
 []


Overfull \hbox (13.91394pt too wide) in paragraph at lines 1332--1335
\T1/cmr/m/n/10.95 ca-
 []


Overfull \hbox (18.75343pt too wide) in paragraph at lines 1332--1335
\T1/cmr/m/n/10.95 tion
 []


Overfull \hbox (13.00728pt too wide) in paragraph at lines 1332--1335
\T1/cmr/m/n/10.95 for
 []


Overfull \hbox (11.49612pt too wide) in paragraph at lines 1332--1335
\T1/cmr/m/n/10.95 all
 []


Overfull \hbox (31.51889pt too wide) in paragraph at lines 1332--1335
\T1/cmr/m/n/10.95 tracks.
 []

! Extra }, or forgotten \endgroup.
\@endfloatbox ...pagefalse \outer@nobreak \egroup 
                                                  \color@endbox 
l.1335 \end{table}
                  
I've deleted a group-closing symbol because it seems to be
spurious, as in `$x}$'. But perhaps the } is legitimate and
you forgot something else, as in `\hbox{$x}'. In such cases
the way to recover is to insert both the forgotten and the
deleted material, e.g., by typing `I$}'.


! LaTeX Error: \begin{document} ended by \end{table}.

See the LaTeX manual or LaTeX Companion for explanation.
Type  H <return>  for immediate help.
 ...                                              
                                                  
l.1335 \end{table}
                  
Your command was ignored.
Type  I <command> <return>  to replace it with another command,
or  <return>  to continue without it.


LaTeX Warning: `h' float specifier changed to `ht'.



[17]

Package hyperref Warning: Token not allowed in a PDF string (Unicode):
(hyperref)                removing `math shift' on input line 1406.


Package hyperref Warning: Token not allowed in a PDF string (Unicode):
(hyperref)                removing `subscript' on input line 1406.


Package hyperref Warning: Token not allowed in a PDF string (Unicode):
(hyperref)                removing `math shift' on input line 1406.



[18]

Package hyperref Warning: Token not allowed in a PDF string (Unicode):
(hyperref)                removing `math shift' on input line 1513.


Package hyperref Warning: Token not allowed in a PDF string (Unicode):
(hyperref)                removing `math shift' on input line 1513.



[19]

[20]

[21] (./main.aux)
 ***********
LaTeX2e <2024-11-01> patch level 2
L3 programming layer <2025-01-18>
 ***********
Package rerunfilecheck Info: File `main.out' has not changed.
(rerunfilecheck)             Checksum: 053670ECE2FFD2087E71ECFD2E013FFB;16575.
 )
(\end occurred inside a group at level 2)

### semi simple group (level 2) entered at line 1323 (\begingroup)
### semi simple group (level 1) entered at line 971 (\begingroup)
### bottom level 
Here is how much of TeX's memory you used:
 29805 strings out of 473190
 600265 string characters out of 5715800
 1019329 words of memory out of 5000000
 52271 multiletter control sequences out of 15000+600000
 589396 words of font info for 118 fonts, out of 8000000 for 9000
 1141 hyphenation exceptions out of 8191
 102i,18n,107p,472b,792s stack positions out of 10000i,1000n,20000p,200000b,200000s
</usr/local/texlive/2025/texmf-dist/fonts/type1/public/amsfonts
/cm/cmbx10.pfb></usr/local/texlive/2025/texmf-dist/fonts/type1/public/amsfonts/
cm/cmex10.pfb></usr/local/texlive/2025/texmf-dist/fonts/type1/public/amsfonts/c
m/cmmi10.pfb></usr/local/texlive/2025/texmf-dist/fonts/type1/public/amsfonts/cm
/cmmi12.pfb></usr/local/texlive/2025/texmf-dist/fonts/type1/public/amsfonts/cm/
cmmi6.pfb></usr/local/texlive/2025/texmf-dist/fonts/type1/public/amsfonts/cm/cm
mi7.pfb></usr/local/texlive/2025/texmf-dist/fonts/type1/public/amsfonts/cm/cmmi
8.pfb></usr/local/texlive/2025/texmf-dist/fonts/type1/public/amsfonts/cm/cmmi9.
pfb></usr/local/texlive/2025/texmf-dist/fonts/type1/public/amsfonts/cm/cmr10.pf
b></usr/local/texlive/2025/texmf-dist/fonts/type1/public/amsfonts/cm/cmr12.pfb>
</usr/local/texlive/2025/texmf-dist/fonts/type1/public/amsfonts/cm/cmr6.pfb></u
sr/local/texlive/2025/texmf-dist/fonts/type1/public/amsfonts/cm/cmr7.pfb></usr/
local/texlive/2025/texmf-dist/fonts/type1/public/amsfonts/cm/cmr8.pfb></usr/loc
al/texlive/2025/texmf-dist/fonts/type1/public/amsfonts/cm/cmsy10.pfb></usr/loca
l/texlive/2025/texmf-dist/fonts/type1/public/amsfonts/cm/cmsy8.pfb></usr/local/
texlive/2025/texmf-dist/fonts/type1/public/amsfonts/euler/eufm10.pfb></usr/loca
l/texlive/2025/texmf-dist/fonts/type1/public/amsfonts/symbols/msam10.pfb></usr/
local/texlive/2025/texmf-dist/fonts/type1/public/amsfonts/symbols/msbm10.pfb></
usr/local/texlive/2025/texmf-dist/fonts/type1/public/cm-super/sfbi1095.pfb></us
r/local/texlive/2025/texmf-dist/fonts/type1/public/cm-super/sfbx1000.pfb></usr/
local/texlive/2025/texmf-dist/fonts/type1/public/cm-super/sfbx1095.pfb></usr/lo
cal/texlive/2025/texmf-dist/fonts/type1/public/cm-super/sfbx1200.pfb></usr/loca
l/texlive/2025/texmf-dist/fonts/type1/public/cm-super/sfbx1440.pfb></usr/local/
texlive/2025/texmf-dist/fonts/type1/public/cm-super/sfbx1728.pfb></usr/local/te
xlive/2025/texmf-dist/fonts/type1/public/cm-super/sfrm0800.pfb></usr/local/texl
ive/2025/texmf-dist/fonts/type1/public/cm-super/sfrm0900.pfb></usr/local/texliv
e/2025/texmf-dist/fonts/type1/public/cm-super/sfrm1000.pfb></usr/local/texlive/
2025/texmf-dist/fonts/type1/public/cm-super/sfrm1095.pfb></usr/local/texlive/20
25/texmf-dist/fonts/type1/public/cm-super/sfrm1200.pfb></usr/local/texlive/2025
/texmf-dist/fonts/type1/public/cm-super/sfti1095.pfb>
Output written on main.pdf (21 pages, 539966 bytes).
PDF statistics:
 1053 PDF objects out of 1200 (max. 8388607)
 957 compressed objects within 10 object streams
 318 named destinations out of 1000 (max. 500000)
 837 words of extra memory for PDF output out of 10000 (max. 10000000)

