{
  "data": {
    "n_samples": 21,
    "Z_range": [
      84,
      98
    ],
    "A_range": [
      210,
      252
    ],
    "log10_t_range": [
      -6.52432881167557,
      17.64542226934909
    ],
    "source": "Embedded (lines 69-91 of frustration_geiger_nuttall.py)",
    "origin": "Standard nuclear data tables (implied PDG/NUDAT2)"
  },
  "baseline": {
    "name": "Standard Geiger-Nuttall Law",
    "formula": "log10(t) = slope * (Z/sqrt(Q)) + intercept",
    "slope": 1.4348003045187656,
    "intercept": -46.81636576890392,
    "dof": 2
  },
  "edc_model": {
    "name": "Frustration-Corrected Geiger-Nuttall Law",
    "formula": "log10(t) = a * (Z/sqrt(Q)) + c * eps_f + b",
    "a": 1.6285943695414975,
    "c": -2.4016763412436255,
    "b": -42.12774549414885,
    "dof": 3
  },
  "metrics": {
    "R2": {
      "baseline": 0.9822480539428666,
      "edc": 0.9940804418196112,
      "improvement_pp": 1.1832387876744566
    },
    "MAE_log10t": {
      "baseline": 0.5561907627707966,
      "edc": 0.307833562915748,
      "improvement_pct": 44.653240664731314
    },
    "RMSE_log10t": {
      "baseline": 0.8441361880120434,
      "edc": 0.4874546085937195,
      "improvement_pct": 42.25403252268046
    },
    "MedAE_log10t": {
      "baseline": 0.31056347786566896,
      "edc": 0.25004524418443985,
      "improvement_pct": 19.486590663247803
    }
  },
  "key_result": {
    "metric": "MAE on log10(t_half)",
    "baseline_value": 0.5561907627707966,
    "edc_value": 0.307833562915748,
    "improvement_pct": 44.653240664731314,
    "formula": "(MAE_baseline - MAE_edc) / MAE_baseline * 100"
  },
  "audit": {
    "timestamp": "2026-01-29T16:23:12.395561",
    "data_hash": "ca087ebb6025f1d3",
    "script": "compare_models.py"
  }
}