{
  "ell": 1.0,
  "N_grid": 2000,
  "kappa_hat_values": [
    0.0,
    1.0,
    10.0,
    100.0
  ],
  "comparisons": [
    {
      "kappa_hat": 0.0,
      "x_analytic": [
        0.0,
        3.141592653589793,
        6.283185307179586,
        9.42477796076938,
        12.566370614359172
      ],
      "x_shooting": [
        0.0,
        3.141592653589793,
        6.283185307179586,
        9.42477796076938,
        12.566370614359172
      ],
      "x_numeric_original": [
        3.033871765214273e-05,
        3.140021534295884,
        6.280041131888571,
        9.420056855587505,
        12.560066768509856
      ],
      "rel_errors_shooting": [
        0.0,
        0.0,
        0.0,
        0.0,
        0.0
      ],
      "rel_errors_original": [
        0.003033871765214273,
        0.05001028036253901,
        0.050041103951248264,
        0.05009248177013235,
        0.05016441137040446
      ]
    },
    {
      "kappa_hat": 1.0,
      "x_analytic": [
        2.331122370414603,
        5.9501726433765585,
        9.208433554401076,
        12.405499633586084,
        15.579767502289146
      ],
      "x_shooting": [
        2.331122370414603,
        5.9501726433765585,
        9.208433554401076,
        12.405499633586084,
        15.579767502289146
      ],
      "x_numeric_original": [
        3.1384538770442876,
        6.276905820073539,
        9.415353895046607,
        12.553796167941782,
        15.692230704739293
      ],
      "rel_errors_shooting": [
        0.0,
        0.0,
        0.0,
        0.0,
        0.0
      ],
      "rel_errors_original": [
        34.632738155487566,
        5.491154564408882,
        2.2470742653796543,
        1.1954096065119892,
        0.7218541767945061
      ]
    },
    {
      "kappa_hat": 10.0,
      "x_analytic": [
        3.8822156514957618,
        7.580444756585335,
        11.09972032640924,
        14.500496614220616,
        17.827145154109793
      ],
      "x_shooting": [
        3.8822156514957618,
        7.580444756585335,
        11.09972032640924,
        14.500496614220616,
        17.827145154109793
      ],
      "x_numeric_original": [
        3.1384679230434114,
        6.276933911686101,
        9.415396032224917,
        12.553852350523872,
        15.692300932492323
      ],
      "rel_errors_shooting": [
        0.0,
        0.0,
        0.0,
        0.0,
        0.0
      ],
      "rel_errors_original": [
        19.15781592827784,
        17.195704035265724,
        15.174475073726496,
        13.424673068008392,
        11.975244511459607
      ]
    },
    {
      "kappa_hat": 100.0,
      "x_analytic": [
        3.2056843930247045,
        6.4112347495483375,
        9.61651872945726,
        12.821407331694774,
        16.02577643264152
      ],
      "x_shooting": [
        3.2056843930247045,
        6.4112347495483375,
        9.61651872945726,
        12.821407331694774,
        16.02577643264152
      ],
      "x_numeric_original": [
        3.138601762127939,
        6.2772015897962135,
        9.415797548202637,
        12.554387702762261,
        15.69297011887305
      ],
      "rel_errors_shooting": [
        0.0,
        0.0,
        0.0,
        0.0,
        0.0
      ],
      "rel_errors_original": [
        2.0926149512014236,
        2.090598223089031,
        2.0872540978865417,
        2.082607798228474,
        2.0766938511048116
      ]
    }
  ],
  "eigenvalue_equation": "(\u03ba\u0302\u00b2 - x\u00b2) tan(x) = 2\u03ba\u0302 x",
  "bc_convention": {
    "left": "f'(0) + \u03baf(0) = 0",
    "right": "f'(\u2113) - \u03baf(\u2113) = 0",
    "kappa_hat_def": "\u03ba\u0302 = \u03ba\u2113 (dimensionless)"
  },
  "corrected_solver_results": [
    {
      "kappa_hat": 0.0,
      "x1_analytic": 3.141592653589793,
      "x1_corrected": 3.140021534295884,
      "rel_error_percent": 0.05001028036253901,
      "pass": 